ISO-10303-21;
HEADER;
FILE_DESCRIPTION( ( 'Unknown' ), '1' );
FILE_NAME( 'C:/0_April/01_CAD Drawing/01_Product Drawing/02_CAD team/WE-Polymer/WCAP-PSLP/5x5.8x1.4/Released_Data/5x5.8x1.4.stp', 'Unknown', ( 'Unknown' ), ( 'Unknown' ), 'PSStep 21.0.46', 'Unknown', '  ' );
FILE_SCHEMA( ( 'AUTOMOTIVE_DESIGN { 1 0 10303 214 1 1 1 1 }' ) );
ENDSEC;
DATA;
#1 = PRODUCT_DEFINITION_CONTEXT( '', #18, 'design' );
#2 = APPLICATION_PROTOCOL_DEFINITION( 'international standard', 'automotive_design', 2001, #18 );
#3 = PRODUCT_CATEGORY_RELATIONSHIP( 'NONE', 'NONE', #19, #20 );
#4 = SHAPE_DEFINITION_REPRESENTATION( #21, #22 );
#5 = PRODUCT_CATEGORY_RELATIONSHIP( 'NONE', 'NONE', #19, #23 );
#6 = CONTEXT_DEPENDENT_SHAPE_REPRESENTATION( #24, #25 );
#7 = SHAPE_DEFINITION_REPRESENTATION( #26, #27 );
#8 = SHAPE_REPRESENTATION_RELATIONSHIP( 'NONE', 'NONE', #27, #28 );
#9 = PRODUCT_CATEGORY_RELATIONSHIP( 'NONE', 'NONE', #19, #29 );
#10 = CONTEXT_DEPENDENT_SHAPE_REPRESENTATION( #30, #31 );
#11 = SHAPE_DEFINITION_REPRESENTATION( #32, #33 );
#12 = SHAPE_REPRESENTATION_RELATIONSHIP( 'NONE', 'NONE', #33, #34 );
#13 = MECHANICAL_DESIGN_GEOMETRIC_PRESENTATION_REPRESENTATION( ' ', ( #35, #36, #37, #38, #39, #40, #41, #42, #43, #44, #45, #46, #47, #48, #49, #50, #51, #52, #53, #54, #55, #56, #57, #58, #59, #60, #61, #62, #63, #64, #65, #66, #67, #68, #69, #70, #71, #72, #73, #74, #75, #76, #77, #78, #79, #80, #81, #82, #83, #84, #85, #86, #87, #88, #89, #90, #91, #92, #93, #94, #95, #96, #97, #98, #99, #100, #101, #102, #103, #104, #105, #106, #107, #108, #109, #110, #111, #112, #113, #114, #115, #116, #117, #118, #119, #120, #121, #122, #123, #124, #125, #126, #127, #128, #129, #130, #131, #132, #133, #134, #135, #136, #137, #138, #139, #140, #141, #142, #143, #144, #145, #146, #147, #148, #149, #150, #151, #152, #153, #154, #155, #156, #157, #158, #159, #160, #161, #162, #163, #164, #165, #166, #167, #168, #169, #170, #171, #172, #173, #174, #175, #176, #177, #178, #179, #180, #181, #182, #183, #184, #185, #186, #187, #188, #189, #190, #191, #192, #193, #194, #195, #196, #197, #198, #199, #200, #201, #202, #203, #204, #205, #206, #207, #208, #209, #210, #211, #212, #213, #214, #215, #216, #217, #218, #219, #220, #221, #222, #223, #224, #225, #226, #227, #228, #229, #230, #231, #232, #233, #234, #235, #236, #237, #238, #239, #240, #241, #242, #243, #244, #245, #246, #247, #248, #249, #250, #251, #252, #253, #254, #255 ), #14 );
#14 =  ( GEOMETRIC_REPRESENTATION_CONTEXT( 3 )GLOBAL_UNCERTAINTY_ASSIGNED_CONTEXT( ( #258 ) )GLOBAL_UNIT_ASSIGNED_CONTEXT( ( #260, #261, #262 ) )REPRESENTATION_CONTEXT( 'NONE', 'WORKSPACE' ) );
#18 = APPLICATION_CONTEXT( 'core data for automotive mechanical design processes' );
#19 = PRODUCT_CATEGORY( 'part', 'NONE' );
#20 = PRODUCT_RELATED_PRODUCT_CATEGORY( 'detail', ' ', ( #264 ) );
#21 = PRODUCT_DEFINITION_SHAPE( 'NONE', 'NONE', #265 );
#22 = SHAPE_REPRESENTATION( 'Assem1', ( #266, #267, #268 ), #269 );
#23 = PRODUCT_RELATED_PRODUCT_CATEGORY( 'detail', ' ', ( #270 ) );
#24 = ( REPRESENTATION_RELATIONSHIP( '', '', #27, #22 )REPRESENTATION_RELATIONSHIP_WITH_TRANSFORMATION( #273 )SHAPE_REPRESENTATION_RELATIONSHIP(  ) );
#25 = PRODUCT_DEFINITION_SHAPE( 'NAUO-PROD-DEF', 'NAUO-PROD-DEF', #275 );
#26 = PRODUCT_DEFINITION_SHAPE( 'NONE', 'NONE', #276 );
#27 = SHAPE_REPRESENTATION( 'Base_\X2\03A6\X0\5Capacitor', ( #266 ), #269 );
#28 = ADVANCED_BREP_SHAPE_REPRESENTATION( 'Base_\X2\03A6\X0\5Capacitor', ( #277 ), #14 );
#29 = PRODUCT_RELATED_PRODUCT_CATEGORY( 'detail', ' ', ( #278 ) );
#30 = ( REPRESENTATION_RELATIONSHIP( '', '', #33, #22 )REPRESENTATION_RELATIONSHIP_WITH_TRANSFORMATION( #281 )SHAPE_REPRESENTATION_RELATIONSHIP(  ) );
#31 = PRODUCT_DEFINITION_SHAPE( 'NAUO-PROD-DEF', 'NAUO-PROD-DEF', #283 );
#32 = PRODUCT_DEFINITION_SHAPE( 'NONE', 'NONE', #284 );
#33 = SHAPE_REPRESENTATION( 'capicitor_5x5.8x1.4', ( #266 ), #269 );
#34 = ADVANCED_BREP_SHAPE_REPRESENTATION( 'capicitor_5x5.8x1.4', ( #285 ), #14 );
#35 = STYLED_ITEM( '', ( #286 ), #287 );
#36 = STYLED_ITEM( '', ( #288 ), #289 );
#37 = STYLED_ITEM( '', ( #290 ), #291 );
#38 = STYLED_ITEM( '', ( #292 ), #293 );
#39 = STYLED_ITEM( '', ( #294 ), #295 );
#40 = STYLED_ITEM( '', ( #296 ), #297 );
#41 = STYLED_ITEM( '', ( #298 ), #299 );
#42 = STYLED_ITEM( '', ( #300 ), #301 );
#43 = STYLED_ITEM( '', ( #302 ), #303 );
#44 = STYLED_ITEM( '', ( #304 ), #305 );
#45 = STYLED_ITEM( '', ( #306 ), #307 );
#46 = STYLED_ITEM( '', ( #308 ), #309 );
#47 = STYLED_ITEM( '', ( #310 ), #311 );
#48 = STYLED_ITEM( '', ( #312 ), #313 );
#49 = STYLED_ITEM( '', ( #314 ), #315 );
#50 = STYLED_ITEM( '', ( #316 ), #317 );
#51 = STYLED_ITEM( '', ( #318 ), #319 );
#52 = STYLED_ITEM( '', ( #320 ), #321 );
#53 = STYLED_ITEM( '', ( #322 ), #323 );
#54 = STYLED_ITEM( '', ( #324 ), #325 );
#55 = STYLED_ITEM( '', ( #326 ), #327 );
#56 = STYLED_ITEM( '', ( #328 ), #329 );
#57 = STYLED_ITEM( '', ( #330 ), #331 );
#58 = STYLED_ITEM( '', ( #332 ), #333 );
#59 = STYLED_ITEM( '', ( #334 ), #335 );
#60 = STYLED_ITEM( '', ( #336 ), #337 );
#61 = STYLED_ITEM( '', ( #338 ), #339 );
#62 = STYLED_ITEM( '', ( #340 ), #341 );
#63 = STYLED_ITEM( '', ( #342 ), #343 );
#64 = STYLED_ITEM( '', ( #344 ), #345 );
#65 = STYLED_ITEM( '', ( #346 ), #347 );
#66 = STYLED_ITEM( '', ( #348 ), #349 );
#67 = STYLED_ITEM( '', ( #350 ), #351 );
#68 = STYLED_ITEM( '', ( #352 ), #353 );
#69 = STYLED_ITEM( '', ( #354 ), #355 );
#70 = STYLED_ITEM( '', ( #356 ), #357 );
#71 = STYLED_ITEM( '', ( #358 ), #359 );
#72 = STYLED_ITEM( '', ( #360 ), #361 );
#73 = STYLED_ITEM( '', ( #362 ), #363 );
#74 = STYLED_ITEM( '', ( #364 ), #365 );
#75 = STYLED_ITEM( '', ( #366 ), #367 );
#76 = STYLED_ITEM( '', ( #368 ), #369 );
#77 = STYLED_ITEM( '', ( #370 ), #371 );
#78 = STYLED_ITEM( '', ( #372 ), #373 );
#79 = STYLED_ITEM( '', ( #374 ), #375 );
#80 = STYLED_ITEM( '', ( #376 ), #377 );
#81 = STYLED_ITEM( '', ( #378 ), #379 );
#82 = STYLED_ITEM( '', ( #380 ), #381 );
#83 = STYLED_ITEM( '', ( #382 ), #383 );
#84 = STYLED_ITEM( '', ( #384 ), #385 );
#85 = STYLED_ITEM( '', ( #386 ), #387 );
#86 = STYLED_ITEM( '', ( #388 ), #389 );
#87 = STYLED_ITEM( '', ( #390 ), #391 );
#88 = STYLED_ITEM( '', ( #392 ), #393 );
#89 = STYLED_ITEM( '', ( #394 ), #395 );
#90 = STYLED_ITEM( '', ( #396 ), #397 );
#91 = STYLED_ITEM( '', ( #398 ), #399 );
#92 = STYLED_ITEM( '', ( #400 ), #401 );
#93 = STYLED_ITEM( '', ( #402 ), #403 );
#94 = STYLED_ITEM( '', ( #404 ), #405 );
#95 = STYLED_ITEM( '', ( #406 ), #407 );
#96 = STYLED_ITEM( '', ( #408 ), #409 );
#97 = STYLED_ITEM( '', ( #410 ), #411 );
#98 = STYLED_ITEM( '', ( #412 ), #413 );
#99 = STYLED_ITEM( '', ( #414 ), #415 );
#100 = STYLED_ITEM( '', ( #416 ), #417 );
#101 = STYLED_ITEM( '', ( #418 ), #419 );
#102 = STYLED_ITEM( '', ( #420 ), #421 );
#103 = STYLED_ITEM( '', ( #422 ), #423 );
#104 = STYLED_ITEM( '', ( #424 ), #425 );
#105 = STYLED_ITEM( '', ( #426 ), #427 );
#106 = STYLED_ITEM( '', ( #428 ), #429 );
#107 = STYLED_ITEM( '', ( #430 ), #431 );
#108 = STYLED_ITEM( '', ( #432 ), #433 );
#109 = STYLED_ITEM( '', ( #434 ), #435 );
#110 = STYLED_ITEM( '', ( #436 ), #437 );
#111 = STYLED_ITEM( '', ( #438 ), #439 );
#112 = STYLED_ITEM( '', ( #440 ), #441 );
#113 = STYLED_ITEM( '', ( #442 ), #443 );
#114 = STYLED_ITEM( '', ( #444 ), #445 );
#115 = STYLED_ITEM( '', ( #446 ), #447 );
#116 = STYLED_ITEM( '', ( #448 ), #449 );
#117 = STYLED_ITEM( '', ( #450 ), #451 );
#118 = STYLED_ITEM( '', ( #452 ), #453 );
#119 = STYLED_ITEM( '', ( #454 ), #455 );
#120 = STYLED_ITEM( '', ( #456 ), #457 );
#121 = STYLED_ITEM( '', ( #458 ), #459 );
#122 = STYLED_ITEM( '', ( #460 ), #461 );
#123 = STYLED_ITEM( '', ( #462 ), #463 );
#124 = STYLED_ITEM( '', ( #464 ), #465 );
#125 = STYLED_ITEM( '', ( #466 ), #467 );
#126 = STYLED_ITEM( '', ( #468 ), #469 );
#127 = STYLED_ITEM( '', ( #470 ), #471 );
#128 = STYLED_ITEM( '', ( #472 ), #473 );
#129 = STYLED_ITEM( '', ( #474 ), #475 );
#130 = STYLED_ITEM( '', ( #476 ), #477 );
#131 = STYLED_ITEM( '', ( #478 ), #479 );
#132 = STYLED_ITEM( '', ( #480 ), #481 );
#133 = STYLED_ITEM( '', ( #482 ), #483 );
#134 = STYLED_ITEM( '', ( #484 ), #485 );
#135 = STYLED_ITEM( '', ( #486 ), #487 );
#136 = STYLED_ITEM( '', ( #488 ), #489 );
#137 = STYLED_ITEM( '', ( #490 ), #491 );
#138 = STYLED_ITEM( '', ( #492 ), #493 );
#139 = STYLED_ITEM( '', ( #494 ), #495 );
#140 = STYLED_ITEM( '', ( #496 ), #497 );
#141 = STYLED_ITEM( '', ( #498 ), #499 );
#142 = STYLED_ITEM( '', ( #500 ), #501 );
#143 = STYLED_ITEM( '', ( #502 ), #503 );
#144 = STYLED_ITEM( '', ( #504 ), #505 );
#145 = STYLED_ITEM( '', ( #506 ), #507 );
#146 = STYLED_ITEM( '', ( #508 ), #509 );
#147 = STYLED_ITEM( '', ( #510 ), #511 );
#148 = STYLED_ITEM( '', ( #512 ), #513 );
#149 = STYLED_ITEM( '', ( #514 ), #515 );
#150 = STYLED_ITEM( '', ( #516 ), #517 );
#151 = STYLED_ITEM( '', ( #518 ), #519 );
#152 = STYLED_ITEM( '', ( #520 ), #521 );
#153 = STYLED_ITEM( '', ( #522 ), #523 );
#154 = STYLED_ITEM( '', ( #524 ), #525 );
#155 = STYLED_ITEM( '', ( #526 ), #527 );
#156 = STYLED_ITEM( '', ( #528 ), #529 );
#157 = STYLED_ITEM( '', ( #530 ), #531 );
#158 = STYLED_ITEM( '', ( #532 ), #533 );
#159 = STYLED_ITEM( '', ( #534 ), #535 );
#160 = STYLED_ITEM( '', ( #536 ), #537 );
#161 = STYLED_ITEM( '', ( #538 ), #539 );
#162 = STYLED_ITEM( '', ( #540 ), #541 );
#163 = STYLED_ITEM( '', ( #542 ), #543 );
#164 = STYLED_ITEM( '', ( #544 ), #545 );
#165 = STYLED_ITEM( '', ( #546 ), #547 );
#166 = STYLED_ITEM( '', ( #548 ), #549 );
#167 = STYLED_ITEM( '', ( #550 ), #551 );
#168 = STYLED_ITEM( '', ( #552 ), #553 );
#169 = STYLED_ITEM( '', ( #554 ), #555 );
#170 = STYLED_ITEM( '', ( #556 ), #557 );
#171 = STYLED_ITEM( '', ( #558 ), #559 );
#172 = STYLED_ITEM( '', ( #560 ), #561 );
#173 = STYLED_ITEM( '', ( #562 ), #563 );
#174 = STYLED_ITEM( '', ( #564 ), #565 );
#175 = STYLED_ITEM( '', ( #566 ), #567 );
#176 = STYLED_ITEM( '', ( #568 ), #569 );
#177 = STYLED_ITEM( '', ( #570 ), #571 );
#178 = STYLED_ITEM( '', ( #572 ), #573 );
#179 = STYLED_ITEM( '', ( #574 ), #575 );
#180 = STYLED_ITEM( '', ( #576 ), #577 );
#181 = STYLED_ITEM( '', ( #578 ), #579 );
#182 = STYLED_ITEM( '', ( #580 ), #581 );
#183 = STYLED_ITEM( '', ( #582 ), #583 );
#184 = STYLED_ITEM( '', ( #584 ), #585 );
#185 = STYLED_ITEM( '', ( #586 ), #587 );
#186 = STYLED_ITEM( '', ( #588 ), #589 );
#187 = STYLED_ITEM( '', ( #590 ), #591 );
#188 = STYLED_ITEM( '', ( #592 ), #593 );
#189 = STYLED_ITEM( '', ( #594 ), #595 );
#190 = STYLED_ITEM( '', ( #596 ), #597 );
#191 = STYLED_ITEM( '', ( #598 ), #599 );
#192 = STYLED_ITEM( '', ( #600 ), #601 );
#193 = STYLED_ITEM( '', ( #602 ), #603 );
#194 = STYLED_ITEM( '', ( #604 ), #605 );
#195 = STYLED_ITEM( '', ( #606 ), #607 );
#196 = STYLED_ITEM( '', ( #608 ), #609 );
#197 = STYLED_ITEM( '', ( #610 ), #611 );
#198 = STYLED_ITEM( '', ( #612 ), #613 );
#199 = STYLED_ITEM( '', ( #614 ), #615 );
#200 = STYLED_ITEM( '', ( #616 ), #617 );
#201 = STYLED_ITEM( '', ( #618 ), #619 );
#202 = STYLED_ITEM( '', ( #620 ), #621 );
#203 = STYLED_ITEM( '', ( #622 ), #623 );
#204 = STYLED_ITEM( '', ( #624 ), #625 );
#205 = STYLED_ITEM( '', ( #626 ), #627 );
#206 = STYLED_ITEM( '', ( #628 ), #629 );
#207 = STYLED_ITEM( '', ( #630 ), #631 );
#208 = STYLED_ITEM( '', ( #632 ), #633 );
#209 = STYLED_ITEM( '', ( #634 ), #635 );
#210 = STYLED_ITEM( '', ( #636 ), #637 );
#211 = STYLED_ITEM( '', ( #638 ), #639 );
#212 = STYLED_ITEM( '', ( #640 ), #641 );
#213 = STYLED_ITEM( '', ( #642 ), #643 );
#214 = STYLED_ITEM( '', ( #644 ), #645 );
#215 = STYLED_ITEM( '', ( #646 ), #647 );
#216 = STYLED_ITEM( '', ( #648 ), #649 );
#217 = STYLED_ITEM( '', ( #650 ), #651 );
#218 = STYLED_ITEM( '', ( #652 ), #653 );
#219 = STYLED_ITEM( '', ( #654 ), #655 );
#220 = STYLED_ITEM( '', ( #656 ), #657 );
#221 = STYLED_ITEM( '', ( #658 ), #659 );
#222 = STYLED_ITEM( '', ( #660 ), #661 );
#223 = STYLED_ITEM( '', ( #662 ), #663 );
#224 = STYLED_ITEM( '', ( #664 ), #665 );
#225 = STYLED_ITEM( '', ( #666 ), #667 );
#226 = STYLED_ITEM( '', ( #668 ), #669 );
#227 = STYLED_ITEM( '', ( #670 ), #671 );
#228 = STYLED_ITEM( '', ( #672 ), #673 );
#229 = STYLED_ITEM( '', ( #674 ), #675 );
#230 = STYLED_ITEM( '', ( #676 ), #677 );
#231 = STYLED_ITEM( '', ( #678 ), #679 );
#232 = STYLED_ITEM( '', ( #680 ), #681 );
#233 = STYLED_ITEM( '', ( #682 ), #683 );
#234 = STYLED_ITEM( '', ( #684 ), #685 );
#235 = STYLED_ITEM( '', ( #686 ), #687 );
#236 = STYLED_ITEM( '', ( #688 ), #689 );
#237 = STYLED_ITEM( '', ( #690 ), #691 );
#238 = STYLED_ITEM( '', ( #692 ), #693 );
#239 = STYLED_ITEM( '', ( #694 ), #695 );
#240 = STYLED_ITEM( '', ( #696 ), #697 );
#241 = STYLED_ITEM( '', ( #698 ), #699 );
#242 = STYLED_ITEM( '', ( #700 ), #701 );
#243 = STYLED_ITEM( '', ( #702 ), #703 );
#244 = STYLED_ITEM( '', ( #704 ), #705 );
#245 = STYLED_ITEM( '', ( #706 ), #707 );
#246 = STYLED_ITEM( '', ( #708 ), #709 );
#247 = STYLED_ITEM( '', ( #710 ), #711 );
#248 = STYLED_ITEM( '', ( #712 ), #713 );
#249 = STYLED_ITEM( '', ( #714 ), #715 );
#250 = STYLED_ITEM( '', ( #716 ), #717 );
#251 = STYLED_ITEM( '', ( #718 ), #719 );
#252 = STYLED_ITEM( '', ( #720 ), #721 );
#253 = STYLED_ITEM( '', ( #722 ), #723 );
#254 = STYLED_ITEM( '', ( #724 ), #725 );
#255 = STYLED_ITEM( '', ( #726 ), #727 );
#258 = UNCERTAINTY_MEASURE_WITH_UNIT( LENGTH_MEASURE( 0.00100000000000000 ), #260, '', '' );
#260 =  ( CONVERSION_BASED_UNIT( 'MILLIMETRE', #730 )LENGTH_UNIT(  )NAMED_UNIT( #733 ) );
#261 =  ( NAMED_UNIT( #735 )PLANE_ANGLE_UNIT(  )SI_UNIT( $, .RADIAN. ) );
#262 =  ( NAMED_UNIT( #735 )SI_UNIT( $, .STERADIAN. )SOLID_ANGLE_UNIT(  ) );
#264 = PRODUCT( 'Assem1', 'Assem1', 'PART-Assem1-DESC', ( #741 ) );
#265 = PRODUCT_DEFINITION( 'NONE', 'NONE', #742, #1 );
#266 = AXIS2_PLACEMENT_3D( '', #743, #744, #745 );
#267 = AXIS2_PLACEMENT_3D( '', #746, #747, #748 );
#268 = AXIS2_PLACEMENT_3D( '', #749, #750, #751 );
#269 =  ( GEOMETRIC_REPRESENTATION_CONTEXT( 3 )GLOBAL_UNCERTAINTY_ASSIGNED_CONTEXT( ( #754 ) )GLOBAL_UNIT_ASSIGNED_CONTEXT( ( #756, #757, #758 ) )REPRESENTATION_CONTEXT( 'NONE', 'WORKSPACE' ) );
#270 = PRODUCT( 'Base_\X2\03A6\X0\5Capacitor', 'Base_\X2\03A6\X0\5Capacitor', 'PART-Base_\X2\03A6\X0\5Capacitor-DESC', ( #741 ) );
#273 = ITEM_DEFINED_TRANSFORMATION( '', '', #266, #267 );
#275 = NEXT_ASSEMBLY_USAGE_OCCURRENCE( 'NAUO1', 'Base_\X2\03A6\X0\5Capacitor', 'Base_\X2\03A6\X0\5Capacitor', #265, #276, $ );
#276 = PRODUCT_DEFINITION( 'Base_\X2\03A6\X0\5Capacitor', 'Base_\X2\03A6\X0\5Capacitor', #760, #1 );
#277 = MANIFOLD_SOLID_BREP( 'Base_\X2\03A6\X0\5Capacitor', #761 );
#278 = PRODUCT( 'capicitor_5x5.8x1.4', 'capicitor_5x5.8x1.4', 'PART-capicitor_5x5.8x1.4-DESC', ( #741 ) );
#281 = ITEM_DEFINED_TRANSFORMATION( '', '', #266, #268 );
#283 = NEXT_ASSEMBLY_USAGE_OCCURRENCE( 'NAUO2', 'capicitor_5x5.8x1.4', 'capicitor_5x5.8x1.4', #265, #284, $ );
#284 = PRODUCT_DEFINITION( 'capicitor_5x5.8x1.4', 'capicitor_5x5.8x1.4', #762, #1 );
#285 = MANIFOLD_SOLID_BREP( 'capicitor_5x5.8x1.4', #763 );
#286 = PRESENTATION_STYLE_ASSIGNMENT( ( #764 ) );
#287 = ADVANCED_FACE( '', ( #765 ), #766, .T. );
#288 = PRESENTATION_STYLE_ASSIGNMENT( ( #767 ) );
#289 = ADVANCED_FACE( '', ( #768, #769 ), #770, .T. );
#290 = PRESENTATION_STYLE_ASSIGNMENT( ( #771 ) );
#291 = ADVANCED_FACE( '', ( #772 ), #773, .T. );
#292 = PRESENTATION_STYLE_ASSIGNMENT( ( #774 ) );
#293 = ADVANCED_FACE( '', ( #775 ), #776, .T. );
#294 = PRESENTATION_STYLE_ASSIGNMENT( ( #777 ) );
#295 = ADVANCED_FACE( '', ( #778 ), #779, .T. );
#296 = PRESENTATION_STYLE_ASSIGNMENT( ( #780 ) );
#297 = ADVANCED_FACE( '', ( #781 ), #782, .T. );
#298 = PRESENTATION_STYLE_ASSIGNMENT( ( #783 ) );
#299 = ADVANCED_FACE( '', ( #784 ), #785, .F. );
#300 = PRESENTATION_STYLE_ASSIGNMENT( ( #786 ) );
#301 = ADVANCED_FACE( '', ( #787 ), #788, .T. );
#302 = PRESENTATION_STYLE_ASSIGNMENT( ( #789 ) );
#303 = ADVANCED_FACE( '', ( #790, #791 ), #792, .T. );
#304 = PRESENTATION_STYLE_ASSIGNMENT( ( #793 ) );
#305 = ADVANCED_FACE( '', ( #794 ), #795, .F. );
#306 = PRESENTATION_STYLE_ASSIGNMENT( ( #796 ) );
#307 = ADVANCED_FACE( '', ( #797 ), #798, .F. );
#308 = PRESENTATION_STYLE_ASSIGNMENT( ( #799 ) );
#309 = ADVANCED_FACE( '', ( #800 ), #801, .T. );
#310 = PRESENTATION_STYLE_ASSIGNMENT( ( #802 ) );
#311 = ADVANCED_FACE( '', ( #803 ), #804, .F. );
#312 = PRESENTATION_STYLE_ASSIGNMENT( ( #805 ) );
#313 = ADVANCED_FACE( '', ( #806 ), #807, .T. );
#314 = PRESENTATION_STYLE_ASSIGNMENT( ( #808 ) );
#315 = ADVANCED_FACE( '', ( #809 ), #810, .T. );
#316 = PRESENTATION_STYLE_ASSIGNMENT( ( #811 ) );
#317 = ADVANCED_FACE( '', ( #812 ), #813, .T. );
#318 = PRESENTATION_STYLE_ASSIGNMENT( ( #814 ) );
#319 = ADVANCED_FACE( '', ( #815 ), #816, .F. );
#320 = PRESENTATION_STYLE_ASSIGNMENT( ( #817 ) );
#321 = ADVANCED_FACE( '', ( #818 ), #819, .F. );
#322 = PRESENTATION_STYLE_ASSIGNMENT( ( #820 ) );
#323 = ADVANCED_FACE( '', ( #821 ), #822, .T. );
#324 = PRESENTATION_STYLE_ASSIGNMENT( ( #823 ) );
#325 = ADVANCED_FACE( '', ( #824 ), #825, .F. );
#326 = PRESENTATION_STYLE_ASSIGNMENT( ( #826 ) );
#327 = ADVANCED_FACE( '', ( #827 ), #828, .F. );
#328 = PRESENTATION_STYLE_ASSIGNMENT( ( #829 ) );
#329 = ADVANCED_FACE( '', ( #830 ), #831, .F. );
#330 = PRESENTATION_STYLE_ASSIGNMENT( ( #832 ) );
#331 = ADVANCED_FACE( '', ( #833, #834 ), #835, .F. );
#332 = PRESENTATION_STYLE_ASSIGNMENT( ( #836 ) );
#333 = ADVANCED_FACE( '', ( #837 ), #838, .T. );
#334 = PRESENTATION_STYLE_ASSIGNMENT( ( #839 ) );
#335 = ADVANCED_FACE( '', ( #840, #841 ), #842, .T. );
#336 = PRESENTATION_STYLE_ASSIGNMENT( ( #843 ) );
#337 = ADVANCED_FACE( '', ( #844 ), #845, .F. );
#338 = PRESENTATION_STYLE_ASSIGNMENT( ( #846 ) );
#339 = ADVANCED_FACE( '', ( #847 ), #848, .F. );
#340 = PRESENTATION_STYLE_ASSIGNMENT( ( #849 ) );
#341 = ADVANCED_FACE( '', ( #850 ), #851, .F. );
#342 = PRESENTATION_STYLE_ASSIGNMENT( ( #852 ) );
#343 = ADVANCED_FACE( '', ( #853 ), #854, .F. );
#344 = PRESENTATION_STYLE_ASSIGNMENT( ( #855 ) );
#345 = ADVANCED_FACE( '', ( #856 ), #857, .T. );
#346 = PRESENTATION_STYLE_ASSIGNMENT( ( #858 ) );
#347 = ADVANCED_FACE( '', ( #859 ), #860, .T. );
#348 = PRESENTATION_STYLE_ASSIGNMENT( ( #861 ) );
#349 = ADVANCED_FACE( '', ( #862, #863 ), #864, .T. );
#350 = PRESENTATION_STYLE_ASSIGNMENT( ( #865 ) );
#351 = ADVANCED_FACE( '', ( #866 ), #867, .F. );
#352 = PRESENTATION_STYLE_ASSIGNMENT( ( #868 ) );
#353 = ADVANCED_FACE( '', ( #869 ), #870, .T. );
#354 = PRESENTATION_STYLE_ASSIGNMENT( ( #871 ) );
#355 = ADVANCED_FACE( '', ( #872 ), #873, .T. );
#356 = PRESENTATION_STYLE_ASSIGNMENT( ( #874 ) );
#357 = ADVANCED_FACE( '', ( #875 ), #876, .F. );
#358 = PRESENTATION_STYLE_ASSIGNMENT( ( #877 ) );
#359 = ADVANCED_FACE( '', ( #878 ), #879, .F. );
#360 = PRESENTATION_STYLE_ASSIGNMENT( ( #880 ) );
#361 = ADVANCED_FACE( '', ( #881 ), #882, .T. );
#362 = PRESENTATION_STYLE_ASSIGNMENT( ( #883 ) );
#363 = ADVANCED_FACE( '', ( #884 ), #885, .T. );
#364 = PRESENTATION_STYLE_ASSIGNMENT( ( #886 ) );
#365 = ADVANCED_FACE( '', ( #887, #888 ), #889, .F. );
#366 = PRESENTATION_STYLE_ASSIGNMENT( ( #890 ) );
#367 = ADVANCED_FACE( '', ( #891, #892 ), #893, .T. );
#368 = PRESENTATION_STYLE_ASSIGNMENT( ( #894 ) );
#369 = ADVANCED_FACE( '', ( #895, #896 ), #897, .T. );
#370 = PRESENTATION_STYLE_ASSIGNMENT( ( #898 ) );
#371 = ADVANCED_FACE( '', ( #899 ), #900, .T. );
#372 = PRESENTATION_STYLE_ASSIGNMENT( ( #901 ) );
#373 = ADVANCED_FACE( '', ( #902 ), #903, .T. );
#374 = PRESENTATION_STYLE_ASSIGNMENT( ( #904 ) );
#375 = ADVANCED_FACE( '', ( #905, #906 ), #907, .T. );
#376 = PRESENTATION_STYLE_ASSIGNMENT( ( #908 ) );
#377 = ADVANCED_FACE( '', ( #909 ), #910, .F. );
#378 = PRESENTATION_STYLE_ASSIGNMENT( ( #911 ) );
#379 = ADVANCED_FACE( '', ( #912, #913 ), #914, .T. );
#380 = PRESENTATION_STYLE_ASSIGNMENT( ( #915 ) );
#381 = ADVANCED_FACE( '', ( #916, #917 ), #918, .T. );
#382 = PRESENTATION_STYLE_ASSIGNMENT( ( #919 ) );
#383 = ADVANCED_FACE( '', ( #920 ), #921, .F. );
#384 = PRESENTATION_STYLE_ASSIGNMENT( ( #922 ) );
#385 = ADVANCED_FACE( '', ( #923 ), #924, .F. );
#386 = PRESENTATION_STYLE_ASSIGNMENT( ( #925 ) );
#387 = ADVANCED_FACE( '', ( #926 ), #927, .T. );
#388 = PRESENTATION_STYLE_ASSIGNMENT( ( #928 ) );
#389 = ADVANCED_FACE( '', ( #929 ), #930, .T. );
#390 = PRESENTATION_STYLE_ASSIGNMENT( ( #931 ) );
#391 = ADVANCED_FACE( '', ( #932 ), #933, .T. );
#392 = PRESENTATION_STYLE_ASSIGNMENT( ( #934 ) );
#393 = ADVANCED_FACE( '', ( #935 ), #936, .T. );
#394 = PRESENTATION_STYLE_ASSIGNMENT( ( #937 ) );
#395 = ADVANCED_FACE( '', ( #938 ), #939, .T. );
#396 = PRESENTATION_STYLE_ASSIGNMENT( ( #940 ) );
#397 = ADVANCED_FACE( '', ( #941 ), #942, .T. );
#398 = PRESENTATION_STYLE_ASSIGNMENT( ( #943 ) );
#399 = ADVANCED_FACE( '', ( #944 ), #945, .T. );
#400 = PRESENTATION_STYLE_ASSIGNMENT( ( #946 ) );
#401 = ADVANCED_FACE( '', ( #947 ), #948, .T. );
#402 = PRESENTATION_STYLE_ASSIGNMENT( ( #949 ) );
#403 = ADVANCED_FACE( '', ( #950 ), #951, .T. );
#404 = PRESENTATION_STYLE_ASSIGNMENT( ( #952 ) );
#405 = ADVANCED_FACE( '', ( #953 ), #954, .F. );
#406 = PRESENTATION_STYLE_ASSIGNMENT( ( #955 ) );
#407 = ADVANCED_FACE( '', ( #956, #957 ), #958, .T. );
#408 = PRESENTATION_STYLE_ASSIGNMENT( ( #959 ) );
#409 = ADVANCED_FACE( '', ( #960 ), #961, .T. );
#410 = PRESENTATION_STYLE_ASSIGNMENT( ( #962 ) );
#411 = ADVANCED_FACE( '', ( #963, #964, #965, #966, #967, #968, #969, #970, #971, #972, #973 ), #974, .F. );
#412 = PRESENTATION_STYLE_ASSIGNMENT( ( #975 ) );
#413 = ADVANCED_FACE( '', ( #976 ), #977, .T. );
#414 = PRESENTATION_STYLE_ASSIGNMENT( ( #978 ) );
#415 = ADVANCED_FACE( '', ( #979 ), #980, .T. );
#416 = PRESENTATION_STYLE_ASSIGNMENT( ( #981 ) );
#417 = ADVANCED_FACE( '', ( #982 ), #983, .F. );
#418 = PRESENTATION_STYLE_ASSIGNMENT( ( #984 ) );
#419 = ADVANCED_FACE( '', ( #985 ), #986, .F. );
#420 = PRESENTATION_STYLE_ASSIGNMENT( ( #987 ) );
#421 = ADVANCED_FACE( '', ( #988, #989 ), #990, .F. );
#422 = PRESENTATION_STYLE_ASSIGNMENT( ( #991 ) );
#423 = ADVANCED_FACE( '', ( #992, #993 ), #994, .T. );
#424 = PRESENTATION_STYLE_ASSIGNMENT( ( #995 ) );
#425 = ADVANCED_FACE( '', ( #996 ), #997, .F. );
#426 = PRESENTATION_STYLE_ASSIGNMENT( ( #998 ) );
#427 = ADVANCED_FACE( '', ( #999 ), #1000, .T. );
#428 = PRESENTATION_STYLE_ASSIGNMENT( ( #1001 ) );
#429 = ADVANCED_FACE( '', ( #1002 ), #1003, .F. );
#430 = PRESENTATION_STYLE_ASSIGNMENT( ( #1004 ) );
#431 = ADVANCED_FACE( '', ( #1005, #1006 ), #1007, .F. );
#432 = PRESENTATION_STYLE_ASSIGNMENT( ( #1008 ) );
#433 = ADVANCED_FACE( '', ( #1009 ), #1010, .T. );
#434 = PRESENTATION_STYLE_ASSIGNMENT( ( #1011 ) );
#435 = ADVANCED_FACE( '', ( #1012 ), #1013, .T. );
#436 = PRESENTATION_STYLE_ASSIGNMENT( ( #1014 ) );
#437 = ADVANCED_FACE( '', ( #1015, #1016 ), #1017, .T. );
#438 = PRESENTATION_STYLE_ASSIGNMENT( ( #1018 ) );
#439 = ADVANCED_FACE( '', ( #1019 ), #1020, .F. );
#440 = PRESENTATION_STYLE_ASSIGNMENT( ( #1021 ) );
#441 = ADVANCED_FACE( '', ( #1022 ), #1023, .F. );
#442 = PRESENTATION_STYLE_ASSIGNMENT( ( #1024 ) );
#443 = ADVANCED_FACE( '', ( #1025, #1026 ), #1027, .F. );
#444 = PRESENTATION_STYLE_ASSIGNMENT( ( #1028 ) );
#445 = ADVANCED_FACE( '', ( #1029 ), #1030, .T. );
#446 = PRESENTATION_STYLE_ASSIGNMENT( ( #1031 ) );
#447 = ADVANCED_FACE( '', ( #1032 ), #1033, .T. );
#448 = PRESENTATION_STYLE_ASSIGNMENT( ( #1034 ) );
#449 = ADVANCED_FACE( '', ( #1035 ), #1036, .T. );
#450 = PRESENTATION_STYLE_ASSIGNMENT( ( #1037 ) );
#451 = ADVANCED_FACE( '', ( #1038 ), #1039, .T. );
#452 = PRESENTATION_STYLE_ASSIGNMENT( ( #1040 ) );
#453 = ADVANCED_FACE( '', ( #1041 ), #1042, .T. );
#454 = PRESENTATION_STYLE_ASSIGNMENT( ( #1043 ) );
#455 = ADVANCED_FACE( '', ( #1044 ), #1045, .T. );
#456 = PRESENTATION_STYLE_ASSIGNMENT( ( #1046 ) );
#457 = ADVANCED_FACE( '', ( #1047, #1048 ), #1049, .F. );
#458 = PRESENTATION_STYLE_ASSIGNMENT( ( #1050 ) );
#459 = ADVANCED_FACE( '', ( #1051 ), #1052, .T. );
#460 = PRESENTATION_STYLE_ASSIGNMENT( ( #1053 ) );
#461 = ADVANCED_FACE( '', ( #1054 ), #1055, .T. );
#462 = PRESENTATION_STYLE_ASSIGNMENT( ( #1056 ) );
#463 = ADVANCED_FACE( '', ( #1057 ), #1058, .T. );
#464 = PRESENTATION_STYLE_ASSIGNMENT( ( #1059 ) );
#465 = ADVANCED_FACE( '', ( #1060 ), #1061, .T. );
#466 = PRESENTATION_STYLE_ASSIGNMENT( ( #1062 ) );
#467 = ADVANCED_FACE( '', ( #1063 ), #1064, .T. );
#468 = PRESENTATION_STYLE_ASSIGNMENT( ( #1065 ) );
#469 = ADVANCED_FACE( '', ( #1066, #1067 ), #1068, .F. );
#470 = PRESENTATION_STYLE_ASSIGNMENT( ( #1069 ) );
#471 = ADVANCED_FACE( '', ( #1070, #1071 ), #1072, .F. );
#472 = PRESENTATION_STYLE_ASSIGNMENT( ( #1073 ) );
#473 = ADVANCED_FACE( '', ( #1074 ), #1075, .T. );
#474 = PRESENTATION_STYLE_ASSIGNMENT( ( #1076 ) );
#475 = ADVANCED_FACE( '', ( #1077 ), #1078, .T. );
#476 = PRESENTATION_STYLE_ASSIGNMENT( ( #1079 ) );
#477 = ADVANCED_FACE( '', ( #1080 ), #1081, .F. );
#478 = PRESENTATION_STYLE_ASSIGNMENT( ( #1082 ) );
#479 = ADVANCED_FACE( '', ( #1083 ), #1084, .T. );
#480 = PRESENTATION_STYLE_ASSIGNMENT( ( #1085 ) );
#481 = ADVANCED_FACE( '', ( #1086 ), #1087, .F. );
#482 = PRESENTATION_STYLE_ASSIGNMENT( ( #1088 ) );
#483 = ADVANCED_FACE( '', ( #1089 ), #1090, .T. );
#484 = PRESENTATION_STYLE_ASSIGNMENT( ( #1091 ) );
#485 = ADVANCED_FACE( '', ( #1092 ), #1093, .T. );
#486 = PRESENTATION_STYLE_ASSIGNMENT( ( #1094 ) );
#487 = ADVANCED_FACE( '', ( #1095 ), #1096, .T. );
#488 = PRESENTATION_STYLE_ASSIGNMENT( ( #1097 ) );
#489 = ADVANCED_FACE( '', ( #1098 ), #1099, .F. );
#490 = PRESENTATION_STYLE_ASSIGNMENT( ( #1100 ) );
#491 = ADVANCED_FACE( '', ( #1101 ), #1102, .T. );
#492 = PRESENTATION_STYLE_ASSIGNMENT( ( #1103 ) );
#493 = ADVANCED_FACE( '', ( #1104 ), #1105, .T. );
#494 = PRESENTATION_STYLE_ASSIGNMENT( ( #1106 ) );
#495 = ADVANCED_FACE( '', ( #1107 ), #1108, .T. );
#496 = PRESENTATION_STYLE_ASSIGNMENT( ( #1109 ) );
#497 = ADVANCED_FACE( '', ( #1110 ), #1111, .T. );
#498 = PRESENTATION_STYLE_ASSIGNMENT( ( #1112 ) );
#499 = ADVANCED_FACE( '', ( #1113 ), #1114, .T. );
#500 = PRESENTATION_STYLE_ASSIGNMENT( ( #1115 ) );
#501 = ADVANCED_FACE( '', ( #1116 ), #1117, .T. );
#502 = PRESENTATION_STYLE_ASSIGNMENT( ( #1118 ) );
#503 = ADVANCED_FACE( '', ( #1119 ), #1120, .T. );
#504 = PRESENTATION_STYLE_ASSIGNMENT( ( #1121 ) );
#505 = ADVANCED_FACE( '', ( #1122 ), #1123, .T. );
#506 = PRESENTATION_STYLE_ASSIGNMENT( ( #1124 ) );
#507 = ADVANCED_FACE( '', ( #1125 ), #1126, .T. );
#508 = PRESENTATION_STYLE_ASSIGNMENT( ( #1127 ) );
#509 = ADVANCED_FACE( '', ( #1128, #1129 ), #1130, .T. );
#510 = PRESENTATION_STYLE_ASSIGNMENT( ( #1131 ) );
#511 = ADVANCED_FACE( '', ( #1132 ), #1133, .T. );
#512 = PRESENTATION_STYLE_ASSIGNMENT( ( #1134 ) );
#513 = ADVANCED_FACE( '', ( #1135 ), #1136, .T. );
#514 = PRESENTATION_STYLE_ASSIGNMENT( ( #1137 ) );
#515 = ADVANCED_FACE( '', ( #1138 ), #1139, .T. );
#516 = PRESENTATION_STYLE_ASSIGNMENT( ( #1140 ) );
#517 = ADVANCED_FACE( '', ( #1141, #1142 ), #1143, .F. );
#518 = PRESENTATION_STYLE_ASSIGNMENT( ( #1144 ) );
#519 = ADVANCED_FACE( '', ( #1145 ), #1146, .T. );
#520 = PRESENTATION_STYLE_ASSIGNMENT( ( #1147 ) );
#521 = ADVANCED_FACE( '', ( #1148 ), #1149, .T. );
#522 = PRESENTATION_STYLE_ASSIGNMENT( ( #1150 ) );
#523 = ADVANCED_FACE( '', ( #1151 ), #1152, .T. );
#524 = PRESENTATION_STYLE_ASSIGNMENT( ( #1153 ) );
#525 = ADVANCED_FACE( '', ( #1154 ), #1155, .T. );
#526 = PRESENTATION_STYLE_ASSIGNMENT( ( #1156 ) );
#527 = ADVANCED_FACE( '', ( #1157 ), #1158, .F. );
#528 = PRESENTATION_STYLE_ASSIGNMENT( ( #1159 ) );
#529 = ADVANCED_FACE( '', ( #1160 ), #1161, .T. );
#530 = PRESENTATION_STYLE_ASSIGNMENT( ( #1162 ) );
#531 = ADVANCED_FACE( '', ( #1163, #1164 ), #1165, .T. );
#532 = PRESENTATION_STYLE_ASSIGNMENT( ( #1166 ) );
#533 = ADVANCED_FACE( '', ( #1167, #1168, #1169 ), #1170, .F. );
#534 = PRESENTATION_STYLE_ASSIGNMENT( ( #1171 ) );
#535 = ADVANCED_FACE( '', ( #1172 ), #1173, .F. );
#536 = PRESENTATION_STYLE_ASSIGNMENT( ( #1174 ) );
#537 = ADVANCED_FACE( '', ( #1175 ), #1176, .T. );
#538 = PRESENTATION_STYLE_ASSIGNMENT( ( #1177 ) );
#539 = ADVANCED_FACE( '', ( #1178 ), #1179, .T. );
#540 = PRESENTATION_STYLE_ASSIGNMENT( ( #1180 ) );
#541 = ADVANCED_FACE( '', ( #1181 ), #1182, .T. );
#542 = PRESENTATION_STYLE_ASSIGNMENT( ( #1183 ) );
#543 = ADVANCED_FACE( '', ( #1184 ), #1185, .F. );
#544 = PRESENTATION_STYLE_ASSIGNMENT( ( #1186 ) );
#545 = ADVANCED_FACE( '', ( #1187, #1188 ), #1189, .T. );
#546 = PRESENTATION_STYLE_ASSIGNMENT( ( #1190 ) );
#547 = ADVANCED_FACE( '', ( #1191 ), #1192, .T. );
#548 = PRESENTATION_STYLE_ASSIGNMENT( ( #1193 ) );
#549 = ADVANCED_FACE( '', ( #1194 ), #1195, .F. );
#550 = PRESENTATION_STYLE_ASSIGNMENT( ( #1196 ) );
#551 = ADVANCED_FACE( '', ( #1197 ), #1198, .T. );
#552 = PRESENTATION_STYLE_ASSIGNMENT( ( #1199 ) );
#553 = ADVANCED_FACE( '', ( #1200 ), #1201, .T. );
#554 = PRESENTATION_STYLE_ASSIGNMENT( ( #1202 ) );
#555 = ADVANCED_FACE( '', ( #1203 ), #1204, .T. );
#556 = PRESENTATION_STYLE_ASSIGNMENT( ( #1205 ) );
#557 = ADVANCED_FACE( '', ( #1206 ), #1207, .F. );
#558 = PRESENTATION_STYLE_ASSIGNMENT( ( #1208 ) );
#559 = ADVANCED_FACE( '', ( #1209 ), #1210, .T. );
#560 = PRESENTATION_STYLE_ASSIGNMENT( ( #1211 ) );
#561 = ADVANCED_FACE( '', ( #1212 ), #1213, .F. );
#562 = PRESENTATION_STYLE_ASSIGNMENT( ( #1214 ) );
#563 = ADVANCED_FACE( '', ( #1215 ), #1216, .F. );
#564 = PRESENTATION_STYLE_ASSIGNMENT( ( #1217 ) );
#565 = ADVANCED_FACE( '', ( #1218 ), #1219, .T. );
#566 = PRESENTATION_STYLE_ASSIGNMENT( ( #1220 ) );
#567 = ADVANCED_FACE( '', ( #1221 ), #1222, .T. );
#568 = PRESENTATION_STYLE_ASSIGNMENT( ( #1223 ) );
#569 = ADVANCED_FACE( '', ( #1224 ), #1225, .T. );
#570 = PRESENTATION_STYLE_ASSIGNMENT( ( #1226 ) );
#571 = ADVANCED_FACE( '', ( #1227 ), #1228, .T. );
#572 = PRESENTATION_STYLE_ASSIGNMENT( ( #1229 ) );
#573 = ADVANCED_FACE( '', ( #1230 ), #1231, .T. );
#574 = PRESENTATION_STYLE_ASSIGNMENT( ( #1232 ) );
#575 = ADVANCED_FACE( '', ( #1233, #1234 ), #1235, .T. );
#576 = PRESENTATION_STYLE_ASSIGNMENT( ( #1236 ) );
#577 = ADVANCED_FACE( '', ( #1237 ), #1238, .T. );
#578 = PRESENTATION_STYLE_ASSIGNMENT( ( #1239 ) );
#579 = ADVANCED_FACE( '', ( #1240, #1241 ), #1242, .F. );
#580 = PRESENTATION_STYLE_ASSIGNMENT( ( #1243 ) );
#581 = ADVANCED_FACE( '', ( #1244 ), #1245, .F. );
#582 = PRESENTATION_STYLE_ASSIGNMENT( ( #1246 ) );
#583 = ADVANCED_FACE( '', ( #1247 ), #1248, .F. );
#584 = PRESENTATION_STYLE_ASSIGNMENT( ( #1249 ) );
#585 = ADVANCED_FACE( '', ( #1250 ), #1251, .T. );
#586 = PRESENTATION_STYLE_ASSIGNMENT( ( #1252 ) );
#587 = ADVANCED_FACE( '', ( #1253 ), #1254, .T. );
#588 = PRESENTATION_STYLE_ASSIGNMENT( ( #1255 ) );
#589 = ADVANCED_FACE( '', ( #1256 ), #1257, .T. );
#590 = PRESENTATION_STYLE_ASSIGNMENT( ( #1258 ) );
#591 = ADVANCED_FACE( '', ( #1259 ), #1260, .T. );
#592 = PRESENTATION_STYLE_ASSIGNMENT( ( #1261 ) );
#593 = ADVANCED_FACE( '', ( #1262 ), #1263, .T. );
#594 = PRESENTATION_STYLE_ASSIGNMENT( ( #1264 ) );
#595 = ADVANCED_FACE( '', ( #1265 ), #1266, .T. );
#596 = PRESENTATION_STYLE_ASSIGNMENT( ( #1267 ) );
#597 = ADVANCED_FACE( '', ( #1268, #1269, #1270, #1271, #1272 ), #1273, .T. );
#598 = PRESENTATION_STYLE_ASSIGNMENT( ( #1274 ) );
#599 = ADVANCED_FACE( '', ( #1275 ), #1276, .T. );
#600 = PRESENTATION_STYLE_ASSIGNMENT( ( #1277 ) );
#601 = ADVANCED_FACE( '', ( #1278 ), #1279, .T. );
#602 = PRESENTATION_STYLE_ASSIGNMENT( ( #1280 ) );
#603 = ADVANCED_FACE( '', ( #1281, #1282 ), #1283, .F. );
#604 = PRESENTATION_STYLE_ASSIGNMENT( ( #1284 ) );
#605 = ADVANCED_FACE( '', ( #1285, #1286 ), #1287, .F. );
#606 = PRESENTATION_STYLE_ASSIGNMENT( ( #1288 ) );
#607 = ADVANCED_FACE( '', ( #1289, #1290 ), #1291, .T. );
#608 = PRESENTATION_STYLE_ASSIGNMENT( ( #1292 ) );
#609 = ADVANCED_FACE( '', ( #1293, #1294 ), #1295, .F. );
#610 = PRESENTATION_STYLE_ASSIGNMENT( ( #1296 ) );
#611 = ADVANCED_FACE( '', ( #1297 ), #1298, .T. );
#612 = PRESENTATION_STYLE_ASSIGNMENT( ( #1299 ) );
#613 = ADVANCED_FACE( '', ( #1300 ), #1301, .F. );
#614 = PRESENTATION_STYLE_ASSIGNMENT( ( #1302 ) );
#615 = ADVANCED_FACE( '', ( #1303 ), #1304, .T. );
#616 = PRESENTATION_STYLE_ASSIGNMENT( ( #1305 ) );
#617 = ADVANCED_FACE( '', ( #1306 ), #1307, .T. );
#618 = PRESENTATION_STYLE_ASSIGNMENT( ( #1308 ) );
#619 = ADVANCED_FACE( '', ( #1309 ), #1310, .T. );
#620 = PRESENTATION_STYLE_ASSIGNMENT( ( #1311 ) );
#621 = ADVANCED_FACE( '', ( #1312 ), #1313, .T. );
#622 = PRESENTATION_STYLE_ASSIGNMENT( ( #1314 ) );
#623 = ADVANCED_FACE( '', ( #1315 ), #1316, .T. );
#624 = PRESENTATION_STYLE_ASSIGNMENT( ( #1317 ) );
#625 = ADVANCED_FACE( '', ( #1318 ), #1319, .T. );
#626 = PRESENTATION_STYLE_ASSIGNMENT( ( #1320 ) );
#627 = ADVANCED_FACE( '', ( #1321, #1322 ), #1323, .F. );
#628 = PRESENTATION_STYLE_ASSIGNMENT( ( #1324 ) );
#629 = ADVANCED_FACE( '', ( #1325 ), #1326, .F. );
#630 = PRESENTATION_STYLE_ASSIGNMENT( ( #1327 ) );
#631 = ADVANCED_FACE( '', ( #1328 ), #1329, .T. );
#632 = PRESENTATION_STYLE_ASSIGNMENT( ( #1330 ) );
#633 = ADVANCED_FACE( '', ( #1331 ), #1332, .T. );
#634 = PRESENTATION_STYLE_ASSIGNMENT( ( #1333 ) );
#635 = ADVANCED_FACE( '', ( #1334 ), #1335, .T. );
#636 = PRESENTATION_STYLE_ASSIGNMENT( ( #1336 ) );
#637 = ADVANCED_FACE( '', ( #1337 ), #1338, .F. );
#638 = PRESENTATION_STYLE_ASSIGNMENT( ( #1339 ) );
#639 = ADVANCED_FACE( '', ( #1340 ), #1341, .F. );
#640 = PRESENTATION_STYLE_ASSIGNMENT( ( #1342 ) );
#641 = ADVANCED_FACE( '', ( #1343 ), #1344, .T. );
#642 = PRESENTATION_STYLE_ASSIGNMENT( ( #1345 ) );
#643 = ADVANCED_FACE( '', ( #1346, #1347 ), #1348, .T. );
#644 = PRESENTATION_STYLE_ASSIGNMENT( ( #1349 ) );
#645 = ADVANCED_FACE( '', ( #1350 ), #1351, .T. );
#646 = PRESENTATION_STYLE_ASSIGNMENT( ( #1352 ) );
#647 = ADVANCED_FACE( '', ( #1353 ), #1354, .F. );
#648 = PRESENTATION_STYLE_ASSIGNMENT( ( #1355 ) );
#649 = ADVANCED_FACE( '', ( #1356 ), #1357, .F. );
#650 = PRESENTATION_STYLE_ASSIGNMENT( ( #1358 ) );
#651 = ADVANCED_FACE( '', ( #1359, #1360 ), #1361, .F. );
#652 = PRESENTATION_STYLE_ASSIGNMENT( ( #1362 ) );
#653 = ADVANCED_FACE( '', ( #1363 ), #1364, .T. );
#654 = PRESENTATION_STYLE_ASSIGNMENT( ( #1365 ) );
#655 = ADVANCED_FACE( '', ( #1366 ), #1367, .T. );
#656 = PRESENTATION_STYLE_ASSIGNMENT( ( #1368 ) );
#657 = ADVANCED_FACE( '', ( #1369 ), #1370, .T. );
#658 = PRESENTATION_STYLE_ASSIGNMENT( ( #1371 ) );
#659 = ADVANCED_FACE( '', ( #1372 ), #1373, .T. );
#660 = PRESENTATION_STYLE_ASSIGNMENT( ( #1374 ) );
#661 = ADVANCED_FACE( '', ( #1375 ), #1376, .T. );
#662 = PRESENTATION_STYLE_ASSIGNMENT( ( #1377 ) );
#663 = ADVANCED_FACE( '', ( #1378 ), #1379, .T. );
#664 = PRESENTATION_STYLE_ASSIGNMENT( ( #1380 ) );
#665 = ADVANCED_FACE( '', ( #1381 ), #1382, .T. );
#666 = PRESENTATION_STYLE_ASSIGNMENT( ( #1383 ) );
#667 = ADVANCED_FACE( '', ( #1384 ), #1385, .F. );
#668 = PRESENTATION_STYLE_ASSIGNMENT( ( #1386 ) );
#669 = ADVANCED_FACE( '', ( #1387 ), #1388, .T. );
#670 = PRESENTATION_STYLE_ASSIGNMENT( ( #1389 ) );
#671 = ADVANCED_FACE( '', ( #1390 ), #1391, .T. );
#672 = PRESENTATION_STYLE_ASSIGNMENT( ( #1392 ) );
#673 = ADVANCED_FACE( '', ( #1393, #1394 ), #1395, .F. );
#674 = PRESENTATION_STYLE_ASSIGNMENT( ( #1396 ) );
#675 = ADVANCED_FACE( '', ( #1397 ), #1398, .F. );
#676 = PRESENTATION_STYLE_ASSIGNMENT( ( #1399 ) );
#677 = ADVANCED_FACE( '', ( #1400 ), #1401, .T. );
#678 = PRESENTATION_STYLE_ASSIGNMENT( ( #1402 ) );
#679 = ADVANCED_FACE( '', ( #1403 ), #1404, .F. );
#680 = PRESENTATION_STYLE_ASSIGNMENT( ( #1405 ) );
#681 = ADVANCED_FACE( '', ( #1406 ), #1407, .T. );
#682 = PRESENTATION_STYLE_ASSIGNMENT( ( #1408 ) );
#683 = ADVANCED_FACE( '', ( #1409, #1410 ), #1411, .F. );
#684 = PRESENTATION_STYLE_ASSIGNMENT( ( #1412 ) );
#685 = ADVANCED_FACE( '', ( #1413 ), #1414, .F. );
#686 = PRESENTATION_STYLE_ASSIGNMENT( ( #1415 ) );
#687 = ADVANCED_FACE( '', ( #1416 ), #1417, .F. );
#688 = PRESENTATION_STYLE_ASSIGNMENT( ( #1418 ) );
#689 = ADVANCED_FACE( '', ( #1419 ), #1420, .T. );
#690 = PRESENTATION_STYLE_ASSIGNMENT( ( #1421 ) );
#691 = ADVANCED_FACE( '', ( #1422 ), #1423, .T. );
#692 = PRESENTATION_STYLE_ASSIGNMENT( ( #1424 ) );
#693 = ADVANCED_FACE( '', ( #1425 ), #1426, .F. );
#694 = PRESENTATION_STYLE_ASSIGNMENT( ( #1427 ) );
#695 = ADVANCED_FACE( '', ( #1428 ), #1429, .T. );
#696 = PRESENTATION_STYLE_ASSIGNMENT( ( #1430 ) );
#697 = ADVANCED_FACE( '', ( #1431 ), #1432, .T. );
#698 = PRESENTATION_STYLE_ASSIGNMENT( ( #1433 ) );
#699 = ADVANCED_FACE( '', ( #1434 ), #1435, .T. );
#700 = PRESENTATION_STYLE_ASSIGNMENT( ( #1436 ) );
#701 = ADVANCED_FACE( '', ( #1437 ), #1438, .T. );
#702 = PRESENTATION_STYLE_ASSIGNMENT( ( #1439 ) );
#703 = ADVANCED_FACE( '', ( #1440, #1441 ), #1442, .F. );
#704 = PRESENTATION_STYLE_ASSIGNMENT( ( #1443 ) );
#705 = ADVANCED_FACE( '', ( #1444 ), #1445, .T. );
#706 = PRESENTATION_STYLE_ASSIGNMENT( ( #1446 ) );
#707 = ADVANCED_FACE( '', ( #1447 ), #1448, .F. );
#708 = PRESENTATION_STYLE_ASSIGNMENT( ( #1449 ) );
#709 = ADVANCED_FACE( '', ( #1450 ), #1451, .T. );
#710 = PRESENTATION_STYLE_ASSIGNMENT( ( #1452 ) );
#711 = ADVANCED_FACE( '', ( #1453 ), #1454, .F. );
#712 = PRESENTATION_STYLE_ASSIGNMENT( ( #1455 ) );
#713 = ADVANCED_FACE( '', ( #1456 ), #1457, .F. );
#714 = PRESENTATION_STYLE_ASSIGNMENT( ( #1458 ) );
#715 = ADVANCED_FACE( '', ( #1459 ), #1460, .F. );
#716 = PRESENTATION_STYLE_ASSIGNMENT( ( #1461 ) );
#717 = ADVANCED_FACE( '', ( #1462 ), #1463, .F. );
#718 = PRESENTATION_STYLE_ASSIGNMENT( ( #1464 ) );
#719 = ADVANCED_FACE( '', ( #1465 ), #1466, .F. );
#720 = PRESENTATION_STYLE_ASSIGNMENT( ( #1467 ) );
#721 = ADVANCED_FACE( '', ( #1468 ), #1469, .F. );
#722 = PRESENTATION_STYLE_ASSIGNMENT( ( #1470 ) );
#723 = ADVANCED_FACE( '', ( #1471 ), #1472, .F. );
#724 = PRESENTATION_STYLE_ASSIGNMENT( ( #1473 ) );
#725 = ADVANCED_FACE( '', ( #1474 ), #1475, .T. );
#726 = PRESENTATION_STYLE_ASSIGNMENT( ( #1476 ) );
#727 = ADVANCED_FACE( '', ( #1477 ), #1478, .T. );
#730 = LENGTH_MEASURE_WITH_UNIT( LENGTH_MEASURE( 1.00000000000000 ), #1479 );
#733 = DIMENSIONAL_EXPONENTS( 1.00000000000000, 0.000000000000000, 0.000000000000000, 0.000000000000000, 0.000000000000000, 0.000000000000000, 0.000000000000000 );
#735 = DIMENSIONAL_EXPONENTS( 0.000000000000000, 0.000000000000000, 0.000000000000000, 0.000000000000000, 0.000000000000000, 0.000000000000000, 0.000000000000000 );
#741 = PRODUCT_CONTEXT( '', #18, 'mechanical' );
#742 = PRODUCT_DEFINITION_FORMATION_WITH_SPECIFIED_SOURCE( ' ', 'NONE', #264, .NOT_KNOWN. );
#743 = CARTESIAN_POINT( '', ( 0.000000000000000, 0.000000000000000, 0.000000000000000 ) );
#744 = DIRECTION( '', ( 0.000000000000000, 0.000000000000000, 1.00000000000000 ) );
#745 = DIRECTION( '', ( 1.00000000000000, 0.000000000000000, 0.000000000000000 ) );
#746 = CARTESIAN_POINT( '', ( 0.000000000000000, 0.000000000000000, 0.000000000000000 ) );
#747 = DIRECTION( '', ( 0.000000000000000, 0.000000000000000, 1.00000000000000 ) );
#748 = DIRECTION( '', ( 1.00000000000000, 0.000000000000000, 0.000000000000000 ) );
#749 = CARTESIAN_POINT( '', ( 0.000000000000000, -3.85185988877447E-31, 0.500000000000000 ) );
#750 = DIRECTION( '', ( -5.64326264466610E-16, -5.64326264466610E-16, 1.00000000000000 ) );
#751 = DIRECTION( '', ( 3.18464132766838E-31, -1.00000000000000, -5.64326264466610E-16 ) );
#754 = UNCERTAINTY_MEASURE_WITH_UNIT( LENGTH_MEASURE( 0.00100000000000000 ), #756, '', '' );
#756 =  ( CONVERSION_BASED_UNIT( 'MILLIMETRE', #1482 )LENGTH_UNIT(  )NAMED_UNIT( #1485 ) );
#757 =  ( NAMED_UNIT( #1487 )PLANE_ANGLE_UNIT(  )SI_UNIT( $, .RADIAN. ) );
#758 =  ( NAMED_UNIT( #1487 )SI_UNIT( $, .STERADIAN. )SOLID_ANGLE_UNIT(  ) );
#760 = PRODUCT_DEFINITION_FORMATION_WITH_SPECIFIED_SOURCE( ' ', 'NONE', #270, .NOT_KNOWN. );
#761 = CLOSED_SHELL( '', ( #697, #291, #603, #645, #497, #451, #323, #601, #525, #673, #533, #597, #353, #325, #593, #387, #455, #383, #479, #333, #459, #687, #413, #725, #391, #311, #511, #599, #375, #425, #335, #679, #643, #521, #437, #727, #393, #553, #707, #605, #381, #481, #329, #359 ) );
#762 = PRODUCT_DEFINITION_FORMATION_WITH_SPECIFIED_SOURCE( ' ', 'NONE', #278, .NOT_KNOWN. );
#763 = CLOSED_SHELL( '', ( #447, #641, #591, #529, #295, #415, #573, #389, #499, #495, #701, #589, #625, #297, #483, #445, #539, #373, #433, #681, #513, #631, #453, #287, #371, #363, #689, #427, #493, #669, #361, #695, #523, #461, #313, #621, #559, #547, #567, #671, #629, #549, #581, #711, #321, #489, #337, #693, #305, #715, #419, #307, #339, #465, #705, #515, #659, #653, #355, #485, #293, #491, #467, #555, #463, #617, #299, #301, #723, #561, #717, #327, #675, #543, #439, #449, #719, #475, #663, #501, #721, #635, #345, #487, #661, #709, #403, #551, #417, #563, #405, #579, #421, #423, #649, #583, #611, #713, #357, #577, #651, #469, #531, #627, #471, #303, #683, #443, #379, #367, #607, #331, #685, #575, #509, #407, #457, #703, #349, #411, #639, #289, #317, #623, #665, #565, #541, #399, #435, #657, #369, #517, #647, #365, #431, #535, #441, #341, #503, #409, #377, #615, #633, #677, #395, #655, #401, #347, #699, #691, #473, #537, #519, #505, #585, #397, #619, #569, #309, #587, #507, #315, #545, #571, #637, #667, #477, #613, #527, #429, #343, #557, #351, #595, #319, #385, #609 ) );
#764 = SURFACE_STYLE_USAGE( .BOTH., #1493 );
#765 = FACE_OUTER_BOUND( '', #1494, .T. );
#766 = PLANE( '', #1495 );
#767 = SURFACE_STYLE_USAGE( .BOTH., #1496 );
#768 = FACE_BOUND( '', #1497, .T. );
#769 = FACE_OUTER_BOUND( '', #1498, .T. );
#770 = PLANE( '', #1499 );
#771 = SURFACE_STYLE_USAGE( .BOTH., #1500 );
#772 = FACE_OUTER_BOUND( '', #1501, .T. );
#773 = CYLINDRICAL_SURFACE( '', #1502, 0.450000000000000 );
#774 = SURFACE_STYLE_USAGE( .BOTH., #1503 );
#775 = FACE_OUTER_BOUND( '', #1504, .T. );
#776 = PLANE( '', #1505 );
#777 = SURFACE_STYLE_USAGE( .BOTH., #1506 );
#778 = FACE_OUTER_BOUND( '', #1507, .T. );
#779 = PLANE( '', #1508 );
#780 = SURFACE_STYLE_USAGE( .BOTH., #1509 );
#781 = FACE_OUTER_BOUND( '', #1510, .T. );
#782 = PLANE( '', #1511 );
#783 = SURFACE_STYLE_USAGE( .BOTH., #1512 );
#784 = FACE_OUTER_BOUND( '', #1513, .T. );
#785 = PLANE( '', #1514 );
#786 = SURFACE_STYLE_USAGE( .BOTH., #1515 );
#787 = FACE_OUTER_BOUND( '', #1516, .T. );
#788 = PLANE( '', #1517 );
#789 = SURFACE_STYLE_USAGE( .BOTH., #1518 );
#790 = FACE_OUTER_BOUND( '', #1519, .T. );
#791 = FACE_OUTER_BOUND( '', #1520, .T. );
#792 = CYLINDRICAL_SURFACE( '', #1521, 0.362500000000000 );
#793 = SURFACE_STYLE_USAGE( .BOTH., #1522 );
#794 = FACE_OUTER_BOUND( '', #1523, .T. );
#795 = PLANE( '', #1524 );
#796 = SURFACE_STYLE_USAGE( .BOTH., #1525 );
#797 = FACE_OUTER_BOUND( '', #1526, .T. );
#798 = PLANE( '', #1527 );
#799 = SURFACE_STYLE_USAGE( .BOTH., #1528 );
#800 = FACE_OUTER_BOUND( '', #1529, .T. );
#801 = PLANE( '', #1530 );
#802 = SURFACE_STYLE_USAGE( .BOTH., #1531 );
#803 = FACE_OUTER_BOUND( '', #1532, .T. );
#804 = CYLINDRICAL_SURFACE( '', #1533, 2.45000000000000 );
#805 = SURFACE_STYLE_USAGE( .BOTH., #1534 );
#806 = FACE_OUTER_BOUND( '', #1535, .T. );
#807 = SURFACE_OF_LINEAR_EXTRUSION( '', #1536, #1537 );
#808 = SURFACE_STYLE_USAGE( .BOTH., #1538 );
#809 = FACE_OUTER_BOUND( '', #1539, .T. );
#810 = PLANE( '', #1540 );
#811 = SURFACE_STYLE_USAGE( .BOTH., #1541 );
#812 = FACE_OUTER_BOUND( '', #1542, .T. );
#813 = SURFACE_OF_LINEAR_EXTRUSION( '', #1543, #1544 );
#814 = SURFACE_STYLE_USAGE( .BOTH., #1545 );
#815 = FACE_OUTER_BOUND( '', #1546, .T. );
#816 = CYLINDRICAL_SURFACE( '', #1547, 1.21250000000000 );
#817 = SURFACE_STYLE_USAGE( .BOTH., #1548 );
#818 = FACE_OUTER_BOUND( '', #1549, .T. );
#819 = PLANE( '', #1550 );
#820 = SURFACE_STYLE_USAGE( .BOTH., #1551 );
#821 = FACE_OUTER_BOUND( '', #1552, .T. );
#822 = PLANE( '', #1553 );
#823 = SURFACE_STYLE_USAGE( .BOTH., #1554 );
#824 = FACE_OUTER_BOUND( '', #1555, .T. );
#825 = CYLINDRICAL_SURFACE( '', #1556, 2.45000000000000 );
#826 = SURFACE_STYLE_USAGE( .BOTH., #1557 );
#827 = FACE_OUTER_BOUND( '', #1558, .T. );
#828 = CYLINDRICAL_SURFACE( '', #1559, 0.0500000000000000 );
#829 = SURFACE_STYLE_USAGE( .BOTH., #1560 );
#830 = FACE_OUTER_BOUND( '', #1561, .T. );
#831 = CYLINDRICAL_SURFACE( '', #1562, 0.500000000000000 );
#832 = SURFACE_STYLE_USAGE( .BOTH., #1563 );
#833 = FACE_BOUND( '', #1564, .T. );
#834 = FACE_OUTER_BOUND( '', #1565, .T. );
#835 = PLANE( '', #1566 );
#836 = SURFACE_STYLE_USAGE( .BOTH., #1567 );
#837 = FACE_OUTER_BOUND( '', #1568, .T. );
#838 = PLANE( '', #1569 );
#839 = SURFACE_STYLE_USAGE( .BOTH., #1570 );
#840 = FACE_OUTER_BOUND( '', #1571, .T. );
#841 = FACE_OUTER_BOUND( '', #1572, .T. );
#842 = CYLINDRICAL_SURFACE( '', #1573, 0.500000000000000 );
#843 = SURFACE_STYLE_USAGE( .BOTH., #1574 );
#844 = FACE_OUTER_BOUND( '', #1575, .T. );
#845 = PLANE( '', #1576 );
#846 = SURFACE_STYLE_USAGE( .BOTH., #1577 );
#847 = FACE_OUTER_BOUND( '', #1578, .T. );
#848 = PLANE( '', #1579 );
#849 = SURFACE_STYLE_USAGE( .BOTH., #1580 );
#850 = FACE_OUTER_BOUND( '', #1581, .T. );
#851 = PLANE( '', #1582 );
#852 = SURFACE_STYLE_USAGE( .BOTH., #1583 );
#853 = FACE_OUTER_BOUND( '', #1584, .T. );
#854 = CYLINDRICAL_SURFACE( '', #1585, 0.350000000000000 );
#855 = SURFACE_STYLE_USAGE( .BOTH., #1586 );
#856 = FACE_OUTER_BOUND( '', #1587, .T. );
#857 = PLANE( '', #1588 );
#858 = SURFACE_STYLE_USAGE( .BOTH., #1589 );
#859 = FACE_OUTER_BOUND( '', #1590, .T. );
#860 = PLANE( '', #1591 );
#861 = SURFACE_STYLE_USAGE( .BOTH., #1592 );
#862 = FACE_OUTER_BOUND( '', #1593, .T. );
#863 = FACE_OUTER_BOUND( '', #1594, .T. );
#864 = TOROIDAL_SURFACE( '', #1595, 2.30000000000000, 0.150000000000000 );
#865 = SURFACE_STYLE_USAGE( .BOTH., #1596 );
#866 = FACE_OUTER_BOUND( '', #1597, .T. );
#867 = CYLINDRICAL_SURFACE( '', #1598, 0.912500000000000 );
#868 = SURFACE_STYLE_USAGE( .BOTH., #1599 );
#869 = FACE_OUTER_BOUND( '', #1600, .T. );
#870 = PLANE( '', #1601 );
#871 = SURFACE_STYLE_USAGE( .BOTH., #1602 );
#872 = FACE_OUTER_BOUND( '', #1603, .T. );
#873 = PLANE( '', #1604 );
#874 = SURFACE_STYLE_USAGE( .BOTH., #1605 );
#875 = FACE_OUTER_BOUND( '', #1606, .T. );
#876 = CYLINDRICAL_SURFACE( '', #1607, 0.912500000000000 );
#877 = SURFACE_STYLE_USAGE( .BOTH., #1608 );
#878 = FACE_OUTER_BOUND( '', #1609, .T. );
#879 = PLANE( '', #1610 );
#880 = SURFACE_STYLE_USAGE( .BOTH., #1611 );
#881 = FACE_OUTER_BOUND( '', #1612, .T. );
#882 = SURFACE_OF_LINEAR_EXTRUSION( '', #1613, #1614 );
#883 = SURFACE_STYLE_USAGE( .BOTH., #1615 );
#884 = FACE_OUTER_BOUND( '', #1616, .T. );
#885 = PLANE( '', #1617 );
#886 = SURFACE_STYLE_USAGE( .BOTH., #1618 );
#887 = FACE_OUTER_BOUND( '', #1619, .T. );
#888 = FACE_BOUND( '', #1620, .T. );
#889 = PLANE( '', #1621 );
#890 = SURFACE_STYLE_USAGE( .BOTH., #1622 );
#891 = FACE_OUTER_BOUND( '', #1623, .T. );
#892 = FACE_OUTER_BOUND( '', #1624, .T. );
#893 = CYLINDRICAL_SURFACE( '', #1625, 2.22500000000000 );
#894 = SURFACE_STYLE_USAGE( .BOTH., #1626 );
#895 = FACE_BOUND( '', #1627, .T. );
#896 = FACE_OUTER_BOUND( '', #1628, .T. );
#897 = PLANE( '', #1629 );
#898 = SURFACE_STYLE_USAGE( .BOTH., #1630 );
#899 = FACE_OUTER_BOUND( '', #1631, .T. );
#900 = PLANE( '', #1632 );
#901 = SURFACE_STYLE_USAGE( .BOTH., #1633 );
#902 = FACE_OUTER_BOUND( '', #1634, .T. );
#903 = PLANE( '', #1635 );
#904 = SURFACE_STYLE_USAGE( .BOTH., #1636 );
#905 = FACE_OUTER_BOUND( '', #1637, .T. );
#906 = FACE_OUTER_BOUND( '', #1638, .T. );
#907 = CYLINDRICAL_SURFACE( '', #1639, 0.500000000000000 );
#908 = SURFACE_STYLE_USAGE( .BOTH., #1640 );
#909 = FACE_OUTER_BOUND( '', #1641, .T. );
#910 = CYLINDRICAL_SURFACE( '', #1642, 0.350000000000000 );
#911 = SURFACE_STYLE_USAGE( .BOTH., #1643 );
#912 = FACE_OUTER_BOUND( '', #1644, .T. );
#913 = FACE_OUTER_BOUND( '', #1645, .T. );
#914 = CYLINDRICAL_SURFACE( '', #1646, 2.50000000000000 );
#915 = SURFACE_STYLE_USAGE( .BOTH., #1647 );
#916 = FACE_OUTER_BOUND( '', #1648, .T. );
#917 = FACE_BOUND( '', #1649, .T. );
#918 = PLANE( '', #1650 );
#919 = SURFACE_STYLE_USAGE( .BOTH., #1651 );
#920 = FACE_OUTER_BOUND( '', #1652, .T. );
#921 = CYLINDRICAL_SURFACE( '', #1653, 2.45000000000000 );
#922 = SURFACE_STYLE_USAGE( .BOTH., #1654 );
#923 = FACE_OUTER_BOUND( '', #1655, .T. );
#924 = PLANE( '', #1656 );
#925 = SURFACE_STYLE_USAGE( .BOTH., #1657 );
#926 = FACE_OUTER_BOUND( '', #1658, .T. );
#927 = PLANE( '', #1659 );
#928 = SURFACE_STYLE_USAGE( .BOTH., #1660 );
#929 = FACE_OUTER_BOUND( '', #1661, .T. );
#930 = PLANE( '', #1662 );
#931 = SURFACE_STYLE_USAGE( .BOTH., #1663 );
#932 = FACE_OUTER_BOUND( '', #1664, .T. );
#933 = PLANE( '', #1665 );
#934 = SURFACE_STYLE_USAGE( .BOTH., #1666 );
#935 = FACE_OUTER_BOUND( '', #1667, .T. );
#936 = PLANE( '', #1668 );
#937 = SURFACE_STYLE_USAGE( .BOTH., #1669 );
#938 = FACE_OUTER_BOUND( '', #1670, .T. );
#939 = PLANE( '', #1671 );
#940 = SURFACE_STYLE_USAGE( .BOTH., #1672 );
#941 = FACE_OUTER_BOUND( '', #1673, .T. );
#942 = SURFACE_OF_LINEAR_EXTRUSION( '', #1674, #1675 );
#943 = SURFACE_STYLE_USAGE( .BOTH., #1676 );
#944 = FACE_OUTER_BOUND( '', #1677, .T. );
#945 = PLANE( '', #1678 );
#946 = SURFACE_STYLE_USAGE( .BOTH., #1679 );
#947 = FACE_OUTER_BOUND( '', #1680, .T. );
#948 = PLANE( '', #1681 );
#949 = SURFACE_STYLE_USAGE( .BOTH., #1682 );
#950 = FACE_OUTER_BOUND( '', #1683, .T. );
#951 = PLANE( '', #1684 );
#952 = SURFACE_STYLE_USAGE( .BOTH., #1685 );
#953 = FACE_OUTER_BOUND( '', #1686, .T. );
#954 = CYLINDRICAL_SURFACE( '', #1687, 0.350000000000000 );
#955 = SURFACE_STYLE_USAGE( .BOTH., #1688 );
#956 = FACE_OUTER_BOUND( '', #1689, .T. );
#957 = FACE_OUTER_BOUND( '', #1690, .T. );
#958 = TOROIDAL_SURFACE( '', #1691, 2.25000000000000, 0.250000000000000 );
#959 = SURFACE_STYLE_USAGE( .BOTH., #1692 );
#960 = FACE_OUTER_BOUND( '', #1693, .T. );
#961 = PLANE( '', #1694 );
#962 = SURFACE_STYLE_USAGE( .BOTH., #1695 );
#963 = FACE_BOUND( '', #1696, .T. );
#964 = FACE_BOUND( '', #1697, .T. );
#965 = FACE_BOUND( '', #1698, .T. );
#966 = FACE_BOUND( '', #1699, .T. );
#967 = FACE_BOUND( '', #1700, .T. );
#968 = FACE_OUTER_BOUND( '', #1701, .T. );
#969 = FACE_BOUND( '', #1702, .T. );
#970 = FACE_BOUND( '', #1703, .T. );
#971 = FACE_BOUND( '', #1704, .T. );
#972 = FACE_BOUND( '', #1705, .T. );
#973 = FACE_BOUND( '', #1706, .T. );
#974 = PLANE( '', #1707 );
#975 = SURFACE_STYLE_USAGE( .BOTH., #1708 );
#976 = FACE_OUTER_BOUND( '', #1709, .T. );
#977 = PLANE( '', #1710 );
#978 = SURFACE_STYLE_USAGE( .BOTH., #1711 );
#979 = FACE_OUTER_BOUND( '', #1712, .T. );
#980 = PLANE( '', #1713 );
#981 = SURFACE_STYLE_USAGE( .BOTH., #1714 );
#982 = FACE_OUTER_BOUND( '', #1715, .T. );
#983 = CYLINDRICAL_SURFACE( '', #1716, 0.350000000000000 );
#984 = SURFACE_STYLE_USAGE( .BOTH., #1717 );
#985 = FACE_OUTER_BOUND( '', #1718, .T. );
#986 = PLANE( '', #1719 );
#987 = SURFACE_STYLE_USAGE( .BOTH., #1720 );
#988 = FACE_OUTER_BOUND( '', #1721, .T. );
#989 = FACE_OUTER_BOUND( '', #1722, .T. );
#990 = CYLINDRICAL_SURFACE( '', #1723, 1.51250000000000 );
#991 = SURFACE_STYLE_USAGE( .BOTH., #1724 );
#992 = FACE_OUTER_BOUND( '', #1725, .T. );
#993 = FACE_OUTER_BOUND( '', #1726, .T. );
#994 = CYLINDRICAL_SURFACE( '', #1727, 1.56250000000000 );
#995 = SURFACE_STYLE_USAGE( .BOTH., #1728 );
#996 = FACE_OUTER_BOUND( '', #1729, .T. );
#997 = PLANE( '', #1730 );
#998 = SURFACE_STYLE_USAGE( .BOTH., #1731 );
#999 = FACE_OUTER_BOUND( '', #1732, .T. );
#1000 = PLANE( '', #1733 );
#1001 = SURFACE_STYLE_USAGE( .BOTH., #1734 );
#1002 = FACE_OUTER_BOUND( '', #1735, .T. );
#1003 = CYLINDRICAL_SURFACE( '', #1736, 0.350000000000000 );
#1004 = SURFACE_STYLE_USAGE( .BOTH., #1737 );
#1005 = FACE_BOUND( '', #1738, .T. );
#1006 = FACE_OUTER_BOUND( '', #1739, .T. );
#1007 = PLANE( '', #1740 );
#1008 = SURFACE_STYLE_USAGE( .BOTH., #1741 );
#1009 = FACE_OUTER_BOUND( '', #1742, .T. );
#1010 = PLANE( '', #1743 );
#1011 = SURFACE_STYLE_USAGE( .BOTH., #1744 );
#1012 = FACE_OUTER_BOUND( '', #1745, .T. );
#1013 = PLANE( '', #1746 );
#1014 = SURFACE_STYLE_USAGE( .BOTH., #1747 );
#1015 = FACE_OUTER_BOUND( '', #1748, .T. );
#1016 = FACE_OUTER_BOUND( '', #1749, .T. );
#1017 = CYLINDRICAL_SURFACE( '', #1750, 0.500000000000000 );
#1018 = SURFACE_STYLE_USAGE( .BOTH., #1751 );
#1019 = FACE_OUTER_BOUND( '', #1752, .T. );
#1020 = PLANE( '', #1753 );
#1021 = SURFACE_STYLE_USAGE( .BOTH., #1754 );
#1022 = FACE_OUTER_BOUND( '', #1755, .T. );
#1023 = PLANE( '', #1756 );
#1024 = SURFACE_STYLE_USAGE( .BOTH., #1757 );
#1025 = FACE_OUTER_BOUND( '', #1758, .T. );
#1026 = FACE_OUTER_BOUND( '', #1759, .T. );
#1027 = CYLINDRICAL_SURFACE( '', #1760, 1.75000000000000 );
#1028 = SURFACE_STYLE_USAGE( .BOTH., #1761 );
#1029 = FACE_OUTER_BOUND( '', #1762, .T. );
#1030 = PLANE( '', #1763 );
#1031 = SURFACE_STYLE_USAGE( .BOTH., #1764 );
#1032 = FACE_OUTER_BOUND( '', #1765, .T. );
#1033 = SURFACE_OF_LINEAR_EXTRUSION( '', #1766, #1767 );
#1034 = SURFACE_STYLE_USAGE( .BOTH., #1768 );
#1035 = FACE_OUTER_BOUND( '', #1769, .T. );
#1036 = CYLINDRICAL_SURFACE( '', #1770, 0.350000000000000 );
#1037 = SURFACE_STYLE_USAGE( .BOTH., #1771 );
#1038 = FACE_OUTER_BOUND( '', #1772, .T. );
#1039 = PLANE( '', #1773 );
#1040 = SURFACE_STYLE_USAGE( .BOTH., #1774 );
#1041 = FACE_OUTER_BOUND( '', #1775, .T. );
#1042 = PLANE( '', #1776 );
#1043 = SURFACE_STYLE_USAGE( .BOTH., #1777 );
#1044 = FACE_OUTER_BOUND( '', #1778, .T. );
#1045 = PLANE( '', #1779 );
#1046 = SURFACE_STYLE_USAGE( .BOTH., #1780 );
#1047 = FACE_OUTER_BOUND( '', #1781, .T. );
#1048 = FACE_OUTER_BOUND( '', #1782, .T. );
#1049 = TOROIDAL_SURFACE( '', #1783, 2.37500000000000, 0.150000000000000 );
#1050 = SURFACE_STYLE_USAGE( .BOTH., #1784 );
#1051 = FACE_OUTER_BOUND( '', #1785, .T. );
#1052 = PLANE( '', #1786 );
#1053 = SURFACE_STYLE_USAGE( .BOTH., #1787 );
#1054 = FACE_OUTER_BOUND( '', #1788, .T. );
#1055 = PLANE( '', #1789 );
#1056 = SURFACE_STYLE_USAGE( .BOTH., #1790 );
#1057 = FACE_OUTER_BOUND( '', #1791, .T. );
#1058 = PLANE( '', #1792 );
#1059 = SURFACE_STYLE_USAGE( .BOTH., #1793 );
#1060 = FACE_OUTER_BOUND( '', #1794, .T. );
#1061 = PLANE( '', #1795 );
#1062 = SURFACE_STYLE_USAGE( .BOTH., #1796 );
#1063 = FACE_OUTER_BOUND( '', #1797, .T. );
#1064 = PLANE( '', #1798 );
#1065 = SURFACE_STYLE_USAGE( .BOTH., #1799 );
#1066 = FACE_OUTER_BOUND( '', #1800, .T. );
#1067 = FACE_OUTER_BOUND( '', #1801, .T. );
#1068 = CYLINDRICAL_SURFACE( '', #1802, 0.612500000000000 );
#1069 = SURFACE_STYLE_USAGE( .BOTH., #1803 );
#1070 = FACE_OUTER_BOUND( '', #1804, .T. );
#1071 = FACE_OUTER_BOUND( '', #1805, .T. );
#1072 = CYLINDRICAL_SURFACE( '', #1806, 0.312500000000000 );
#1073 = SURFACE_STYLE_USAGE( .BOTH., #1807 );
#1074 = FACE_OUTER_BOUND( '', #1808, .T. );
#1075 = PLANE( '', #1809 );
#1076 = SURFACE_STYLE_USAGE( .BOTH., #1810 );
#1077 = FACE_OUTER_BOUND( '', #1811, .T. );
#1078 = PLANE( '', #1812 );
#1079 = SURFACE_STYLE_USAGE( .BOTH., #1813 );
#1080 = FACE_OUTER_BOUND( '', #1814, .T. );
#1081 = PLANE( '', #1815 );
#1082 = SURFACE_STYLE_USAGE( .BOTH., #1816 );
#1083 = FACE_OUTER_BOUND( '', #1817, .T. );
#1084 = PLANE( '', #1818 );
#1085 = SURFACE_STYLE_USAGE( .BOTH., #1819 );
#1086 = FACE_OUTER_BOUND( '', #1820, .T. );
#1087 = PLANE( '', #1821 );
#1088 = SURFACE_STYLE_USAGE( .BOTH., #1822 );
#1089 = FACE_OUTER_BOUND( '', #1823, .T. );
#1090 = PLANE( '', #1824 );
#1091 = SURFACE_STYLE_USAGE( .BOTH., #1825 );
#1092 = FACE_OUTER_BOUND( '', #1826, .T. );
#1093 = PLANE( '', #1827 );
#1094 = SURFACE_STYLE_USAGE( .BOTH., #1828 );
#1095 = FACE_OUTER_BOUND( '', #1829, .T. );
#1096 = PLANE( '', #1830 );
#1097 = SURFACE_STYLE_USAGE( .BOTH., #1831 );
#1098 = FACE_OUTER_BOUND( '', #1832, .T. );
#1099 = PLANE( '', #1833 );
#1100 = SURFACE_STYLE_USAGE( .BOTH., #1834 );
#1101 = FACE_OUTER_BOUND( '', #1835, .T. );
#1102 = PLANE( '', #1836 );
#1103 = SURFACE_STYLE_USAGE( .BOTH., #1837 );
#1104 = FACE_OUTER_BOUND( '', #1838, .T. );
#1105 = PLANE( '', #1839 );
#1106 = SURFACE_STYLE_USAGE( .BOTH., #1840 );
#1107 = FACE_OUTER_BOUND( '', #1841, .T. );
#1108 = PLANE( '', #1842 );
#1109 = SURFACE_STYLE_USAGE( .BOTH., #1843 );
#1110 = FACE_OUTER_BOUND( '', #1844, .T. );
#1111 = PLANE( '', #1845 );
#1112 = SURFACE_STYLE_USAGE( .BOTH., #1846 );
#1113 = FACE_OUTER_BOUND( '', #1847, .T. );
#1114 = PLANE( '', #1848 );
#1115 = SURFACE_STYLE_USAGE( .BOTH., #1849 );
#1116 = FACE_OUTER_BOUND( '', #1850, .T. );
#1117 = PLANE( '', #1851 );
#1118 = SURFACE_STYLE_USAGE( .BOTH., #1852 );
#1119 = FACE_OUTER_BOUND( '', #1853, .T. );
#1120 = CYLINDRICAL_SURFACE( '', #1854, 0.962500000000000 );
#1121 = SURFACE_STYLE_USAGE( .BOTH., #1855 );
#1122 = FACE_OUTER_BOUND( '', #1856, .T. );
#1123 = SURFACE_OF_LINEAR_EXTRUSION( '', #1857, #1858 );
#1124 = SURFACE_STYLE_USAGE( .BOTH., #1859 );
#1125 = FACE_OUTER_BOUND( '', #1860, .T. );
#1126 = SURFACE_OF_LINEAR_EXTRUSION( '', #1861, #1862 );
#1127 = SURFACE_STYLE_USAGE( .BOTH., #1863 );
#1128 = FACE_OUTER_BOUND( '', #1864, .T. );
#1129 = FACE_OUTER_BOUND( '', #1865, .T. );
#1130 = TOROIDAL_SURFACE( '', #1866, 2.20000000000000, 0.250000000000000 );
#1131 = SURFACE_STYLE_USAGE( .BOTH., #1867 );
#1132 = FACE_OUTER_BOUND( '', #1868, .T. );
#1133 = PLANE( '', #1869 );
#1134 = SURFACE_STYLE_USAGE( .BOTH., #1870 );
#1135 = FACE_OUTER_BOUND( '', #1871, .T. );
#1136 = PLANE( '', #1872 );
#1137 = SURFACE_STYLE_USAGE( .BOTH., #1873 );
#1138 = FACE_OUTER_BOUND( '', #1874, .T. );
#1139 = PLANE( '', #1875 );
#1140 = SURFACE_STYLE_USAGE( .BOTH., #1876 );
#1141 = FACE_BOUND( '', #1877, .T. );
#1142 = FACE_OUTER_BOUND( '', #1878, .T. );
#1143 = PLANE( '', #1879 );
#1144 = SURFACE_STYLE_USAGE( .BOTH., #1880 );
#1145 = FACE_OUTER_BOUND( '', #1881, .T. );
#1146 = PLANE( '', #1882 );
#1147 = SURFACE_STYLE_USAGE( .BOTH., #1883 );
#1148 = FACE_OUTER_BOUND( '', #1884, .T. );
#1149 = PLANE( '', #1885 );
#1150 = SURFACE_STYLE_USAGE( .BOTH., #1886 );
#1151 = FACE_OUTER_BOUND( '', #1887, .T. );
#1152 = SURFACE_OF_LINEAR_EXTRUSION( '', #1888, #1889 );
#1153 = SURFACE_STYLE_USAGE( .BOTH., #1890 );
#1154 = FACE_OUTER_BOUND( '', #1891, .T. );
#1155 = PLANE( '', #1892 );
#1156 = SURFACE_STYLE_USAGE( .BOTH., #1893 );
#1157 = FACE_OUTER_BOUND( '', #1894, .T. );
#1158 = CYLINDRICAL_SURFACE( '', #1895, 0.350000000000000 );
#1159 = SURFACE_STYLE_USAGE( .BOTH., #1896 );
#1160 = FACE_OUTER_BOUND( '', #1897, .T. );
#1161 = PLANE( '', #1898 );
#1162 = SURFACE_STYLE_USAGE( .BOTH., #1899 );
#1163 = FACE_OUTER_BOUND( '', #1900, .T. );
#1164 = FACE_OUTER_BOUND( '', #1901, .T. );
#1165 = CYLINDRICAL_SURFACE( '', #1902, 0.662500000000000 );
#1166 = SURFACE_STYLE_USAGE( .BOTH., #1903 );
#1167 = FACE_OUTER_BOUND( '', #1904, .T. );
#1168 = FACE_BOUND( '', #1905, .T. );
#1169 = FACE_BOUND( '', #1906, .T. );
#1170 = PLANE( '', #1907 );
#1171 = SURFACE_STYLE_USAGE( .BOTH., #1908 );
#1172 = FACE_OUTER_BOUND( '', #1909, .T. );
#1173 = PLANE( '', #1910 );
#1174 = SURFACE_STYLE_USAGE( .BOTH., #1911 );
#1175 = FACE_OUTER_BOUND( '', #1912, .T. );
#1176 = PLANE( '', #1913 );
#1177 = SURFACE_STYLE_USAGE( .BOTH., #1914 );
#1178 = FACE_OUTER_BOUND( '', #1915, .T. );
#1179 = PLANE( '', #1916 );
#1180 = SURFACE_STYLE_USAGE( .BOTH., #1917 );
#1181 = FACE_OUTER_BOUND( '', #1918, .T. );
#1182 = PLANE( '', #1919 );
#1183 = SURFACE_STYLE_USAGE( .BOTH., #1920 );
#1184 = FACE_OUTER_BOUND( '', #1921, .T. );
#1185 = PLANE( '', #1922 );
#1186 = SURFACE_STYLE_USAGE( .BOTH., #1923 );
#1187 = FACE_OUTER_BOUND( '', #1924, .T. );
#1188 = FACE_OUTER_BOUND( '', #1925, .T. );
#1189 = SURFACE_OF_LINEAR_EXTRUSION( '', #1926, #1927 );
#1190 = SURFACE_STYLE_USAGE( .BOTH., #1928 );
#1191 = FACE_OUTER_BOUND( '', #1929, .T. );
#1192 = PLANE( '', #1930 );
#1193 = SURFACE_STYLE_USAGE( .BOTH., #1931 );
#1194 = FACE_OUTER_BOUND( '', #1932, .T. );
#1195 = PLANE( '', #1933 );
#1196 = SURFACE_STYLE_USAGE( .BOTH., #1934 );
#1197 = FACE_OUTER_BOUND( '', #1935, .T. );
#1198 = PLANE( '', #1936 );
#1199 = SURFACE_STYLE_USAGE( .BOTH., #1937 );
#1200 = FACE_OUTER_BOUND( '', #1938, .T. );
#1201 = PLANE( '', #1939 );
#1202 = SURFACE_STYLE_USAGE( .BOTH., #1940 );
#1203 = FACE_OUTER_BOUND( '', #1941, .T. );
#1204 = PLANE( '', #1942 );
#1205 = SURFACE_STYLE_USAGE( .BOTH., #1943 );
#1206 = FACE_OUTER_BOUND( '', #1944, .T. );
#1207 = CYLINDRICAL_SURFACE( '', #1945, 0.350000000000000 );
#1208 = SURFACE_STYLE_USAGE( .BOTH., #1946 );
#1209 = FACE_OUTER_BOUND( '', #1947, .T. );
#1210 = PLANE( '', #1948 );
#1211 = SURFACE_STYLE_USAGE( .BOTH., #1949 );
#1212 = FACE_OUTER_BOUND( '', #1950, .T. );
#1213 = PLANE( '', #1951 );
#1214 = SURFACE_STYLE_USAGE( .BOTH., #1952 );
#1215 = FACE_OUTER_BOUND( '', #1953, .T. );
#1216 = PLANE( '', #1954 );
#1217 = SURFACE_STYLE_USAGE( .BOTH., #1955 );
#1218 = FACE_OUTER_BOUND( '', #1956, .T. );
#1219 = SURFACE_OF_LINEAR_EXTRUSION( '', #1957, #1958 );
#1220 = SURFACE_STYLE_USAGE( .BOTH., #1959 );
#1221 = FACE_OUTER_BOUND( '', #1960, .T. );
#1222 = PLANE( '', #1961 );
#1223 = SURFACE_STYLE_USAGE( .BOTH., #1962 );
#1224 = FACE_OUTER_BOUND( '', #1963, .T. );
#1225 = PLANE( '', #1964 );
#1226 = SURFACE_STYLE_USAGE( .BOTH., #1965 );
#1227 = FACE_OUTER_BOUND( '', #1966, .T. );
#1228 = PLANE( '', #1967 );
#1229 = SURFACE_STYLE_USAGE( .BOTH., #1968 );
#1230 = FACE_OUTER_BOUND( '', #1969, .T. );
#1231 = PLANE( '', #1970 );
#1232 = SURFACE_STYLE_USAGE( .BOTH., #1971 );
#1233 = FACE_OUTER_BOUND( '', #1972, .T. );
#1234 = FACE_OUTER_BOUND( '', #1973, .T. );
#1235 = TOROIDAL_SURFACE( '', #1974, 2.35000000000000, 0.150000000000000 );
#1236 = SURFACE_STYLE_USAGE( .BOTH., #1975 );
#1237 = FACE_OUTER_BOUND( '', #1976, .T. );
#1238 = CYLINDRICAL_SURFACE( '', #1977, 0.962500000000000 );
#1239 = SURFACE_STYLE_USAGE( .BOTH., #1978 );
#1240 = FACE_BOUND( '', #1979, .T. );
#1241 = FACE_OUTER_BOUND( '', #1980, .T. );
#1242 = PLANE( '', #1981 );
#1243 = SURFACE_STYLE_USAGE( .BOTH., #1982 );
#1244 = FACE_OUTER_BOUND( '', #1983, .T. );
#1245 = PLANE( '', #1984 );
#1246 = SURFACE_STYLE_USAGE( .BOTH., #1985 );
#1247 = FACE_OUTER_BOUND( '', #1986, .T. );
#1248 = CYLINDRICAL_SURFACE( '', #1987, 1.21250000000000 );
#1249 = SURFACE_STYLE_USAGE( .BOTH., #1988 );
#1250 = FACE_OUTER_BOUND( '', #1989, .T. );
#1251 = PLANE( '', #1990 );
#1252 = SURFACE_STYLE_USAGE( .BOTH., #1991 );
#1253 = FACE_OUTER_BOUND( '', #1992, .T. );
#1254 = SURFACE_OF_LINEAR_EXTRUSION( '', #1993, #1994 );
#1255 = SURFACE_STYLE_USAGE( .BOTH., #1995 );
#1256 = FACE_OUTER_BOUND( '', #1996, .T. );
#1257 = PLANE( '', #1997 );
#1258 = SURFACE_STYLE_USAGE( .BOTH., #1998 );
#1259 = FACE_OUTER_BOUND( '', #1999, .T. );
#1260 = PLANE( '', #2000 );
#1261 = SURFACE_STYLE_USAGE( .BOTH., #2001 );
#1262 = FACE_OUTER_BOUND( '', #2002, .T. );
#1263 = PLANE( '', #2003 );
#1264 = SURFACE_STYLE_USAGE( .BOTH., #2004 );
#1265 = FACE_OUTER_BOUND( '', #2005, .T. );
#1266 = CYLINDRICAL_SURFACE( '', #2006, 1.26250000000000 );
#1267 = SURFACE_STYLE_USAGE( .BOTH., #2007 );
#1268 = FACE_OUTER_BOUND( '', #2008, .T. );
#1269 = FACE_BOUND( '', #2009, .T. );
#1270 = FACE_BOUND( '', #2010, .T. );
#1271 = FACE_BOUND( '', #2011, .T. );
#1272 = FACE_BOUND( '', #2012, .T. );
#1273 = PLANE( '', #2013 );
#1274 = SURFACE_STYLE_USAGE( .BOTH., #2014 );
#1275 = FACE_OUTER_BOUND( '', #2015, .T. );
#1276 = PLANE( '', #2016 );
#1277 = SURFACE_STYLE_USAGE( .BOTH., #2017 );
#1278 = FACE_OUTER_BOUND( '', #2018, .T. );
#1279 = PLANE( '', #2019 );
#1280 = SURFACE_STYLE_USAGE( .BOTH., #2020 );
#1281 = FACE_OUTER_BOUND( '', #2021, .T. );
#1282 = FACE_OUTER_BOUND( '', #2022, .T. );
#1283 = CYLINDRICAL_SURFACE( '', #2023, 0.450000000000000 );
#1284 = SURFACE_STYLE_USAGE( .BOTH., #2024 );
#1285 = FACE_BOUND( '', #2025, .T. );
#1286 = FACE_OUTER_BOUND( '', #2026, .T. );
#1287 = PLANE( '', #2027 );
#1288 = SURFACE_STYLE_USAGE( .BOTH., #2028 );
#1289 = FACE_OUTER_BOUND( '', #2029, .T. );
#1290 = FACE_OUTER_BOUND( '', #2030, .T. );
#1291 = CYLINDRICAL_SURFACE( '', #2031, 2.45000000000000 );
#1292 = SURFACE_STYLE_USAGE( .BOTH., #2032 );
#1293 = FACE_OUTER_BOUND( '', #2033, .T. );
#1294 = FACE_OUTER_BOUND( '', #2034, .T. );
#1295 = TOROIDAL_SURFACE( '', #2035, 1.65000000000000, 0.100000000000000 );
#1296 = SURFACE_STYLE_USAGE( .BOTH., #2036 );
#1297 = FACE_OUTER_BOUND( '', #2037, .T. );
#1298 = CYLINDRICAL_SURFACE( '', #2038, 1.26250000000000 );
#1299 = SURFACE_STYLE_USAGE( .BOTH., #2039 );
#1300 = FACE_OUTER_BOUND( '', #2040, .T. );
#1301 = CYLINDRICAL_SURFACE( '', #2041, 0.350000000000000 );
#1302 = SURFACE_STYLE_USAGE( .BOTH., #2042 );
#1303 = FACE_OUTER_BOUND( '', #2043, .T. );
#1304 = PLANE( '', #2044 );
#1305 = SURFACE_STYLE_USAGE( .BOTH., #2045 );
#1306 = FACE_OUTER_BOUND( '', #2046, .T. );
#1307 = PLANE( '', #2047 );
#1308 = SURFACE_STYLE_USAGE( .BOTH., #2048 );
#1309 = FACE_OUTER_BOUND( '', #2049, .T. );
#1310 = PLANE( '', #2050 );
#1311 = SURFACE_STYLE_USAGE( .BOTH., #2051 );
#1312 = FACE_OUTER_BOUND( '', #2052, .T. );
#1313 = SURFACE_OF_LINEAR_EXTRUSION( '', #2053, #2054 );
#1314 = SURFACE_STYLE_USAGE( .BOTH., #2055 );
#1315 = FACE_OUTER_BOUND( '', #2056, .T. );
#1316 = PLANE( '', #2057 );
#1317 = SURFACE_STYLE_USAGE( .BOTH., #2058 );
#1318 = FACE_OUTER_BOUND( '', #2059, .T. );
#1319 = PLANE( '', #2060 );
#1320 = SURFACE_STYLE_USAGE( .BOTH., #2061 );
#1321 = FACE_BOUND( '', #2062, .T. );
#1322 = FACE_OUTER_BOUND( '', #2063, .T. );
#1323 = PLANE( '', #2064 );
#1324 = SURFACE_STYLE_USAGE( .BOTH., #2065 );
#1325 = FACE_OUTER_BOUND( '', #2066, .T. );
#1326 = PLANE( '', #2067 );
#1327 = SURFACE_STYLE_USAGE( .BOTH., #2068 );
#1328 = FACE_OUTER_BOUND( '', #2069, .T. );
#1329 = PLANE( '', #2070 );
#1330 = SURFACE_STYLE_USAGE( .BOTH., #2071 );
#1331 = FACE_OUTER_BOUND( '', #2072, .T. );
#1332 = PLANE( '', #2073 );
#1333 = SURFACE_STYLE_USAGE( .BOTH., #2074 );
#1334 = FACE_OUTER_BOUND( '', #2075, .T. );
#1335 = PLANE( '', #2076 );
#1336 = SURFACE_STYLE_USAGE( .BOTH., #2077 );
#1337 = FACE_OUTER_BOUND( '', #2078, .T. );
#1338 = PLANE( '', #2079 );
#1339 = SURFACE_STYLE_USAGE( .BOTH., #2080 );
#1340 = FACE_OUTER_BOUND( '', #2081, .T. );
#1341 = PLANE( '', #2082 );
#1342 = SURFACE_STYLE_USAGE( .BOTH., #2083 );
#1343 = FACE_OUTER_BOUND( '', #2084, .T. );
#1344 = PLANE( '', #2085 );
#1345 = SURFACE_STYLE_USAGE( .BOTH., #2086 );
#1346 = FACE_OUTER_BOUND( '', #2087, .T. );
#1347 = FACE_OUTER_BOUND( '', #2088, .T. );
#1348 = CYLINDRICAL_SURFACE( '', #2089, 0.500000000000000 );
#1349 = SURFACE_STYLE_USAGE( .BOTH., #2090 );
#1350 = FACE_OUTER_BOUND( '', #2091, .T. );
#1351 = PLANE( '', #2092 );
#1352 = SURFACE_STYLE_USAGE( .BOTH., #2093 );
#1353 = FACE_OUTER_BOUND( '', #2094, .T. );
#1354 = PLANE( '', #2095 );
#1355 = SURFACE_STYLE_USAGE( .BOTH., #2096 );
#1356 = FACE_OUTER_BOUND( '', #2097, .T. );
#1357 = PLANE( '', #2098 );
#1358 = SURFACE_STYLE_USAGE( .BOTH., #2099 );
#1359 = FACE_BOUND( '', #2100, .T. );
#1360 = FACE_OUTER_BOUND( '', #2101, .T. );
#1361 = PLANE( '', #2102 );
#1362 = SURFACE_STYLE_USAGE( .BOTH., #2103 );
#1363 = FACE_OUTER_BOUND( '', #2104, .T. );
#1364 = PLANE( '', #2105 );
#1365 = SURFACE_STYLE_USAGE( .BOTH., #2106 );
#1366 = FACE_OUTER_BOUND( '', #2107, .T. );
#1367 = PLANE( '', #2108 );
#1368 = SURFACE_STYLE_USAGE( .BOTH., #2109 );
#1369 = FACE_OUTER_BOUND( '', #2110, .T. );
#1370 = PLANE( '', #2111 );
#1371 = SURFACE_STYLE_USAGE( .BOTH., #2112 );
#1372 = FACE_OUTER_BOUND( '', #2113, .T. );
#1373 = PLANE( '', #2114 );
#1374 = SURFACE_STYLE_USAGE( .BOTH., #2115 );
#1375 = FACE_OUTER_BOUND( '', #2116, .T. );
#1376 = CYLINDRICAL_SURFACE( '', #2117, 0.350000000000000 );
#1377 = SURFACE_STYLE_USAGE( .BOTH., #2118 );
#1378 = FACE_OUTER_BOUND( '', #2119, .T. );
#1379 = PLANE( '', #2120 );
#1380 = SURFACE_STYLE_USAGE( .BOTH., #2121 );
#1381 = FACE_OUTER_BOUND( '', #2122, .T. );
#1382 = SURFACE_OF_LINEAR_EXTRUSION( '', #2123, #2124 );
#1383 = SURFACE_STYLE_USAGE( .BOTH., #2125 );
#1384 = FACE_OUTER_BOUND( '', #2126, .T. );
#1385 = PLANE( '', #2127 );
#1386 = SURFACE_STYLE_USAGE( .BOTH., #2128 );
#1387 = FACE_OUTER_BOUND( '', #2129, .T. );
#1388 = SURFACE_OF_LINEAR_EXTRUSION( '', #2130, #2131 );
#1389 = SURFACE_STYLE_USAGE( .BOTH., #2132 );
#1390 = FACE_OUTER_BOUND( '', #2133, .T. );
#1391 = PLANE( '', #2134 );
#1392 = SURFACE_STYLE_USAGE( .BOTH., #2135 );
#1393 = FACE_OUTER_BOUND( '', #2136, .T. );
#1394 = FACE_OUTER_BOUND( '', #2137, .T. );
#1395 = CYLINDRICAL_SURFACE( '', #2138, 0.450000000000000 );
#1396 = SURFACE_STYLE_USAGE( .BOTH., #2139 );
#1397 = FACE_OUTER_BOUND( '', #2140, .T. );
#1398 = PLANE( '', #2141 );
#1399 = SURFACE_STYLE_USAGE( .BOTH., #2142 );
#1400 = FACE_OUTER_BOUND( '', #2143, .T. );
#1401 = PLANE( '', #2144 );
#1402 = SURFACE_STYLE_USAGE( .BOTH., #2145 );
#1403 = FACE_OUTER_BOUND( '', #2146, .T. );
#1404 = PLANE( '', #2147 );
#1405 = SURFACE_STYLE_USAGE( .BOTH., #2148 );
#1406 = FACE_OUTER_BOUND( '', #2149, .T. );
#1407 = PLANE( '', #2150 );
#1408 = SURFACE_STYLE_USAGE( .BOTH., #2151 );
#1409 = FACE_BOUND( '', #2152, .T. );
#1410 = FACE_OUTER_BOUND( '', #2153, .T. );
#1411 = PLANE( '', #2154 );
#1412 = SURFACE_STYLE_USAGE( .BOTH., #2155 );
#1413 = FACE_OUTER_BOUND( '', #2156, .T. );
#1414 = PLANE( '', #2157 );
#1415 = SURFACE_STYLE_USAGE( .BOTH., #2158 );
#1416 = FACE_OUTER_BOUND( '', #2159, .T. );
#1417 = CYLINDRICAL_SURFACE( '', #2160, 2.45000000000000 );
#1418 = SURFACE_STYLE_USAGE( .BOTH., #2161 );
#1419 = FACE_OUTER_BOUND( '', #2162, .T. );
#1420 = PLANE( '', #2163 );
#1421 = SURFACE_STYLE_USAGE( .BOTH., #2164 );
#1422 = FACE_OUTER_BOUND( '', #2165, .T. );
#1423 = PLANE( '', #2166 );
#1424 = SURFACE_STYLE_USAGE( .BOTH., #2167 );
#1425 = FACE_OUTER_BOUND( '', #2168, .T. );
#1426 = PLANE( '', #2169 );
#1427 = SURFACE_STYLE_USAGE( .BOTH., #2170 );
#1428 = FACE_OUTER_BOUND( '', #2171, .T. );
#1429 = SURFACE_OF_LINEAR_EXTRUSION( '', #2172, #2173 );
#1430 = SURFACE_STYLE_USAGE( .BOTH., #2174 );
#1431 = FACE_OUTER_BOUND( '', #2175, .T. );
#1432 = CYLINDRICAL_SURFACE( '', #2176, 0.450000000000000 );
#1433 = SURFACE_STYLE_USAGE( .BOTH., #2177 );
#1434 = FACE_OUTER_BOUND( '', #2178, .T. );
#1435 = SURFACE_OF_LINEAR_EXTRUSION( '', #2179, #2180 );
#1436 = SURFACE_STYLE_USAGE( .BOTH., #2181 );
#1437 = FACE_OUTER_BOUND( '', #2182, .T. );
#1438 = PLANE( '', #2183 );
#1439 = SURFACE_STYLE_USAGE( .BOTH., #2184 );
#1440 = FACE_OUTER_BOUND( '', #2185, .T. );
#1441 = FACE_OUTER_BOUND( '', #2186, .T. );
#1442 = TOROIDAL_SURFACE( '', #2187, 2.37500000000000, 0.150000000000000 );
#1443 = SURFACE_STYLE_USAGE( .BOTH., #2188 );
#1444 = FACE_OUTER_BOUND( '', #2189, .T. );
#1445 = PLANE( '', #2190 );
#1446 = SURFACE_STYLE_USAGE( .BOTH., #2191 );
#1447 = FACE_OUTER_BOUND( '', #2192, .T. );
#1448 = CYLINDRICAL_SURFACE( '', #2193, 0.500000000000000 );
#1449 = SURFACE_STYLE_USAGE( .BOTH., #2194 );
#1450 = FACE_OUTER_BOUND( '', #2195, .T. );
#1451 = PLANE( '', #2196 );
#1452 = SURFACE_STYLE_USAGE( .BOTH., #2197 );
#1453 = FACE_OUTER_BOUND( '', #2198, .T. );
#1454 = PLANE( '', #2199 );
#1455 = SURFACE_STYLE_USAGE( .BOTH., #2200 );
#1456 = FACE_OUTER_BOUND( '', #2201, .T. );
#1457 = PLANE( '', #2202 );
#1458 = SURFACE_STYLE_USAGE( .BOTH., #2203 );
#1459 = FACE_OUTER_BOUND( '', #2204, .T. );
#1460 = PLANE( '', #2205 );
#1461 = SURFACE_STYLE_USAGE( .BOTH., #2206 );
#1462 = FACE_OUTER_BOUND( '', #2207, .T. );
#1463 = PLANE( '', #2208 );
#1464 = SURFACE_STYLE_USAGE( .BOTH., #2209 );
#1465 = FACE_OUTER_BOUND( '', #2210, .T. );
#1466 = PLANE( '', #2211 );
#1467 = SURFACE_STYLE_USAGE( .BOTH., #2212 );
#1468 = FACE_OUTER_BOUND( '', #2213, .T. );
#1469 = CYLINDRICAL_SURFACE( '', #2214, 0.0500000000000000 );
#1470 = SURFACE_STYLE_USAGE( .BOTH., #2215 );
#1471 = FACE_OUTER_BOUND( '', #2216, .T. );
#1472 = CYLINDRICAL_SURFACE( '', #2217, 2.25000000000000 );
#1473 = SURFACE_STYLE_USAGE( .BOTH., #2218 );
#1474 = FACE_OUTER_BOUND( '', #2219, .T. );
#1475 = PLANE( '', #2220 );
#1476 = SURFACE_STYLE_USAGE( .BOTH., #2221 );
#1477 = FACE_OUTER_BOUND( '', #2222, .T. );
#1478 = PLANE( '', #2223 );
#1479 =  ( LENGTH_UNIT(  )NAMED_UNIT( #733 )SI_UNIT( .MILLI., .METRE. ) );
#1482 = LENGTH_MEASURE_WITH_UNIT( LENGTH_MEASURE( 1.00000000000000 ), #2225 );
#1485 = DIMENSIONAL_EXPONENTS( 1.00000000000000, 0.000000000000000, 0.000000000000000, 0.000000000000000, 0.000000000000000, 0.000000000000000, 0.000000000000000 );
#1487 = DIMENSIONAL_EXPONENTS( 0.000000000000000, 0.000000000000000, 0.000000000000000, 0.000000000000000, 0.000000000000000, 0.000000000000000, 0.000000000000000 );
#1493 = SURFACE_SIDE_STYLE( '', ( #2226 ) );
#1494 = EDGE_LOOP( '', ( #2227, #2228, #2229, #2230 ) );
#1495 = AXIS2_PLACEMENT_3D( '', #2231, #2232, #2233 );
#1496 = SURFACE_SIDE_STYLE( '', ( #2234 ) );
#1497 = EDGE_LOOP( '', ( #2235 ) );
#1498 = EDGE_LOOP( '', ( #2236, #2237, #2238, #2239, #2240, #2241 ) );
#1499 = AXIS2_PLACEMENT_3D( '', #2242, #2243, #2244 );
#1500 = SURFACE_SIDE_STYLE( '', ( #2245 ) );
#1501 = EDGE_LOOP( '', ( #2246, #2247, #2248, #2249 ) );
#1502 = AXIS2_PLACEMENT_3D( '', #2250, #2251, #2252 );
#1503 = SURFACE_SIDE_STYLE( '', ( #2253 ) );
#1504 = EDGE_LOOP( '', ( #2254, #2255, #2256, #2257 ) );
#1505 = AXIS2_PLACEMENT_3D( '', #2258, #2259, #2260 );
#1506 = SURFACE_SIDE_STYLE( '', ( #2261 ) );
#1507 = EDGE_LOOP( '', ( #2262, #2263, #2264, #2265 ) );
#1508 = AXIS2_PLACEMENT_3D( '', #2266, #2267, #2268 );
#1509 = SURFACE_SIDE_STYLE( '', ( #2269 ) );
#1510 = EDGE_LOOP( '', ( #2270, #2271, #2272, #2273 ) );
#1511 = AXIS2_PLACEMENT_3D( '', #2274, #2275, #2276 );
#1512 = SURFACE_SIDE_STYLE( '', ( #2277 ) );
#1513 = EDGE_LOOP( '', ( #2278, #2279 ) );
#1514 = AXIS2_PLACEMENT_3D( '', #2280, #2281, #2282 );
#1515 = SURFACE_SIDE_STYLE( '', ( #2283 ) );
#1516 = EDGE_LOOP( '', ( #2284, #2285, #2286, #2287 ) );
#1517 = AXIS2_PLACEMENT_3D( '', #2288, #2289, #2290 );
#1518 = SURFACE_SIDE_STYLE( '', ( #2291 ) );
#1519 = EDGE_LOOP( '', ( #2292 ) );
#1520 = EDGE_LOOP( '', ( #2293 ) );
#1521 = AXIS2_PLACEMENT_3D( '', #2294, #2295, #2296 );
#1522 = SURFACE_SIDE_STYLE( '', ( #2297 ) );
#1523 = EDGE_LOOP( '', ( #2298, #2299, #2300, #2301 ) );
#1524 = AXIS2_PLACEMENT_3D( '', #2302, #2303, #2304 );
#1525 = SURFACE_SIDE_STYLE( '', ( #2305 ) );
#1526 = EDGE_LOOP( '', ( #2306, #2307, #2308, #2309 ) );
#1527 = AXIS2_PLACEMENT_3D( '', #2310, #2311, #2312 );
#1528 = SURFACE_SIDE_STYLE( '', ( #2313 ) );
#1529 = EDGE_LOOP( '', ( #2314, #2315, #2316, #2317 ) );
#1530 = AXIS2_PLACEMENT_3D( '', #2318, #2319, #2320 );
#1531 = SURFACE_SIDE_STYLE( '', ( #2321 ) );
#1532 = EDGE_LOOP( '', ( #2322, #2323, #2324, #2325 ) );
#1533 = AXIS2_PLACEMENT_3D( '', #2326, #2327, #2328 );
#1534 = SURFACE_SIDE_STYLE( '', ( #2329 ) );
#1535 = EDGE_LOOP( '', ( #2330, #2331, #2332, #2333 ) );
#1536 = B_SPLINE_CURVE_WITH_KNOTS( '', 3, ( #2334, #2335, #2336, #2337, #2338, #2339, #2340, #2341, #2342, #2343, #2344, #2345, #2346, #2347, #2348, #2349, #2350, #2351, #2352, #2353, #2354, #2355, #2356, #2357, #2358, #2359, #2360, #2361, #2362 ), .UNSPECIFIED., .F., .F., ( 4, 3, 3, 2, 3, 2, 3, 3, 3, 3, 4 ), ( 0.552821966117895, 0.591195853023447, 0.628362709588093, 0.673645756531012, 0.718447068931985, 0.745729185612108, 0.773011302292232, 0.805021387191843, 0.851113267633909, 0.912015902936809, 0.937811771499920 ), .UNSPECIFIED. );
#1537 = VECTOR( '', #2363, 1000.00000000000 );
#1538 = SURFACE_SIDE_STYLE( '', ( #2364 ) );
#1539 = EDGE_LOOP( '', ( #2365, #2366, #2367, #2368 ) );
#1540 = AXIS2_PLACEMENT_3D( '', #2369, #2370, #2371 );
#1541 = SURFACE_SIDE_STYLE( '', ( #2372 ) );
#1542 = EDGE_LOOP( '', ( #2373, #2374, #2375, #2376 ) );
#1543 = B_SPLINE_CURVE_WITH_KNOTS( '', 3, ( #2377, #2378, #2379, #2380, #2381, #2382, #2383, #2384, #2385, #2386, #2387, #2388, #2389, #2390, #2391, #2392, #2393 ), .UNSPECIFIED., .F., .F., ( 4, 3, 3, 2, 2, 3, 4 ), ( 0.606662573971491, 0.756804334491811, 0.815206514537475, 0.858159583962296, 0.901112653387117, 0.951875371798270, 1.00000000000000 ), .UNSPECIFIED. );
#1544 = VECTOR( '', #2394, 1000.00000000000 );
#1545 = SURFACE_SIDE_STYLE( '', ( #2395 ) );
#1546 = EDGE_LOOP( '', ( #2396, #2397, #2398, #2399 ) );
#1547 = AXIS2_PLACEMENT_3D( '', #2400, #2401, #2402 );
#1548 = SURFACE_SIDE_STYLE( '', ( #2403 ) );
#1549 = EDGE_LOOP( '', ( #2404, #2405, #2406, #2407 ) );
#1550 = AXIS2_PLACEMENT_3D( '', #2408, #2409, #2410 );
#1551 = SURFACE_SIDE_STYLE( '', ( #2411 ) );
#1552 = EDGE_LOOP( '', ( #2412, #2413, #2414, #2415, #2416, #2417, #2418, #2419 ) );
#1553 = AXIS2_PLACEMENT_3D( '', #2420, #2421, #2422 );
#1554 = SURFACE_SIDE_STYLE( '', ( #2423 ) );
#1555 = EDGE_LOOP( '', ( #2424, #2425, #2426, #2427 ) );
#1556 = AXIS2_PLACEMENT_3D( '', #2428, #2429, #2430 );
#1557 = SURFACE_SIDE_STYLE( '', ( #2431 ) );
#1558 = EDGE_LOOP( '', ( #2432, #2433, #2434, #2435 ) );
#1559 = AXIS2_PLACEMENT_3D( '', #2436, #2437, #2438 );
#1560 = SURFACE_SIDE_STYLE( '', ( #2439 ) );
#1561 = EDGE_LOOP( '', ( #2440, #2441, #2442, #2443 ) );
#1562 = AXIS2_PLACEMENT_3D( '', #2444, #2445, #2446 );
#1563 = SURFACE_SIDE_STYLE( '', ( #2447 ) );
#1564 = EDGE_LOOP( '', ( #2448 ) );
#1565 = EDGE_LOOP( '', ( #2449 ) );
#1566 = AXIS2_PLACEMENT_3D( '', #2450, #2451, #2452 );
#1567 = SURFACE_SIDE_STYLE( '', ( #2453 ) );
#1568 = EDGE_LOOP( '', ( #2454, #2455, #2456, #2457, #2458, #2459 ) );
#1569 = AXIS2_PLACEMENT_3D( '', #2460, #2461, #2462 );
#1570 = SURFACE_SIDE_STYLE( '', ( #2463 ) );
#1571 = EDGE_LOOP( '', ( #2464 ) );
#1572 = EDGE_LOOP( '', ( #2465 ) );
#1573 = AXIS2_PLACEMENT_3D( '', #2466, #2467, #2468 );
#1574 = SURFACE_SIDE_STYLE( '', ( #2469 ) );
#1575 = EDGE_LOOP( '', ( #2470, #2471, #2472, #2473 ) );
#1576 = AXIS2_PLACEMENT_3D( '', #2474, #2475, #2476 );
#1577 = SURFACE_SIDE_STYLE( '', ( #2477 ) );
#1578 = EDGE_LOOP( '', ( #2478, #2479, #2480, #2481, #2482, #2483, #2484, #2485, #2486, #2487, #2488, #2489, #2490 ) );
#1579 = AXIS2_PLACEMENT_3D( '', #2491, #2492, #2493 );
#1580 = SURFACE_SIDE_STYLE( '', ( #2494 ) );
#1581 = EDGE_LOOP( '', ( #2495, #2496, #2497, #2498, #2499, #2500 ) );
#1582 = AXIS2_PLACEMENT_3D( '', #2501, #2502, #2503 );
#1583 = SURFACE_SIDE_STYLE( '', ( #2504 ) );
#1584 = EDGE_LOOP( '', ( #2505, #2506, #2507, #2508, #2509, #2510 ) );
#1585 = AXIS2_PLACEMENT_3D( '', #2511, #2512, #2513 );
#1586 = SURFACE_SIDE_STYLE( '', ( #2514 ) );
#1587 = EDGE_LOOP( '', ( #2515, #2516, #2517, #2518, #2519, #2520, #2521, #2522, #2523, #2524, #2525, #2526, #2527, #2528 ) );
#1588 = AXIS2_PLACEMENT_3D( '', #2529, #2530, #2531 );
#1589 = SURFACE_SIDE_STYLE( '', ( #2532 ) );
#1590 = EDGE_LOOP( '', ( #2533, #2534, #2535, #2536 ) );
#1591 = AXIS2_PLACEMENT_3D( '', #2537, #2538, #2539 );
#1592 = SURFACE_SIDE_STYLE( '', ( #2540 ) );
#1593 = EDGE_LOOP( '', ( #2541 ) );
#1594 = EDGE_LOOP( '', ( #2542 ) );
#1595 = AXIS2_PLACEMENT_3D( '', #2543, #2544, #2545 );
#1596 = SURFACE_SIDE_STYLE( '', ( #2546 ) );
#1597 = EDGE_LOOP( '', ( #2547, #2548, #2549, #2550 ) );
#1598 = AXIS2_PLACEMENT_3D( '', #2551, #2552, #2553 );
#1599 = SURFACE_SIDE_STYLE( '', ( #2554 ) );
#1600 = EDGE_LOOP( '', ( #2555, #2556, #2557, #2558 ) );
#1601 = AXIS2_PLACEMENT_3D( '', #2559, #2560, #2561 );
#1602 = SURFACE_SIDE_STYLE( '', ( #2562 ) );
#1603 = EDGE_LOOP( '', ( #2563, #2564, #2565, #2566 ) );
#1604 = AXIS2_PLACEMENT_3D( '', #2567, #2568, #2569 );
#1605 = SURFACE_SIDE_STYLE( '', ( #2570 ) );
#1606 = EDGE_LOOP( '', ( #2571, #2572, #2573, #2574 ) );
#1607 = AXIS2_PLACEMENT_3D( '', #2575, #2576, #2577 );
#1608 = SURFACE_SIDE_STYLE( '', ( #2578 ) );
#1609 = EDGE_LOOP( '', ( #2579, #2580, #2581, #2582 ) );
#1610 = AXIS2_PLACEMENT_3D( '', #2583, #2584, #2585 );
#1611 = SURFACE_SIDE_STYLE( '', ( #2586 ) );
#1612 = EDGE_LOOP( '', ( #2587, #2588, #2589, #2590 ) );
#1613 = B_SPLINE_CURVE_WITH_KNOTS( '', 3, ( #2591, #2592, #2593, #2594, #2595, #2596, #2597, #2598, #2599, #2600, #2601, #2602, #2603, #2604, #2605, #2606, #2607, #2608, #2609, #2610, #2611, #2612, #2613, #2614, #2615, #2616 ), .UNSPECIFIED., .F., .F., ( 4, 3, 2, 3, 2, 3, 3, 3, 3, 4 ), ( 0.000000000000000, 0.0435677467798340, 0.0792300526083789, 0.137853021093658, 0.185823090862069, 0.213458022359089, 0.240417574286251, 0.267771210990726, 0.299022736414279, 0.361857452813977 ), .UNSPECIFIED. );
#1614 = VECTOR( '', #2617, 1000.00000000000 );
#1615 = SURFACE_SIDE_STYLE( '', ( #2618 ) );
#1616 = EDGE_LOOP( '', ( #2619, #2620, #2621, #2622 ) );
#1617 = AXIS2_PLACEMENT_3D( '', #2623, #2624, #2625 );
#1618 = SURFACE_SIDE_STYLE( '', ( #2626 ) );
#1619 = EDGE_LOOP( '', ( #2627, #2628, #2629, #2630 ) );
#1620 = EDGE_LOOP( '', ( #2631 ) );
#1621 = AXIS2_PLACEMENT_3D( '', #2632, #2633, #2634 );
#1622 = SURFACE_SIDE_STYLE( '', ( #2635 ) );
#1623 = EDGE_LOOP( '', ( #2636 ) );
#1624 = EDGE_LOOP( '', ( #2637 ) );
#1625 = AXIS2_PLACEMENT_3D( '', #2638, #2639, #2640 );
#1626 = SURFACE_SIDE_STYLE( '', ( #2641 ) );
#1627 = EDGE_LOOP( '', ( #2642, #2643 ) );
#1628 = EDGE_LOOP( '', ( #2644, #2645, #2646, #2647, #2648, #2649 ) );
#1629 = AXIS2_PLACEMENT_3D( '', #2650, #2651, #2652 );
#1630 = SURFACE_SIDE_STYLE( '', ( #2653 ) );
#1631 = EDGE_LOOP( '', ( #2654, #2655, #2656, #2657 ) );
#1632 = AXIS2_PLACEMENT_3D( '', #2658, #2659, #2660 );
#1633 = SURFACE_SIDE_STYLE( '', ( #2661 ) );
#1634 = EDGE_LOOP( '', ( #2662, #2663, #2664, #2665 ) );
#1635 = AXIS2_PLACEMENT_3D( '', #2666, #2667, #2668 );
#1636 = SURFACE_SIDE_STYLE( '', ( #2669 ) );
#1637 = EDGE_LOOP( '', ( #2670 ) );
#1638 = EDGE_LOOP( '', ( #2671 ) );
#1639 = AXIS2_PLACEMENT_3D( '', #2672, #2673, #2674 );
#1640 = SURFACE_SIDE_STYLE( '', ( #2675 ) );
#1641 = EDGE_LOOP( '', ( #2676, #2677, #2678, #2679, #2680, #2681 ) );
#1642 = AXIS2_PLACEMENT_3D( '', #2682, #2683, #2684 );
#1643 = SURFACE_SIDE_STYLE( '', ( #2685 ) );
#1644 = EDGE_LOOP( '', ( #2686 ) );
#1645 = EDGE_LOOP( '', ( #2687 ) );
#1646 = AXIS2_PLACEMENT_3D( '', #2688, #2689, #2690 );
#1647 = SURFACE_SIDE_STYLE( '', ( #2691 ) );
#1648 = EDGE_LOOP( '', ( #2692, #2693, #2694, #2695 ) );
#1649 = EDGE_LOOP( '', ( #2696 ) );
#1650 = AXIS2_PLACEMENT_3D( '', #2697, #2698, #2699 );
#1651 = SURFACE_SIDE_STYLE( '', ( #2700 ) );
#1652 = EDGE_LOOP( '', ( #2701, #2702, #2703, #2704 ) );
#1653 = AXIS2_PLACEMENT_3D( '', #2705, #2706, #2707 );
#1654 = SURFACE_SIDE_STYLE( '', ( #2708 ) );
#1655 = EDGE_LOOP( '', ( #2709, #2710, #2711, #2712, #2713, #2714, #2715, #2716, #2717, #2718 ) );
#1656 = AXIS2_PLACEMENT_3D( '', #2719, #2720, #2721 );
#1657 = SURFACE_SIDE_STYLE( '', ( #2722 ) );
#1658 = EDGE_LOOP( '', ( #2723, #2724, #2725, #2726, #2727, #2728 ) );
#1659 = AXIS2_PLACEMENT_3D( '', #2729, #2730, #2731 );
#1660 = SURFACE_SIDE_STYLE( '', ( #2732 ) );
#1661 = EDGE_LOOP( '', ( #2733, #2734, #2735, #2736 ) );
#1662 = AXIS2_PLACEMENT_3D( '', #2737, #2738, #2739 );
#1663 = SURFACE_SIDE_STYLE( '', ( #2740 ) );
#1664 = EDGE_LOOP( '', ( #2741, #2742, #2743, #2744 ) );
#1665 = AXIS2_PLACEMENT_3D( '', #2745, #2746, #2747 );
#1666 = SURFACE_SIDE_STYLE( '', ( #2748 ) );
#1667 = EDGE_LOOP( '', ( #2749, #2750, #2751, #2752 ) );
#1668 = AXIS2_PLACEMENT_3D( '', #2753, #2754, #2755 );
#1669 = SURFACE_SIDE_STYLE( '', ( #2756 ) );
#1670 = EDGE_LOOP( '', ( #2757, #2758, #2759, #2760 ) );
#1671 = AXIS2_PLACEMENT_3D( '', #2761, #2762, #2763 );
#1672 = SURFACE_SIDE_STYLE( '', ( #2764 ) );
#1673 = EDGE_LOOP( '', ( #2765, #2766, #2767, #2768 ) );
#1674 = B_SPLINE_CURVE_WITH_KNOTS( '', 3, ( #2769, #2770, #2771, #2772, #2773, #2774, #2775, #2776, #2777, #2778, #2779, #2780, #2781, #2782, #2783 ), .UNSPECIFIED., .F., .F., ( 4, 3, 3, 3, 2, 4 ), ( 0.000000000000000, 0.192828299748919, 0.295900478323482, 0.355281930473563, 0.411434543107853, 0.499173000348934 ), .UNSPECIFIED. );
#1675 = VECTOR( '', #2784, 1000.00000000000 );
#1676 = SURFACE_SIDE_STYLE( '', ( #2785 ) );
#1677 = EDGE_LOOP( '', ( #2786, #2787, #2788, #2789 ) );
#1678 = AXIS2_PLACEMENT_3D( '', #2790, #2791, #2792 );
#1679 = SURFACE_SIDE_STYLE( '', ( #2793 ) );
#1680 = EDGE_LOOP( '', ( #2794, #2795, #2796, #2797 ) );
#1681 = AXIS2_PLACEMENT_3D( '', #2798, #2799, #2800 );
#1682 = SURFACE_SIDE_STYLE( '', ( #2801 ) );
#1683 = EDGE_LOOP( '', ( #2802, #2803, #2804, #2805 ) );
#1684 = AXIS2_PLACEMENT_3D( '', #2806, #2807, #2808 );
#1685 = SURFACE_SIDE_STYLE( '', ( #2809 ) );
#1686 = EDGE_LOOP( '', ( #2810, #2811, #2812, #2813, #2814, #2815, #2816, #2817 ) );
#1687 = AXIS2_PLACEMENT_3D( '', #2818, #2819, #2820 );
#1688 = SURFACE_SIDE_STYLE( '', ( #2821 ) );
#1689 = EDGE_LOOP( '', ( #2822 ) );
#1690 = EDGE_LOOP( '', ( #2823, #2824 ) );
#1691 = AXIS2_PLACEMENT_3D( '', #2825, #2826, #2827 );
#1692 = SURFACE_SIDE_STYLE( '', ( #2828 ) );
#1693 = EDGE_LOOP( '', ( #2829, #2830 ) );
#1694 = AXIS2_PLACEMENT_3D( '', #2831, #2832, #2833 );
#1695 = SURFACE_SIDE_STYLE( '', ( #2834 ) );
#1696 = EDGE_LOOP( '', ( #2835, #2836, #2837, #2838, #2839, #2840, #2841 ) );
#1697 = EDGE_LOOP( '', ( #2842, #2843, #2844, #2845 ) );
#1698 = EDGE_LOOP( '', ( #2846, #2847, #2848, #2849, #2850, #2851, #2852 ) );
#1699 = EDGE_LOOP( '', ( #2853, #2854, #2855, #2856, #2857, #2858, #2859, #2860, #2861, #2862, #2863, #2864, #2865 ) );
#1700 = EDGE_LOOP( '', ( #2866, #2867, #2868, #2869, #2870, #2871, #2872, #2873, #2874, #2875, #2876, #2877 ) );
#1701 = EDGE_LOOP( '', ( #2878, #2879 ) );
#1702 = EDGE_LOOP( '', ( #2880, #2881, #2882, #2883, #2884, #2885, #2886, #2887, #2888, #2889, #2890, #2891, #2892 ) );
#1703 = EDGE_LOOP( '', ( #2893, #2894, #2895, #2896, #2897, #2898 ) );
#1704 = EDGE_LOOP( '', ( #2899, #2900, #2901, #2902, #2903, #2904, #2905, #2906, #2907, #2908, #2909, #2910 ) );
#1705 = EDGE_LOOP( '', ( #2911, #2912, #2913, #2914 ) );
#1706 = EDGE_LOOP( '', ( #2915, #2916, #2917, #2918, #2919, #2920 ) );
#1707 = AXIS2_PLACEMENT_3D( '', #2921, #2922, #2923 );
#1708 = SURFACE_SIDE_STYLE( '', ( #2924 ) );
#1709 = EDGE_LOOP( '', ( #2925, #2926, #2927, #2928 ) );
#1710 = AXIS2_PLACEMENT_3D( '', #2929, #2930, #2931 );
#1711 = SURFACE_SIDE_STYLE( '', ( #2932 ) );
#1712 = EDGE_LOOP( '', ( #2933, #2934, #2935, #2936 ) );
#1713 = AXIS2_PLACEMENT_3D( '', #2937, #2938, #2939 );
#1714 = SURFACE_SIDE_STYLE( '', ( #2940 ) );
#1715 = EDGE_LOOP( '', ( #2941, #2942, #2943, #2944, #2945, #2946 ) );
#1716 = AXIS2_PLACEMENT_3D( '', #2947, #2948, #2949 );
#1717 = SURFACE_SIDE_STYLE( '', ( #2950 ) );
#1718 = EDGE_LOOP( '', ( #2951, #2952, #2953, #2954 ) );
#1719 = AXIS2_PLACEMENT_3D( '', #2955, #2956, #2957 );
#1720 = SURFACE_SIDE_STYLE( '', ( #2958 ) );
#1721 = EDGE_LOOP( '', ( #2959 ) );
#1722 = EDGE_LOOP( '', ( #2960 ) );
#1723 = AXIS2_PLACEMENT_3D( '', #2961, #2962, #2963 );
#1724 = SURFACE_SIDE_STYLE( '', ( #2964 ) );
#1725 = EDGE_LOOP( '', ( #2965 ) );
#1726 = EDGE_LOOP( '', ( #2966 ) );
#1727 = AXIS2_PLACEMENT_3D( '', #2967, #2968, #2969 );
#1728 = SURFACE_SIDE_STYLE( '', ( #2970 ) );
#1729 = EDGE_LOOP( '', ( #2971 ) );
#1730 = AXIS2_PLACEMENT_3D( '', #2972, #2973, #2974 );
#1731 = SURFACE_SIDE_STYLE( '', ( #2975 ) );
#1732 = EDGE_LOOP( '', ( #2976, #2977, #2978, #2979 ) );
#1733 = AXIS2_PLACEMENT_3D( '', #2980, #2981, #2982 );
#1734 = SURFACE_SIDE_STYLE( '', ( #2983 ) );
#1735 = EDGE_LOOP( '', ( #2984, #2985, #2986, #2987, #2988, #2989, #2990, #2991 ) );
#1736 = AXIS2_PLACEMENT_3D( '', #2992, #2993, #2994 );
#1737 = SURFACE_SIDE_STYLE( '', ( #2995 ) );
#1738 = EDGE_LOOP( '', ( #2996, #2997, #2998, #2999 ) );
#1739 = EDGE_LOOP( '', ( #3000 ) );
#1740 = AXIS2_PLACEMENT_3D( '', #3001, #3002, #3003 );
#1741 = SURFACE_SIDE_STYLE( '', ( #3004 ) );
#1742 = EDGE_LOOP( '', ( #3005, #3006, #3007, #3008 ) );
#1743 = AXIS2_PLACEMENT_3D( '', #3009, #3010, #3011 );
#1744 = SURFACE_SIDE_STYLE( '', ( #3012 ) );
#1745 = EDGE_LOOP( '', ( #3013, #3014, #3015, #3016 ) );
#1746 = AXIS2_PLACEMENT_3D( '', #3017, #3018, #3019 );
#1747 = SURFACE_SIDE_STYLE( '', ( #3020 ) );
#1748 = EDGE_LOOP( '', ( #3021 ) );
#1749 = EDGE_LOOP( '', ( #3022 ) );
#1750 = AXIS2_PLACEMENT_3D( '', #3023, #3024, #3025 );
#1751 = SURFACE_SIDE_STYLE( '', ( #3026 ) );
#1752 = EDGE_LOOP( '', ( #3027, #3028, #3029, #3030, #3031, #3032, #3033, #3034 ) );
#1753 = AXIS2_PLACEMENT_3D( '', #3035, #3036, #3037 );
#1754 = SURFACE_SIDE_STYLE( '', ( #3038 ) );
#1755 = EDGE_LOOP( '', ( #3039, #3040, #3041, #3042, #3043, #3044, #3045, #3046 ) );
#1756 = AXIS2_PLACEMENT_3D( '', #3047, #3048, #3049 );
#1757 = SURFACE_SIDE_STYLE( '', ( #3050 ) );
#1758 = EDGE_LOOP( '', ( #3051 ) );
#1759 = EDGE_LOOP( '', ( #3052 ) );
#1760 = AXIS2_PLACEMENT_3D( '', #3053, #3054, #3055 );
#1761 = SURFACE_SIDE_STYLE( '', ( #3056 ) );
#1762 = EDGE_LOOP( '', ( #3057, #3058, #3059, #3060, #3061, #3062, #3063, #3064, #3065, #3066, #3067, #3068 ) );
#1763 = AXIS2_PLACEMENT_3D( '', #3069, #3070, #3071 );
#1764 = SURFACE_SIDE_STYLE( '', ( #3072 ) );
#1765 = EDGE_LOOP( '', ( #3073, #3074, #3075, #3076 ) );
#1766 = B_SPLINE_CURVE_WITH_KNOTS( '', 3, ( #3077, #3078, #3079, #3080, #3081, #3082, #3083, #3084, #3085, #3086, #3087, #3088, #3089, #3090, #3091, #3092, #3093, #3094 ), .UNSPECIFIED., .F., .F., ( 4, 2, 3, 3, 3, 3, 4 ), ( 0.245640314251374, 0.317563337196489, 0.348999890271838, 0.376335385920031, 0.402372375392432, 0.433633459013527, 0.550269344855437 ), .UNSPECIFIED. );
#1767 = VECTOR( '', #3095, 1000.00000000000 );
#1768 = SURFACE_SIDE_STYLE( '', ( #3096 ) );
#1769 = EDGE_LOOP( '', ( #3097, #3098, #3099, #3100 ) );
#1770 = AXIS2_PLACEMENT_3D( '', #3101, #3102, #3103 );
#1771 = SURFACE_SIDE_STYLE( '', ( #3104 ) );
#1772 = EDGE_LOOP( '', ( #3105, #3106, #3107, #3108 ) );
#1773 = AXIS2_PLACEMENT_3D( '', #3109, #3110, #3111 );
#1774 = SURFACE_SIDE_STYLE( '', ( #3112 ) );
#1775 = EDGE_LOOP( '', ( #3113, #3114, #3115, #3116 ) );
#1776 = AXIS2_PLACEMENT_3D( '', #3117, #3118, #3119 );
#1777 = SURFACE_SIDE_STYLE( '', ( #3120 ) );
#1778 = EDGE_LOOP( '', ( #3121, #3122, #3123, #3124 ) );
#1779 = AXIS2_PLACEMENT_3D( '', #3125, #3126, #3127 );
#1780 = SURFACE_SIDE_STYLE( '', ( #3128 ) );
#1781 = EDGE_LOOP( '', ( #3129 ) );
#1782 = EDGE_LOOP( '', ( #3130 ) );
#1783 = AXIS2_PLACEMENT_3D( '', #3131, #3132, #3133 );
#1784 = SURFACE_SIDE_STYLE( '', ( #3134 ) );
#1785 = EDGE_LOOP( '', ( #3135, #3136, #3137, #3138 ) );
#1786 = AXIS2_PLACEMENT_3D( '', #3139, #3140, #3141 );
#1787 = SURFACE_SIDE_STYLE( '', ( #3142 ) );
#1788 = EDGE_LOOP( '', ( #3143, #3144, #3145, #3146 ) );
#1789 = AXIS2_PLACEMENT_3D( '', #3147, #3148, #3149 );
#1790 = SURFACE_SIDE_STYLE( '', ( #3150 ) );
#1791 = EDGE_LOOP( '', ( #3151, #3152, #3153, #3154 ) );
#1792 = AXIS2_PLACEMENT_3D( '', #3155, #3156, #3157 );
#1793 = SURFACE_SIDE_STYLE( '', ( #3158 ) );
#1794 = EDGE_LOOP( '', ( #3159, #3160, #3161, #3162 ) );
#1795 = AXIS2_PLACEMENT_3D( '', #3163, #3164, #3165 );
#1796 = SURFACE_SIDE_STYLE( '', ( #3166 ) );
#1797 = EDGE_LOOP( '', ( #3167, #3168, #3169, #3170 ) );
#1798 = AXIS2_PLACEMENT_3D( '', #3171, #3172, #3173 );
#1799 = SURFACE_SIDE_STYLE( '', ( #3174 ) );
#1800 = EDGE_LOOP( '', ( #3175 ) );
#1801 = EDGE_LOOP( '', ( #3176 ) );
#1802 = AXIS2_PLACEMENT_3D( '', #3177, #3178, #3179 );
#1803 = SURFACE_SIDE_STYLE( '', ( #3180 ) );
#1804 = EDGE_LOOP( '', ( #3181 ) );
#1805 = EDGE_LOOP( '', ( #3182 ) );
#1806 = AXIS2_PLACEMENT_3D( '', #3183, #3184, #3185 );
#1807 = SURFACE_SIDE_STYLE( '', ( #3186 ) );
#1808 = EDGE_LOOP( '', ( #3187, #3188, #3189, #3190 ) );
#1809 = AXIS2_PLACEMENT_3D( '', #3191, #3192, #3193 );
#1810 = SURFACE_SIDE_STYLE( '', ( #3194 ) );
#1811 = EDGE_LOOP( '', ( #3195, #3196, #3197, #3198 ) );
#1812 = AXIS2_PLACEMENT_3D( '', #3199, #3200, #3201 );
#1813 = SURFACE_SIDE_STYLE( '', ( #3202 ) );
#1814 = EDGE_LOOP( '', ( #3203, #3204 ) );
#1815 = AXIS2_PLACEMENT_3D( '', #3205, #3206, #3207 );
#1816 = SURFACE_SIDE_STYLE( '', ( #3208 ) );
#1817 = EDGE_LOOP( '', ( #3209, #3210, #3211, #3212 ) );
#1818 = AXIS2_PLACEMENT_3D( '', #3213, #3214, #3215 );
#1819 = SURFACE_SIDE_STYLE( '', ( #3216 ) );
#1820 = EDGE_LOOP( '', ( #3217, #3218, #3219, #3220 ) );
#1821 = AXIS2_PLACEMENT_3D( '', #3221, #3222, #3223 );
#1822 = SURFACE_SIDE_STYLE( '', ( #3224 ) );
#1823 = EDGE_LOOP( '', ( #3225, #3226, #3227, #3228 ) );
#1824 = AXIS2_PLACEMENT_3D( '', #3229, #3230, #3231 );
#1825 = SURFACE_SIDE_STYLE( '', ( #3232 ) );
#1826 = EDGE_LOOP( '', ( #3233, #3234, #3235, #3236 ) );
#1827 = AXIS2_PLACEMENT_3D( '', #3237, #3238, #3239 );
#1828 = SURFACE_SIDE_STYLE( '', ( #3240 ) );
#1829 = EDGE_LOOP( '', ( #3241, #3242, #3243, #3244 ) );
#1830 = AXIS2_PLACEMENT_3D( '', #3245, #3246, #3247 );
#1831 = SURFACE_SIDE_STYLE( '', ( #3248 ) );
#1832 = EDGE_LOOP( '', ( #3249, #3250, #3251, #3252 ) );
#1833 = AXIS2_PLACEMENT_3D( '', #3253, #3254, #3255 );
#1834 = SURFACE_SIDE_STYLE( '', ( #3256 ) );
#1835 = EDGE_LOOP( '', ( #3257, #3258, #3259, #3260 ) );
#1836 = AXIS2_PLACEMENT_3D( '', #3261, #3262, #3263 );
#1837 = SURFACE_SIDE_STYLE( '', ( #3264 ) );
#1838 = EDGE_LOOP( '', ( #3265, #3266, #3267, #3268, #3269, #3270, #3271 ) );
#1839 = AXIS2_PLACEMENT_3D( '', #3272, #3273, #3274 );
#1840 = SURFACE_SIDE_STYLE( '', ( #3275 ) );
#1841 = EDGE_LOOP( '', ( #3276, #3277, #3278, #3279 ) );
#1842 = AXIS2_PLACEMENT_3D( '', #3280, #3281, #3282 );
#1843 = SURFACE_SIDE_STYLE( '', ( #3283 ) );
#1844 = EDGE_LOOP( '', ( #3284, #3285, #3286, #3287 ) );
#1845 = AXIS2_PLACEMENT_3D( '', #3288, #3289, #3290 );
#1846 = SURFACE_SIDE_STYLE( '', ( #3291 ) );
#1847 = EDGE_LOOP( '', ( #3292, #3293, #3294, #3295 ) );
#1848 = AXIS2_PLACEMENT_3D( '', #3296, #3297, #3298 );
#1849 = SURFACE_SIDE_STYLE( '', ( #3299 ) );
#1850 = EDGE_LOOP( '', ( #3300, #3301, #3302, #3303 ) );
#1851 = AXIS2_PLACEMENT_3D( '', #3304, #3305, #3306 );
#1852 = SURFACE_SIDE_STYLE( '', ( #3307 ) );
#1853 = EDGE_LOOP( '', ( #3308, #3309, #3310, #3311 ) );
#1854 = AXIS2_PLACEMENT_3D( '', #3312, #3313, #3314 );
#1855 = SURFACE_SIDE_STYLE( '', ( #3315 ) );
#1856 = EDGE_LOOP( '', ( #3316, #3317, #3318, #3319 ) );
#1857 = B_SPLINE_CURVE_WITH_KNOTS( '', 3, ( #3320, #3321, #3322, #3323, #3324, #3325, #3326, #3327, #3328, #3329, #3330, #3331, #3332, #3333, #3334 ), .UNSPECIFIED., .F., .F., ( 4, 2, 3, 3, 3, 4 ), ( 0.361857452813977, 0.365353287071812, 0.403308059014016, 0.445301318245177, 0.482732751851467, 0.518355841223786 ), .UNSPECIFIED. );
#1858 = VECTOR( '', #3335, 1000.00000000000 );
#1859 = SURFACE_SIDE_STYLE( '', ( #3336 ) );
#1860 = EDGE_LOOP( '', ( #3337, #3338, #3339, #3340 ) );
#1861 = B_SPLINE_CURVE_WITH_KNOTS( '', 3, ( #3341, #3342, #3343, #3344, #3345, #3346, #3347, #3348, #3349, #3350, #3351, #3352, #3353, #3354, #3355, #3356, #3357 ), .UNSPECIFIED., .F., .F., ( 4, 2, 3, 2, 2, 2, 2, 4 ), ( 0.182860790289622, 0.235547193108223, 0.301844249988295, 0.367171546661368, 0.411439385854306, 0.455707225047244, 0.499975064240182, 0.558846726672027 ), .UNSPECIFIED. );
#1862 = VECTOR( '', #3358, 1000.00000000000 );
#1863 = SURFACE_SIDE_STYLE( '', ( #3359 ) );
#1864 = EDGE_LOOP( '', ( #3360 ) );
#1865 = EDGE_LOOP( '', ( #3361 ) );
#1866 = AXIS2_PLACEMENT_3D( '', #3362, #3363, #3364 );
#1867 = SURFACE_SIDE_STYLE( '', ( #3365 ) );
#1868 = EDGE_LOOP( '', ( #3366, #3367, #3368, #3369 ) );
#1869 = AXIS2_PLACEMENT_3D( '', #3370, #3371, #3372 );
#1870 = SURFACE_SIDE_STYLE( '', ( #3373 ) );
#1871 = EDGE_LOOP( '', ( #3374, #3375, #3376, #3377 ) );
#1872 = AXIS2_PLACEMENT_3D( '', #3378, #3379, #3380 );
#1873 = SURFACE_SIDE_STYLE( '', ( #3381 ) );
#1874 = EDGE_LOOP( '', ( #3382, #3383, #3384, #3385 ) );
#1875 = AXIS2_PLACEMENT_3D( '', #3386, #3387, #3388 );
#1876 = SURFACE_SIDE_STYLE( '', ( #3389 ) );
#1877 = EDGE_LOOP( '', ( #3390 ) );
#1878 = EDGE_LOOP( '', ( #3391 ) );
#1879 = AXIS2_PLACEMENT_3D( '', #3392, #3393, #3394 );
#1880 = SURFACE_SIDE_STYLE( '', ( #3395 ) );
#1881 = EDGE_LOOP( '', ( #3396, #3397, #3398, #3399, #3400, #3401, #3402, #3403, #3404, #3405, #3406, #3407, #3408 ) );
#1882 = AXIS2_PLACEMENT_3D( '', #3409, #3410, #3411 );
#1883 = SURFACE_SIDE_STYLE( '', ( #3412 ) );
#1884 = EDGE_LOOP( '', ( #3413 ) );
#1885 = AXIS2_PLACEMENT_3D( '', #3414, #3415, #3416 );
#1886 = SURFACE_SIDE_STYLE( '', ( #3417 ) );
#1887 = EDGE_LOOP( '', ( #3418, #3419, #3420, #3421 ) );
#1888 = B_SPLINE_CURVE_WITH_KNOTS( '', 3, ( #3422, #3423, #3424, #3425, #3426, #3427, #3428, #3429, #3430, #3431, #3432, #3433, #3434, #3435, #3436 ), .UNSPECIFIED., .F., .F., ( 4, 2, 3, 3, 3, 4 ), ( 0.499173000348934, 0.614831299932541, 0.730489599516147, 0.841701158441076, 0.958540723515277, 1.00000000000000 ), .UNSPECIFIED. );
#1889 = VECTOR( '', #3437, 1000.00000000000 );
#1890 = SURFACE_SIDE_STYLE( '', ( #3438 ) );
#1891 = EDGE_LOOP( '', ( #3439, #3440, #3441, #3442, #3443, #3444, #3445, #3446 ) );
#1892 = AXIS2_PLACEMENT_3D( '', #3447, #3448, #3449 );
#1893 = SURFACE_SIDE_STYLE( '', ( #3450 ) );
#1894 = EDGE_LOOP( '', ( #3451, #3452, #3453, #3454, #3455, #3456 ) );
#1895 = AXIS2_PLACEMENT_3D( '', #3457, #3458, #3459 );
#1896 = SURFACE_SIDE_STYLE( '', ( #3460 ) );
#1897 = EDGE_LOOP( '', ( #3461, #3462, #3463, #3464 ) );
#1898 = AXIS2_PLACEMENT_3D( '', #3465, #3466, #3467 );
#1899 = SURFACE_SIDE_STYLE( '', ( #3468 ) );
#1900 = EDGE_LOOP( '', ( #3469 ) );
#1901 = EDGE_LOOP( '', ( #3470 ) );
#1902 = AXIS2_PLACEMENT_3D( '', #3471, #3472, #3473 );
#1903 = SURFACE_SIDE_STYLE( '', ( #3474 ) );
#1904 = EDGE_LOOP( '', ( #3475, #3476, #3477, #3478, #3479, #3480, #3481, #3482, #3483, #3484, #3485, #3486, #3487, #3488, #3489, #3490 ) );
#1905 = EDGE_LOOP( '', ( #3491 ) );
#1906 = EDGE_LOOP( '', ( #3492 ) );
#1907 = AXIS2_PLACEMENT_3D( '', #3493, #3494, #3495 );
#1908 = SURFACE_SIDE_STYLE( '', ( #3496 ) );
#1909 = EDGE_LOOP( '', ( #3497, #3498, #3499, #3500, #3501, #3502 ) );
#1910 = AXIS2_PLACEMENT_3D( '', #3503, #3504, #3505 );
#1911 = SURFACE_SIDE_STYLE( '', ( #3506 ) );
#1912 = EDGE_LOOP( '', ( #3507, #3508, #3509, #3510 ) );
#1913 = AXIS2_PLACEMENT_3D( '', #3511, #3512, #3513 );
#1914 = SURFACE_SIDE_STYLE( '', ( #3514 ) );
#1915 = EDGE_LOOP( '', ( #3515, #3516, #3517, #3518 ) );
#1916 = AXIS2_PLACEMENT_3D( '', #3519, #3520, #3521 );
#1917 = SURFACE_SIDE_STYLE( '', ( #3522 ) );
#1918 = EDGE_LOOP( '', ( #3523, #3524, #3525, #3526 ) );
#1919 = AXIS2_PLACEMENT_3D( '', #3527, #3528, #3529 );
#1920 = SURFACE_SIDE_STYLE( '', ( #3530 ) );
#1921 = EDGE_LOOP( '', ( #3531, #3532, #3533, #3534, #3535, #3536, #3537, #3538, #3539, #3540, #3541, #3542, #3543, #3544 ) );
#1922 = AXIS2_PLACEMENT_3D( '', #3545, #3546, #3547 );
#1923 = SURFACE_SIDE_STYLE( '', ( #3548 ) );
#1924 = EDGE_LOOP( '', ( #3549 ) );
#1925 = EDGE_LOOP( '', ( #3550 ) );
#1926 = B_SPLINE_CURVE_WITH_KNOTS( '', 3, ( #3551, #3552, #3553, #3554, #3555, #3556, #3557, #3558, #3559, #3560, #3561, #3562, #3563, #3564, #3565, #3566, #3567, #3568, #3569, #3570, #3571, #3572, #3573 ), .UNSPECIFIED., .T., .F., ( 4, 3, 2, 3, 2, 3, 3, 3, 4 ), ( 0.000000000000000, 0.146111505192002, 0.252576618225215, 0.360294261999991, 0.507022501550928, 0.646414329124318, 0.754569249265787, 0.860633886954452, 1.00000000000000 ), .UNSPECIFIED. );
#1927 = VECTOR( '', #3574, 1000.00000000000 );
#1928 = SURFACE_SIDE_STYLE( '', ( #3575 ) );
#1929 = EDGE_LOOP( '', ( #3576, #3577, #3578, #3579 ) );
#1930 = AXIS2_PLACEMENT_3D( '', #3580, #3581, #3582 );
#1931 = SURFACE_SIDE_STYLE( '', ( #3583 ) );
#1932 = EDGE_LOOP( '', ( #3584, #3585, #3586, #3587 ) );
#1933 = AXIS2_PLACEMENT_3D( '', #3588, #3589, #3590 );
#1934 = SURFACE_SIDE_STYLE( '', ( #3591 ) );
#1935 = EDGE_LOOP( '', ( #3592, #3593 ) );
#1936 = AXIS2_PLACEMENT_3D( '', #3594, #3595, #3596 );
#1937 = SURFACE_SIDE_STYLE( '', ( #3597 ) );
#1938 = EDGE_LOOP( '', ( #3598, #3599, #3600, #3601 ) );
#1939 = AXIS2_PLACEMENT_3D( '', #3602, #3603, #3604 );
#1940 = SURFACE_SIDE_STYLE( '', ( #3605 ) );
#1941 = EDGE_LOOP( '', ( #3606, #3607, #3608, #3609 ) );
#1942 = AXIS2_PLACEMENT_3D( '', #3610, #3611, #3612 );
#1943 = SURFACE_SIDE_STYLE( '', ( #3613 ) );
#1944 = EDGE_LOOP( '', ( #3614, #3615, #3616, #3617, #3618, #3619, #3620, #3621 ) );
#1945 = AXIS2_PLACEMENT_3D( '', #3622, #3623, #3624 );
#1946 = SURFACE_SIDE_STYLE( '', ( #3625 ) );
#1947 = EDGE_LOOP( '', ( #3626, #3627, #3628, #3629 ) );
#1948 = AXIS2_PLACEMENT_3D( '', #3630, #3631, #3632 );
#1949 = SURFACE_SIDE_STYLE( '', ( #3633 ) );
#1950 = EDGE_LOOP( '', ( #3634, #3635, #3636, #3637, #3638, #3639, #3640, #3641, #3642, #3643, #3644, #3645, #3646, #3647 ) );
#1951 = AXIS2_PLACEMENT_3D( '', #3648, #3649, #3650 );
#1952 = SURFACE_SIDE_STYLE( '', ( #3651 ) );
#1953 = EDGE_LOOP( '', ( #3652, #3653 ) );
#1954 = AXIS2_PLACEMENT_3D( '', #3654, #3655, #3656 );
#1955 = SURFACE_SIDE_STYLE( '', ( #3657 ) );
#1956 = EDGE_LOOP( '', ( #3658, #3659, #3660, #3661 ) );
#1957 = B_SPLINE_CURVE_WITH_KNOTS( '', 3, ( #3662, #3663, #3664, #3665, #3666, #3667, #3668, #3669, #3670 ), .UNSPECIFIED., .F., .F., ( 4, 3, 2, 4 ), ( 0.409688211292897, 0.465068850248148, 0.502714729188323, 0.558287217147629 ), .UNSPECIFIED. );
#1958 = VECTOR( '', #3671, 1000.00000000000 );
#1959 = SURFACE_SIDE_STYLE( '', ( #3672 ) );
#1960 = EDGE_LOOP( '', ( #3673, #3674, #3675, #3676 ) );
#1961 = AXIS2_PLACEMENT_3D( '', #3677, #3678, #3679 );
#1962 = SURFACE_SIDE_STYLE( '', ( #3680 ) );
#1963 = EDGE_LOOP( '', ( #3681, #3682, #3683, #3684 ) );
#1964 = AXIS2_PLACEMENT_3D( '', #3685, #3686, #3687 );
#1965 = SURFACE_SIDE_STYLE( '', ( #3688 ) );
#1966 = EDGE_LOOP( '', ( #3689, #3690, #3691, #3692 ) );
#1967 = AXIS2_PLACEMENT_3D( '', #3693, #3694, #3695 );
#1968 = SURFACE_SIDE_STYLE( '', ( #3696 ) );
#1969 = EDGE_LOOP( '', ( #3697, #3698, #3699, #3700 ) );
#1970 = AXIS2_PLACEMENT_3D( '', #3701, #3702, #3703 );
#1971 = SURFACE_SIDE_STYLE( '', ( #3704 ) );
#1972 = EDGE_LOOP( '', ( #3705 ) );
#1973 = EDGE_LOOP( '', ( #3706 ) );
#1974 = AXIS2_PLACEMENT_3D( '', #3707, #3708, #3709 );
#1975 = SURFACE_SIDE_STYLE( '', ( #3710 ) );
#1976 = EDGE_LOOP( '', ( #3711, #3712, #3713, #3714 ) );
#1977 = AXIS2_PLACEMENT_3D( '', #3715, #3716, #3717 );
#1978 = SURFACE_SIDE_STYLE( '', ( #3718 ) );
#1979 = EDGE_LOOP( '', ( #3719 ) );
#1980 = EDGE_LOOP( '', ( #3720 ) );
#1981 = AXIS2_PLACEMENT_3D( '', #3721, #3722, #3723 );
#1982 = SURFACE_SIDE_STYLE( '', ( #3724 ) );
#1983 = EDGE_LOOP( '', ( #3725, #3726, #3727, #3728 ) );
#1984 = AXIS2_PLACEMENT_3D( '', #3729, #3730, #3731 );
#1985 = SURFACE_SIDE_STYLE( '', ( #3732 ) );
#1986 = EDGE_LOOP( '', ( #3733, #3734, #3735, #3736 ) );
#1987 = AXIS2_PLACEMENT_3D( '', #3737, #3738, #3739 );
#1988 = SURFACE_SIDE_STYLE( '', ( #3740 ) );
#1989 = EDGE_LOOP( '', ( #3741, #3742, #3743, #3744 ) );
#1990 = AXIS2_PLACEMENT_3D( '', #3745, #3746, #3747 );
#1991 = SURFACE_SIDE_STYLE( '', ( #3748 ) );
#1992 = EDGE_LOOP( '', ( #3749, #3750, #3751, #3752 ) );
#1993 = B_SPLINE_CURVE_WITH_KNOTS( '', 3, ( #3753, #3754, #3755, #3756, #3757, #3758, #3759, #3760, #3761, #3762, #3763, #3764, #3765, #3766 ), .UNSPECIFIED., .F., .F., ( 4, 3, 2, 2, 3, 4 ), ( 0.0289434027834783, 0.0517568870854070, 0.0811100186776973, 0.113031549284314, 0.144953079890931, 0.182860790289622 ), .UNSPECIFIED. );
#1994 = VECTOR( '', #3767, 1000.00000000000 );
#1995 = SURFACE_SIDE_STYLE( '', ( #3768 ) );
#1996 = EDGE_LOOP( '', ( #3769, #3770, #3771, #3772 ) );
#1997 = AXIS2_PLACEMENT_3D( '', #3773, #3774, #3775 );
#1998 = SURFACE_SIDE_STYLE( '', ( #3776 ) );
#1999 = EDGE_LOOP( '', ( #3777, #3778, #3779, #3780 ) );
#2000 = AXIS2_PLACEMENT_3D( '', #3781, #3782, #3783 );
#2001 = SURFACE_SIDE_STYLE( '', ( #3784 ) );
#2002 = EDGE_LOOP( '', ( #3785, #3786, #3787, #3788 ) );
#2003 = AXIS2_PLACEMENT_3D( '', #3789, #3790, #3791 );
#2004 = SURFACE_SIDE_STYLE( '', ( #3792 ) );
#2005 = EDGE_LOOP( '', ( #3793, #3794, #3795, #3796 ) );
#2006 = AXIS2_PLACEMENT_3D( '', #3797, #3798, #3799 );
#2007 = SURFACE_SIDE_STYLE( '', ( #3800 ) );
#2008 = EDGE_LOOP( '', ( #3801, #3802, #3803, #3804, #3805, #3806, #3807, #3808, #3809, #3810, #3811, #3812, #3813, #3814, #3815, #3816 ) );
#2009 = EDGE_LOOP( '', ( #3817 ) );
#2010 = EDGE_LOOP( '', ( #3818 ) );
#2011 = EDGE_LOOP( '', ( #3819 ) );
#2012 = EDGE_LOOP( '', ( #3820 ) );
#2013 = AXIS2_PLACEMENT_3D( '', #3821, #3822, #3823 );
#2014 = SURFACE_SIDE_STYLE( '', ( #3824 ) );
#2015 = EDGE_LOOP( '', ( #3825, #3826, #3827, #3828, #3829, #3830 ) );
#2016 = AXIS2_PLACEMENT_3D( '', #3831, #3832, #3833 );
#2017 = SURFACE_SIDE_STYLE( '', ( #3834 ) );
#2018 = EDGE_LOOP( '', ( #3835, #3836, #3837, #3838, #3839, #3840, #3841, #3842, #3843, #3844, #3845, #3846 ) );
#2019 = AXIS2_PLACEMENT_3D( '', #3847, #3848, #3849 );
#2020 = SURFACE_SIDE_STYLE( '', ( #3850 ) );
#2021 = EDGE_LOOP( '', ( #3851 ) );
#2022 = EDGE_LOOP( '', ( #3852 ) );
#2023 = AXIS2_PLACEMENT_3D( '', #3853, #3854, #3855 );
#2024 = SURFACE_SIDE_STYLE( '', ( #3856 ) );
#2025 = EDGE_LOOP( '', ( #3857 ) );
#2026 = EDGE_LOOP( '', ( #3858, #3859, #3860, #3861 ) );
#2027 = AXIS2_PLACEMENT_3D( '', #3862, #3863, #3864 );
#2028 = SURFACE_SIDE_STYLE( '', ( #3865 ) );
#2029 = EDGE_LOOP( '', ( #3866 ) );
#2030 = EDGE_LOOP( '', ( #3867 ) );
#2031 = AXIS2_PLACEMENT_3D( '', #3868, #3869, #3870 );
#2032 = SURFACE_SIDE_STYLE( '', ( #3871 ) );
#2033 = EDGE_LOOP( '', ( #3872 ) );
#2034 = EDGE_LOOP( '', ( #3873 ) );
#2035 = AXIS2_PLACEMENT_3D( '', #3874, #3875, #3876 );
#2036 = SURFACE_SIDE_STYLE( '', ( #3877 ) );
#2037 = EDGE_LOOP( '', ( #3878, #3879, #3880, #3881 ) );
#2038 = AXIS2_PLACEMENT_3D( '', #3882, #3883, #3884 );
#2039 = SURFACE_SIDE_STYLE( '', ( #3885 ) );
#2040 = EDGE_LOOP( '', ( #3886, #3887, #3888, #3889, #3890, #3891, #3892, #3893 ) );
#2041 = AXIS2_PLACEMENT_3D( '', #3894, #3895, #3896 );
#2042 = SURFACE_SIDE_STYLE( '', ( #3897 ) );
#2043 = EDGE_LOOP( '', ( #3898, #3899 ) );
#2044 = AXIS2_PLACEMENT_3D( '', #3900, #3901, #3902 );
#2045 = SURFACE_SIDE_STYLE( '', ( #3903 ) );
#2046 = EDGE_LOOP( '', ( #3904, #3905, #3906, #3907 ) );
#2047 = AXIS2_PLACEMENT_3D( '', #3908, #3909, #3910 );
#2048 = SURFACE_SIDE_STYLE( '', ( #3911 ) );
#2049 = EDGE_LOOP( '', ( #3912, #3913, #3914, #3915 ) );
#2050 = AXIS2_PLACEMENT_3D( '', #3916, #3917, #3918 );
#2051 = SURFACE_SIDE_STYLE( '', ( #3919 ) );
#2052 = EDGE_LOOP( '', ( #3920, #3921, #3922, #3923 ) );
#2053 = B_SPLINE_CURVE_WITH_KNOTS( '', 3, ( #3924, #3925, #3926, #3927, #3928, #3929, #3930 ), .UNSPECIFIED., .F., .F., ( 4, 3, 4 ), ( 0.149069852529666, 0.242039240282828, 0.261468230552944 ), .UNSPECIFIED. );
#2054 = VECTOR( '', #3931, 1000.00000000000 );
#2055 = SURFACE_SIDE_STYLE( '', ( #3932 ) );
#2056 = EDGE_LOOP( '', ( #3933, #3934, #3935, #3936, #3937, #3938, #3939 ) );
#2057 = AXIS2_PLACEMENT_3D( '', #3940, #3941, #3942 );
#2058 = SURFACE_SIDE_STYLE( '', ( #3943 ) );
#2059 = EDGE_LOOP( '', ( #3944, #3945, #3946, #3947 ) );
#2060 = AXIS2_PLACEMENT_3D( '', #3948, #3949, #3950 );
#2061 = SURFACE_SIDE_STYLE( '', ( #3951 ) );
#2062 = EDGE_LOOP( '', ( #3952 ) );
#2063 = EDGE_LOOP( '', ( #3953 ) );
#2064 = AXIS2_PLACEMENT_3D( '', #3954, #3955, #3956 );
#2065 = SURFACE_SIDE_STYLE( '', ( #3957 ) );
#2066 = EDGE_LOOP( '', ( #3958, #3959, #3960, #3961 ) );
#2067 = AXIS2_PLACEMENT_3D( '', #3962, #3963, #3964 );
#2068 = SURFACE_SIDE_STYLE( '', ( #3965 ) );
#2069 = EDGE_LOOP( '', ( #3966, #3967, #3968, #3969 ) );
#2070 = AXIS2_PLACEMENT_3D( '', #3970, #3971, #3972 );
#2071 = SURFACE_SIDE_STYLE( '', ( #3973 ) );
#2072 = EDGE_LOOP( '', ( #3974, #3975 ) );
#2073 = AXIS2_PLACEMENT_3D( '', #3976, #3977, #3978 );
#2074 = SURFACE_SIDE_STYLE( '', ( #3979 ) );
#2075 = EDGE_LOOP( '', ( #3980, #3981, #3982, #3983, #3984, #3985, #3986, #3987 ) );
#2076 = AXIS2_PLACEMENT_3D( '', #3988, #3989, #3990 );
#2077 = SURFACE_SIDE_STYLE( '', ( #3991 ) );
#2078 = EDGE_LOOP( '', ( #3992, #3993 ) );
#2079 = AXIS2_PLACEMENT_3D( '', #3994, #3995, #3996 );
#2080 = SURFACE_SIDE_STYLE( '', ( #3997 ) );
#2081 = EDGE_LOOP( '', ( #3998 ) );
#2082 = AXIS2_PLACEMENT_3D( '', #3999, #4000, #4001 );
#2083 = SURFACE_SIDE_STYLE( '', ( #4002 ) );
#2084 = EDGE_LOOP( '', ( #4003, #4004, #4005, #4006 ) );
#2085 = AXIS2_PLACEMENT_3D( '', #4007, #4008, #4009 );
#2086 = SURFACE_SIDE_STYLE( '', ( #4010 ) );
#2087 = EDGE_LOOP( '', ( #4011 ) );
#2088 = EDGE_LOOP( '', ( #4012 ) );
#2089 = AXIS2_PLACEMENT_3D( '', #4013, #4014, #4015 );
#2090 = SURFACE_SIDE_STYLE( '', ( #4016 ) );
#2091 = EDGE_LOOP( '', ( #4017, #4018, #4019, #4020, #4021, #4022, #4023, #4024, #4025, #4026, #4027, #4028 ) );
#2092 = AXIS2_PLACEMENT_3D( '', #4029, #4030, #4031 );
#2093 = SURFACE_SIDE_STYLE( '', ( #4032 ) );
#2094 = EDGE_LOOP( '', ( #4033 ) );
#2095 = AXIS2_PLACEMENT_3D( '', #4034, #4035, #4036 );
#2096 = SURFACE_SIDE_STYLE( '', ( #4037 ) );
#2097 = EDGE_LOOP( '', ( #4038, #4039, #4040, #4041, #4042, #4043, #4044, #4045, #4046, #4047 ) );
#2098 = AXIS2_PLACEMENT_3D( '', #4048, #4049, #4050 );
#2099 = SURFACE_SIDE_STYLE( '', ( #4051 ) );
#2100 = EDGE_LOOP( '', ( #4052 ) );
#2101 = EDGE_LOOP( '', ( #4053 ) );
#2102 = AXIS2_PLACEMENT_3D( '', #4054, #4055, #4056 );
#2103 = SURFACE_SIDE_STYLE( '', ( #4057 ) );
#2104 = EDGE_LOOP( '', ( #4058, #4059, #4060, #4061 ) );
#2105 = AXIS2_PLACEMENT_3D( '', #4062, #4063, #4064 );
#2106 = SURFACE_SIDE_STYLE( '', ( #4065 ) );
#2107 = EDGE_LOOP( '', ( #4066, #4067, #4068, #4069 ) );
#2108 = AXIS2_PLACEMENT_3D( '', #4070, #4071, #4072 );
#2109 = SURFACE_SIDE_STYLE( '', ( #4073 ) );
#2110 = EDGE_LOOP( '', ( #4074, #4075, #4076, #4077 ) );
#2111 = AXIS2_PLACEMENT_3D( '', #4078, #4079, #4080 );
#2112 = SURFACE_SIDE_STYLE( '', ( #4081 ) );
#2113 = EDGE_LOOP( '', ( #4082, #4083, #4084, #4085 ) );
#2114 = AXIS2_PLACEMENT_3D( '', #4086, #4087, #4088 );
#2115 = SURFACE_SIDE_STYLE( '', ( #4089 ) );
#2116 = EDGE_LOOP( '', ( #4090, #4091, #4092, #4093 ) );
#2117 = AXIS2_PLACEMENT_3D( '', #4094, #4095, #4096 );
#2118 = SURFACE_SIDE_STYLE( '', ( #4097 ) );
#2119 = EDGE_LOOP( '', ( #4098, #4099, #4100, #4101, #4102, #4103, #4104, #4105, #4106, #4107, #4108, #4109, #4110, #4111 ) );
#2120 = AXIS2_PLACEMENT_3D( '', #4112, #4113, #4114 );
#2121 = SURFACE_SIDE_STYLE( '', ( #4115 ) );
#2122 = EDGE_LOOP( '', ( #4116, #4117, #4118, #4119 ) );
#2123 = B_SPLINE_CURVE_WITH_KNOTS( '', 3, ( #4120, #4121, #4122, #4123, #4124, #4125, #4126, #4127, #4128, #4129, #4130, #4131, #4132, #4133, #4134, #4135, #4136, #4137, #4138, #4139 ), .UNSPECIFIED., .F., .F., ( 4, 3, 3, 2, 3, 2, 3, 4 ), ( 0.582301816735135, 0.697897258735781, 0.727682193021292, 0.749965873996904, 0.772249554972515, 0.818209178399425, 0.864168801826336, 0.967967528120303 ), .UNSPECIFIED. );
#2124 = VECTOR( '', #4140, 1000.00000000000 );
#2125 = SURFACE_SIDE_STYLE( '', ( #4141 ) );
#2126 = EDGE_LOOP( '', ( #4142, #4143 ) );
#2127 = AXIS2_PLACEMENT_3D( '', #4144, #4145, #4146 );
#2128 = SURFACE_SIDE_STYLE( '', ( #4147 ) );
#2129 = EDGE_LOOP( '', ( #4148, #4149, #4150, #4151 ) );
#2130 = B_SPLINE_CURVE_WITH_KNOTS( '', 3, ( #4152, #4153, #4154, #4155, #4156, #4157, #4158, #4159, #4160, #4161, #4162, #4163, #4164, #4165, #4166 ), .UNSPECIFIED., .F., .F., ( 4, 2, 3, 3, 3, 4 ), ( 0.610658117094134, 0.649580036061722, 0.684079009692085, 0.719729512721673, 0.782879952987661, 0.947239308468262 ), .UNSPECIFIED. );
#2131 = VECTOR( '', #4167, 1000.00000000000 );
#2132 = SURFACE_SIDE_STYLE( '', ( #4168 ) );
#2133 = EDGE_LOOP( '', ( #4169, #4170, #4171, #4172, #4173, #4174, #4175, #4176, #4177, #4178, #4179, #4180 ) );
#2134 = AXIS2_PLACEMENT_3D( '', #4181, #4182, #4183 );
#2135 = SURFACE_SIDE_STYLE( '', ( #4184 ) );
#2136 = EDGE_LOOP( '', ( #4185 ) );
#2137 = EDGE_LOOP( '', ( #4186 ) );
#2138 = AXIS2_PLACEMENT_3D( '', #4187, #4188, #4189 );
#2139 = SURFACE_SIDE_STYLE( '', ( #4190 ) );
#2140 = EDGE_LOOP( '', ( #4191, #4192, #4193, #4194 ) );
#2141 = AXIS2_PLACEMENT_3D( '', #4195, #4196, #4197 );
#2142 = SURFACE_SIDE_STYLE( '', ( #4198 ) );
#2143 = EDGE_LOOP( '', ( #4199, #4200, #4201, #4202 ) );
#2144 = AXIS2_PLACEMENT_3D( '', #4203, #4204, #4205 );
#2145 = SURFACE_SIDE_STYLE( '', ( #4206 ) );
#2146 = EDGE_LOOP( '', ( #4207 ) );
#2147 = AXIS2_PLACEMENT_3D( '', #4208, #4209, #4210 );
#2148 = SURFACE_SIDE_STYLE( '', ( #4211 ) );
#2149 = EDGE_LOOP( '', ( #4212, #4213, #4214, #4215 ) );
#2150 = AXIS2_PLACEMENT_3D( '', #4216, #4217, #4218 );
#2151 = SURFACE_SIDE_STYLE( '', ( #4219 ) );
#2152 = EDGE_LOOP( '', ( #4220 ) );
#2153 = EDGE_LOOP( '', ( #4221 ) );
#2154 = AXIS2_PLACEMENT_3D( '', #4222, #4223, #4224 );
#2155 = SURFACE_SIDE_STYLE( '', ( #4225 ) );
#2156 = EDGE_LOOP( '', ( #4226, #4227 ) );
#2157 = AXIS2_PLACEMENT_3D( '', #4228, #4229, #4230 );
#2158 = SURFACE_SIDE_STYLE( '', ( #4231 ) );
#2159 = EDGE_LOOP( '', ( #4232, #4233, #4234, #4235 ) );
#2160 = AXIS2_PLACEMENT_3D( '', #4236, #4237, #4238 );
#2161 = SURFACE_SIDE_STYLE( '', ( #4239 ) );
#2162 = EDGE_LOOP( '', ( #4240, #4241, #4242, #4243 ) );
#2163 = AXIS2_PLACEMENT_3D( '', #4244, #4245, #4246 );
#2164 = SURFACE_SIDE_STYLE( '', ( #4247 ) );
#2165 = EDGE_LOOP( '', ( #4248, #4249, #4250, #4251 ) );
#2166 = AXIS2_PLACEMENT_3D( '', #4252, #4253, #4254 );
#2167 = SURFACE_SIDE_STYLE( '', ( #4255 ) );
#2168 = EDGE_LOOP( '', ( #4256, #4257, #4258, #4259 ) );
#2169 = AXIS2_PLACEMENT_3D( '', #4260, #4261, #4262 );
#2170 = SURFACE_SIDE_STYLE( '', ( #4263 ) );
#2171 = EDGE_LOOP( '', ( #4264, #4265, #4266, #4267 ) );
#2172 = B_SPLINE_CURVE_WITH_KNOTS( '', 3, ( #4268, #4269, #4270, #4271 ), .UNSPECIFIED., .F., .F., ( 4, 4 ), ( 0.973266954868237, 1.00000000000000 ), .UNSPECIFIED. );
#2173 = VECTOR( '', #4272, 1000.00000000000 );
#2174 = SURFACE_SIDE_STYLE( '', ( #4273 ) );
#2175 = EDGE_LOOP( '', ( #4274, #4275, #4276, #4277 ) );
#2176 = AXIS2_PLACEMENT_3D( '', #4278, #4279, #4280 );
#2177 = SURFACE_SIDE_STYLE( '', ( #4281 ) );
#2178 = EDGE_LOOP( '', ( #4282, #4283, #4284, #4285 ) );
#2179 = B_SPLINE_CURVE_WITH_KNOTS( '', 3, ( #4286, #4287, #4288, #4289, #4290, #4291, #4292 ), .UNSPECIFIED., .F., .F., ( 4, 3, 4 ), ( 0.261468230552944, 0.282521875201089, 0.374240109198532 ), .UNSPECIFIED. );
#2180 = VECTOR( '', #4293, 1000.00000000000 );
#2181 = SURFACE_SIDE_STYLE( '', ( #4294 ) );
#2182 = EDGE_LOOP( '', ( #4295, #4296, #4297, #4298 ) );
#2183 = AXIS2_PLACEMENT_3D( '', #4299, #4300, #4301 );
#2184 = SURFACE_SIDE_STYLE( '', ( #4302 ) );
#2185 = EDGE_LOOP( '', ( #4303 ) );
#2186 = EDGE_LOOP( '', ( #4304 ) );
#2187 = AXIS2_PLACEMENT_3D( '', #4305, #4306, #4307 );
#2188 = SURFACE_SIDE_STYLE( '', ( #4308 ) );
#2189 = EDGE_LOOP( '', ( #4309, #4310, #4311, #4312 ) );
#2190 = AXIS2_PLACEMENT_3D( '', #4313, #4314, #4315 );
#2191 = SURFACE_SIDE_STYLE( '', ( #4316 ) );
#2192 = EDGE_LOOP( '', ( #4317, #4318, #4319, #4320 ) );
#2193 = AXIS2_PLACEMENT_3D( '', #4321, #4322, #4323 );
#2194 = SURFACE_SIDE_STYLE( '', ( #4324 ) );
#2195 = EDGE_LOOP( '', ( #4325, #4326, #4327, #4328, #4329, #4330, #4331, #4332 ) );
#2196 = AXIS2_PLACEMENT_3D( '', #4333, #4334, #4335 );
#2197 = SURFACE_SIDE_STYLE( '', ( #4336 ) );
#2198 = EDGE_LOOP( '', ( #4337, #4338, #4339, #4340 ) );
#2199 = AXIS2_PLACEMENT_3D( '', #4341, #4342, #4343 );
#2200 = SURFACE_SIDE_STYLE( '', ( #4344 ) );
#2201 = EDGE_LOOP( '', ( #4345, #4346, #4347, #4348, #4349, #4350, #4351, #4352 ) );
#2202 = AXIS2_PLACEMENT_3D( '', #4353, #4354, #4355 );
#2203 = SURFACE_SIDE_STYLE( '', ( #4356 ) );
#2204 = EDGE_LOOP( '', ( #4357, #4358, #4359, #4360 ) );
#2205 = AXIS2_PLACEMENT_3D( '', #4361, #4362, #4363 );
#2206 = SURFACE_SIDE_STYLE( '', ( #4364 ) );
#2207 = EDGE_LOOP( '', ( #4365, #4366, #4367, #4368, #4369, #4370, #4371, #4372 ) );
#2208 = AXIS2_PLACEMENT_3D( '', #4373, #4374, #4375 );
#2209 = SURFACE_SIDE_STYLE( '', ( #4376 ) );
#2210 = EDGE_LOOP( '', ( #4377, #4378, #4379, #4380 ) );
#2211 = AXIS2_PLACEMENT_3D( '', #4381, #4382, #4383 );
#2212 = SURFACE_SIDE_STYLE( '', ( #4384 ) );
#2213 = EDGE_LOOP( '', ( #4385, #4386, #4387, #4388 ) );
#2214 = AXIS2_PLACEMENT_3D( '', #4389, #4390, #4391 );
#2215 = SURFACE_SIDE_STYLE( '', ( #4392 ) );
#2216 = EDGE_LOOP( '', ( #4393, #4394, #4395, #4396 ) );
#2217 = AXIS2_PLACEMENT_3D( '', #4397, #4398, #4399 );
#2218 = SURFACE_SIDE_STYLE( '', ( #4400 ) );
#2219 = EDGE_LOOP( '', ( #4401, #4402, #4403, #4404, #4405, #4406 ) );
#2220 = AXIS2_PLACEMENT_3D( '', #4407, #4408, #4409 );
#2221 = SURFACE_SIDE_STYLE( '', ( #4410 ) );
#2222 = EDGE_LOOP( '', ( #4411 ) );
#2223 = AXIS2_PLACEMENT_3D( '', #4412, #4413, #4414 );
#2225 =  ( LENGTH_UNIT(  )NAMED_UNIT( #1485 )SI_UNIT( .MILLI., .METRE. ) );
#2226 = SURFACE_STYLE_FILL_AREA( #4416 );
#2227 = ORIENTED_EDGE( '', *, *, #4417, .F. );
#2228 = ORIENTED_EDGE( '', *, *, #4418, .F. );
#2229 = ORIENTED_EDGE( '', *, *, #4419, .T. );
#2230 = ORIENTED_EDGE( '', *, *, #4420, .T. );
#2231 = CARTESIAN_POINT( '', ( 0.794881683789226, 0.102121308204029, 5.14000000000000 ) );
#2232 = DIRECTION( '', ( 0.709510522722875, -0.704694840441956, 1.05478246282244E-19 ) );
#2233 = DIRECTION( '', ( 0.704694840441956, 0.709510522722875, 0.000000000000000 ) );
#2234 = SURFACE_STYLE_FILL_AREA( #4421 );
#2235 = ORIENTED_EDGE( '', *, *, #4422, .F. );
#2236 = ORIENTED_EDGE( '', *, *, #4423, .F. );
#2237 = ORIENTED_EDGE( '', *, *, #4424, .F. );
#2238 = ORIENTED_EDGE( '', *, *, #4425, .F. );
#2239 = ORIENTED_EDGE( '', *, *, #4426, .F. );
#2240 = ORIENTED_EDGE( '', *, *, #4427, .F. );
#2241 = ORIENTED_EDGE( '', *, *, #4428, .F. );
#2242 = CARTESIAN_POINT( '', ( 2.09023575742685, -0.210804340414153, 5.14000000000000 ) );
#2243 = DIRECTION( '', ( 0.000000000000000, 0.000000000000000, 1.00000000000000 ) );
#2244 = DIRECTION( '', ( 1.00000000000000, 0.000000000000000, 0.000000000000000 ) );
#2245 = SURFACE_STYLE_FILL_AREA( #4429 );
#2246 = ORIENTED_EDGE( '', *, *, #4430, .F. );
#2247 = ORIENTED_EDGE( '', *, *, #4431, .F. );
#2248 = ORIENTED_EDGE( '', *, *, #4432, .F. );
#2249 = ORIENTED_EDGE( '', *, *, #4433, .F. );
#2250 = CARTESIAN_POINT( '', ( -2.20000000000000, 2.20000000000000, 0.500000000000000 ) );
#2251 = DIRECTION( '', ( -0.000000000000000, -0.000000000000000, 1.00000000000000 ) );
#2252 = DIRECTION( '', ( -1.00000000000000, 0.000000000000000, 0.000000000000000 ) );
#2253 = SURFACE_STYLE_FILL_AREA( #4434 );
#2254 = ORIENTED_EDGE( '', *, *, #4435, .F. );
#2255 = ORIENTED_EDGE( '', *, *, #4436, .F. );
#2256 = ORIENTED_EDGE( '', *, *, #4437, .T. );
#2257 = ORIENTED_EDGE( '', *, *, #4438, .T. );
#2258 = CARTESIAN_POINT( '', ( -0.111326958831793, 1.39009200320195, 5.14000000000000 ) );
#2259 = DIRECTION( '', ( -0.985344937398060, -0.170573603889971, -2.53181695693082E-17 ) );
#2260 = DIRECTION( '', ( 0.170573603889971, -0.985344937398060, 0.000000000000000 ) );
#2261 = SURFACE_STYLE_FILL_AREA( #4439 );
#2262 = ORIENTED_EDGE( '', *, *, #4440, .F. );
#2263 = ORIENTED_EDGE( '', *, *, #4441, .F. );
#2264 = ORIENTED_EDGE( '', *, *, #4442, .T. );
#2265 = ORIENTED_EDGE( '', *, *, #4443, .T. );
#2266 = CARTESIAN_POINT( '', ( 1.37944760018794, -0.147910846136809, 5.14000000000000 ) );
#2267 = DIRECTION( '', ( 5.34490065557282E-15, 1.00000000000000, 2.19030741916264E-17 ) );
#2268 = DIRECTION( '', ( -1.00000000000000, 5.34490065557282E-15, 0.000000000000000 ) );
#2269 = SURFACE_STYLE_FILL_AREA( #4444 );
#2270 = ORIENTED_EDGE( '', *, *, #4445, .F. );
#2271 = ORIENTED_EDGE( '', *, *, #4446, .F. );
#2272 = ORIENTED_EDGE( '', *, *, #4447, .T. );
#2273 = ORIENTED_EDGE( '', *, *, #4448, .T. );
#2274 = CARTESIAN_POINT( '', ( 1.13018715002717, 0.350224202094704, 5.14000000000000 ) );
#2275 = DIRECTION( '', ( 1.00000000000000, -5.32680688219576E-15, 2.19030741916262E-17 ) );
#2276 = DIRECTION( '', ( 5.32680688219576E-15, 1.00000000000000, 0.000000000000000 ) );
#2277 = SURFACE_STYLE_FILL_AREA( #4449 );
#2278 = ORIENTED_EDGE( '', *, *, #4450, .F. );
#2279 = ORIENTED_EDGE( '', *, *, #4451, .F. );
#2280 = CARTESIAN_POINT( '', ( -6.88850408170752E-16, 0.000000000000000, 5.14000000000000 ) );
#2281 = DIRECTION( '', ( 0.000000000000000, 0.000000000000000, -1.00000000000000 ) );
#2282 = DIRECTION( '', ( -1.00000000000000, 0.000000000000000, 0.000000000000000 ) );
#2283 = SURFACE_STYLE_FILL_AREA( #4452 );
#2284 = ORIENTED_EDGE( '', *, *, #4453, .F. );
#2285 = ORIENTED_EDGE( '', *, *, #4454, .F. );
#2286 = ORIENTED_EDGE( '', *, *, #4451, .T. );
#2287 = ORIENTED_EDGE( '', *, *, #4455, .T. );
#2288 = CARTESIAN_POINT( '', ( -0.900000000000000, 2.06215906273012, 5.14000000000000 ) );
#2289 = DIRECTION( '', ( -1.00000000000000, 0.000000000000000, -4.38061483832527E-17 ) );
#2290 = DIRECTION( '', ( -4.38061483832527E-17, 0.000000000000000, 1.00000000000000 ) );
#2291 = SURFACE_STYLE_FILL_AREA( #4456 );
#2292 = ORIENTED_EDGE( '', *, *, #4457, .T. );
#2293 = ORIENTED_EDGE( '', *, *, #4458, .F. );
#2294 = CARTESIAN_POINT( '', ( -5.00098941443845E-18, 0.000000000000000, 0.0500000000000000 ) );
#2295 = DIRECTION( '', ( 1.00019788288769E-16, -0.000000000000000, -1.00000000000000 ) );
#2296 = DIRECTION( '', ( 1.00000000000000, 0.000000000000000, 1.00019788288769E-16 ) );
#2297 = SURFACE_STYLE_FILL_AREA( #4459 );
#2298 = ORIENTED_EDGE( '', *, *, #4460, .T. );
#2299 = ORIENTED_EDGE( '', *, *, #4461, .F. );
#2300 = ORIENTED_EDGE( '', *, *, #4462, .F. );
#2301 = ORIENTED_EDGE( '', *, *, #4463, .T. );
#2302 = CARTESIAN_POINT( '', ( 0.611136500959136, 0.829597035134969, 5.14000000000000 ) );
#2303 = DIRECTION( '', ( 0.860646621654616, -0.509202702893942, 7.69770222681091E-18 ) );
#2304 = DIRECTION( '', ( 0.509202702893942, 0.860646621654616, 0.000000000000000 ) );
#2305 = SURFACE_STYLE_FILL_AREA( #4464 );
#2306 = ORIENTED_EDGE( '', *, *, #4465, .T. );
#2307 = ORIENTED_EDGE( '', *, *, #4466, .F. );
#2308 = ORIENTED_EDGE( '', *, *, #4467, .F. );
#2309 = ORIENTED_EDGE( '', *, *, #4468, .T. );
#2310 = CARTESIAN_POINT( '', ( 1.13125219467687, 1.71231915965340, 5.14000000000000 ) );
#2311 = DIRECTION( '', ( -9.43689570931383E-16, 1.00000000000000, 2.19030741916264E-17 ) );
#2312 = DIRECTION( '', ( -1.00000000000000, -9.43689570931383E-16, 0.000000000000000 ) );
#2313 = SURFACE_STYLE_FILL_AREA( #4469 );
#2314 = ORIENTED_EDGE( '', *, *, #4470, .F. );
#2315 = ORIENTED_EDGE( '', *, *, #4471, .F. );
#2316 = ORIENTED_EDGE( '', *, *, #4428, .T. );
#2317 = ORIENTED_EDGE( '', *, *, #4472, .T. );
#2318 = CARTESIAN_POINT( '', ( 1.74639293780852, -0.182251682149672, 5.14000000000000 ) );
#2319 = DIRECTION( '', ( -0.132163720091022, -0.991227900682634, -2.46057300160568E-17 ) );
#2320 = DIRECTION( '', ( 0.991227900682634, -0.132163720091022, 0.000000000000000 ) );
#2321 = SURFACE_STYLE_FILL_AREA( #4473 );
#2322 = ORIENTED_EDGE( '', *, *, #4474, .F. );
#2323 = ORIENTED_EDGE( '', *, *, #4475, .F. );
#2324 = ORIENTED_EDGE( '', *, *, #4476, .T. );
#2325 = ORIENTED_EDGE( '', *, *, #4477, .T. );
#2326 = CARTESIAN_POINT( '', ( 0.000000000000000, 0.000000000000000, 0.900000000000000 ) );
#2327 = DIRECTION( '', ( -0.000000000000000, -0.000000000000000, 1.00000000000000 ) );
#2328 = DIRECTION( '', ( -1.00000000000000, 0.000000000000000, 0.000000000000000 ) );
#2329 = SURFACE_STYLE_FILL_AREA( #4478 );
#2330 = ORIENTED_EDGE( '', *, *, #4479, .F. );
#2331 = ORIENTED_EDGE( '', *, *, #4480, .F. );
#2332 = ORIENTED_EDGE( '', *, *, #4481, .T. );
#2333 = ORIENTED_EDGE( '', *, *, #4482, .T. );
#2334 = CARTESIAN_POINT( '', ( -0.00769066347765419, 0.152667931998245, 5.14000000000000 ) );
#2335 = CARTESIAN_POINT( '', ( -0.00151703003713980, 0.182378542930721, 5.14000000000000 ) );
#2336 = CARTESIAN_POINT( '', ( 0.00890097639372808, 0.206301372512715, 5.14000000000000 ) );
#2337 = CARTESIAN_POINT( '', ( 0.0235633558149505, 0.224822272834258, 5.14000000000000 ) );
#2338 = CARTESIAN_POINT( '', ( 0.0380379566309916, 0.243105979128204, 5.14000000000000 ) );
#2339 = CARTESIAN_POINT( '', ( 0.0590617480979087, 0.257233848396959, 5.14000000000000 ) );
#2340 = CARTESIAN_POINT( '', ( 0.0864572464901918, 0.267266002737794, 5.14000000000000 ) );
#2341 = CARTESIAN_POINT( '', ( 0.114068382004681, 0.277377122785354, 5.14000000000000 ) );
#2342 = CARTESIAN_POINT( '', ( 0.145878468355144, 0.281928382159017, 5.14000000000000 ) );
#2343 = CARTESIAN_POINT( '', ( 0.218032809191157, 0.281928382159016, 5.14000000000000 ) );
#2344 = CARTESIAN_POINT( '', ( 0.246971715943568, 0.277684009168663, 5.14000000000000 ) );
#2345 = CARTESIAN_POINT( '', ( 0.269736989255465, 0.269195263187955, 5.14000000000000 ) );
#2346 = CARTESIAN_POINT( '', ( 0.292163510707235, 0.260832831460176, 5.14000000000000 ) );
#2347 = CARTESIAN_POINT( '', ( 0.308708050348713, 0.250288510776379, 5.14000000000000 ) );
#2348 = CARTESIAN_POINT( '', ( 0.329544063210448, 0.224822272834257, 5.14000000000000 ) );
#2349 = CARTESIAN_POINT( '', ( 0.336875252921060, 0.208616485052906, 5.14000000000000 ) );
#2350 = CARTESIAN_POINT( '', ( 0.341119625911413, 0.189323880551299, 5.14000000000000 ) );
#2351 = CARTESIAN_POINT( '', ( 0.343835312101731, 0.176979852413490, 5.14000000000000 ) );
#2352 = CARTESIAN_POINT( '', ( 0.344978146811735, 0.154983044538437, 5.14000000000000 ) );
#2353 = CARTESIAN_POINT( '', ( 0.344978146811735, 0.123343173155800, 5.14000000000000 ) );
#2354 = CARTESIAN_POINT( '', ( 0.344978146811734, 0.0915746844098194, 5.14000000000000 ) );
#2355 = CARTESIAN_POINT( '', ( 0.344978146811734, 0.0598061956638387, 5.14000000000000 ) );
#2356 = CARTESIAN_POINT( '', ( 0.344978146811734, 0.0280377069178582, 5.14000000000000 ) );
#2357 = CARTESIAN_POINT( '', ( 0.344978146811734, -0.0383288525676725, 5.14000000000000 ) );
#2358 = CARTESIAN_POINT( '', ( 0.346521555171862, -0.0803867303811773, 5.14000000000000 ) );
#2359 = CARTESIAN_POINT( '', ( 0.349222519802087, -0.0977500744326243, 5.14000000000000 ) );
#2360 = CARTESIAN_POINT( '', ( 0.351991203892665, -0.115548757872053, 5.14000000000000 ) );
#2361 = CARTESIAN_POINT( '', ( 0.358097117872826, -0.132090910445486, 5.14000000000000 ) );
#2362 = CARTESIAN_POINT( '', ( 0.366585863853534, -0.147910846136804, 5.14000000000000 ) );
#2363 = DIRECTION( '', ( -2.19030741916263E-17, -2.19030741916264E-17, 1.00000000000000 ) );
#2364 = SURFACE_STYLE_FILL_AREA( #4483 );
#2365 = ORIENTED_EDGE( '', *, *, #4484, .F. );
#2366 = ORIENTED_EDGE( '', *, *, #4485, .F. );
#2367 = ORIENTED_EDGE( '', *, *, #4425, .T. );
#2368 = ORIENTED_EDGE( '', *, *, #4486, .T. );
#2369 = CARTESIAN_POINT( '', ( 2.03886882205289, 0.220963751933928, 5.14000000000000 ) );
#2370 = DIRECTION( '', ( 1.00000000000000, -8.38773322495007E-15, 2.19030741916261E-17 ) );
#2371 = DIRECTION( '', ( 8.38773322495007E-15, 1.00000000000000, 0.000000000000000 ) );
#2372 = SURFACE_STYLE_FILL_AREA( #4487 );
#2373 = ORIENTED_EDGE( '', *, *, #4488, .F. );
#2374 = ORIENTED_EDGE( '', *, *, #4489, .F. );
#2375 = ORIENTED_EDGE( '', *, *, #4423, .T. );
#2376 = ORIENTED_EDGE( '', *, *, #4471, .T. );
#2377 = CARTESIAN_POINT( '', ( 2.10292026899823, 0.272667931998237, 5.14000000000000 ) );
#2378 = CARTESIAN_POINT( '', ( 2.10292026899823, 0.151510375728140, 5.14000000000000 ) );
#2379 = CARTESIAN_POINT( '', ( 2.10292026899823, 0.0303528194580439, 5.14000000000000 ) );
#2380 = CARTESIAN_POINT( '', ( 2.10292026899823, -0.0908047368120528, 5.14000000000000 ) );
#2381 = CARTESIAN_POINT( '', ( 2.10292026899823, -0.156013740027487, 5.14000000000000 ) );
#2382 = CARTESIAN_POINT( '', ( 2.09636078346768, -0.202701842921378, 5.14000000000000 ) );
#2383 = CARTESIAN_POINT( '', ( 2.08285596031655, -0.229711489223628, 5.14000000000000 ) );
#2384 = CARTESIAN_POINT( '', ( 2.06927396674743, -0.256875476361892, 5.14000000000000 ) );
#2385 = CARTESIAN_POINT( '', ( 2.04851512430369, -0.278714704657712, 5.14000000000000 ) );
#2386 = CARTESIAN_POINT( '', ( 1.99063731079887, -0.310354576040348, 5.14000000000000 ) );
#2387 = CARTESIAN_POINT( '', ( 1.95513891851592, -0.318071617840991, 5.14000000000000 ) );
#2388 = CARTESIAN_POINT( '', ( 1.86253441690819, -0.318071617840991, 5.14000000000000 ) );
#2389 = CARTESIAN_POINT( '', ( 1.82201994745482, -0.306881907230058, 5.14000000000000 ) );
#2390 = CARTESIAN_POINT( '', ( 1.79115178025225, -0.284502486008193, 5.14000000000000 ) );
#2391 = CARTESIAN_POINT( '', ( 1.76010025031946, -0.261990126806928, 5.14000000000000 ) );
#2392 = CARTESIAN_POINT( '', ( 1.74523538153842, -0.227782228773466, 5.14000000000000 ) );
#2393 = CARTESIAN_POINT( '', ( 1.74639293780852, -0.182251682149672, 5.14000000000000 ) );
#2394 = DIRECTION( '', ( -2.19030741916263E-17, -2.19030741916264E-17, 1.00000000000000 ) );
#2395 = SURFACE_STYLE_FILL_AREA( #4490 );
#2396 = ORIENTED_EDGE( '', *, *, #4491, .F. );
#2397 = ORIENTED_EDGE( '', *, *, #4492, .T. );
#2398 = ORIENTED_EDGE( '', *, *, #4493, .T. );
#2399 = ORIENTED_EDGE( '', *, *, #4494, .F. );
#2400 = CARTESIAN_POINT( '', ( -5.00098941443845E-18, 0.000000000000000, 0.0500000000000000 ) );
#2401 = DIRECTION( '', ( 1.00019788288769E-16, -0.000000000000000, -1.00000000000000 ) );
#2402 = DIRECTION( '', ( 1.00000000000000, 0.000000000000000, 1.00019788288769E-16 ) );
#2403 = SURFACE_STYLE_FILL_AREA( #4495 );
#2404 = ORIENTED_EDGE( '', *, *, #4496, .T. );
#2405 = ORIENTED_EDGE( '', *, *, #4497, .F. );
#2406 = ORIENTED_EDGE( '', *, *, #4498, .F. );
#2407 = ORIENTED_EDGE( '', *, *, #4499, .T. );
#2408 = CARTESIAN_POINT( '', ( 0.812444692218462, 1.17076907470757, 5.14000000000000 ) );
#2409 = DIRECTION( '', ( 0.863126069470665, -0.504988503037565, 7.84431368839267E-18 ) );
#2410 = DIRECTION( '', ( 0.504988503037565, 0.863126069470665, 0.000000000000000 ) );
#2411 = SURFACE_STYLE_FILL_AREA( #4500 );
#2412 = ORIENTED_EDGE( '', *, *, #4501, .F. );
#2413 = ORIENTED_EDGE( '', *, *, #4502, .T. );
#2414 = ORIENTED_EDGE( '', *, *, #4503, .T. );
#2415 = ORIENTED_EDGE( '', *, *, #4504, .T. );
#2416 = ORIENTED_EDGE( '', *, *, #4505, .T. );
#2417 = ORIENTED_EDGE( '', *, *, #4506, .F. );
#2418 = ORIENTED_EDGE( '', *, *, #4507, .T. );
#2419 = ORIENTED_EDGE( '', *, *, #4508, .T. );
#2420 = CARTESIAN_POINT( '', ( 2.65000000000000, 2.65000000000000, 0.500000000000000 ) );
#2421 = DIRECTION( '', ( 1.00000000000000, 0.000000000000000, 0.000000000000000 ) );
#2422 = DIRECTION( '', ( 0.000000000000000, 0.000000000000000, -1.00000000000000 ) );
#2423 = SURFACE_STYLE_FILL_AREA( #4509 );
#2424 = ORIENTED_EDGE( '', *, *, #4510, .F. );
#2425 = ORIENTED_EDGE( '', *, *, #4511, .F. );
#2426 = ORIENTED_EDGE( '', *, *, #4512, .T. );
#2427 = ORIENTED_EDGE( '', *, *, #4513, .T. );
#2428 = CARTESIAN_POINT( '', ( 0.000000000000000, 0.000000000000000, 1.60000000000000 ) );
#2429 = DIRECTION( '', ( -0.000000000000000, -0.000000000000000, 1.00000000000000 ) );
#2430 = DIRECTION( '', ( -1.00000000000000, 0.000000000000000, 0.000000000000000 ) );
#2431 = SURFACE_STYLE_FILL_AREA( #4514 );
#2432 = ORIENTED_EDGE( '', *, *, #4515, .F. );
#2433 = ORIENTED_EDGE( '', *, *, #4516, .F. );
#2434 = ORIENTED_EDGE( '', *, *, #4517, .T. );
#2435 = ORIENTED_EDGE( '', *, *, #4518, .T. );
#2436 = CARTESIAN_POINT( '', ( 1.25000000000000, 0.000000000000000, -0.300000000000000 ) );
#2437 = DIRECTION( '', ( -0.000000000000000, 1.00000000000000, -0.000000000000000 ) );
#2438 = DIRECTION( '', ( 0.000000000000000, 0.000000000000000, -1.00000000000000 ) );
#2439 = SURFACE_STYLE_FILL_AREA( #4519 );
#2440 = ORIENTED_EDGE( '', *, *, #4520, .T. );
#2441 = ORIENTED_EDGE( '', *, *, #4521, .F. );
#2442 = ORIENTED_EDGE( '', *, *, #4522, .F. );
#2443 = ORIENTED_EDGE( '', *, *, #4523, .T. );
#2444 = CARTESIAN_POINT( '', ( -5.40403612585223E-17, 0.950000000000000, 0.200000000000000 ) );
#2445 = DIRECTION( '', ( -0.000000000000000, -0.000000000000000, 1.00000000000000 ) );
#2446 = DIRECTION( '', ( -1.00000000000000, 0.000000000000000, 0.000000000000000 ) );
#2447 = SURFACE_STYLE_FILL_AREA( #4524 );
#2448 = ORIENTED_EDGE( '', *, *, #4525, .T. );
#2449 = ORIENTED_EDGE( '', *, *, #4526, .T. );
#2450 = CARTESIAN_POINT( '', ( -1.07927807238134E-32, 0.000000000000000, 2.46375934021617E-16 ) );
#2451 = DIRECTION( '', ( -4.38061483832527E-17, 0.000000000000000, 1.00000000000000 ) );
#2452 = DIRECTION( '', ( 1.00000000000000, 0.000000000000000, 4.38061483832527E-17 ) );
#2453 = SURFACE_STYLE_FILL_AREA( #4527 );
#2454 = ORIENTED_EDGE( '', *, *, #4528, .F. );
#2455 = ORIENTED_EDGE( '', *, *, #4430, .T. );
#2456 = ORIENTED_EDGE( '', *, *, #4529, .F. );
#2457 = ORIENTED_EDGE( '', *, *, #4530, .F. );
#2458 = ORIENTED_EDGE( '', *, *, #4531, .F. );
#2459 = ORIENTED_EDGE( '', *, *, #4532, .F. );
#2460 = CARTESIAN_POINT( '', ( 0.000000000000000, 0.000000000000000, 1.60000000000000 ) );
#2461 = DIRECTION( '', ( 0.000000000000000, 0.000000000000000, 1.00000000000000 ) );
#2462 = DIRECTION( '', ( 1.00000000000000, 0.000000000000000, 0.000000000000000 ) );
#2463 = SURFACE_STYLE_FILL_AREA( #4533 );
#2464 = ORIENTED_EDGE( '', *, *, #4534, .T. );
#2465 = ORIENTED_EDGE( '', *, *, #4535, .T. );
#2466 = CARTESIAN_POINT( '', ( -1.65000000000000, -1.45000000000000, -0.0600000000000000 ) );
#2467 = DIRECTION( '', ( -0.000000000000000, -0.000000000000000, -1.00000000000000 ) );
#2468 = DIRECTION( '', ( 1.00000000000000, 0.000000000000000, 0.000000000000000 ) );
#2469 = SURFACE_STYLE_FILL_AREA( #4536 );
#2470 = ORIENTED_EDGE( '', *, *, #4537, .T. );
#2471 = ORIENTED_EDGE( '', *, *, #4538, .F. );
#2472 = ORIENTED_EDGE( '', *, *, #4539, .F. );
#2473 = ORIENTED_EDGE( '', *, *, #4540, .T. );
#2474 = CARTESIAN_POINT( '', ( 0.364675198376417, 1.04488477191763, 5.14000000000000 ) );
#2475 = DIRECTION( '', ( 0.861792152832441, -0.507261555133470, 7.76530998460216E-18 ) );
#2476 = DIRECTION( '', ( 0.507261555133470, 0.861792152832441, 0.000000000000000 ) );
#2477 = SURFACE_STYLE_FILL_AREA( #4541 );
#2478 = ORIENTED_EDGE( '', *, *, #4542, .F. );
#2479 = ORIENTED_EDGE( '', *, *, #4543, .F. );
#2480 = ORIENTED_EDGE( '', *, *, #4544, .F. );
#2481 = ORIENTED_EDGE( '', *, *, #4545, .F. );
#2482 = ORIENTED_EDGE( '', *, *, #4546, .F. );
#2483 = ORIENTED_EDGE( '', *, *, #4547, .F. );
#2484 = ORIENTED_EDGE( '', *, *, #4548, .F. );
#2485 = ORIENTED_EDGE( '', *, *, #4549, .F. );
#2486 = ORIENTED_EDGE( '', *, *, #4437, .F. );
#2487 = ORIENTED_EDGE( '', *, *, #4550, .F. );
#2488 = ORIENTED_EDGE( '', *, *, #4551, .F. );
#2489 = ORIENTED_EDGE( '', *, *, #4552, .F. );
#2490 = ORIENTED_EDGE( '', *, *, #4553, .F. );
#2491 = CARTESIAN_POINT( '', ( -1.12581801344959E-16, -1.12581801344959E-16, 5.14000000000000 ) );
#2492 = DIRECTION( '', ( 2.19030741916263E-17, 2.19030741916264E-17, -1.00000000000000 ) );
#2493 = DIRECTION( '', ( 0.000000000000000, 1.00000000000000, 2.19030741916264E-17 ) );
#2494 = SURFACE_STYLE_FILL_AREA( #4554 );
#2495 = ORIENTED_EDGE( '', *, *, #4555, .F. );
#2496 = ORIENTED_EDGE( '', *, *, #4556, .T. );
#2497 = ORIENTED_EDGE( '', *, *, #4557, .T. );
#2498 = ORIENTED_EDGE( '', *, *, #4558, .F. );
#2499 = ORIENTED_EDGE( '', *, *, #4493, .F. );
#2500 = ORIENTED_EDGE( '', *, *, #4559, .T. );
#2501 = CARTESIAN_POINT( '', ( -1.50029682433154E-17, 0.000000000000000, 0.150000000000000 ) );
#2502 = DIRECTION( '', ( -1.00019788288769E-16, 0.000000000000000, 1.00000000000000 ) );
#2503 = DIRECTION( '', ( 1.00000000000000, 0.000000000000000, 1.00019788288769E-16 ) );
#2504 = SURFACE_STYLE_FILL_AREA( #4560 );
#2505 = ORIENTED_EDGE( '', *, *, #4561, .F. );
#2506 = ORIENTED_EDGE( '', *, *, #4559, .F. );
#2507 = ORIENTED_EDGE( '', *, *, #4492, .F. );
#2508 = ORIENTED_EDGE( '', *, *, #4562, .T. );
#2509 = ORIENTED_EDGE( '', *, *, #4563, .F. );
#2510 = ORIENTED_EDGE( '', *, *, #4564, .F. );
#2511 = CARTESIAN_POINT( '', ( 1.05000000000000, -6.42939569552361E-17, 0.550000000000000 ) );
#2512 = DIRECTION( '', ( -9.85638338623195E-17, -0.000000000000000, 1.00000000000000 ) );
#2513 = DIRECTION( '', ( -1.00000000000000, 0.000000000000000, -9.85638338623195E-17 ) );
#2514 = SURFACE_STYLE_FILL_AREA( #4565 );
#2515 = ORIENTED_EDGE( '', *, *, #4566, .F. );
#2516 = ORIENTED_EDGE( '', *, *, #4567, .F. );
#2517 = ORIENTED_EDGE( '', *, *, #4568, .F. );
#2518 = ORIENTED_EDGE( '', *, *, #4569, .F. );
#2519 = ORIENTED_EDGE( '', *, *, #4570, .T. );
#2520 = ORIENTED_EDGE( '', *, *, #4571, .T. );
#2521 = ORIENTED_EDGE( '', *, *, #4572, .T. );
#2522 = ORIENTED_EDGE( '', *, *, #4573, .T. );
#2523 = ORIENTED_EDGE( '', *, *, #4574, .F. );
#2524 = ORIENTED_EDGE( '', *, *, #4575, .T. );
#2525 = ORIENTED_EDGE( '', *, *, #4576, .F. );
#2526 = ORIENTED_EDGE( '', *, *, #4577, .T. );
#2527 = ORIENTED_EDGE( '', *, *, #4578, .F. );
#2528 = ORIENTED_EDGE( '', *, *, #4579, .T. );
#2529 = CARTESIAN_POINT( '', ( -3.00000000000000, -0.325000000000000, -0.650000000000000 ) );
#2530 = DIRECTION( '', ( 2.23903685870914E-32, -1.00000000000000, -1.80700362080917E-16 ) );
#2531 = DIRECTION( '', ( 0.000000000000000, 1.80700362080917E-16, -1.00000000000000 ) );
#2532 = SURFACE_STYLE_FILL_AREA( #4580 );
#2533 = ORIENTED_EDGE( '', *, *, #4581, .F. );
#2534 = ORIENTED_EDGE( '', *, *, #4582, .F. );
#2535 = ORIENTED_EDGE( '', *, *, #4583, .T. );
#2536 = ORIENTED_EDGE( '', *, *, #4584, .T. );
#2537 = CARTESIAN_POINT( '', ( -0.212963975374760, 0.431638993091494, 5.14000000000000 ) );
#2538 = DIRECTION( '', ( -6.38611506899604E-15, -1.00000000000000, -2.19030741916265E-17 ) );
#2539 = DIRECTION( '', ( 1.00000000000000, -6.38611506899604E-15, 0.000000000000000 ) );
#2540 = SURFACE_STYLE_FILL_AREA( #4585 );
#2541 = ORIENTED_EDGE( '', *, *, #4586, .F. );
#2542 = ORIENTED_EDGE( '', *, *, #4587, .F. );
#2543 = CARTESIAN_POINT( '', ( -3.74022135565962E-17, 0.000000000000000, 0.853811963320090 ) );
#2544 = DIRECTION( '', ( 4.38061483832527E-17, 0.000000000000000, -1.00000000000000 ) );
#2545 = DIRECTION( '', ( -1.00000000000000, 0.000000000000000, -4.38061483832527E-17 ) );
#2546 = SURFACE_STYLE_FILL_AREA( #4588 );
#2547 = ORIENTED_EDGE( '', *, *, #4589, .F. );
#2548 = ORIENTED_EDGE( '', *, *, #4590, .T. );
#2549 = ORIENTED_EDGE( '', *, *, #4591, .T. );
#2550 = ORIENTED_EDGE( '', *, *, #4592, .F. );
#2551 = CARTESIAN_POINT( '', ( -5.00098941443845E-18, 0.000000000000000, 0.0500000000000000 ) );
#2552 = DIRECTION( '', ( 1.00019788288769E-16, -0.000000000000000, -1.00000000000000 ) );
#2553 = DIRECTION( '', ( 1.00000000000000, 0.000000000000000, 1.00019788288769E-16 ) );
#2554 = SURFACE_STYLE_FILL_AREA( #4593 );
#2555 = ORIENTED_EDGE( '', *, *, #4594, .F. );
#2556 = ORIENTED_EDGE( '', *, *, #4504, .F. );
#2557 = ORIENTED_EDGE( '', *, *, #4595, .T. );
#2558 = ORIENTED_EDGE( '', *, *, #4511, .T. );
#2559 = CARTESIAN_POINT( '', ( 2.65000000000000, 0.825000000000000, 1.60000000000000 ) );
#2560 = DIRECTION( '', ( 0.000000000000000, -1.00000000000000, 0.000000000000000 ) );
#2561 = DIRECTION( '', ( 0.000000000000000, 0.000000000000000, -1.00000000000000 ) );
#2562 = SURFACE_STYLE_FILL_AREA( #4596 );
#2563 = ORIENTED_EDGE( '', *, *, #4597, .F. );
#2564 = ORIENTED_EDGE( '', *, *, #4598, .F. );
#2565 = ORIENTED_EDGE( '', *, *, #4548, .T. );
#2566 = ORIENTED_EDGE( '', *, *, #4599, .T. );
#2567 = CARTESIAN_POINT( '', ( 0.189246948535970, 1.71231915965340, 5.14000000000000 ) );
#2568 = DIRECTION( '', ( 1.77635683940025E-15, -1.00000000000000, -2.19030741916263E-17 ) );
#2569 = DIRECTION( '', ( 1.00000000000000, 1.77635683940025E-15, 0.000000000000000 ) );
#2570 = SURFACE_STYLE_FILL_AREA( #4600 );
#2571 = ORIENTED_EDGE( '', *, *, #4601, .T. );
#2572 = ORIENTED_EDGE( '', *, *, #4602, .T. );
#2573 = ORIENTED_EDGE( '', *, *, #4603, .F. );
#2574 = ORIENTED_EDGE( '', *, *, #4604, .F. );
#2575 = CARTESIAN_POINT( '', ( -5.00098941443845E-18, 0.000000000000000, 0.0500000000000000 ) );
#2576 = DIRECTION( '', ( 1.00019788288769E-16, -0.000000000000000, -1.00000000000000 ) );
#2577 = DIRECTION( '', ( 1.00000000000000, 0.000000000000000, 1.00019788288769E-16 ) );
#2578 = SURFACE_STYLE_FILL_AREA( #4605 );
#2579 = ORIENTED_EDGE( '', *, *, #4606, .T. );
#2580 = ORIENTED_EDGE( '', *, *, #4607, .F. );
#2581 = ORIENTED_EDGE( '', *, *, #4608, .F. );
#2582 = ORIENTED_EDGE( '', *, *, #4521, .T. );
#2583 = CARTESIAN_POINT( '', ( -0.500000000000000, 0.950000000000000, 0.200000000000000 ) );
#2584 = DIRECTION( '', ( -1.00000000000000, 6.37765983815003E-17, 0.000000000000000 ) );
#2585 = DIRECTION( '', ( -6.37765983815003E-17, -1.00000000000000, 0.000000000000000 ) );
#2586 = SURFACE_STYLE_FILL_AREA( #4609 );
#2587 = ORIENTED_EDGE( '', *, *, #4610, .F. );
#2588 = ORIENTED_EDGE( '', *, *, #4611, .F. );
#2589 = ORIENTED_EDGE( '', *, *, #4612, .T. );
#2590 = ORIENTED_EDGE( '', *, *, #4613, .T. );
#2591 = CARTESIAN_POINT( '', ( 0.278225735236171, -0.0950491098023989, 5.14000000000000 ) );
#2592 = CARTESIAN_POINT( '', ( 0.252759497294048, -0.117814383114296, 5.14000000000000 ) );
#2593 = CARTESIAN_POINT( '', ( 0.227679111441958, -0.134406022985678, 5.14000000000000 ) );
#2594 = CARTESIAN_POINT( '', ( 0.202984577679900, -0.143666473146450, 5.14000000000000 ) );
#2595 = CARTESIAN_POINT( '', ( 0.178628325202254, -0.152800067825567, 5.14000000000000 ) );
#2596 = CARTESIAN_POINT( '', ( 0.152437953885688, -0.157557148387607, 5.14000000000000 ) );
#2597 = CARTESIAN_POINT( '', ( 0.0779685005094825, -0.157557148387607, 5.14000000000000 ) );
#2598 = CARTESIAN_POINT( '', ( 0.0424701082265243, -0.146367437776674, 5.14000000000000 ) );
#2599 = CARTESIAN_POINT( '', ( 0.0173897223744346, -0.123988016554809, 5.14000000000000 ) );
#2600 = CARTESIAN_POINT( '', ( -0.00766752963907765, -0.101629237835059, 5.14000000000000 ) );
#2601 = CARTESIAN_POINT( '', ( -0.0200379303586843, -0.0726696885805327, 5.14000000000000 ) );
#2602 = CARTESIAN_POINT( '', ( -0.0200379303586841, -0.0167211355258702, 5.14000000000000 ) );
#2603 = CARTESIAN_POINT( '', ( -0.0150218531882662, 0.00179976479567321, 5.14000000000000 ) );
#2604 = CARTESIAN_POINT( '', ( -0.00576140302749437, 0.0191631088471200, 5.14000000000000 ) );
#2605 = CARTESIAN_POINT( '', ( 0.00333883173257178, 0.0362260490222443, 5.14000000000000 ) );
#2606 = CARTESIAN_POINT( '', ( 0.0158463140143066, 0.0496454239596600, 5.14000000000000 ) );
#2607 = CARTESIAN_POINT( '', ( 0.0312803976155926, 0.0600634303905281, 5.14000000000000 ) );
#2608 = CARTESIAN_POINT( '', ( 0.0462704779531232, 0.0701817346183616, 5.14000000000000 ) );
#2609 = CARTESIAN_POINT( '', ( 0.0636919731782941, 0.0781984786220391, 5.14000000000000 ) );
#2610 = CARTESIAN_POINT( '', ( 0.0825987255898691, 0.0832145557924572, 5.14000000000000 ) );
#2611 = CARTESIAN_POINT( '', ( 0.0965323400130302, 0.0869112290067654, 5.14000000000000 ) );
#2612 = CARTESIAN_POINT( '', ( 0.117711265782795, 0.0905457455030680, 5.14000000000000 ) );
#2613 = CARTESIAN_POINT( '', ( 0.146264320445175, 0.0940184143133574, 5.14000000000000 ) );
#2614 = CARTESIAN_POINT( '', ( 0.203750657598801, 0.101009995859068, 5.14000000000000 ) );
#2615 = CARTESIAN_POINT( '', ( 0.246585863853535, 0.109066645824611, 5.14000000000000 ) );
#2616 = CARTESIAN_POINT( '', ( 0.273595510155786, 0.118712948075415, 5.14000000000000 ) );
#2617 = DIRECTION( '', ( -2.19030741916263E-17, -2.19030741916264E-17, 1.00000000000000 ) );
#2618 = SURFACE_STYLE_FILL_AREA( #4614 );
#2619 = ORIENTED_EDGE( '', *, *, #4615, .F. );
#2620 = ORIENTED_EDGE( '', *, *, #4616, .F. );
#2621 = ORIENTED_EDGE( '', *, *, #4617, .T. );
#2622 = ORIENTED_EDGE( '', *, *, #4618, .T. );
#2623 = CARTESIAN_POINT( '', ( 0.723884899223311, 0.431638993091490, 5.14000000000000 ) );
#2624 = DIRECTION( '', ( -5.34490065557280E-15, -1.00000000000000, -2.19030741916264E-17 ) );
#2625 = DIRECTION( '', ( 1.00000000000000, -5.34490065557280E-15, 0.000000000000000 ) );
#2626 = SURFACE_STYLE_FILL_AREA( #4619 );
#2627 = ORIENTED_EDGE( '', *, *, #4591, .F. );
#2628 = ORIENTED_EDGE( '', *, *, #4620, .T. );
#2629 = ORIENTED_EDGE( '', *, *, #4601, .F. );
#2630 = ORIENTED_EDGE( '', *, *, #4621, .F. );
#2631 = ORIENTED_EDGE( '', *, *, #4622, .T. );
#2632 = CARTESIAN_POINT( '', ( -1.50029682433154E-17, 0.000000000000000, 0.150000000000000 ) );
#2633 = DIRECTION( '', ( -1.00019788288769E-16, 0.000000000000000, 1.00000000000000 ) );
#2634 = DIRECTION( '', ( 1.00000000000000, 0.000000000000000, 1.00019788288769E-16 ) );
#2635 = SURFACE_STYLE_FILL_AREA( #4623 );
#2636 = ORIENTED_EDGE( '', *, *, #4624, .T. );
#2637 = ORIENTED_EDGE( '', *, *, #4625, .T. );
#2638 = CARTESIAN_POINT( '', ( -4.33680868994202E-16, 0.000000000000000, 9.90000000000000 ) );
#2639 = DIRECTION( '', ( 4.38061483832527E-17, -0.000000000000000, -1.00000000000000 ) );
#2640 = DIRECTION( '', ( 1.00000000000000, 0.000000000000000, 4.38061483832527E-17 ) );
#2641 = SURFACE_STYLE_FILL_AREA( #4626 );
#2642 = ORIENTED_EDGE( '', *, *, #4627, .F. );
#2643 = ORIENTED_EDGE( '', *, *, #4628, .F. );
#2644 = ORIENTED_EDGE( '', *, *, #4629, .F. );
#2645 = ORIENTED_EDGE( '', *, *, #4630, .F. );
#2646 = ORIENTED_EDGE( '', *, *, #4481, .F. );
#2647 = ORIENTED_EDGE( '', *, *, #4631, .F. );
#2648 = ORIENTED_EDGE( '', *, *, #4632, .F. );
#2649 = ORIENTED_EDGE( '', *, *, #4612, .F. );
#2650 = CARTESIAN_POINT( '', ( 0.283724127519129, -0.123650395976032, 5.14000000000000 ) );
#2651 = DIRECTION( '', ( 0.000000000000000, 0.000000000000000, 1.00000000000000 ) );
#2652 = DIRECTION( '', ( 1.00000000000000, 0.000000000000000, 0.000000000000000 ) );
#2653 = SURFACE_STYLE_FILL_AREA( #4633 );
#2654 = ORIENTED_EDGE( '', *, *, #4634, .F. );
#2655 = ORIENTED_EDGE( '', *, *, #4618, .F. );
#2656 = ORIENTED_EDGE( '', *, *, #4635, .T. );
#2657 = ORIENTED_EDGE( '', *, *, #4418, .T. );
#2658 = CARTESIAN_POINT( '', ( 0.794881683789228, 0.431638993091490, 5.14000000000000 ) );
#2659 = DIRECTION( '', ( -1.00000000000000, 4.27735107665778E-15, -2.19030741916262E-17 ) );
#2660 = DIRECTION( '', ( -4.27735107665778E-15, -1.00000000000000, 0.000000000000000 ) );
#2661 = SURFACE_STYLE_FILL_AREA( #4636 );
#2662 = ORIENTED_EDGE( '', *, *, #4637, .F. );
#2663 = ORIENTED_EDGE( '', *, *, #4638, .F. );
#2664 = ORIENTED_EDGE( '', *, *, #4639, .T. );
#2665 = ORIENTED_EDGE( '', *, *, #4640, .T. );
#2666 = CARTESIAN_POINT( '', ( 0.844270751313342, 0.0662370638310393, 5.14000000000000 ) );
#2667 = DIRECTION( '', ( -0.695795215827007, 0.718240222789179, 4.91614652724061E-19 ) );
#2668 = DIRECTION( '', ( -0.718240222789179, -0.695795215827007, 0.000000000000000 ) );
#2669 = SURFACE_STYLE_FILL_AREA( #4641 );
#2670 = ORIENTED_EDGE( '', *, *, #4642, .T. );
#2671 = ORIENTED_EDGE( '', *, *, #4643, .T. );
#2672 = CARTESIAN_POINT( '', ( 1.65000000000000, 1.65000000000000, -0.0600000000000000 ) );
#2673 = DIRECTION( '', ( -0.000000000000000, -0.000000000000000, -1.00000000000000 ) );
#2674 = DIRECTION( '', ( 1.00000000000000, 0.000000000000000, 0.000000000000000 ) );
#2675 = SURFACE_STYLE_FILL_AREA( #4644 );
#2676 = ORIENTED_EDGE( '', *, *, #4645, .F. );
#2677 = ORIENTED_EDGE( '', *, *, #4646, .T. );
#2678 = ORIENTED_EDGE( '', *, *, #4647, .F. );
#2679 = ORIENTED_EDGE( '', *, *, #4648, .F. );
#2680 = ORIENTED_EDGE( '', *, *, #4494, .T. );
#2681 = ORIENTED_EDGE( '', *, *, #4558, .T. );
#2682 = CARTESIAN_POINT( '', ( -1.05000000000000, -6.42939569552361E-17, 0.550000000000000 ) );
#2683 = DIRECTION( '', ( -9.85638338623195E-17, -0.000000000000000, 1.00000000000000 ) );
#2684 = DIRECTION( '', ( -1.00000000000000, 0.000000000000000, -9.85638338623195E-17 ) );
#2685 = SURFACE_STYLE_FILL_AREA( #4649 );
#2686 = ORIENTED_EDGE( '', *, *, #4650, .T. );
#2687 = ORIENTED_EDGE( '', *, *, #4651, .T. );
#2688 = CARTESIAN_POINT( '', ( -4.33680868994202E-16, 0.000000000000000, 9.90000000000000 ) );
#2689 = DIRECTION( '', ( 4.38061483832527E-17, -0.000000000000000, -1.00000000000000 ) );
#2690 = DIRECTION( '', ( 1.00000000000000, 0.000000000000000, 4.38061483832527E-17 ) );
#2691 = SURFACE_STYLE_FILL_AREA( #4652 );
#2692 = ORIENTED_EDGE( '', *, *, #4653, .T. );
#2693 = ORIENTED_EDGE( '', *, *, #4654, .T. );
#2694 = ORIENTED_EDGE( '', *, *, #4522, .T. );
#2695 = ORIENTED_EDGE( '', *, *, #4608, .T. );
#2696 = ORIENTED_EDGE( '', *, *, #4655, .T. );
#2697 = CARTESIAN_POINT( '', ( -5.40403612585223E-17, 0.950000000000000, 0.200000000000000 ) );
#2698 = DIRECTION( '', ( 0.000000000000000, 0.000000000000000, -1.00000000000000 ) );
#2699 = DIRECTION( '', ( -1.00000000000000, 0.000000000000000, 0.000000000000000 ) );
#2700 = SURFACE_STYLE_FILL_AREA( #4656 );
#2701 = ORIENTED_EDGE( '', *, *, #4657, .F. );
#2702 = ORIENTED_EDGE( '', *, *, #4658, .F. );
#2703 = ORIENTED_EDGE( '', *, *, #4531, .T. );
#2704 = ORIENTED_EDGE( '', *, *, #4659, .T. );
#2705 = CARTESIAN_POINT( '', ( 0.000000000000000, 0.000000000000000, 1.60000000000000 ) );
#2706 = DIRECTION( '', ( -0.000000000000000, -0.000000000000000, 1.00000000000000 ) );
#2707 = DIRECTION( '', ( -1.00000000000000, 0.000000000000000, 0.000000000000000 ) );
#2708 = SURFACE_STYLE_FILL_AREA( #4660 );
#2709 = ORIENTED_EDGE( '', *, *, #4661, .F. );
#2710 = ORIENTED_EDGE( '', *, *, #4662, .F. );
#2711 = ORIENTED_EDGE( '', *, *, #4663, .F. );
#2712 = ORIENTED_EDGE( '', *, *, #4664, .F. );
#2713 = ORIENTED_EDGE( '', *, *, #4665, .T. );
#2714 = ORIENTED_EDGE( '', *, *, #4666, .T. );
#2715 = ORIENTED_EDGE( '', *, *, #4566, .T. );
#2716 = ORIENTED_EDGE( '', *, *, #4667, .T. );
#2717 = ORIENTED_EDGE( '', *, *, #4668, .T. );
#2718 = ORIENTED_EDGE( '', *, *, #4669, .F. );
#2719 = CARTESIAN_POINT( '', ( -5.00098941443845E-18, 0.000000000000000, 0.0500000000000000 ) );
#2720 = DIRECTION( '', ( -9.85638338623195E-17, 0.000000000000000, 1.00000000000000 ) );
#2721 = DIRECTION( '', ( 1.00000000000000, 0.000000000000000, 9.85638338623195E-17 ) );
#2722 = SURFACE_STYLE_FILL_AREA( #4670 );
#2723 = ORIENTED_EDGE( '', *, *, #4503, .F. );
#2724 = ORIENTED_EDGE( '', *, *, #4671, .T. );
#2725 = ORIENTED_EDGE( '', *, *, #4672, .F. );
#2726 = ORIENTED_EDGE( '', *, *, #4673, .F. );
#2727 = ORIENTED_EDGE( '', *, *, #4512, .F. );
#2728 = ORIENTED_EDGE( '', *, *, #4595, .F. );
#2729 = CARTESIAN_POINT( '', ( 0.000000000000000, 0.000000000000000, 1.60000000000000 ) );
#2730 = DIRECTION( '', ( 0.000000000000000, 0.000000000000000, 1.00000000000000 ) );
#2731 = DIRECTION( '', ( 1.00000000000000, 0.000000000000000, 0.000000000000000 ) );
#2732 = SURFACE_STYLE_FILL_AREA( #4674 );
#2733 = ORIENTED_EDGE( '', *, *, #4675, .F. );
#2734 = ORIENTED_EDGE( '', *, *, #4676, .F. );
#2735 = ORIENTED_EDGE( '', *, *, #4677, .T. );
#2736 = ORIENTED_EDGE( '', *, *, #4678, .T. );
#2737 = CARTESIAN_POINT( '', ( 1.13018715002717, 0.272667931998241, 5.14000000000000 ) );
#2738 = DIRECTION( '', ( -3.81778618255199E-15, -1.00000000000000, -2.19030741916264E-17 ) );
#2739 = DIRECTION( '', ( 1.00000000000000, -3.81778618255199E-15, 0.000000000000000 ) );
#2740 = SURFACE_STYLE_FILL_AREA( #4679 );
#2741 = ORIENTED_EDGE( '', *, *, #4680, .F. );
#2742 = ORIENTED_EDGE( '', *, *, #4681, .F. );
#2743 = ORIENTED_EDGE( '', *, *, #4682, .T. );
#2744 = ORIENTED_EDGE( '', *, *, #4475, .T. );
#2745 = CARTESIAN_POINT( '', ( 0.825000000000000, -2.65000000000000, 0.900000000000000 ) );
#2746 = DIRECTION( '', ( -1.00000000000000, -3.16019244959105E-16, 0.000000000000000 ) );
#2747 = DIRECTION( '', ( 3.16019244959105E-16, -1.00000000000000, 0.000000000000000 ) );
#2748 = SURFACE_STYLE_FILL_AREA( #4683 );
#2749 = ORIENTED_EDGE( '', *, *, #4684, .F. );
#2750 = ORIENTED_EDGE( '', *, *, #4685, .F. );
#2751 = ORIENTED_EDGE( '', *, *, #4686, .T. );
#2752 = ORIENTED_EDGE( '', *, *, #4687, .T. );
#2753 = CARTESIAN_POINT( '', ( -0.500000000000000, -0.950000000000000, 0.200000000000000 ) );
#2754 = DIRECTION( '', ( 1.00000000000000, 6.37765983815003E-17, 0.000000000000000 ) );
#2755 = DIRECTION( '', ( -6.37765983815003E-17, 1.00000000000000, 0.000000000000000 ) );
#2756 = SURFACE_STYLE_FILL_AREA( #4688 );
#2757 = ORIENTED_EDGE( '', *, *, #4689, .F. );
#2758 = ORIENTED_EDGE( '', *, *, #4690, .F. );
#2759 = ORIENTED_EDGE( '', *, *, #4691, .T. );
#2760 = ORIENTED_EDGE( '', *, *, #4692, .T. );
#2761 = CARTESIAN_POINT( '', ( -0.184796772802413, 0.337876935213680, 5.14000000000000 ) );
#2762 = DIRECTION( '', ( -0.943776519914419, 0.330584150343340, -1.34307979644545E-17 ) );
#2763 = DIRECTION( '', ( -0.330584150343340, -0.943776519914419, 0.000000000000000 ) );
#2764 = SURFACE_STYLE_FILL_AREA( #4693 );
#2765 = ORIENTED_EDGE( '', *, *, #4694, .F. );
#2766 = ORIENTED_EDGE( '', *, *, #4695, .F. );
#2767 = ORIENTED_EDGE( '', *, *, #4628, .T. );
#2768 = ORIENTED_EDGE( '', *, *, #4696, .T. );
#2769 = CARTESIAN_POINT( '', ( 0.273981362245818, 0.0627643950207521, 5.14000000000000 ) );
#2770 = CARTESIAN_POINT( '', ( 0.248129272213663, 0.0523463885898841, 5.14000000000000 ) );
#2771 = CARTESIAN_POINT( '', ( 0.209158211120416, 0.0430859384291125, 5.14000000000000 ) );
#2772 = CARTESIAN_POINT( '', ( 0.157068178966075, 0.0357547487185019, 5.14000000000000 ) );
#2773 = CARTESIAN_POINT( '', ( 0.127727247801553, 0.0316252843323844, 5.14000000000000 ) );
#2774 = CARTESIAN_POINT( '', ( 0.106907407261895, 0.0268801506477627, 5.14000000000000 ) );
#2775 = CARTESIAN_POINT( '', ( 0.0945601403808654, 0.0214782213873123, 5.14000000000000 ) );
#2776 = CARTESIAN_POINT( '', ( 0.0823545634476520, 0.0161382814790315, 5.14000000000000 ) );
#2777 = CARTESIAN_POINT( '', ( 0.0729524233390650, 0.00874510241625158, 5.14000000000000 ) );
#2778 = CARTESIAN_POINT( '', ( 0.0663929378085185, -0.00167290401461662, 5.14000000000000 ) );
#2779 = CARTESIAN_POINT( '', ( 0.0598978873028303, -0.0119885724648279, 5.14000000000000 ) );
#2780 = CARTESIAN_POINT( '', ( 0.0563607834676825, -0.0228947689663850, 5.14000000000000 ) );
#2781 = CARTESIAN_POINT( '', ( 0.0563607834676819, -0.0545346403490218, 5.14000000000000 ) );
#2782 = CARTESIAN_POINT( '', ( 0.0636919731782932, -0.0703545760403403, 5.14000000000000 ) );
#2783 = CARTESIAN_POINT( '', ( 0.0779685005094831, -0.0830876950114012, 5.14000000000000 ) );
#2784 = DIRECTION( '', ( -2.19030741916263E-17, -2.19030741916264E-17, 1.00000000000000 ) );
#2785 = SURFACE_STYLE_FILL_AREA( #4697 );
#2786 = ORIENTED_EDGE( '', *, *, #4698, .F. );
#2787 = ORIENTED_EDGE( '', *, *, #4699, .F. );
#2788 = ORIENTED_EDGE( '', *, *, #4700, .T. );
#2789 = ORIENTED_EDGE( '', *, *, #4701, .T. );
#2790 = CARTESIAN_POINT( '', ( 0.453788436200803, 0.272667931998243, 5.14000000000000 ) );
#2791 = DIRECTION( '', ( -4.23176299752754E-15, -1.00000000000000, -2.19030741916264E-17 ) );
#2792 = DIRECTION( '', ( 1.00000000000000, -4.23176299752754E-15, 0.000000000000000 ) );
#2793 = SURFACE_STYLE_FILL_AREA( #4702 );
#2794 = ORIENTED_EDGE( '', *, *, #4703, .F. );
#2795 = ORIENTED_EDGE( '', *, *, #4584, .F. );
#2796 = ORIENTED_EDGE( '', *, *, #4704, .T. );
#2797 = ORIENTED_EDGE( '', *, *, #4705, .T. );
#2798 = CARTESIAN_POINT( '', ( -0.111099023606271, 0.431638993091494, 5.14000000000000 ) );
#2799 = DIRECTION( '', ( -1.00000000000000, 3.74153213096973E-15, -2.19030741916262E-17 ) );
#2800 = DIRECTION( '', ( -3.74153213096973E-15, -1.00000000000000, 0.000000000000000 ) );
#2801 = SURFACE_STYLE_FILL_AREA( #4706 );
#2802 = ORIENTED_EDGE( '', *, *, #4707, .F. );
#2803 = ORIENTED_EDGE( '', *, *, #4570, .F. );
#2804 = ORIENTED_EDGE( '', *, *, #4708, .F. );
#2805 = ORIENTED_EDGE( '', *, *, #4709, .F. );
#2806 = CARTESIAN_POINT( '', ( -3.00000000000000, -0.162500000000000, -0.575000000000000 ) );
#2807 = DIRECTION( '', ( -1.00000000000000, 0.000000000000000, -1.23908819712630E-16 ) );
#2808 = DIRECTION( '', ( -1.23908819712630E-16, 0.000000000000000, 1.00000000000000 ) );
#2809 = SURFACE_STYLE_FILL_AREA( #4710 );
#2810 = ORIENTED_EDGE( '', *, *, #4711, .F. );
#2811 = ORIENTED_EDGE( '', *, *, #4712, .T. );
#2812 = ORIENTED_EDGE( '', *, *, #4713, .F. );
#2813 = ORIENTED_EDGE( '', *, *, #4714, .F. );
#2814 = ORIENTED_EDGE( '', *, *, #4592, .T. );
#2815 = ORIENTED_EDGE( '', *, *, #4621, .T. );
#2816 = ORIENTED_EDGE( '', *, *, #4604, .T. );
#2817 = ORIENTED_EDGE( '', *, *, #4715, .F. );
#2818 = CARTESIAN_POINT( '', ( -1.05000000000000, -6.42939569552361E-17, 0.550000000000000 ) );
#2819 = DIRECTION( '', ( -9.85638338623195E-17, -0.000000000000000, 1.00000000000000 ) );
#2820 = DIRECTION( '', ( -1.00000000000000, 0.000000000000000, -9.85638338623195E-17 ) );
#2821 = SURFACE_STYLE_FILL_AREA( #4716 );
#2822 = ORIENTED_EDGE( '', *, *, #4650, .F. );
#2823 = ORIENTED_EDGE( '', *, *, #4717, .F. );
#2824 = ORIENTED_EDGE( '', *, *, #4718, .T. );
#2825 = CARTESIAN_POINT( '', ( -2.14650127077938E-16, 0.000000000000000, 4.90000000000000 ) );
#2826 = DIRECTION( '', ( 4.38061483832527E-17, 0.000000000000000, -1.00000000000000 ) );
#2827 = DIRECTION( '', ( -1.00000000000000, 0.000000000000000, -4.38061483832527E-17 ) );
#2828 = SURFACE_STYLE_FILL_AREA( #4719 );
#2829 = ORIENTED_EDGE( '', *, *, #4720, .T. );
#2830 = ORIENTED_EDGE( '', *, *, #4721, .T. );
#2831 = CARTESIAN_POINT( '', ( 1.05000000000000, -6.42939569552361E-17, 0.550000000000000 ) );
#2832 = DIRECTION( '', ( 9.92957435197164E-17, 0.000000000000000, -1.00000000000000 ) );
#2833 = DIRECTION( '', ( -1.00000000000000, 0.000000000000000, -9.92957435197164E-17 ) );
#2834 = SURFACE_STYLE_FILL_AREA( #4722 );
#2835 = ORIENTED_EDGE( '', *, *, #4440, .T. );
#2836 = ORIENTED_EDGE( '', *, *, #4723, .T. );
#2837 = ORIENTED_EDGE( '', *, *, #4724, .T. );
#2838 = ORIENTED_EDGE( '', *, *, #4725, .T. );
#2839 = ORIENTED_EDGE( '', *, *, #4726, .T. );
#2840 = ORIENTED_EDGE( '', *, *, #4727, .T. );
#2841 = ORIENTED_EDGE( '', *, *, #4728, .T. );
#2842 = ORIENTED_EDGE( '', *, *, #4729, .T. );
#2843 = ORIENTED_EDGE( '', *, *, #4445, .T. );
#2844 = ORIENTED_EDGE( '', *, *, #4730, .T. );
#2845 = ORIENTED_EDGE( '', *, *, #4731, .T. );
#2846 = ORIENTED_EDGE( '', *, *, #4732, .T. );
#2847 = ORIENTED_EDGE( '', *, *, #4733, .T. );
#2848 = ORIENTED_EDGE( '', *, *, #4698, .T. );
#2849 = ORIENTED_EDGE( '', *, *, #4734, .T. );
#2850 = ORIENTED_EDGE( '', *, *, #4735, .T. );
#2851 = ORIENTED_EDGE( '', *, *, #4736, .T. );
#2852 = ORIENTED_EDGE( '', *, *, #4737, .T. );
#2853 = ORIENTED_EDGE( '', *, *, #4738, .T. );
#2854 = ORIENTED_EDGE( '', *, *, #4739, .T. );
#2855 = ORIENTED_EDGE( '', *, *, #4740, .T. );
#2856 = ORIENTED_EDGE( '', *, *, #4741, .T. );
#2857 = ORIENTED_EDGE( '', *, *, #4742, .T. );
#2858 = ORIENTED_EDGE( '', *, *, #4581, .T. );
#2859 = ORIENTED_EDGE( '', *, *, #4703, .T. );
#2860 = ORIENTED_EDGE( '', *, *, #4743, .T. );
#2861 = ORIENTED_EDGE( '', *, *, #4744, .T. );
#2862 = ORIENTED_EDGE( '', *, *, #4689, .T. );
#2863 = ORIENTED_EDGE( '', *, *, #4745, .T. );
#2864 = ORIENTED_EDGE( '', *, *, #4746, .T. );
#2865 = ORIENTED_EDGE( '', *, *, #4747, .T. );
#2866 = ORIENTED_EDGE( '', *, *, #4748, .F. );
#2867 = ORIENTED_EDGE( '', *, *, #4465, .F. );
#2868 = ORIENTED_EDGE( '', *, *, #4749, .F. );
#2869 = ORIENTED_EDGE( '', *, *, #4750, .F. );
#2870 = ORIENTED_EDGE( '', *, *, #4751, .F. );
#2871 = ORIENTED_EDGE( '', *, *, #4752, .F. );
#2872 = ORIENTED_EDGE( '', *, *, #4496, .F. );
#2873 = ORIENTED_EDGE( '', *, *, #4753, .F. );
#2874 = ORIENTED_EDGE( '', *, *, #4537, .F. );
#2875 = ORIENTED_EDGE( '', *, *, #4754, .F. );
#2876 = ORIENTED_EDGE( '', *, *, #4460, .F. );
#2877 = ORIENTED_EDGE( '', *, *, #4755, .F. );
#2878 = ORIENTED_EDGE( '', *, *, #4453, .T. );
#2879 = ORIENTED_EDGE( '', *, *, #4717, .T. );
#2880 = ORIENTED_EDGE( '', *, *, #4756, .T. );
#2881 = ORIENTED_EDGE( '', *, *, #4757, .T. );
#2882 = ORIENTED_EDGE( '', *, *, #4758, .T. );
#2883 = ORIENTED_EDGE( '', *, *, #4759, .T. );
#2884 = ORIENTED_EDGE( '', *, *, #4760, .T. );
#2885 = ORIENTED_EDGE( '', *, *, #4435, .T. );
#2886 = ORIENTED_EDGE( '', *, *, #4761, .T. );
#2887 = ORIENTED_EDGE( '', *, *, #4597, .T. );
#2888 = ORIENTED_EDGE( '', *, *, #4762, .T. );
#2889 = ORIENTED_EDGE( '', *, *, #4763, .T. );
#2890 = ORIENTED_EDGE( '', *, *, #4764, .T. );
#2891 = ORIENTED_EDGE( '', *, *, #4765, .T. );
#2892 = ORIENTED_EDGE( '', *, *, #4766, .T. );
#2893 = ORIENTED_EDGE( '', *, *, #4767, .T. );
#2894 = ORIENTED_EDGE( '', *, *, #4610, .T. );
#2895 = ORIENTED_EDGE( '', *, *, #4768, .T. );
#2896 = ORIENTED_EDGE( '', *, *, #4769, .T. );
#2897 = ORIENTED_EDGE( '', *, *, #4479, .T. );
#2898 = ORIENTED_EDGE( '', *, *, #4770, .T. );
#2899 = ORIENTED_EDGE( '', *, *, #4771, .T. );
#2900 = ORIENTED_EDGE( '', *, *, #4772, .T. );
#2901 = ORIENTED_EDGE( '', *, *, #4615, .T. );
#2902 = ORIENTED_EDGE( '', *, *, #4634, .T. );
#2903 = ORIENTED_EDGE( '', *, *, #4417, .T. );
#2904 = ORIENTED_EDGE( '', *, *, #4773, .T. );
#2905 = ORIENTED_EDGE( '', *, *, #4774, .T. );
#2906 = ORIENTED_EDGE( '', *, *, #4775, .T. );
#2907 = ORIENTED_EDGE( '', *, *, #4776, .T. );
#2908 = ORIENTED_EDGE( '', *, *, #4777, .T. );
#2909 = ORIENTED_EDGE( '', *, *, #4637, .T. );
#2910 = ORIENTED_EDGE( '', *, *, #4778, .T. );
#2911 = ORIENTED_EDGE( '', *, *, #4779, .T. );
#2912 = ORIENTED_EDGE( '', *, *, #4780, .T. );
#2913 = ORIENTED_EDGE( '', *, *, #4675, .T. );
#2914 = ORIENTED_EDGE( '', *, *, #4781, .T. );
#2915 = ORIENTED_EDGE( '', *, *, #4488, .T. );
#2916 = ORIENTED_EDGE( '', *, *, #4470, .T. );
#2917 = ORIENTED_EDGE( '', *, *, #4782, .T. );
#2918 = ORIENTED_EDGE( '', *, *, #4783, .T. );
#2919 = ORIENTED_EDGE( '', *, *, #4484, .T. );
#2920 = ORIENTED_EDGE( '', *, *, #4784, .T. );
#2921 = CARTESIAN_POINT( '', ( 2.50000000000000, 0.000000000000000, 5.15000000000000 ) );
#2922 = DIRECTION( '', ( 4.38061483832527E-17, 0.000000000000000, -1.00000000000000 ) );
#2923 = DIRECTION( '', ( -1.00000000000000, 0.000000000000000, -4.38061483832527E-17 ) );
#2924 = SURFACE_STYLE_FILL_AREA( #4785 );
#2925 = ORIENTED_EDGE( '', *, *, #4786, .F. );
#2926 = ORIENTED_EDGE( '', *, *, #4787, .F. );
#2927 = ORIENTED_EDGE( '', *, *, #4788, .T. );
#2928 = ORIENTED_EDGE( '', *, *, #4789, .T. );
#2929 = CARTESIAN_POINT( '', ( -0.825000000000000, -2.65000000000000, 0.900000000000000 ) );
#2930 = DIRECTION( '', ( 1.00000000000000, -3.16019244959105E-16, 0.000000000000000 ) );
#2931 = DIRECTION( '', ( 3.16019244959105E-16, 1.00000000000000, 0.000000000000000 ) );
#2932 = SURFACE_STYLE_FILL_AREA( #4790 );
#2933 = ORIENTED_EDGE( '', *, *, #4791, .F. );
#2934 = ORIENTED_EDGE( '', *, *, #4792, .F. );
#2935 = ORIENTED_EDGE( '', *, *, #4677, .F. );
#2936 = ORIENTED_EDGE( '', *, *, #4793, .F. );
#2937 = CARTESIAN_POINT( '', ( 1.16568554231013, -0.147910846136808, 5.14000000000000 ) );
#2938 = DIRECTION( '', ( 0.000000000000000, 0.000000000000000, 1.00000000000000 ) );
#2939 = DIRECTION( '', ( 1.00000000000000, 0.000000000000000, 0.000000000000000 ) );
#2940 = SURFACE_STYLE_FILL_AREA( #4794 );
#2941 = ORIENTED_EDGE( '', *, *, #4795, .F. );
#2942 = ORIENTED_EDGE( '', *, *, #4669, .T. );
#2943 = ORIENTED_EDGE( '', *, *, #4796, .F. );
#2944 = ORIENTED_EDGE( '', *, *, #4797, .F. );
#2945 = ORIENTED_EDGE( '', *, *, #4798, .F. );
#2946 = ORIENTED_EDGE( '', *, *, #4799, .F. );
#2947 = CARTESIAN_POINT( '', ( 1.05000000000000, -6.42939569552361E-17, 0.550000000000000 ) );
#2948 = DIRECTION( '', ( -9.85638338623195E-17, -0.000000000000000, 1.00000000000000 ) );
#2949 = DIRECTION( '', ( -1.00000000000000, 0.000000000000000, -9.85638338623195E-17 ) );
#2950 = SURFACE_STYLE_FILL_AREA( #4800 );
#2951 = ORIENTED_EDGE( '', *, *, #4748, .T. );
#2952 = ORIENTED_EDGE( '', *, *, #4801, .F. );
#2953 = ORIENTED_EDGE( '', *, *, #4802, .F. );
#2954 = ORIENTED_EDGE( '', *, *, #4466, .T. );
#2955 = CARTESIAN_POINT( '', ( 0.500695355601511, 1.71231915965340, 5.14000000000000 ) );
#2956 = DIRECTION( '', ( -0.863966758174713, 0.503548846457895, -7.89426026032447E-18 ) );
#2957 = DIRECTION( '', ( -0.503548846457895, -0.863966758174713, 0.000000000000000 ) );
#2958 = SURFACE_STYLE_FILL_AREA( #4803 );
#2959 = ORIENTED_EDGE( '', *, *, #4804, .F. );
#2960 = ORIENTED_EDGE( '', *, *, #4805, .T. );
#2961 = CARTESIAN_POINT( '', ( -5.00098941443845E-18, 0.000000000000000, 0.0500000000000000 ) );
#2962 = DIRECTION( '', ( 1.00019788288769E-16, -0.000000000000000, -1.00000000000000 ) );
#2963 = DIRECTION( '', ( 1.00000000000000, 0.000000000000000, 1.00019788288769E-16 ) );
#2964 = SURFACE_STYLE_FILL_AREA( #4806 );
#2965 = ORIENTED_EDGE( '', *, *, #4807, .T. );
#2966 = ORIENTED_EDGE( '', *, *, #4808, .F. );
#2967 = CARTESIAN_POINT( '', ( -5.00098941443845E-18, 0.000000000000000, 0.0500000000000000 ) );
#2968 = DIRECTION( '', ( 1.00019788288769E-16, -0.000000000000000, -1.00000000000000 ) );
#2969 = DIRECTION( '', ( 1.00000000000000, 0.000000000000000, 1.00019788288769E-16 ) );
#2970 = SURFACE_STYLE_FILL_AREA( #4809 );
#2971 = ORIENTED_EDGE( '', *, *, #4642, .F. );
#2972 = CARTESIAN_POINT( '', ( 1.65000000000000, 1.65000000000000, -0.0600000000000000 ) );
#2973 = DIRECTION( '', ( 0.000000000000000, 0.000000000000000, 1.00000000000000 ) );
#2974 = DIRECTION( '', ( 1.00000000000000, 0.000000000000000, 0.000000000000000 ) );
#2975 = SURFACE_STYLE_FILL_AREA( #4810 );
#2976 = ORIENTED_EDGE( '', *, *, #4771, .F. );
#2977 = ORIENTED_EDGE( '', *, *, #4811, .F. );
#2978 = ORIENTED_EDGE( '', *, *, #4812, .T. );
#2979 = ORIENTED_EDGE( '', *, *, #4813, .T. );
#2980 = CARTESIAN_POINT( '', ( 0.794881683789225, -0.147910846136806, 5.14000000000000 ) );
#2981 = DIRECTION( '', ( 4.96312203731760E-15, 1.00000000000000, 2.19030741916264E-17 ) );
#2982 = DIRECTION( '', ( -1.00000000000000, 4.96312203731760E-15, 0.000000000000000 ) );
#2983 = SURFACE_STYLE_FILL_AREA( #4814 );
#2984 = ORIENTED_EDGE( '', *, *, #4815, .F. );
#2985 = ORIENTED_EDGE( '', *, *, #4816, .T. );
#2986 = ORIENTED_EDGE( '', *, *, #4602, .F. );
#2987 = ORIENTED_EDGE( '', *, *, #4620, .F. );
#2988 = ORIENTED_EDGE( '', *, *, #4590, .F. );
#2989 = ORIENTED_EDGE( '', *, *, #4817, .T. );
#2990 = ORIENTED_EDGE( '', *, *, #4818, .F. );
#2991 = ORIENTED_EDGE( '', *, *, #4720, .F. );
#2992 = CARTESIAN_POINT( '', ( 1.05000000000000, -6.42939569552361E-17, 0.550000000000000 ) );
#2993 = DIRECTION( '', ( -9.85638338623195E-17, -0.000000000000000, 1.00000000000000 ) );
#2994 = DIRECTION( '', ( -1.00000000000000, 0.000000000000000, -9.85638338623195E-17 ) );
#2995 = SURFACE_STYLE_FILL_AREA( #4819 );
#2996 = ORIENTED_EDGE( '', *, *, #4820, .T. );
#2997 = ORIENTED_EDGE( '', *, *, #4821, .T. );
#2998 = ORIENTED_EDGE( '', *, *, #4822, .T. );
#2999 = ORIENTED_EDGE( '', *, *, #4823, .F. );
#3000 = ORIENTED_EDGE( '', *, *, #4805, .F. );
#3001 = CARTESIAN_POINT( '', ( -1.50029682433154E-17, 0.000000000000000, 0.150000000000000 ) );
#3002 = DIRECTION( '', ( -1.00019788288769E-16, 0.000000000000000, 1.00000000000000 ) );
#3003 = DIRECTION( '', ( 1.00000000000000, 0.000000000000000, 1.00019788288769E-16 ) );
#3004 = SURFACE_STYLE_FILL_AREA( #4824 );
#3005 = ORIENTED_EDGE( '', *, *, #4777, .F. );
#3006 = ORIENTED_EDGE( '', *, *, #4825, .F. );
#3007 = ORIENTED_EDGE( '', *, *, #4826, .T. );
#3008 = ORIENTED_EDGE( '', *, *, #4638, .T. );
#3009 = CARTESIAN_POINT( '', ( 0.985106764175077, -0.147910846136807, 5.14000000000000 ) );
#3010 = DIRECTION( '', ( 0.835508021739432, 0.549478248531332, 3.03354570321244E-17 ) );
#3011 = DIRECTION( '', ( -0.549478248531332, 0.835508021739432, 0.000000000000000 ) );
#3012 = SURFACE_STYLE_FILL_AREA( #4827 );
#3013 = ORIENTED_EDGE( '', *, *, #4733, .F. );
#3014 = ORIENTED_EDGE( '', *, *, #4828, .F. );
#3015 = ORIENTED_EDGE( '', *, *, #4829, .T. );
#3016 = ORIENTED_EDGE( '', *, *, #4699, .T. );
#3017 = CARTESIAN_POINT( '', ( 0.453788436200801, -0.147910846136805, 5.14000000000000 ) );
#3018 = DIRECTION( '', ( 1.00000000000000, -4.64018636205952E-15, 2.19030741916262E-17 ) );
#3019 = DIRECTION( '', ( 4.64018636205952E-15, 1.00000000000000, 0.000000000000000 ) );
#3020 = SURFACE_STYLE_FILL_AREA( #4830 );
#3021 = ORIENTED_EDGE( '', *, *, #4831, .F. );
#3022 = ORIENTED_EDGE( '', *, *, #4832, .T. );
#3023 = CARTESIAN_POINT( '', ( 1.65000000000000, -1.45000000000000, -0.0600000000000000 ) );
#3024 = DIRECTION( '', ( -0.000000000000000, -0.000000000000000, -1.00000000000000 ) );
#3025 = DIRECTION( '', ( 1.00000000000000, 0.000000000000000, 0.000000000000000 ) );
#3026 = SURFACE_STYLE_FILL_AREA( #4833 );
#3027 = ORIENTED_EDGE( '', *, *, #4834, .F. );
#3028 = ORIENTED_EDGE( '', *, *, #4835, .T. );
#3029 = ORIENTED_EDGE( '', *, *, #4815, .T. );
#3030 = ORIENTED_EDGE( '', *, *, #4721, .F. );
#3031 = ORIENTED_EDGE( '', *, *, #4818, .T. );
#3032 = ORIENTED_EDGE( '', *, *, #4836, .T. );
#3033 = ORIENTED_EDGE( '', *, *, #4837, .T. );
#3034 = ORIENTED_EDGE( '', *, *, #4838, .T. );
#3035 = CARTESIAN_POINT( '', ( 0.900000000000000, -0.325000000000000, 0.550000000000000 ) );
#3036 = DIRECTION( '', ( 1.00000000000000, 0.000000000000000, 0.000000000000000 ) );
#3037 = DIRECTION( '', ( 0.000000000000000, 0.000000000000000, -1.00000000000000 ) );
#3038 = SURFACE_STYLE_FILL_AREA( #4839 );
#3039 = ORIENTED_EDGE( '', *, *, #4840, .F. );
#3040 = ORIENTED_EDGE( '', *, *, #4841, .F. );
#3041 = ORIENTED_EDGE( '', *, *, #4574, .T. );
#3042 = ORIENTED_EDGE( '', *, *, #4842, .T. );
#3043 = ORIENTED_EDGE( '', *, *, #4715, .T. );
#3044 = ORIENTED_EDGE( '', *, *, #4603, .T. );
#3045 = ORIENTED_EDGE( '', *, *, #4816, .F. );
#3046 = ORIENTED_EDGE( '', *, *, #4835, .F. );
#3047 = CARTESIAN_POINT( '', ( -5.00098941443845E-18, 0.000000000000000, 0.0500000000000000 ) );
#3048 = DIRECTION( '', ( -9.85638338623195E-17, 0.000000000000000, 1.00000000000000 ) );
#3049 = DIRECTION( '', ( 1.00000000000000, 0.000000000000000, 9.85638338623195E-17 ) );
#3050 = SURFACE_STYLE_FILL_AREA( #4843 );
#3051 = ORIENTED_EDGE( '', *, *, #4844, .T. );
#3052 = ORIENTED_EDGE( '', *, *, #4525, .F. );
#3053 = CARTESIAN_POINT( '', ( -1.50029682433154E-17, 0.000000000000000, 0.150000000000000 ) );
#3054 = DIRECTION( '', ( -1.00019788288769E-16, -0.000000000000000, 1.00000000000000 ) );
#3055 = DIRECTION( '', ( -1.00000000000000, 0.000000000000000, -1.00019788288769E-16 ) );
#3056 = SURFACE_STYLE_FILL_AREA( #4845 );
#3057 = ORIENTED_EDGE( '', *, *, #4812, .F. );
#3058 = ORIENTED_EDGE( '', *, *, #4846, .F. );
#3059 = ORIENTED_EDGE( '', *, *, #4639, .F. );
#3060 = ORIENTED_EDGE( '', *, *, #4826, .F. );
#3061 = ORIENTED_EDGE( '', *, *, #4847, .F. );
#3062 = ORIENTED_EDGE( '', *, *, #4848, .F. );
#3063 = ORIENTED_EDGE( '', *, *, #4849, .F. );
#3064 = ORIENTED_EDGE( '', *, *, #4850, .F. );
#3065 = ORIENTED_EDGE( '', *, *, #4419, .F. );
#3066 = ORIENTED_EDGE( '', *, *, #4635, .F. );
#3067 = ORIENTED_EDGE( '', *, *, #4617, .F. );
#3068 = ORIENTED_EDGE( '', *, *, #4851, .F. );
#3069 = CARTESIAN_POINT( '', ( 0.759383291506267, -0.147910846136806, 5.14000000000000 ) );
#3070 = DIRECTION( '', ( 0.000000000000000, 0.000000000000000, 1.00000000000000 ) );
#3071 = DIRECTION( '', ( 1.00000000000000, 0.000000000000000, 0.000000000000000 ) );
#3072 = SURFACE_STYLE_FILL_AREA( #4852 );
#3073 = ORIENTED_EDGE( '', *, *, #4726, .F. );
#3074 = ORIENTED_EDGE( '', *, *, #4853, .F. );
#3075 = ORIENTED_EDGE( '', *, *, #4854, .T. );
#3076 = ORIENTED_EDGE( '', *, *, #4855, .T. );
#3077 = CARTESIAN_POINT( '', ( 1.37250226256736, 0.212860858043255, 5.14000000000000 ) );
#3078 = CARTESIAN_POINT( '', ( 1.40337042976993, 0.258777256757082, 5.14000000000000 ) );
#3079 = CARTESIAN_POINT( '', ( 1.44812927221366, 0.281928382159011, 5.14000000000000 ) );
#3080 = CARTESIAN_POINT( '', ( 1.53185917575064, 0.281928382159011, 5.14000000000000 ) );
#3081 = CARTESIAN_POINT( '', ( 1.55501030115257, 0.277298157078625, 5.14000000000000 ) );
#3082 = CARTESIAN_POINT( '', ( 1.57623216610434, 0.268423559007885, 5.14000000000000 ) );
#3083 = CARTESIAN_POINT( '', ( 1.59759137008084, 0.259491528254077, 5.14000000000000 ) );
#3084 = CARTESIAN_POINT( '', ( 1.61365981883746, 0.247201694056116, 5.14000000000000 ) );
#3085 = CARTESIAN_POINT( '', ( 1.62407782526833, 0.232539314634894, 5.14000000000000 ) );
#3086 = CARTESIAN_POINT( '', ( 1.63467801496858, 0.217620529130834, 5.14000000000000 ) );
#3087 = CARTESIAN_POINT( '', ( 1.64221287349984, 0.200127739072194, 5.14000000000000 ) );
#3088 = CARTESIAN_POINT( '', ( 1.64607139440016, 0.179677578300489, 5.14000000000000 ) );
#3089 = CARTESIAN_POINT( '', ( 1.64855443019439, 0.166517488591094, 5.14000000000000 ) );
#3090 = CARTESIAN_POINT( '', ( 1.65031576739052, 0.143407481837467, 5.14000000000000 ) );
#3091 = CARTESIAN_POINT( '', ( 1.65031576739052, 0.110610054184734, 5.14000000000000 ) );
#3092 = CARTESIAN_POINT( '', ( 1.65031576739051, 0.0244364207442188, 5.14000000000000 ) );
#3093 = CARTESIAN_POINT( '', ( 1.65031576739051, -0.0617372126962955, 5.14000000000000 ) );
#3094 = CARTESIAN_POINT( '', ( 1.65031576739051, -0.147910846136810, 5.14000000000000 ) );
#3095 = DIRECTION( '', ( -2.19030741916263E-17, -2.19030741916264E-17, 1.00000000000000 ) );
#3096 = SURFACE_STYLE_FILL_AREA( #4856 );
#3097 = ORIENTED_EDGE( '', *, *, #4857, .T. );
#3098 = ORIENTED_EDGE( '', *, *, #4858, .F. );
#3099 = ORIENTED_EDGE( '', *, *, #4838, .F. );
#3100 = ORIENTED_EDGE( '', *, *, #4859, .T. );
#3101 = CARTESIAN_POINT( '', ( 1.25000000000000, 0.000000000000000, -0.300000000000000 ) );
#3102 = DIRECTION( '', ( -0.000000000000000, 1.00000000000000, -0.000000000000000 ) );
#3103 = DIRECTION( '', ( 0.000000000000000, 0.000000000000000, -1.00000000000000 ) );
#3104 = SURFACE_STYLE_FILL_AREA( #4860 );
#3105 = ORIENTED_EDGE( '', *, *, #4861, .F. );
#3106 = ORIENTED_EDGE( '', *, *, #4508, .F. );
#3107 = ORIENTED_EDGE( '', *, *, #4862, .T. );
#3108 = ORIENTED_EDGE( '', *, *, #4863, .T. );
#3109 = CARTESIAN_POINT( '', ( 2.65000000000000, -1.65000000000000, 0.500000000000000 ) );
#3110 = DIRECTION( '', ( 0.707106781186548, -0.707106781186547, 0.000000000000000 ) );
#3111 = DIRECTION( '', ( 0.707106781186547, 0.707106781186548, 0.000000000000000 ) );
#3112 = SURFACE_STYLE_FILL_AREA( #4864 );
#3113 = ORIENTED_EDGE( '', *, *, #4773, .F. );
#3114 = ORIENTED_EDGE( '', *, *, #4420, .F. );
#3115 = ORIENTED_EDGE( '', *, *, #4850, .T. );
#3116 = ORIENTED_EDGE( '', *, *, #4865, .T. );
#3117 = CARTESIAN_POINT( '', ( 0.964270751313343, 0.272667931998241, 5.14000000000000 ) );
#3118 = DIRECTION( '', ( -4.68315105059710E-15, -1.00000000000000, -2.19030741916264E-17 ) );
#3119 = DIRECTION( '', ( 1.00000000000000, -4.68315105059710E-15, 0.000000000000000 ) );
#3120 = SURFACE_STYLE_FILL_AREA( #4866 );
#3121 = ORIENTED_EDGE( '', *, *, #4867, .F. );
#3122 = ORIENTED_EDGE( '', *, *, #4868, .F. );
#3123 = ORIENTED_EDGE( '', *, *, #4532, .T. );
#3124 = ORIENTED_EDGE( '', *, *, #4658, .T. );
#3125 = CARTESIAN_POINT( '', ( -0.825000000000000, 2.30691894092532, 1.60000000000000 ) );
#3126 = DIRECTION( '', ( 1.00000000000000, 0.000000000000000, 0.000000000000000 ) );
#3127 = DIRECTION( '', ( 0.000000000000000, 0.000000000000000, -1.00000000000000 ) );
#3128 = SURFACE_STYLE_FILL_AREA( #4869 );
#3129 = ORIENTED_EDGE( '', *, *, #4625, .F. );
#3130 = ORIENTED_EDGE( '', *, *, #4870, .F. );
#3131 = CARTESIAN_POINT( '', ( -5.39689935547459E-17, 0.000000000000000, 1.23199586237485 ) );
#3132 = DIRECTION( '', ( -4.38061483832527E-17, 0.000000000000000, 1.00000000000000 ) );
#3133 = DIRECTION( '', ( 1.00000000000000, 0.000000000000000, 4.38061483832527E-17 ) );
#3134 = SURFACE_STYLE_FILL_AREA( #4871 );
#3135 = ORIENTED_EDGE( '', *, *, #4872, .F. );
#3136 = ORIENTED_EDGE( '', *, *, #4873, .F. );
#3137 = ORIENTED_EDGE( '', *, *, #4874, .T. );
#3138 = ORIENTED_EDGE( '', *, *, #4875, .T. );
#3139 = CARTESIAN_POINT( '', ( -2.65000000000000, -0.825000000000000, 0.900000000000000 ) );
#3140 = DIRECTION( '', ( 6.32038489918211E-16, 1.00000000000000, 0.000000000000000 ) );
#3141 = DIRECTION( '', ( -1.00000000000000, 6.32038489918211E-16, 0.000000000000000 ) );
#3142 = SURFACE_STYLE_FILL_AREA( #4876 );
#3143 = ORIENTED_EDGE( '', *, *, #4770, .F. );
#3144 = ORIENTED_EDGE( '', *, *, #4482, .F. );
#3145 = ORIENTED_EDGE( '', *, *, #4630, .T. );
#3146 = ORIENTED_EDGE( '', *, *, #4877, .T. );
#3147 = CARTESIAN_POINT( '', ( 0.366585863853534, -0.147910846136804, 5.14000000000000 ) );
#3148 = DIRECTION( '', ( 7.39444902725857E-16, 1.00000000000000, 2.19030741916264E-17 ) );
#3149 = DIRECTION( '', ( -1.00000000000000, 7.39444902725857E-16, 0.000000000000000 ) );
#3150 = SURFACE_STYLE_FILL_AREA( #4878 );
#3151 = ORIENTED_EDGE( '', *, *, #4757, .F. );
#3152 = ORIENTED_EDGE( '', *, *, #4879, .F. );
#3153 = ORIENTED_EDGE( '', *, *, #4553, .T. );
#3154 = ORIENTED_EDGE( '', *, *, #4880, .T. );
#3155 = CARTESIAN_POINT( '', ( -0.682655390748578, 1.71231915965340, 5.14000000000000 ) );
#3156 = DIRECTION( '', ( 1.38777878078145E-15, -1.00000000000000, -2.19030741916263E-17 ) );
#3157 = DIRECTION( '', ( 1.00000000000000, 1.38777878078145E-15, 0.000000000000000 ) );
#3158 = SURFACE_STYLE_FILL_AREA( #4881 );
#3159 = ORIENTED_EDGE( '', *, *, #4766, .F. );
#3160 = ORIENTED_EDGE( '', *, *, #4882, .F. );
#3161 = ORIENTED_EDGE( '', *, *, #4543, .T. );
#3162 = ORIENTED_EDGE( '', *, *, #4883, .T. );
#3163 = CARTESIAN_POINT( '', ( -0.428123704742303, 0.829597035134968, 5.14000000000000 ) );
#3164 = DIRECTION( '', ( -1.22124532708767E-15, 1.00000000000000, 2.19030741916263E-17 ) );
#3165 = DIRECTION( '', ( -1.00000000000000, -1.22124532708767E-15, 0.000000000000000 ) );
#3166 = SURFACE_STYLE_FILL_AREA( #4884 );
#3167 = ORIENTED_EDGE( '', *, *, #4759, .F. );
#3168 = ORIENTED_EDGE( '', *, *, #4885, .F. );
#3169 = ORIENTED_EDGE( '', *, *, #4551, .T. );
#3170 = ORIENTED_EDGE( '', *, *, #4886, .T. );
#3171 = CARTESIAN_POINT( '', ( -0.438957168592157, 1.25434541829624, 5.14000000000000 ) );
#3172 = DIRECTION( '', ( 0.812281971897565, -0.583264946769651, 5.01617689252220E-18 ) );
#3173 = DIRECTION( '', ( 0.583264946769651, 0.812281971897565, -3.89835255716957E-33 ) );
#3174 = SURFACE_STYLE_FILL_AREA( #4887 );
#3175 = ORIENTED_EDGE( '', *, *, #4888, .F. );
#3176 = ORIENTED_EDGE( '', *, *, #4889, .T. );
#3177 = CARTESIAN_POINT( '', ( -5.00098941443845E-18, 0.000000000000000, 0.0500000000000000 ) );
#3178 = DIRECTION( '', ( 1.00019788288769E-16, -0.000000000000000, -1.00000000000000 ) );
#3179 = DIRECTION( '', ( 1.00000000000000, 0.000000000000000, 1.00019788288769E-16 ) );
#3180 = SURFACE_STYLE_FILL_AREA( #4890 );
#3181 = ORIENTED_EDGE( '', *, *, #4891, .F. );
#3182 = ORIENTED_EDGE( '', *, *, #4892, .T. );
#3183 = CARTESIAN_POINT( '', ( -5.00098941443845E-18, 0.000000000000000, 0.0500000000000000 ) );
#3184 = DIRECTION( '', ( 1.00019788288769E-16, -0.000000000000000, -1.00000000000000 ) );
#3185 = DIRECTION( '', ( 1.00000000000000, 0.000000000000000, 1.00019788288769E-16 ) );
#3186 = SURFACE_STYLE_FILL_AREA( #4893 );
#3187 = ORIENTED_EDGE( '', *, *, #4746, .F. );
#3188 = ORIENTED_EDGE( '', *, *, #4894, .F. );
#3189 = ORIENTED_EDGE( '', *, *, #4895, .T. );
#3190 = ORIENTED_EDGE( '', *, *, #4896, .T. );
#3191 = CARTESIAN_POINT( '', ( -0.422867512352254, -0.147910846136801, 5.14000000000000 ) );
#3192 = DIRECTION( '', ( 0.947043000102941, 0.321106767222399, 2.77763784398206E-17 ) );
#3193 = DIRECTION( '', ( -0.321106767222399, 0.947043000102941, 0.000000000000000 ) );
#3194 = SURFACE_STYLE_FILL_AREA( #4897 );
#3195 = ORIENTED_EDGE( '', *, *, #4898, .F. );
#3196 = ORIENTED_EDGE( '', *, *, #4899, .F. );
#3197 = ORIENTED_EDGE( '', *, *, #4900, .F. );
#3198 = ORIENTED_EDGE( '', *, *, #4901, .F. );
#3199 = CARTESIAN_POINT( '', ( 3.00000000000000, 0.162500000000000, -0.575000000000000 ) );
#3200 = DIRECTION( '', ( 1.00000000000000, 0.000000000000000, -1.23908819712630E-16 ) );
#3201 = DIRECTION( '', ( -1.23908819712630E-16, 0.000000000000000, -1.00000000000000 ) );
#3202 = SURFACE_STYLE_FILL_AREA( #4902 );
#3203 = ORIENTED_EDGE( '', *, *, #4646, .F. );
#3204 = ORIENTED_EDGE( '', *, *, #4903, .T. );
#3205 = CARTESIAN_POINT( '', ( -1.05000000000000, -6.42939569552361E-17, 0.550000000000000 ) );
#3206 = DIRECTION( '', ( -9.92957435197164E-17, 0.000000000000000, 1.00000000000000 ) );
#3207 = DIRECTION( '', ( 1.00000000000000, 0.000000000000000, 9.92957435197164E-17 ) );
#3208 = SURFACE_STYLE_FILL_AREA( #4904 );
#3209 = ORIENTED_EDGE( '', *, *, #4905, .F. );
#3210 = ORIENTED_EDGE( '', *, *, #4659, .F. );
#3211 = ORIENTED_EDGE( '', *, *, #4530, .T. );
#3212 = ORIENTED_EDGE( '', *, *, #4906, .T. );
#3213 = CARTESIAN_POINT( '', ( -2.65000000000000, 0.825000000000000, 1.60000000000000 ) );
#3214 = DIRECTION( '', ( -3.16019244959105E-16, -1.00000000000000, 0.000000000000000 ) );
#3215 = DIRECTION( '', ( 1.00000000000000, -3.16019244959105E-16, 0.000000000000000 ) );
#3216 = SURFACE_STYLE_FILL_AREA( #4907 );
#3217 = ORIENTED_EDGE( '', *, *, #4908, .T. );
#3218 = ORIENTED_EDGE( '', *, *, #4523, .F. );
#3219 = ORIENTED_EDGE( '', *, *, #4654, .F. );
#3220 = ORIENTED_EDGE( '', *, *, #4909, .T. );
#3221 = CARTESIAN_POINT( '', ( 0.500000000000000, 2.65000000000000, 0.200000000000000 ) );
#3222 = DIRECTION( '', ( 1.00000000000000, -6.37765983815003E-17, 0.000000000000000 ) );
#3223 = DIRECTION( '', ( 6.37765983815003E-17, 1.00000000000000, 0.000000000000000 ) );
#3224 = SURFACE_STYLE_FILL_AREA( #4910 );
#3225 = ORIENTED_EDGE( '', *, *, #4729, .F. );
#3226 = ORIENTED_EDGE( '', *, *, #4911, .F. );
#3227 = ORIENTED_EDGE( '', *, *, #4912, .T. );
#3228 = ORIENTED_EDGE( '', *, *, #4446, .T. );
#3229 = CARTESIAN_POINT( '', ( 1.20118393459309, 0.350224202094703, 5.14000000000000 ) );
#3230 = DIRECTION( '', ( 3.05422894604159E-15, 1.00000000000000, 2.19030741916264E-17 ) );
#3231 = DIRECTION( '', ( -1.00000000000000, 3.05422894604159E-15, 0.000000000000000 ) );
#3232 = SURFACE_STYLE_FILL_AREA( #4913 );
#3233 = ORIENTED_EDGE( '', *, *, #4761, .F. );
#3234 = ORIENTED_EDGE( '', *, *, #4438, .F. );
#3235 = ORIENTED_EDGE( '', *, *, #4549, .T. );
#3236 = ORIENTED_EDGE( '', *, *, #4598, .T. );
#3237 = CARTESIAN_POINT( '', ( -0.0869516651697754, 1.24928433038669, 5.14000000000000 ) );
#3238 = DIRECTION( '', ( 0.858817546736232, -0.512281584109716, 7.59020289947519E-18 ) );
#3239 = DIRECTION( '', ( 0.512281584109716, 0.858817546736232, 0.000000000000000 ) );
#3240 = SURFACE_STYLE_FILL_AREA( #4914 );
#3241 = ORIENTED_EDGE( '', *, *, #4915, .F. );
#3242 = ORIENTED_EDGE( '', *, *, #4571, .F. );
#3243 = ORIENTED_EDGE( '', *, *, #4707, .T. );
#3244 = ORIENTED_EDGE( '', *, *, #4916, .T. );
#3245 = CARTESIAN_POINT( '', ( -3.00000000000000, 0.325000000000000, -0.650000000000000 ) );
#3246 = DIRECTION( '', ( 1.23908819712630E-16, 0.000000000000000, -1.00000000000000 ) );
#3247 = DIRECTION( '', ( -1.00000000000000, 0.000000000000000, -1.23908819712630E-16 ) );
#3248 = SURFACE_STYLE_FILL_AREA( #4917 );
#3249 = ORIENTED_EDGE( '', *, *, #4753, .T. );
#3250 = ORIENTED_EDGE( '', *, *, #4499, .F. );
#3251 = ORIENTED_EDGE( '', *, *, #4918, .F. );
#3252 = ORIENTED_EDGE( '', *, *, #4538, .T. );
#3253 = CARTESIAN_POINT( '', ( 0.438772261096520, 1.17076907470757, 5.14000000000000 ) );
#3254 = DIRECTION( '', ( 1.38777878078145E-15, -1.00000000000000, -2.19030741916263E-17 ) );
#3255 = DIRECTION( '', ( 1.00000000000000, 1.38777878078145E-15, 0.000000000000000 ) );
#3256 = SURFACE_STYLE_FILL_AREA( #4919 );
#3257 = ORIENTED_EDGE( '', *, *, #4760, .F. );
#3258 = ORIENTED_EDGE( '', *, *, #4886, .F. );
#3259 = ORIENTED_EDGE( '', *, *, #4550, .T. );
#3260 = ORIENTED_EDGE( '', *, *, #4436, .T. );
#3261 = CARTESIAN_POINT( '', ( -0.341483351175983, 1.39009200320195, 5.14000000000000 ) );
#3262 = DIRECTION( '', ( 1.22124532708767E-15, -1.00000000000000, -2.19030741916263E-17 ) );
#3263 = DIRECTION( '', ( 1.00000000000000, 1.22124532708767E-15, 0.000000000000000 ) );
#3264 = SURFACE_STYLE_FILL_AREA( #4920 );
#3265 = ORIENTED_EDGE( '', *, *, #4921, .F. );
#3266 = ORIENTED_EDGE( '', *, *, #4922, .F. );
#3267 = ORIENTED_EDGE( '', *, *, #4923, .F. );
#3268 = ORIENTED_EDGE( '', *, *, #4924, .F. );
#3269 = ORIENTED_EDGE( '', *, *, #4925, .F. );
#3270 = ORIENTED_EDGE( '', *, *, #4700, .F. );
#3271 = ORIENTED_EDGE( '', *, *, #4829, .F. );
#3272 = CARTESIAN_POINT( '', ( 0.584053209597288, 0.278412746818864, 5.14000000000000 ) );
#3273 = DIRECTION( '', ( 0.000000000000000, 0.000000000000000, 1.00000000000000 ) );
#3274 = DIRECTION( '', ( 1.00000000000000, 0.000000000000000, 0.000000000000000 ) );
#3275 = SURFACE_STYLE_FILL_AREA( #4926 );
#3276 = ORIENTED_EDGE( '', *, *, #4779, .F. );
#3277 = ORIENTED_EDGE( '', *, *, #4927, .F. );
#3278 = ORIENTED_EDGE( '', *, *, #4791, .T. );
#3279 = ORIENTED_EDGE( '', *, *, #4928, .T. );
#3280 = CARTESIAN_POINT( '', ( 1.20118393459308, -0.147910846136808, 5.14000000000000 ) );
#3281 = DIRECTION( '', ( 2.67245032778639E-15, 1.00000000000000, 2.19030741916264E-17 ) );
#3282 = DIRECTION( '', ( -1.00000000000000, 2.67245032778640E-15, 0.000000000000000 ) );
#3283 = SURFACE_STYLE_FILL_AREA( #4929 );
#3284 = ORIENTED_EDGE( '', *, *, #4930, .F. );
#3285 = ORIENTED_EDGE( '', *, *, #4931, .F. );
#3286 = ORIENTED_EDGE( '', *, *, #4932, .T. );
#3287 = ORIENTED_EDGE( '', *, *, #4933, .T. );
#3288 = CARTESIAN_POINT( '', ( -2.65000000000000, -1.65000000000000, 0.500000000000000 ) );
#3289 = DIRECTION( '', ( -0.707106781186548, -0.707106781186547, 0.000000000000000 ) );
#3290 = DIRECTION( '', ( 0.707106781186547, -0.707106781186548, 0.000000000000000 ) );
#3291 = SURFACE_STYLE_FILL_AREA( #4934 );
#3292 = ORIENTED_EDGE( '', *, *, #4780, .F. );
#3293 = ORIENTED_EDGE( '', *, *, #4928, .F. );
#3294 = ORIENTED_EDGE( '', *, *, #4793, .T. );
#3295 = ORIENTED_EDGE( '', *, *, #4676, .T. );
#3296 = CARTESIAN_POINT( '', ( 1.13018715002717, -0.147910846136808, 5.14000000000000 ) );
#3297 = DIRECTION( '', ( 1.00000000000000, -4.12461009960847E-15, 2.19030741916262E-17 ) );
#3298 = DIRECTION( '', ( 4.12461009960847E-15, 1.00000000000000, 0.000000000000000 ) );
#3299 = SURFACE_STYLE_FILL_AREA( #4935 );
#3300 = ORIENTED_EDGE( '', *, *, #4569, .T. );
#3301 = ORIENTED_EDGE( '', *, *, #4936, .F. );
#3302 = ORIENTED_EDGE( '', *, *, #4937, .F. );
#3303 = ORIENTED_EDGE( '', *, *, #4708, .T. );
#3304 = CARTESIAN_POINT( '', ( -3.00000000000000, -0.325000000000000, -0.350000000000000 ) );
#3305 = DIRECTION( '', ( -1.23908819712630E-16, 0.000000000000000, 1.00000000000000 ) );
#3306 = DIRECTION( '', ( 1.00000000000000, 0.000000000000000, 1.23908819712630E-16 ) );
#3307 = SURFACE_STYLE_FILL_AREA( #4938 );
#3308 = ORIENTED_EDGE( '', *, *, #4841, .T. );
#3309 = ORIENTED_EDGE( '', *, *, #4939, .T. );
#3310 = ORIENTED_EDGE( '', *, *, #4940, .F. );
#3311 = ORIENTED_EDGE( '', *, *, #4575, .F. );
#3312 = CARTESIAN_POINT( '', ( -5.00098941443845E-18, 0.000000000000000, 0.0500000000000000 ) );
#3313 = DIRECTION( '', ( 1.00019788288769E-16, -0.000000000000000, -1.00000000000000 ) );
#3314 = DIRECTION( '', ( 1.00000000000000, 0.000000000000000, 1.00019788288769E-16 ) );
#3315 = SURFACE_STYLE_FILL_AREA( #4941 );
#3316 = ORIENTED_EDGE( '', *, *, #4768, .F. );
#3317 = ORIENTED_EDGE( '', *, *, #4613, .F. );
#3318 = ORIENTED_EDGE( '', *, *, #4632, .T. );
#3319 = ORIENTED_EDGE( '', *, *, #4942, .T. );
#3320 = CARTESIAN_POINT( '', ( 0.273595510155786, 0.118712948075415, 5.14000000000000 ) );
#3321 = CARTESIAN_POINT( '', ( 0.273981362245818, 0.128359250326218, 5.14000000000000 ) );
#3322 = CARTESIAN_POINT( '', ( 0.273981362245818, 0.134532883766733, 5.14000000000000 ) );
#3323 = CARTESIAN_POINT( '', ( 0.273981362245818, 0.166558607239402, 5.14000000000000 ) );
#3324 = CARTESIAN_POINT( '', ( 0.267421876715272, 0.187008768011106, 5.14000000000000 ) );
#3325 = CARTESIAN_POINT( '', ( 0.253917053564147, 0.199356034892134, 5.14000000000000 ) );
#3326 = CARTESIAN_POINT( '', ( 0.236160823213823, 0.215590302641002, 5.14000000000000 ) );
#3327 = CARTESIAN_POINT( '', ( 0.208386506940352, 0.223278864474129, 5.14000000000000 ) );
#3328 = CARTESIAN_POINT( '', ( 0.172502262567362, 0.223664716564161, 5.14000000000000 ) );
#3329 = CARTESIAN_POINT( '', ( 0.139326967509465, 0.224021440166935, 5.14000000000000 ) );
#3330 = CARTESIAN_POINT( '', ( 0.114624449062539, 0.217491083123646, 5.14000000000000 ) );
#3331 = CARTESIAN_POINT( '', ( 0.0984186612811881, 0.205915520422682, 5.14000000000000 ) );
#3332 = CARTESIAN_POINT( '', ( 0.0822858725438975, 0.194392099896046, 5.14000000000000 ) );
#3333 = CARTESIAN_POINT( '', ( 0.0706373107988729, 0.173118092769949, 5.14000000000000 ) );
#3334 = CARTESIAN_POINT( '', ( 0.0629202689982299, 0.143021629747441, 5.14000000000000 ) );
#3335 = DIRECTION( '', ( -2.19030741916263E-17, -2.19030741916264E-17, 1.00000000000000 ) );
#3336 = SURFACE_STYLE_FILL_AREA( #4943 );
#3337 = ORIENTED_EDGE( '', *, *, #4783, .F. );
#3338 = ORIENTED_EDGE( '', *, *, #4944, .F. );
#3339 = ORIENTED_EDGE( '', *, *, #4426, .T. );
#3340 = ORIENTED_EDGE( '', *, *, #4485, .T. );
#3341 = CARTESIAN_POINT( '', ( 2.03230933652235, -0.0935057014422775, 5.14000000000000 ) );
#3342 = CARTESIAN_POINT( '', ( 2.00066946513971, -0.130161649995332, 5.14000000000000 ) );
#3343 = CARTESIAN_POINT( '', ( 1.96169840404646, -0.147910846136811, 5.14000000000000 ) );
#3344 = CARTESIAN_POINT( '', ( 1.85713248764775, -0.147910846136810, 5.14000000000000 ) );
#3345 = CARTESIAN_POINT( '', ( 1.81237364520401, -0.127460685365107, 5.14000000000000 ) );
#3346 = CARTESIAN_POINT( '', ( 1.78034792173135, -0.0854028075516017, 5.14000000000000 ) );
#3347 = CARTESIAN_POINT( '', ( 1.74864979223346, -0.0437751435122152, 5.14000000000000 ) );
#3348 = CARTESIAN_POINT( '', ( 1.73288811465739, 0.00604413778601949, 5.14000000000000 ) );
#3349 = CARTESIAN_POINT( '', ( 1.73288811465739, 0.104436420744219, 5.14000000000000 ) );
#3350 = CARTESIAN_POINT( '', ( 1.73983345227798, 0.141478221387305, 5.14000000000000 ) );
#3351 = CARTESIAN_POINT( '', ( 1.76915821112041, 0.209388189232965, 5.14000000000000 ) );
#3352 = CARTESIAN_POINT( '', ( 1.79038007607219, 0.235626131355151, 5.14000000000000 ) );
#3353 = CARTESIAN_POINT( '', ( 1.84594277703682, 0.272667931998238, 5.14000000000000 ) );
#3354 = CARTESIAN_POINT( '', ( 1.87835435259951, 0.281928382159010, 5.14000000000000 ) );
#3355 = CARTESIAN_POINT( '', ( 1.96555692494679, 0.281928382159009, 5.14000000000000 ) );
#3356 = CARTESIAN_POINT( '', ( 2.00645724649019, 0.261478221387304, 5.14000000000000 ) );
#3357 = CARTESIAN_POINT( '', ( 2.03886882205289, 0.220963751933928, 5.14000000000000 ) );
#3358 = DIRECTION( '', ( -2.19030741916263E-17, -2.19030741916264E-17, 1.00000000000000 ) );
#3359 = SURFACE_STYLE_FILL_AREA( #4945 );
#3360 = ORIENTED_EDGE( '', *, *, #4526, .F. );
#3361 = ORIENTED_EDGE( '', *, *, #4946, .F. );
#3362 = CARTESIAN_POINT( '', ( -1.09515370958132E-17, 0.000000000000000, 0.250000000000000 ) );
#3363 = DIRECTION( '', ( -4.38061483832527E-17, 0.000000000000000, 1.00000000000000 ) );
#3364 = DIRECTION( '', ( 1.00000000000000, 0.000000000000000, 4.38061483832527E-17 ) );
#3365 = SURFACE_STYLE_FILL_AREA( #4947 );
#3366 = ORIENTED_EDGE( '', *, *, #4948, .F. );
#3367 = ORIENTED_EDGE( '', *, *, #4477, .F. );
#3368 = ORIENTED_EDGE( '', *, *, #4949, .T. );
#3369 = ORIENTED_EDGE( '', *, *, #4506, .T. );
#3370 = CARTESIAN_POINT( '', ( 2.65000000000000, -0.825000000000000, 0.900000000000000 ) );
#3371 = DIRECTION( '', ( 1.26407697983642E-15, 1.00000000000000, 0.000000000000000 ) );
#3372 = DIRECTION( '', ( -1.00000000000000, 1.26407697983642E-15, 0.000000000000000 ) );
#3373 = SURFACE_STYLE_FILL_AREA( #4950 );
#3374 = ORIENTED_EDGE( '', *, *, #4775, .F. );
#3375 = ORIENTED_EDGE( '', *, *, #4951, .F. );
#3376 = ORIENTED_EDGE( '', *, *, #4848, .T. );
#3377 = ORIENTED_EDGE( '', *, *, #4952, .T. );
#3378 = CARTESIAN_POINT( '', ( 0.895589079287618, 0.116011983445187, 5.14000000000000 ) );
#3379 = DIRECTION( '', ( -0.829803825565360, -0.558055204327577, -3.03983792992636E-17 ) );
#3380 = DIRECTION( '', ( 0.558055204327577, -0.829803825565360, 0.000000000000000 ) );
#3381 = SURFACE_STYLE_FILL_AREA( #4953 );
#3382 = ORIENTED_EDGE( '', *, *, #4764, .F. );
#3383 = ORIENTED_EDGE( '', *, *, #4954, .F. );
#3384 = ORIENTED_EDGE( '', *, *, #4545, .T. );
#3385 = ORIENTED_EDGE( '', *, *, #4955, .T. );
#3386 = CARTESIAN_POINT( '', ( -0.306274593664153, 0.829597035134969, 5.14000000000000 ) );
#3387 = DIRECTION( '', ( 0.989944134660290, 0.141458864167964, 2.47812038239637E-17 ) );
#3388 = DIRECTION( '', ( -0.141458864167964, 0.989944134660290, 0.000000000000000 ) );
#3389 = SURFACE_STYLE_FILL_AREA( #4956 );
#3390 = ORIENTED_EDGE( '', *, *, #4458, .T. );
#3391 = ORIENTED_EDGE( '', *, *, #4889, .F. );
#3392 = CARTESIAN_POINT( '', ( -1.50029682433154E-17, 0.000000000000000, 0.150000000000000 ) );
#3393 = DIRECTION( '', ( -1.00019788288769E-16, 0.000000000000000, 1.00000000000000 ) );
#3394 = DIRECTION( '', ( 1.00000000000000, 0.000000000000000, 1.00019788288769E-16 ) );
#3395 = SURFACE_STYLE_FILL_AREA( #4957 );
#3396 = ORIENTED_EDGE( '', *, *, #4958, .F. );
#3397 = ORIENTED_EDGE( '', *, *, #4959, .F. );
#3398 = ORIENTED_EDGE( '', *, *, #4895, .F. );
#3399 = ORIENTED_EDGE( '', *, *, #4960, .F. );
#3400 = ORIENTED_EDGE( '', *, *, #4691, .F. );
#3401 = ORIENTED_EDGE( '', *, *, #4961, .F. );
#3402 = ORIENTED_EDGE( '', *, *, #4962, .F. );
#3403 = ORIENTED_EDGE( '', *, *, #4704, .F. );
#3404 = ORIENTED_EDGE( '', *, *, #4583, .F. );
#3405 = ORIENTED_EDGE( '', *, *, #4963, .F. );
#3406 = ORIENTED_EDGE( '', *, *, #4964, .F. );
#3407 = ORIENTED_EDGE( '', *, *, #4965, .F. );
#3408 = ORIENTED_EDGE( '', *, *, #4966, .F. );
#3409 = CARTESIAN_POINT( '', ( -0.466158802864564, 0.183700361986777, 5.14000000000000 ) );
#3410 = DIRECTION( '', ( 0.000000000000000, 0.000000000000000, 1.00000000000000 ) );
#3411 = DIRECTION( '', ( 1.00000000000000, 0.000000000000000, 0.000000000000000 ) );
#3412 = SURFACE_STYLE_FILL_AREA( #4967 );
#3413 = ORIENTED_EDGE( '', *, *, #4968, .T. );
#3414 = CARTESIAN_POINT( '', ( -1.65000000000000, 1.65000000000000, -0.0600000000000000 ) );
#3415 = DIRECTION( '', ( 0.000000000000000, 0.000000000000000, -1.00000000000000 ) );
#3416 = DIRECTION( '', ( -1.00000000000000, 0.000000000000000, 0.000000000000000 ) );
#3417 = SURFACE_STYLE_FILL_AREA( #4969 );
#3418 = ORIENTED_EDGE( '', *, *, #4970, .F. );
#3419 = ORIENTED_EDGE( '', *, *, #4696, .F. );
#3420 = ORIENTED_EDGE( '', *, *, #4627, .T. );
#3421 = ORIENTED_EDGE( '', *, *, #4695, .T. );
#3422 = CARTESIAN_POINT( '', ( 0.0779685005094831, -0.0830876950114012, 5.14000000000000 ) );
#3423 = CARTESIAN_POINT( '', ( 0.0922682605946695, -0.0958415350873789, 5.14000000000000 ) );
#3424 = CARTESIAN_POINT( '', ( 0.113466892792441, -0.101994447422977, 5.14000000000000 ) );
#3425 = CARTESIAN_POINT( '', ( 0.169029593757072, -0.101994447422977, 5.14000000000000 ) );
#3426 = CARTESIAN_POINT( '', ( 0.193338275429097, -0.0958208139824630, 5.14000000000000 ) );
#3427 = CARTESIAN_POINT( '', ( 0.214945992470897, -0.0838593991914663, 5.14000000000000 ) );
#3428 = CARTESIAN_POINT( '', ( 0.236258363612201, -0.0720614794525309, 5.14000000000000 ) );
#3429 = CARTESIAN_POINT( '', ( 0.251987793113985, -0.0553063445290870, 5.14000000000000 ) );
#3430 = CARTESIAN_POINT( '', ( 0.262019947454821, -0.0344703316673506, 5.14000000000000 ) );
#3431 = CARTESIAN_POINT( '', ( 0.269655779851214, -0.0186112951517643, 5.14000000000000 ) );
#3432 = CARTESIAN_POINT( '', ( 0.273595510155785, 0.00527243360596142, 5.14000000000000 ) );
#3433 = CARTESIAN_POINT( '', ( 0.273595510155785, 0.0369123049885980, 5.14000000000000 ) );
#3434 = CARTESIAN_POINT( '', ( 0.273595510155785, 0.0455296683326492, 5.14000000000000 ) );
#3435 = CARTESIAN_POINT( '', ( 0.273852744882474, 0.0541470316767009, 5.14000000000000 ) );
#3436 = CARTESIAN_POINT( '', ( 0.273981362245818, 0.0627643950207521, 5.14000000000000 ) );
#3437 = DIRECTION( '', ( -2.19030741916263E-17, -2.19030741916264E-17, 1.00000000000000 ) );
#3438 = SURFACE_STYLE_FILL_AREA( #4971 );
#3439 = ORIENTED_EDGE( '', *, *, #4529, .T. );
#3440 = ORIENTED_EDGE( '', *, *, #4433, .T. );
#3441 = ORIENTED_EDGE( '', *, *, #4972, .F. );
#3442 = ORIENTED_EDGE( '', *, *, #4933, .F. );
#3443 = ORIENTED_EDGE( '', *, *, #4973, .T. );
#3444 = ORIENTED_EDGE( '', *, *, #4873, .T. );
#3445 = ORIENTED_EDGE( '', *, *, #4974, .T. );
#3446 = ORIENTED_EDGE( '', *, *, #4906, .F. );
#3447 = CARTESIAN_POINT( '', ( -2.65000000000000, -1.65000000000000, 0.500000000000000 ) );
#3448 = DIRECTION( '', ( -1.00000000000000, 0.000000000000000, 0.000000000000000 ) );
#3449 = DIRECTION( '', ( 0.000000000000000, 0.000000000000000, 1.00000000000000 ) );
#3450 = SURFACE_STYLE_FILL_AREA( #4975 );
#3451 = ORIENTED_EDGE( '', *, *, #4579, .F. );
#3452 = ORIENTED_EDGE( '', *, *, #4976, .T. );
#3453 = ORIENTED_EDGE( '', *, *, #4577, .F. );
#3454 = ORIENTED_EDGE( '', *, *, #4977, .T. );
#3455 = ORIENTED_EDGE( '', *, *, #4978, .T. );
#3456 = ORIENTED_EDGE( '', *, *, #4667, .F. );
#3457 = CARTESIAN_POINT( '', ( -1.05000000000000, -6.42939569552361E-17, 0.550000000000000 ) );
#3458 = DIRECTION( '', ( -9.85638338623195E-17, -0.000000000000000, 1.00000000000000 ) );
#3459 = DIRECTION( '', ( -1.00000000000000, 0.000000000000000, -9.85638338623195E-17 ) );
#3460 = SURFACE_STYLE_FILL_AREA( #4979 );
#3461 = ORIENTED_EDGE( '', *, *, #4723, .F. );
#3462 = ORIENTED_EDGE( '', *, *, #4443, .F. );
#3463 = ORIENTED_EDGE( '', *, *, #4980, .T. );
#3464 = ORIENTED_EDGE( '', *, *, #4981, .T. );
#3465 = CARTESIAN_POINT( '', ( 1.30845081562202, -0.147910846136808, 5.14000000000000 ) );
#3466 = DIRECTION( '', ( 1.00000000000000, -4.12461009960847E-15, 2.19030741916262E-17 ) );
#3467 = DIRECTION( '', ( 4.12461009960847E-15, 1.00000000000000, 0.000000000000000 ) );
#3468 = SURFACE_STYLE_FILL_AREA( #4982 );
#3469 = ORIENTED_EDGE( '', *, *, #4983, .T. );
#3470 = ORIENTED_EDGE( '', *, *, #4622, .F. );
#3471 = CARTESIAN_POINT( '', ( -5.00098941443845E-18, 0.000000000000000, 0.0500000000000000 ) );
#3472 = DIRECTION( '', ( 1.00019788288769E-16, -0.000000000000000, -1.00000000000000 ) );
#3473 = DIRECTION( '', ( 1.00000000000000, 0.000000000000000, 1.00019788288769E-16 ) );
#3474 = SURFACE_STYLE_FILL_AREA( #4984 );
#3475 = ORIENTED_EDGE( '', *, *, #4985, .F. );
#3476 = ORIENTED_EDGE( '', *, *, #4680, .T. );
#3477 = ORIENTED_EDGE( '', *, *, #4474, .T. );
#3478 = ORIENTED_EDGE( '', *, *, #4948, .T. );
#3479 = ORIENTED_EDGE( '', *, *, #4505, .F. );
#3480 = ORIENTED_EDGE( '', *, *, #4594, .T. );
#3481 = ORIENTED_EDGE( '', *, *, #4510, .T. );
#3482 = ORIENTED_EDGE( '', *, *, #4986, .T. );
#3483 = ORIENTED_EDGE( '', *, *, #4987, .F. );
#3484 = ORIENTED_EDGE( '', *, *, #4867, .T. );
#3485 = ORIENTED_EDGE( '', *, *, #4657, .T. );
#3486 = ORIENTED_EDGE( '', *, *, #4905, .T. );
#3487 = ORIENTED_EDGE( '', *, *, #4974, .F. );
#3488 = ORIENTED_EDGE( '', *, *, #4872, .T. );
#3489 = ORIENTED_EDGE( '', *, *, #4988, .T. );
#3490 = ORIENTED_EDGE( '', *, *, #4786, .T. );
#3491 = ORIENTED_EDGE( '', *, *, #4989, .T. );
#3492 = ORIENTED_EDGE( '', *, *, #4990, .F. );
#3493 = CARTESIAN_POINT( '', ( 0.000000000000000, 0.000000000000000, 0.500000000000000 ) );
#3494 = DIRECTION( '', ( 0.000000000000000, 0.000000000000000, -1.00000000000000 ) );
#3495 = DIRECTION( '', ( -1.00000000000000, 0.000000000000000, 0.000000000000000 ) );
#3496 = SURFACE_STYLE_FILL_AREA( #4991 );
#3497 = ORIENTED_EDGE( '', *, *, #4992, .F. );
#3498 = ORIENTED_EDGE( '', *, *, #4797, .T. );
#3499 = ORIENTED_EDGE( '', *, *, #4993, .F. );
#3500 = ORIENTED_EDGE( '', *, *, #4977, .F. );
#3501 = ORIENTED_EDGE( '', *, *, #4576, .T. );
#3502 = ORIENTED_EDGE( '', *, *, #4940, .T. );
#3503 = CARTESIAN_POINT( '', ( -1.50029682433154E-17, 0.000000000000000, 0.150000000000000 ) );
#3504 = DIRECTION( '', ( -1.00019788288769E-16, 0.000000000000000, 1.00000000000000 ) );
#3505 = DIRECTION( '', ( 1.00000000000000, 0.000000000000000, 1.00019788288769E-16 ) );
#3506 = SURFACE_STYLE_FILL_AREA( #4994 );
#3507 = ORIENTED_EDGE( '', *, *, #4747, .F. );
#3508 = ORIENTED_EDGE( '', *, *, #4896, .F. );
#3509 = ORIENTED_EDGE( '', *, *, #4959, .T. );
#3510 = ORIENTED_EDGE( '', *, *, #4995, .T. );
#3511 = CARTESIAN_POINT( '', ( -0.590327319426207, 0.345979829104357, 5.14000000000000 ) );
#3512 = DIRECTION( '', ( -1.00000000000000, 4.39045410993479E-15, -2.19030741916262E-17 ) );
#3513 = DIRECTION( '', ( -4.39045410993479E-15, -1.00000000000000, 0.000000000000000 ) );
#3514 = SURFACE_STYLE_FILL_AREA( #4996 );
#3515 = ORIENTED_EDGE( '', *, *, #4778, .F. );
#3516 = ORIENTED_EDGE( '', *, *, #4640, .F. );
#3517 = ORIENTED_EDGE( '', *, *, #4846, .T. );
#3518 = ORIENTED_EDGE( '', *, *, #4811, .T. );
#3519 = CARTESIAN_POINT( '', ( 0.794881683789226, 0.0183914046670523, 5.14000000000000 ) );
#3520 = DIRECTION( '', ( -1.00000000000000, 3.91168069191406E-15, -2.19030741916262E-17 ) );
#3521 = DIRECTION( '', ( -3.91168069191406E-15, -1.00000000000000, 0.000000000000000 ) );
#3522 = SURFACE_STYLE_FILL_AREA( #4997 );
#3523 = ORIENTED_EDGE( '', *, *, #4734, .F. );
#3524 = ORIENTED_EDGE( '', *, *, #4701, .F. );
#3525 = ORIENTED_EDGE( '', *, *, #4925, .T. );
#3526 = ORIENTED_EDGE( '', *, *, #4998, .T. );
#3527 = CARTESIAN_POINT( '', ( 0.517839883146140, 0.272667931998243, 5.14000000000000 ) );
#3528 = DIRECTION( '', ( -1.00000000000000, 3.40592803679789E-15, -2.19030741916262E-17 ) );
#3529 = DIRECTION( '', ( -3.40592803679789E-15, -1.00000000000000, 0.000000000000000 ) );
#3530 = SURFACE_STYLE_FILL_AREA( #4999 );
#3531 = ORIENTED_EDGE( '', *, *, #4837, .F. );
#3532 = ORIENTED_EDGE( '', *, *, #5000, .T. );
#3533 = ORIENTED_EDGE( '', *, *, #5001, .F. );
#3534 = ORIENTED_EDGE( '', *, *, #4555, .T. );
#3535 = ORIENTED_EDGE( '', *, *, #4561, .T. );
#3536 = ORIENTED_EDGE( '', *, *, #5002, .F. );
#3537 = ORIENTED_EDGE( '', *, *, #4563, .T. );
#3538 = ORIENTED_EDGE( '', *, *, #5003, .T. );
#3539 = ORIENTED_EDGE( '', *, *, #5004, .T. );
#3540 = ORIENTED_EDGE( '', *, *, #4515, .T. );
#3541 = ORIENTED_EDGE( '', *, *, #5005, .T. );
#3542 = ORIENTED_EDGE( '', *, *, #4899, .T. );
#3543 = ORIENTED_EDGE( '', *, *, #5006, .F. );
#3544 = ORIENTED_EDGE( '', *, *, #4859, .F. );
#3545 = CARTESIAN_POINT( '', ( 0.900000000000000, 0.325000000000000, 0.550000000000000 ) );
#3546 = DIRECTION( '', ( 0.000000000000000, -1.00000000000000, 0.000000000000000 ) );
#3547 = DIRECTION( '', ( 0.000000000000000, 0.000000000000000, -1.00000000000000 ) );
#3548 = SURFACE_STYLE_FILL_AREA( #5007 );
#3549 = ORIENTED_EDGE( '', *, *, #4422, .T. );
#3550 = ORIENTED_EDGE( '', *, *, #5008, .F. );
#3551 = CARTESIAN_POINT( '', ( 1.80620001176350, 0.0697097326413247, 5.14000000000000 ) );
#3552 = CARTESIAN_POINT( '', ( 1.80620001176350, 0.0141470316766944, 5.14000000000000 ) );
#3553 = CARTESIAN_POINT( '', ( 1.81700387028440, -0.0263674377766819, 5.14000000000000 ) );
#3554 = CARTESIAN_POINT( '', ( 1.83899743941623, -0.0514478236287718, 5.14000000000000 ) );
#3555 = CARTESIAN_POINT( '', ( 1.86118228256380, -0.0767463289724846, 5.14000000000000 ) );
#3556 = CARTESIAN_POINT( '', ( 1.88877235903039, -0.0896471805419554, 5.14000000000000 ) );
#3557 = CARTESIAN_POINT( '', ( 1.95475306642588, -0.0896471805419556, 5.14000000000000 ) );
#3558 = CARTESIAN_POINT( '', ( 1.98214856481816, -0.0769140615708951, 5.14000000000000 ) );
#3559 = CARTESIAN_POINT( '', ( 2.00414213394999, -0.0518336757188047, 5.14000000000000 ) );
#3560 = CARTESIAN_POINT( '', ( 2.02649470969597, -0.0263438963593619, 5.14000000000000 ) );
#3561 = CARTESIAN_POINT( '', ( 2.03771126578279, 0.0133753274966290, 5.14000000000000 ) );
#3562 = CARTESIAN_POINT( '', ( 2.03771126578279, 0.118712948075407, 5.14000000000000 ) );
#3563 = CARTESIAN_POINT( '', ( 2.02613570308183, 0.157684009168655, 5.14000000000000 ) );
#3564 = CARTESIAN_POINT( '', ( 2.00337042976994, 0.184307803380873, 5.14000000000000 ) );
#3565 = CARTESIAN_POINT( '', ( 1.98098632701337, 0.210485821858891, 5.14000000000000 ) );
#3566 = CARTESIAN_POINT( '', ( 1.95282380597572, 0.223278864474122, 5.14000000000000 ) );
#3567 = CARTESIAN_POINT( '', ( 1.92041223041302, 0.223664716564154, 5.14000000000000 ) );
#3568 = CARTESIAN_POINT( '', ( 1.88878143533008, 0.224041273648475, 5.14000000000000 ) );
#3569 = CARTESIAN_POINT( '', ( 1.86176271272814, 0.210545745503061, 5.14000000000000 ) );
#3570 = CARTESIAN_POINT( '', ( 1.83938329150627, 0.184693655470906, 5.14000000000000 ) );
#3571 = CARTESIAN_POINT( '', ( 1.81716915825472, 0.159032501542389, 5.14000000000000 ) );
#3572 = CARTESIAN_POINT( '', ( 1.80620001176350, 0.120642208525569, 5.14000000000000 ) );
#3573 = CARTESIAN_POINT( '', ( 1.80620001176350, 0.0697097326413247, 5.14000000000000 ) );
#3574 = DIRECTION( '', ( -2.19030741916263E-17, -2.19030741916264E-17, 1.00000000000000 ) );
#3575 = SURFACE_STYLE_FILL_AREA( #5009 );
#3576 = ORIENTED_EDGE( '', *, *, #4739, .F. );
#3577 = ORIENTED_EDGE( '', *, *, #5010, .F. );
#3578 = ORIENTED_EDGE( '', *, *, #4966, .T. );
#3579 = ORIENTED_EDGE( '', *, *, #5011, .T. );
#3580 = CARTESIAN_POINT( '', ( -0.663639216532318, -0.147910846136800, 5.14000000000000 ) );
#3581 = DIRECTION( '', ( 1.00000000000000, -3.74153213096973E-15, 2.19030741916262E-17 ) );
#3582 = DIRECTION( '', ( 3.74153213096973E-15, 1.00000000000000, 0.000000000000000 ) );
#3583 = SURFACE_STYLE_FILL_AREA( #5012 );
#3584 = ORIENTED_EDGE( '', *, *, #4750, .T. );
#3585 = ORIENTED_EDGE( '', *, *, #5013, .F. );
#3586 = ORIENTED_EDGE( '', *, *, #5014, .F. );
#3587 = ORIENTED_EDGE( '', *, *, #5015, .T. );
#3588 = CARTESIAN_POINT( '', ( 0.631134637510198, 1.49270898022359, 5.14000000000000 ) );
#3589 = DIRECTION( '', ( 7.21644966006352E-16, -1.00000000000000, -2.19030741916264E-17 ) );
#3590 = DIRECTION( '', ( 1.00000000000000, 7.21644966006352E-16, 0.000000000000000 ) );
#3591 = SURFACE_STYLE_FILL_AREA( #5016 );
#3592 = ORIENTED_EDGE( '', *, *, #4799, .T. );
#3593 = ORIENTED_EDGE( '', *, *, #5017, .T. );
#3594 = CARTESIAN_POINT( '', ( 1.05000000000000, -6.42939569552361E-17, 0.550000000000000 ) );
#3595 = DIRECTION( '', ( 9.92957435197164E-17, 0.000000000000000, -1.00000000000000 ) );
#3596 = DIRECTION( '', ( -1.00000000000000, 0.000000000000000, -9.92957435197164E-17 ) );
#3597 = SURFACE_STYLE_FILL_AREA( #5018 );
#3598 = ORIENTED_EDGE( '', *, *, #5019, .F. );
#3599 = ORIENTED_EDGE( '', *, *, #5020, .F. );
#3600 = ORIENTED_EDGE( '', *, *, #5021, .T. );
#3601 = ORIENTED_EDGE( '', *, *, #5022, .T. );
#3602 = CARTESIAN_POINT( '', ( 0.500000000000000, -2.65000000000000, 0.200000000000000 ) );
#3603 = DIRECTION( '', ( -1.00000000000000, -6.37765983815003E-17, 0.000000000000000 ) );
#3604 = DIRECTION( '', ( 6.37765983815003E-17, -1.00000000000000, 0.000000000000000 ) );
#3605 = SURFACE_STYLE_FILL_AREA( #5023 );
#3606 = ORIENTED_EDGE( '', *, *, #4758, .F. );
#3607 = ORIENTED_EDGE( '', *, *, #4880, .F. );
#3608 = ORIENTED_EDGE( '', *, *, #4552, .T. );
#3609 = ORIENTED_EDGE( '', *, *, #4885, .T. );
#3610 = CARTESIAN_POINT( '', ( -0.460624096291742, 1.71231915965339, 5.14000000000000 ) );
#3611 = DIRECTION( '', ( -0.998882737529132, -0.0472575567111558, -2.29136884795948E-17 ) );
#3612 = DIRECTION( '', ( 0.0472575567111558, -0.998882737529131, 1.11296957314963E-33 ) );
#3613 = SURFACE_STYLE_FILL_AREA( #5024 );
#3614 = ORIENTED_EDGE( '', *, *, #5025, .F. );
#3615 = ORIENTED_EDGE( '', *, *, #5026, .T. );
#3616 = ORIENTED_EDGE( '', *, *, #5027, .T. );
#3617 = ORIENTED_EDGE( '', *, *, #4821, .F. );
#3618 = ORIENTED_EDGE( '', *, *, #5028, .T. );
#3619 = ORIENTED_EDGE( '', *, *, #4663, .T. );
#3620 = ORIENTED_EDGE( '', *, *, #5029, .F. );
#3621 = ORIENTED_EDGE( '', *, *, #5030, .F. );
#3622 = CARTESIAN_POINT( '', ( 1.05000000000000, -6.42939569552361E-17, 0.550000000000000 ) );
#3623 = DIRECTION( '', ( -9.85638338623195E-17, -0.000000000000000, 1.00000000000000 ) );
#3624 = DIRECTION( '', ( -1.00000000000000, 0.000000000000000, -9.85638338623195E-17 ) );
#3625 = SURFACE_STYLE_FILL_AREA( #5031 );
#3626 = ORIENTED_EDGE( '', *, *, #4740, .F. );
#3627 = ORIENTED_EDGE( '', *, *, #5011, .F. );
#3628 = ORIENTED_EDGE( '', *, *, #4965, .T. );
#3629 = ORIENTED_EDGE( '', *, *, #5032, .T. );
#3630 = CARTESIAN_POINT( '', ( -0.663639216532316, 0.431638993091496, 5.14000000000000 ) );
#3631 = DIRECTION( '', ( -3.79714950048412E-15, -1.00000000000000, -2.19030741916264E-17 ) );
#3632 = DIRECTION( '', ( 1.00000000000000, -3.79714950048412E-15, 0.000000000000000 ) );
#3633 = SURFACE_STYLE_FILL_AREA( #5033 );
#3634 = ORIENTED_EDGE( '', *, *, #5034, .F. );
#3635 = ORIENTED_EDGE( '', *, *, #4661, .T. );
#3636 = ORIENTED_EDGE( '', *, *, #4795, .T. );
#3637 = ORIENTED_EDGE( '', *, *, #5017, .F. );
#3638 = ORIENTED_EDGE( '', *, *, #4798, .T. );
#3639 = ORIENTED_EDGE( '', *, *, #4992, .T. );
#3640 = ORIENTED_EDGE( '', *, *, #4939, .F. );
#3641 = ORIENTED_EDGE( '', *, *, #4840, .T. );
#3642 = ORIENTED_EDGE( '', *, *, #4834, .T. );
#3643 = ORIENTED_EDGE( '', *, *, #4858, .T. );
#3644 = ORIENTED_EDGE( '', *, *, #5035, .T. );
#3645 = ORIENTED_EDGE( '', *, *, #4901, .T. );
#3646 = ORIENTED_EDGE( '', *, *, #5036, .F. );
#3647 = ORIENTED_EDGE( '', *, *, #4517, .F. );
#3648 = CARTESIAN_POINT( '', ( 1.20000000000000, -0.325000000000000, 0.550000000000000 ) );
#3649 = DIRECTION( '', ( 1.80700362080917E-16, 1.00000000000000, 0.000000000000000 ) );
#3650 = DIRECTION( '', ( -1.00000000000000, 1.80700362080917E-16, 0.000000000000000 ) );
#3651 = SURFACE_STYLE_FILL_AREA( #5037 );
#3652 = ORIENTED_EDGE( '', *, *, #4712, .F. );
#3653 = ORIENTED_EDGE( '', *, *, #5038, .T. );
#3654 = CARTESIAN_POINT( '', ( -1.05000000000000, -6.42939569552361E-17, 0.550000000000000 ) );
#3655 = DIRECTION( '', ( -9.92957435197164E-17, 0.000000000000000, 1.00000000000000 ) );
#3656 = DIRECTION( '', ( 1.00000000000000, 0.000000000000000, 9.92957435197164E-17 ) );
#3657 = SURFACE_STYLE_FILL_AREA( #5039 );
#3658 = ORIENTED_EDGE( '', *, *, #4735, .F. );
#3659 = ORIENTED_EDGE( '', *, *, #4998, .F. );
#3660 = ORIENTED_EDGE( '', *, *, #4924, .T. );
#3661 = ORIENTED_EDGE( '', *, *, #5040, .T. );
#3662 = CARTESIAN_POINT( '', ( 0.517839883146140, 0.209002337142938, 5.14000000000000 ) );
#3663 = CARTESIAN_POINT( '', ( 0.534045670927491, 0.238712948075414, 5.14000000000000 ) );
#3664 = CARTESIAN_POINT( '', ( 0.548708050348713, 0.258391404667054, 5.14000000000000 ) );
#3665 = CARTESIAN_POINT( '', ( 0.562212873499838, 0.267651854827825, 5.14000000000000 ) );
#3666 = CARTESIAN_POINT( '', ( 0.576160108958524, 0.277215673428067, 5.14000000000000 ) );
#3667 = CARTESIAN_POINT( '', ( 0.591151780252249, 0.281928382159015, 5.14000000000000 ) );
#3668 = CARTESIAN_POINT( '', ( 0.631280397615593, 0.281928382159015, 5.14000000000000 ) );
#3669 = CARTESIAN_POINT( '', ( 0.655203227197587, 0.274211340358371, 5.14000000000000 ) );
#3670 = CARTESIAN_POINT( '', ( 0.679511908869613, 0.259163108847117, 5.14000000000000 ) );
#3671 = DIRECTION( '', ( -2.19030741916263E-17, -2.19030741916264E-17, 1.00000000000000 ) );
#3672 = SURFACE_STYLE_FILL_AREA( #5041 );
#3673 = ORIENTED_EDGE( '', *, *, #4738, .F. );
#3674 = ORIENTED_EDGE( '', *, *, #4995, .F. );
#3675 = ORIENTED_EDGE( '', *, *, #4958, .T. );
#3676 = ORIENTED_EDGE( '', *, *, #5010, .T. );
#3677 = CARTESIAN_POINT( '', ( -0.590327319426209, -0.147910846136800, 5.14000000000000 ) );
#3678 = DIRECTION( '', ( 5.91555922180687E-15, 1.00000000000000, 2.19030741916265E-17 ) );
#3679 = DIRECTION( '', ( -1.00000000000000, 5.91555922180687E-15, 0.000000000000000 ) );
#3680 = SURFACE_STYLE_FILL_AREA( #5042 );
#3681 = ORIENTED_EDGE( '', *, *, #4727, .F. );
#3682 = ORIENTED_EDGE( '', *, *, #4855, .F. );
#3683 = ORIENTED_EDGE( '', *, *, #5043, .T. );
#3684 = ORIENTED_EDGE( '', *, *, #5044, .T. );
#3685 = CARTESIAN_POINT( '', ( 1.65031576739051, -0.147910846136810, 5.14000000000000 ) );
#3686 = DIRECTION( '', ( 7.63557236510396E-15, 1.00000000000000, 2.19030741916265E-17 ) );
#3687 = DIRECTION( '', ( -1.00000000000000, 7.63557236510396E-15, 0.000000000000000 ) );
#3688 = SURFACE_STYLE_FILL_AREA( #5045 );
#3689 = ORIENTED_EDGE( '', *, *, #4784, .F. );
#3690 = ORIENTED_EDGE( '', *, *, #4486, .F. );
#3691 = ORIENTED_EDGE( '', *, *, #4424, .T. );
#3692 = ORIENTED_EDGE( '', *, *, #4489, .T. );
#3693 = CARTESIAN_POINT( '', ( 2.03886882205289, 0.272667931998236, 5.14000000000000 ) );
#3694 = DIRECTION( '', ( 8.46352599505499E-16, -1.00000000000000, -2.19030741916264E-17 ) );
#3695 = DIRECTION( '', ( 1.00000000000000, 8.46352599505499E-16, 0.000000000000000 ) );
#3696 = SURFACE_STYLE_FILL_AREA( #5046 );
#3697 = ORIENTED_EDGE( '', *, *, #4781, .F. );
#3698 = ORIENTED_EDGE( '', *, *, #4678, .F. );
#3699 = ORIENTED_EDGE( '', *, *, #4792, .T. );
#3700 = ORIENTED_EDGE( '', *, *, #4927, .T. );
#3701 = CARTESIAN_POINT( '', ( 1.20118393459309, 0.272667931998241, 5.14000000000000 ) );
#3702 = DIRECTION( '', ( -1.00000000000000, 4.12461009960847E-15, -2.19030741916262E-17 ) );
#3703 = DIRECTION( '', ( -4.12461009960847E-15, -1.00000000000000, 0.000000000000000 ) );
#3704 = SURFACE_STYLE_FILL_AREA( #5047 );
#3705 = ORIENTED_EDGE( '', *, *, #4870, .T. );
#3706 = ORIENTED_EDGE( '', *, *, #4651, .F. );
#3707 = CARTESIAN_POINT( '', ( -6.70651271676940E-17, 0.000000000000000, 1.53095238095238 ) );
#3708 = DIRECTION( '', ( -4.38061483832527E-17, 0.000000000000000, 1.00000000000000 ) );
#3709 = DIRECTION( '', ( 1.00000000000000, 0.000000000000000, 4.38061483832527E-17 ) );
#3710 = SURFACE_STYLE_FILL_AREA( #5048 );
#3711 = ORIENTED_EDGE( '', *, *, #4556, .F. );
#3712 = ORIENTED_EDGE( '', *, *, #5001, .T. );
#3713 = ORIENTED_EDGE( '', *, *, #5049, .T. );
#3714 = ORIENTED_EDGE( '', *, *, #5050, .F. );
#3715 = CARTESIAN_POINT( '', ( -5.00098941443845E-18, 0.000000000000000, 0.0500000000000000 ) );
#3716 = DIRECTION( '', ( 1.00019788288769E-16, -0.000000000000000, -1.00000000000000 ) );
#3717 = DIRECTION( '', ( 1.00000000000000, 0.000000000000000, 1.00019788288769E-16 ) );
#3718 = SURFACE_STYLE_FILL_AREA( #5051 );
#3719 = ORIENTED_EDGE( '', *, *, #4804, .T. );
#3720 = ORIENTED_EDGE( '', *, *, #4807, .F. );
#3721 = CARTESIAN_POINT( '', ( -5.00098941443845E-18, 0.000000000000000, 0.0500000000000000 ) );
#3722 = DIRECTION( '', ( -9.85638338623195E-17, 0.000000000000000, 1.00000000000000 ) );
#3723 = DIRECTION( '', ( 1.00000000000000, 0.000000000000000, 9.85638338623195E-17 ) );
#3724 = SURFACE_STYLE_FILL_AREA( #5052 );
#3725 = ORIENTED_EDGE( '', *, *, #4751, .T. );
#3726 = ORIENTED_EDGE( '', *, *, #5015, .F. );
#3727 = ORIENTED_EDGE( '', *, *, #5053, .F. );
#3728 = ORIENTED_EDGE( '', *, *, #5054, .T. );
#3729 = CARTESIAN_POINT( '', ( 0.568719112830152, 1.39009200320195, 5.14000000000000 ) );
#3730 = DIRECTION( '', ( 0.854372242878022, -0.519661496168013, 7.33119431792394E-18 ) );
#3731 = DIRECTION( '', ( 0.519661496168013, 0.854372242878022, 0.000000000000000 ) );
#3732 = SURFACE_STYLE_FILL_AREA( #5055 );
#3733 = ORIENTED_EDGE( '', *, *, #4993, .T. );
#3734 = ORIENTED_EDGE( '', *, *, #4796, .T. );
#3735 = ORIENTED_EDGE( '', *, *, #4668, .F. );
#3736 = ORIENTED_EDGE( '', *, *, #4978, .F. );
#3737 = CARTESIAN_POINT( '', ( -5.00098941443845E-18, 0.000000000000000, 0.0500000000000000 ) );
#3738 = DIRECTION( '', ( 1.00019788288769E-16, -0.000000000000000, -1.00000000000000 ) );
#3739 = DIRECTION( '', ( 1.00000000000000, 0.000000000000000, 1.00019788288769E-16 ) );
#3740 = SURFACE_STYLE_FILL_AREA( #5056 );
#3741 = ORIENTED_EDGE( '', *, *, #4769, .F. );
#3742 = ORIENTED_EDGE( '', *, *, #4942, .F. );
#3743 = ORIENTED_EDGE( '', *, *, #4631, .T. );
#3744 = ORIENTED_EDGE( '', *, *, #4480, .T. );
#3745 = CARTESIAN_POINT( '', ( 0.0629202689982299, 0.143021629747441, 5.14000000000000 ) );
#3746 = DIRECTION( '', ( 0.135354807675378, 0.990797192183729, 2.46661908039624E-17 ) );
#3747 = DIRECTION( '', ( -0.990797192183729, 0.135354807675378, 0.000000000000000 ) );
#3748 = SURFACE_STYLE_FILL_AREA( #5057 );
#3749 = ORIENTED_EDGE( '', *, *, #4782, .F. );
#3750 = ORIENTED_EDGE( '', *, *, #4472, .F. );
#3751 = ORIENTED_EDGE( '', *, *, #4427, .T. );
#3752 = ORIENTED_EDGE( '', *, *, #4944, .T. );
#3753 = CARTESIAN_POINT( '', ( 1.81584631401430, -0.191512132310444, 5.14000000000000 ) );
#3754 = CARTESIAN_POINT( '', ( 1.81854727864453, -0.213505701442277, 5.14000000000000 ) );
#3755 = CARTESIAN_POINT( '', ( 1.82665017253520, -0.229325637133595, 5.14000000000000 ) );
#3756 = CARTESIAN_POINT( '', ( 1.84015499568633, -0.239357791474432, 5.14000000000000 ) );
#3757 = CARTESIAN_POINT( '', ( 1.85805723363522, -0.252656596807891, 5.14000000000000 ) );
#3758 = CARTESIAN_POINT( '', ( 1.88221287349984, -0.259807952246136, 5.14000000000000 ) );
#3759 = CARTESIAN_POINT( '', ( 1.94665017253521, -0.259807952246136, 5.14000000000000 ) );
#3760 = CARTESIAN_POINT( '', ( 1.97211641047733, -0.253248466715589, 5.14000000000000 ) );
#3761 = CARTESIAN_POINT( '', ( 2.00838650694035, -0.227010524593403, 5.14000000000000 ) );
#3762 = CARTESIAN_POINT( '', ( 2.02073377382138, -0.208489624271860, 5.14000000000000 ) );
#3763 = CARTESIAN_POINT( '', ( 2.02690740726190, -0.184952646779899, 5.14000000000000 ) );
#3764 = CARTESIAN_POINT( '', ( 2.03075409161332, -0.170287162690112, 5.14000000000000 ) );
#3765 = CARTESIAN_POINT( '', ( 2.03230933652235, -0.140193804336168, 5.14000000000000 ) );
#3766 = CARTESIAN_POINT( '', ( 2.03230933652235, -0.0935057014422775, 5.14000000000000 ) );
#3767 = DIRECTION( '', ( -2.19030741916263E-17, -2.19030741916264E-17, 1.00000000000000 ) );
#3768 = SURFACE_STYLE_FILL_AREA( #5058 );
#3769 = ORIENTED_EDGE( '', *, *, #4731, .F. );
#3770 = ORIENTED_EDGE( '', *, *, #5059, .F. );
#3771 = ORIENTED_EDGE( '', *, *, #5060, .T. );
#3772 = ORIENTED_EDGE( '', *, *, #4911, .T. );
#3773 = CARTESIAN_POINT( '', ( 1.20118393459309, 0.431638993091488, 5.14000000000000 ) );
#3774 = DIRECTION( '', ( -1.00000000000000, 2.66340344109788E-15, -2.19030741916262E-17 ) );
#3775 = DIRECTION( '', ( -2.66340344109788E-15, -1.00000000000000, 0.000000000000000 ) );
#3776 = SURFACE_STYLE_FILL_AREA( #5061 );
#3777 = ORIENTED_EDGE( '', *, *, #4724, .F. );
#3778 = ORIENTED_EDGE( '', *, *, #4981, .F. );
#3779 = ORIENTED_EDGE( '', *, *, #5062, .T. );
#3780 = ORIENTED_EDGE( '', *, *, #5063, .T. );
#3781 = CARTESIAN_POINT( '', ( 1.30845081562202, 0.272667931998240, 5.14000000000000 ) );
#3782 = DIRECTION( '', ( -3.38541039802202E-15, -1.00000000000000, -2.19030741916264E-17 ) );
#3783 = DIRECTION( '', ( 1.00000000000000, -3.38541039802202E-15, 0.000000000000000 ) );
#3784 = SURFACE_STYLE_FILL_AREA( #5064 );
#3785 = ORIENTED_EDGE( '', *, *, #4986, .F. );
#3786 = ORIENTED_EDGE( '', *, *, #4513, .F. );
#3787 = ORIENTED_EDGE( '', *, *, #4673, .T. );
#3788 = ORIENTED_EDGE( '', *, *, #5065, .T. );
#3789 = CARTESIAN_POINT( '', ( 0.825000000000000, 2.65000000000000, 1.60000000000000 ) );
#3790 = DIRECTION( '', ( -1.00000000000000, 0.000000000000000, 0.000000000000000 ) );
#3791 = DIRECTION( '', ( 0.000000000000000, 0.000000000000000, 1.00000000000000 ) );
#3792 = SURFACE_STYLE_FILL_AREA( #5066 );
#3793 = ORIENTED_EDGE( '', *, *, #5027, .F. );
#3794 = ORIENTED_EDGE( '', *, *, #5067, .T. );
#3795 = ORIENTED_EDGE( '', *, *, #5068, .T. );
#3796 = ORIENTED_EDGE( '', *, *, #4822, .F. );
#3797 = CARTESIAN_POINT( '', ( -5.00098941443845E-18, 0.000000000000000, 0.0500000000000000 ) );
#3798 = DIRECTION( '', ( 1.00019788288769E-16, -0.000000000000000, -1.00000000000000 ) );
#3799 = DIRECTION( '', ( 1.00000000000000, 0.000000000000000, 1.00019788288769E-16 ) );
#3800 = SURFACE_STYLE_FILL_AREA( #5069 );
#3801 = ORIENTED_EDGE( '', *, *, #5070, .T. );
#3802 = ORIENTED_EDGE( '', *, *, #5071, .T. );
#3803 = ORIENTED_EDGE( '', *, *, #4501, .T. );
#3804 = ORIENTED_EDGE( '', *, *, #4861, .T. );
#3805 = ORIENTED_EDGE( '', *, *, #5072, .T. );
#3806 = ORIENTED_EDGE( '', *, *, #5019, .T. );
#3807 = ORIENTED_EDGE( '', *, *, #5073, .T. );
#3808 = ORIENTED_EDGE( '', *, *, #4684, .T. );
#3809 = ORIENTED_EDGE( '', *, *, #5074, .T. );
#3810 = ORIENTED_EDGE( '', *, *, #4930, .T. );
#3811 = ORIENTED_EDGE( '', *, *, #4972, .T. );
#3812 = ORIENTED_EDGE( '', *, *, #4432, .T. );
#3813 = ORIENTED_EDGE( '', *, *, #5075, .T. );
#3814 = ORIENTED_EDGE( '', *, *, #4606, .F. );
#3815 = ORIENTED_EDGE( '', *, *, #4520, .F. );
#3816 = ORIENTED_EDGE( '', *, *, #4908, .F. );
#3817 = ORIENTED_EDGE( '', *, *, #4832, .F. );
#3818 = ORIENTED_EDGE( '', *, *, #5076, .F. );
#3819 = ORIENTED_EDGE( '', *, *, #4535, .F. );
#3820 = ORIENTED_EDGE( '', *, *, #4643, .F. );
#3821 = CARTESIAN_POINT( '', ( 0.000000000000000, 0.000000000000000, 0.000000000000000 ) );
#3822 = DIRECTION( '', ( 0.000000000000000, 0.000000000000000, -1.00000000000000 ) );
#3823 = DIRECTION( '', ( -1.00000000000000, 0.000000000000000, 0.000000000000000 ) );
#3824 = SURFACE_STYLE_FILL_AREA( #5077 );
#3825 = ORIENTED_EDGE( '', *, *, #4682, .F. );
#3826 = ORIENTED_EDGE( '', *, *, #5078, .F. );
#3827 = ORIENTED_EDGE( '', *, *, #4862, .F. );
#3828 = ORIENTED_EDGE( '', *, *, #4507, .F. );
#3829 = ORIENTED_EDGE( '', *, *, #4949, .F. );
#3830 = ORIENTED_EDGE( '', *, *, #4476, .F. );
#3831 = CARTESIAN_POINT( '', ( 0.000000000000000, 0.000000000000000, 0.900000000000000 ) );
#3832 = DIRECTION( '', ( 0.000000000000000, 0.000000000000000, 1.00000000000000 ) );
#3833 = DIRECTION( '', ( 1.00000000000000, 0.000000000000000, 0.000000000000000 ) );
#3834 = SURFACE_STYLE_FILL_AREA( #5079 );
#3835 = ORIENTED_EDGE( '', *, *, #4672, .T. );
#3836 = ORIENTED_EDGE( '', *, *, #5080, .T. );
#3837 = ORIENTED_EDGE( '', *, *, #5070, .F. );
#3838 = ORIENTED_EDGE( '', *, *, #4909, .F. );
#3839 = ORIENTED_EDGE( '', *, *, #4653, .F. );
#3840 = ORIENTED_EDGE( '', *, *, #4607, .T. );
#3841 = ORIENTED_EDGE( '', *, *, #5075, .F. );
#3842 = ORIENTED_EDGE( '', *, *, #4431, .T. );
#3843 = ORIENTED_EDGE( '', *, *, #4528, .T. );
#3844 = ORIENTED_EDGE( '', *, *, #4868, .T. );
#3845 = ORIENTED_EDGE( '', *, *, #4987, .T. );
#3846 = ORIENTED_EDGE( '', *, *, #5065, .F. );
#3847 = CARTESIAN_POINT( '', ( -2.65000000000000, 2.65000000000000, 0.500000000000000 ) );
#3848 = DIRECTION( '', ( 0.000000000000000, 1.00000000000000, 0.000000000000000 ) );
#3849 = DIRECTION( '', ( 0.000000000000000, 0.000000000000000, 1.00000000000000 ) );
#3850 = SURFACE_STYLE_FILL_AREA( #5081 );
#3851 = ORIENTED_EDGE( '', *, *, #4989, .F. );
#3852 = ORIENTED_EDGE( '', *, *, #4655, .F. );
#3853 = CARTESIAN_POINT( '', ( -5.40403612585223E-17, 0.950000000000000, 0.500000000000000 ) );
#3854 = DIRECTION( '', ( -0.000000000000000, -0.000000000000000, 1.00000000000000 ) );
#3855 = DIRECTION( '', ( -1.00000000000000, 0.000000000000000, 0.000000000000000 ) );
#3856 = SURFACE_STYLE_FILL_AREA( #5082 );
#3857 = ORIENTED_EDGE( '', *, *, #5083, .T. );
#3858 = ORIENTED_EDGE( '', *, *, #4686, .F. );
#3859 = ORIENTED_EDGE( '', *, *, #5084, .F. );
#3860 = ORIENTED_EDGE( '', *, *, #5021, .F. );
#3861 = ORIENTED_EDGE( '', *, *, #5085, .F. );
#3862 = CARTESIAN_POINT( '', ( -5.40403612585223E-17, -0.950000000000000, 0.200000000000000 ) );
#3863 = DIRECTION( '', ( 0.000000000000000, 0.000000000000000, 1.00000000000000 ) );
#3864 = DIRECTION( '', ( 1.00000000000000, 0.000000000000000, 0.000000000000000 ) );
#3865 = SURFACE_STYLE_FILL_AREA( #5086 );
#3866 = ORIENTED_EDGE( '', *, *, #4586, .T. );
#3867 = ORIENTED_EDGE( '', *, *, #4946, .T. );
#3868 = CARTESIAN_POINT( '', ( -4.33680868994202E-16, 0.000000000000000, 9.90000000000000 ) );
#3869 = DIRECTION( '', ( 4.38061483832527E-17, -0.000000000000000, -1.00000000000000 ) );
#3870 = DIRECTION( '', ( 1.00000000000000, 0.000000000000000, 4.38061483832527E-17 ) );
#3871 = SURFACE_STYLE_FILL_AREA( #5087 );
#3872 = ORIENTED_EDGE( '', *, *, #5088, .F. );
#3873 = ORIENTED_EDGE( '', *, *, #4844, .F. );
#3874 = CARTESIAN_POINT( '', ( -5.00098941443845E-18, 0.000000000000000, 0.0500000000000000 ) );
#3875 = DIRECTION( '', ( -1.00019788288769E-16, 0.000000000000000, 1.00000000000000 ) );
#3876 = DIRECTION( '', ( 1.00000000000000, 0.000000000000000, 1.00019788288769E-16 ) );
#3877 = SURFACE_STYLE_FILL_AREA( #5089 );
#3878 = ORIENTED_EDGE( '', *, *, #5028, .F. );
#3879 = ORIENTED_EDGE( '', *, *, #4820, .F. );
#3880 = ORIENTED_EDGE( '', *, *, #5090, .T. );
#3881 = ORIENTED_EDGE( '', *, *, #4664, .T. );
#3882 = CARTESIAN_POINT( '', ( -5.00098941443845E-18, 0.000000000000000, 0.0500000000000000 ) );
#3883 = DIRECTION( '', ( 1.00019788288769E-16, -0.000000000000000, -1.00000000000000 ) );
#3884 = DIRECTION( '', ( 1.00000000000000, 0.000000000000000, 1.00019788288769E-16 ) );
#3885 = SURFACE_STYLE_FILL_AREA( #5091 );
#3886 = ORIENTED_EDGE( '', *, *, #5092, .F. );
#3887 = ORIENTED_EDGE( '', *, *, #5093, .T. );
#3888 = ORIENTED_EDGE( '', *, *, #5094, .F. );
#3889 = ORIENTED_EDGE( '', *, *, #4665, .F. );
#3890 = ORIENTED_EDGE( '', *, *, #5090, .F. );
#3891 = ORIENTED_EDGE( '', *, *, #4823, .T. );
#3892 = ORIENTED_EDGE( '', *, *, #5068, .F. );
#3893 = ORIENTED_EDGE( '', *, *, #5095, .F. );
#3894 = CARTESIAN_POINT( '', ( -1.05000000000000, -6.42939569552361E-17, 0.550000000000000 ) );
#3895 = DIRECTION( '', ( -9.85638338623195E-17, -0.000000000000000, 1.00000000000000 ) );
#3896 = DIRECTION( '', ( -1.00000000000000, 0.000000000000000, -9.85638338623195E-17 ) );
#3897 = SURFACE_STYLE_FILL_AREA( #5096 );
#3898 = ORIENTED_EDGE( '', *, *, #4564, .T. );
#3899 = ORIENTED_EDGE( '', *, *, #5002, .T. );
#3900 = CARTESIAN_POINT( '', ( 1.05000000000000, -6.42939569552361E-17, 0.550000000000000 ) );
#3901 = DIRECTION( '', ( 9.92957435197164E-17, 0.000000000000000, -1.00000000000000 ) );
#3902 = DIRECTION( '', ( -1.00000000000000, 0.000000000000000, -9.92957435197164E-17 ) );
#3903 = SURFACE_STYLE_FILL_AREA( #5097 );
#3904 = ORIENTED_EDGE( '', *, *, #4756, .F. );
#3905 = ORIENTED_EDGE( '', *, *, #4883, .F. );
#3906 = ORIENTED_EDGE( '', *, *, #4542, .T. );
#3907 = ORIENTED_EDGE( '', *, *, #4879, .T. );
#3908 = CARTESIAN_POINT( '', ( -0.636626848002937, 0.829597035134968, 5.14000000000000 ) );
#3909 = DIRECTION( '', ( 0.998643274761987, 0.0520731194826545, 2.30139191374984E-17 ) );
#3910 = DIRECTION( '', ( -0.0520731194826545, 0.998643274761987, 0.000000000000000 ) );
#3911 = SURFACE_STYLE_FILL_AREA( #5098 );
#3912 = ORIENTED_EDGE( '', *, *, #4736, .F. );
#3913 = ORIENTED_EDGE( '', *, *, #5040, .F. );
#3914 = ORIENTED_EDGE( '', *, *, #4923, .T. );
#3915 = ORIENTED_EDGE( '', *, *, #5099, .T. );
#3916 = CARTESIAN_POINT( '', ( 0.679511908869613, 0.259163108847117, 5.14000000000000 ) );
#3917 = DIRECTION( '', ( -0.935875921829129, 0.352329758806261, -1.27814549029287E-17 ) );
#3918 = DIRECTION( '', ( -0.352329758806261, -0.935875921829129, 0.000000000000000 ) );
#3919 = SURFACE_STYLE_FILL_AREA( #5100 );
#3920 = ORIENTED_EDGE( '', *, *, #4741, .F. );
#3921 = ORIENTED_EDGE( '', *, *, #5032, .F. );
#3922 = ORIENTED_EDGE( '', *, *, #4964, .T. );
#3923 = ORIENTED_EDGE( '', *, *, #5101, .T. );
#3924 = CARTESIAN_POINT( '', ( -0.549426997882798, 0.431638993091496, 5.14000000000000 ) );
#3925 = CARTESIAN_POINT( '', ( -0.503510599168972, 0.294918735856768, 5.14000000000000 ) );
#3926 = CARTESIAN_POINT( '', ( -0.457594200455146, 0.158198478622042, 5.14000000000000 ) );
#3927 = CARTESIAN_POINT( '', ( -0.411677801741321, 0.0214782213873146, 5.14000000000000 ) );
#3928 = CARTESIAN_POINT( '', ( -0.398742117005153, -0.0170389575329819, 5.14000000000000 ) );
#3929 = CARTESIAN_POINT( '', ( -0.389684232609488, -0.0456600422782803, 5.14000000000000 ) );
#3930 = CARTESIAN_POINT( '', ( -0.383896451259006, -0.0645667946898559, 5.14000000000000 ) );
#3931 = DIRECTION( '', ( -2.19030741916263E-17, -2.19030741916264E-17, 1.00000000000000 ) );
#3932 = SURFACE_STYLE_FILL_AREA( #5102 );
#3933 = ORIENTED_EDGE( '', *, *, #4442, .F. );
#3934 = ORIENTED_EDGE( '', *, *, #5103, .F. );
#3935 = ORIENTED_EDGE( '', *, *, #5043, .F. );
#3936 = ORIENTED_EDGE( '', *, *, #4854, .F. );
#3937 = ORIENTED_EDGE( '', *, *, #5104, .F. );
#3938 = ORIENTED_EDGE( '', *, *, #5062, .F. );
#3939 = ORIENTED_EDGE( '', *, *, #4980, .F. );
#3940 = CARTESIAN_POINT( '', ( 1.64379293892605, 0.189833040951480, 5.14000000000000 ) );
#3941 = DIRECTION( '', ( 0.000000000000000, 0.000000000000000, 1.00000000000000 ) );
#3942 = DIRECTION( '', ( 1.00000000000000, 0.000000000000000, 0.000000000000000 ) );
#3943 = SURFACE_STYLE_FILL_AREA( #5105 );
#3944 = ORIENTED_EDGE( '', *, *, #4730, .F. );
#3945 = ORIENTED_EDGE( '', *, *, #4448, .F. );
#3946 = ORIENTED_EDGE( '', *, *, #5106, .T. );
#3947 = ORIENTED_EDGE( '', *, *, #5059, .T. );
#3948 = CARTESIAN_POINT( '', ( 1.13018715002717, 0.431638993091488, 5.14000000000000 ) );
#3949 = DIRECTION( '', ( -3.05422894604160E-15, -1.00000000000000, -2.19030741916264E-17 ) );
#3950 = DIRECTION( '', ( 1.00000000000000, -3.05422894604160E-15, 0.000000000000000 ) );
#3951 = SURFACE_STYLE_FILL_AREA( #5107 );
#3952 = ORIENTED_EDGE( '', *, *, #4891, .T. );
#3953 = ORIENTED_EDGE( '', *, *, #4457, .F. );
#3954 = CARTESIAN_POINT( '', ( -5.00098941443845E-18, 0.000000000000000, 0.0500000000000000 ) );
#3955 = DIRECTION( '', ( -9.85638338623195E-17, 0.000000000000000, 1.00000000000000 ) );
#3956 = DIRECTION( '', ( 1.00000000000000, 0.000000000000000, 9.85638338623195E-17 ) );
#3957 = SURFACE_STYLE_FILL_AREA( #5108 );
#3958 = ORIENTED_EDGE( '', *, *, #4749, .T. );
#3959 = ORIENTED_EDGE( '', *, *, #4468, .F. );
#3960 = ORIENTED_EDGE( '', *, *, #5109, .F. );
#3961 = ORIENTED_EDGE( '', *, *, #5013, .T. );
#3962 = CARTESIAN_POINT( '', ( 1.00198927374186, 1.49270898022359, 5.14000000000000 ) );
#3963 = DIRECTION( '', ( 0.861796194174881, -0.507254689190441, 7.76554888768502E-18 ) );
#3964 = DIRECTION( '', ( 0.507254689190441, 0.861796194174881, 0.000000000000000 ) );
#3965 = SURFACE_STYLE_FILL_AREA( #5110 );
#3966 = ORIENTED_EDGE( '', *, *, #4774, .F. );
#3967 = ORIENTED_EDGE( '', *, *, #4865, .F. );
#3968 = ORIENTED_EDGE( '', *, *, #4849, .T. );
#3969 = ORIENTED_EDGE( '', *, *, #4951, .T. );
#3970 = CARTESIAN_POINT( '', ( 1.05687525292106, 0.272667931998241, 5.14000000000000 ) );
#3971 = DIRECTION( '', ( -0.696735230307808, 0.717328389824302, 4.51053500729807E-19 ) );
#3972 = DIRECTION( '', ( -0.717328389824302, -0.696735230307808, 0.000000000000000 ) );
#3973 = SURFACE_STYLE_FILL_AREA( #5111 );
#3974 = ORIENTED_EDGE( '', *, *, #5030, .T. );
#3975 = ORIENTED_EDGE( '', *, *, #5112, .T. );
#3976 = CARTESIAN_POINT( '', ( 1.05000000000000, -6.42939569552361E-17, 0.550000000000000 ) );
#3977 = DIRECTION( '', ( 9.92957435197164E-17, 0.000000000000000, -1.00000000000000 ) );
#3978 = DIRECTION( '', ( -1.00000000000000, 0.000000000000000, -9.92957435197164E-17 ) );
#3979 = SURFACE_STYLE_FILL_AREA( #5113 );
#3980 = ORIENTED_EDGE( '', *, *, #5114, .F. );
#3981 = ORIENTED_EDGE( '', *, *, #5115, .F. );
#3982 = ORIENTED_EDGE( '', *, *, #5116, .T. );
#3983 = ORIENTED_EDGE( '', *, *, #4567, .T. );
#3984 = ORIENTED_EDGE( '', *, *, #4666, .F. );
#3985 = ORIENTED_EDGE( '', *, *, #5094, .T. );
#3986 = ORIENTED_EDGE( '', *, *, #5117, .F. );
#3987 = ORIENTED_EDGE( '', *, *, #5092, .T. );
#3988 = CARTESIAN_POINT( '', ( -1.20000000000000, -0.325000000000000, -0.300000000000000 ) );
#3989 = DIRECTION( '', ( -1.00000000000000, 0.000000000000000, 0.000000000000000 ) );
#3990 = DIRECTION( '', ( 0.000000000000000, 0.000000000000000, 1.00000000000000 ) );
#3991 = SURFACE_STYLE_FILL_AREA( #5118 );
#3992 = ORIENTED_EDGE( '', *, *, #5093, .F. );
#3993 = ORIENTED_EDGE( '', *, *, #5117, .T. );
#3994 = CARTESIAN_POINT( '', ( -1.05000000000000, -6.42939569552361E-17, 0.550000000000000 ) );
#3995 = DIRECTION( '', ( -9.92957435197164E-17, 0.000000000000000, 1.00000000000000 ) );
#3996 = DIRECTION( '', ( 1.00000000000000, 0.000000000000000, 9.92957435197164E-17 ) );
#3997 = SURFACE_STYLE_FILL_AREA( #5119 );
#3998 = ORIENTED_EDGE( '', *, *, #5008, .T. );
#3999 = CARTESIAN_POINT( '', ( 2.50000000000000, 0.000000000000000, 5.15000000000000 ) );
#4000 = DIRECTION( '', ( 4.38061483832527E-17, 0.000000000000000, -1.00000000000000 ) );
#4001 = DIRECTION( '', ( -1.00000000000000, 0.000000000000000, -4.38061483832527E-17 ) );
#4002 = SURFACE_STYLE_FILL_AREA( #5120 );
#4003 = ORIENTED_EDGE( '', *, *, #4725, .F. );
#4004 = ORIENTED_EDGE( '', *, *, #5063, .F. );
#4005 = ORIENTED_EDGE( '', *, *, #5104, .T. );
#4006 = ORIENTED_EDGE( '', *, *, #4853, .T. );
#4007 = CARTESIAN_POINT( '', ( 1.37250226256736, 0.272667931998240, 5.14000000000000 ) );
#4008 = DIRECTION( '', ( -1.00000000000000, 7.25133065898904E-15, -2.19030741916261E-17 ) );
#4009 = DIRECTION( '', ( -7.25133065898904E-15, -1.00000000000000, 0.000000000000000 ) );
#4010 = SURFACE_STYLE_FILL_AREA( #5121 );
#4011 = ORIENTED_EDGE( '', *, *, #4968, .F. );
#4012 = ORIENTED_EDGE( '', *, *, #5076, .T. );
#4013 = CARTESIAN_POINT( '', ( -1.65000000000000, 1.65000000000000, -0.0600000000000000 ) );
#4014 = DIRECTION( '', ( -0.000000000000000, -0.000000000000000, -1.00000000000000 ) );
#4015 = DIRECTION( '', ( 1.00000000000000, 0.000000000000000, 0.000000000000000 ) );
#4016 = SURFACE_STYLE_FILL_AREA( #5122 );
#4017 = ORIENTED_EDGE( '', *, *, #5074, .F. );
#4018 = ORIENTED_EDGE( '', *, *, #4687, .F. );
#4019 = ORIENTED_EDGE( '', *, *, #5085, .T. );
#4020 = ORIENTED_EDGE( '', *, *, #5020, .T. );
#4021 = ORIENTED_EDGE( '', *, *, #5072, .F. );
#4022 = ORIENTED_EDGE( '', *, *, #4863, .F. );
#4023 = ORIENTED_EDGE( '', *, *, #5078, .T. );
#4024 = ORIENTED_EDGE( '', *, *, #4681, .T. );
#4025 = ORIENTED_EDGE( '', *, *, #4985, .T. );
#4026 = ORIENTED_EDGE( '', *, *, #4789, .F. );
#4027 = ORIENTED_EDGE( '', *, *, #5123, .T. );
#4028 = ORIENTED_EDGE( '', *, *, #4931, .T. );
#4029 = CARTESIAN_POINT( '', ( 1.65000000000000, -2.65000000000000, 0.500000000000000 ) );
#4030 = DIRECTION( '', ( 0.000000000000000, -1.00000000000000, 0.000000000000000 ) );
#4031 = DIRECTION( '', ( 0.000000000000000, 0.000000000000000, -1.00000000000000 ) );
#4032 = SURFACE_STYLE_FILL_AREA( #5124 );
#4033 = ORIENTED_EDGE( '', *, *, #4892, .F. );
#4034 = CARTESIAN_POINT( '', ( -1.50029682433154E-17, 0.000000000000000, 0.150000000000000 ) );
#4035 = DIRECTION( '', ( -1.00019788288769E-16, 0.000000000000000, 1.00000000000000 ) );
#4036 = DIRECTION( '', ( 1.00000000000000, 0.000000000000000, 1.00019788288769E-16 ) );
#4037 = SURFACE_STYLE_FILL_AREA( #5125 );
#4038 = ORIENTED_EDGE( '', *, *, #5126, .F. );
#4039 = ORIENTED_EDGE( '', *, *, #5003, .F. );
#4040 = ORIENTED_EDGE( '', *, *, #4562, .F. );
#4041 = ORIENTED_EDGE( '', *, *, #4491, .T. );
#4042 = ORIENTED_EDGE( '', *, *, #4648, .T. );
#4043 = ORIENTED_EDGE( '', *, *, #5127, .T. );
#4044 = ORIENTED_EDGE( '', *, *, #5114, .T. );
#4045 = ORIENTED_EDGE( '', *, *, #5095, .T. );
#4046 = ORIENTED_EDGE( '', *, *, #5067, .F. );
#4047 = ORIENTED_EDGE( '', *, *, #5026, .F. );
#4048 = CARTESIAN_POINT( '', ( -5.00098941443845E-18, 0.000000000000000, 0.0500000000000000 ) );
#4049 = DIRECTION( '', ( -9.85638338623195E-17, 0.000000000000000, 1.00000000000000 ) );
#4050 = DIRECTION( '', ( 1.00000000000000, 0.000000000000000, 9.85638338623195E-17 ) );
#4051 = SURFACE_STYLE_FILL_AREA( #5128 );
#4052 = ORIENTED_EDGE( '', *, *, #4888, .T. );
#4053 = ORIENTED_EDGE( '', *, *, #4983, .F. );
#4054 = CARTESIAN_POINT( '', ( -5.00098941443845E-18, 0.000000000000000, 0.0500000000000000 ) );
#4055 = DIRECTION( '', ( -9.85638338623195E-17, 0.000000000000000, 1.00000000000000 ) );
#4056 = DIRECTION( '', ( 1.00000000000000, 0.000000000000000, 9.85638338623195E-17 ) );
#4057 = SURFACE_STYLE_FILL_AREA( #5129 );
#4058 = ORIENTED_EDGE( '', *, *, #4762, .F. );
#4059 = ORIENTED_EDGE( '', *, *, #4599, .F. );
#4060 = ORIENTED_EDGE( '', *, *, #4547, .T. );
#4061 = ORIENTED_EDGE( '', *, *, #5130, .T. );
#4062 = CARTESIAN_POINT( '', ( 0.438361902617332, 1.71231915965340, 5.14000000000000 ) );
#4063 = DIRECTION( '', ( -0.862812800576463, 0.505523561430525, -7.82573271288317E-18 ) );
#4064 = DIRECTION( '', ( -0.505523561430525, -0.862812800576462, 0.000000000000000 ) );
#4065 = SURFACE_STYLE_FILL_AREA( #5131 );
#4066 = ORIENTED_EDGE( '', *, *, #4743, .F. );
#4067 = ORIENTED_EDGE( '', *, *, #4705, .F. );
#4068 = ORIENTED_EDGE( '', *, *, #4962, .T. );
#4069 = ORIENTED_EDGE( '', *, *, #5132, .T. );
#4070 = CARTESIAN_POINT( '', ( -0.111099023606273, -0.147910846136802, 5.14000000000000 ) );
#4071 = DIRECTION( '', ( 2.94229385377829E-15, 1.00000000000000, 2.19030741916264E-17 ) );
#4072 = DIRECTION( '', ( -1.00000000000000, 2.94229385377829E-15, 0.000000000000000 ) );
#4073 = SURFACE_STYLE_FILL_AREA( #5133 );
#4074 = ORIENTED_EDGE( '', *, *, #4732, .F. );
#4075 = ORIENTED_EDGE( '', *, *, #5134, .F. );
#4076 = ORIENTED_EDGE( '', *, *, #4921, .T. );
#4077 = ORIENTED_EDGE( '', *, *, #4828, .T. );
#4078 = CARTESIAN_POINT( '', ( 0.524399368676685, -0.147910846136805, 5.14000000000000 ) );
#4079 = DIRECTION( '', ( 4.60637808255453E-15, 1.00000000000000, 2.19030741916264E-17 ) );
#4080 = DIRECTION( '', ( -1.00000000000000, 4.60637808255453E-15, 0.000000000000000 ) );
#4081 = SURFACE_STYLE_FILL_AREA( #5135 );
#4082 = ORIENTED_EDGE( '', *, *, #4763, .F. );
#4083 = ORIENTED_EDGE( '', *, *, #5130, .F. );
#4084 = ORIENTED_EDGE( '', *, *, #4546, .T. );
#4085 = ORIENTED_EDGE( '', *, *, #4954, .T. );
#4086 = CARTESIAN_POINT( '', ( -0.0788265672824354, 0.829597035134969, 5.14000000000000 ) );
#4087 = DIRECTION( '', ( -1.38777878078145E-15, 1.00000000000000, 2.19030741916263E-17 ) );
#4088 = DIRECTION( '', ( -1.00000000000000, -1.38777878078145E-15, 0.000000000000000 ) );
#4089 = SURFACE_STYLE_FILL_AREA( #5136 );
#4090 = ORIENTED_EDGE( '', *, *, #5137, .F. );
#4091 = ORIENTED_EDGE( '', *, *, #4572, .F. );
#4092 = ORIENTED_EDGE( '', *, *, #4915, .T. );
#4093 = ORIENTED_EDGE( '', *, *, #5138, .T. );
#4094 = CARTESIAN_POINT( '', ( -1.25000000000000, 0.000000000000000, -0.300000000000000 ) );
#4095 = DIRECTION( '', ( -0.000000000000000, 1.00000000000000, -0.000000000000000 ) );
#4096 = DIRECTION( '', ( 0.000000000000000, 0.000000000000000, -1.00000000000000 ) );
#4097 = SURFACE_STYLE_FILL_AREA( #5139 );
#4098 = ORIENTED_EDGE( '', *, *, #5140, .F. );
#4099 = ORIENTED_EDGE( '', *, *, #5141, .F. );
#4100 = ORIENTED_EDGE( '', *, *, #5138, .F. );
#4101 = ORIENTED_EDGE( '', *, *, #4916, .F. );
#4102 = ORIENTED_EDGE( '', *, *, #4709, .T. );
#4103 = ORIENTED_EDGE( '', *, *, #4937, .T. );
#4104 = ORIENTED_EDGE( '', *, *, #5142, .T. );
#4105 = ORIENTED_EDGE( '', *, *, #5115, .T. );
#4106 = ORIENTED_EDGE( '', *, *, #5127, .F. );
#4107 = ORIENTED_EDGE( '', *, *, #4647, .T. );
#4108 = ORIENTED_EDGE( '', *, *, #4903, .F. );
#4109 = ORIENTED_EDGE( '', *, *, #4645, .T. );
#4110 = ORIENTED_EDGE( '', *, *, #4557, .F. );
#4111 = ORIENTED_EDGE( '', *, *, #5050, .T. );
#4112 = CARTESIAN_POINT( '', ( -3.00000000000000, 0.325000000000000, -0.350000000000000 ) );
#4113 = DIRECTION( '', ( 0.000000000000000, 1.00000000000000, 0.000000000000000 ) );
#4114 = DIRECTION( '', ( 0.000000000000000, 0.000000000000000, 1.00000000000000 ) );
#4115 = SURFACE_STYLE_FILL_AREA( #5143 );
#4116 = ORIENTED_EDGE( '', *, *, #4728, .F. );
#4117 = ORIENTED_EDGE( '', *, *, #5044, .F. );
#4118 = ORIENTED_EDGE( '', *, *, #5103, .T. );
#4119 = ORIENTED_EDGE( '', *, *, #4441, .T. );
#4120 = CARTESIAN_POINT( '', ( 1.57931898282460, -0.147910846136809, 5.14000000000000 ) );
#4121 = CARTESIAN_POINT( '', ( 1.57931898282460, -0.0625089168763594, 5.14000000000000 ) );
#4122 = CARTESIAN_POINT( '', ( 1.57931898282460, 0.0228930123840906, 5.14000000000000 ) );
#4123 = CARTESIAN_POINT( '', ( 1.57931898282460, 0.108294941644541, 5.14000000000000 ) );
#4124 = CARTESIAN_POINT( '', ( 1.57931898282460, 0.137233848396952, 5.14000000000000 ) );
#4125 = CARTESIAN_POINT( '', ( 1.57661801819437, 0.158841565438753, 5.14000000000000 ) );
#4126 = CARTESIAN_POINT( '', ( 1.57121608893392, 0.173503944859975, 5.14000000000000 ) );
#4127 = CARTESIAN_POINT( '', ( 1.56589321229680, 0.187951752875033, 5.14000000000000 ) );
#4128 = CARTESIAN_POINT( '', ( 1.55578200533263, 0.199356034892129, 5.14000000000000 ) );
#4129 = CARTESIAN_POINT( '', ( 1.52722895067025, 0.216333526853544, 5.14000000000000 ) );
#4130 = CARTESIAN_POINT( '', ( 1.51063731079888, 0.220577899843899, 5.14000000000000 ) );
#4131 = CARTESIAN_POINT( '', ( 1.49134470629727, 0.220963751933931, 5.14000000000000 ) );
#4132 = CARTESIAN_POINT( '', ( 1.46088229319177, 0.221573000196041, 5.14000000000000 ) );
#4133 = CARTESIAN_POINT( '', ( 1.43462444906254, 0.210931597593095, 5.14000000000000 ) );
#4134 = CARTESIAN_POINT( '', ( 1.39063731079887, 0.172346388589879, 5.14000000000000 ) );
#4135 = CARTESIAN_POINT( '', ( 1.37944760018794, 0.135690440036825, 5.14000000000000 ) );
#4136 = CARTESIAN_POINT( '', ( 1.37944760018794, 0.0820569995223552, 5.14000000000000 ) );
#4137 = CARTESIAN_POINT( '', ( 1.37944760018794, 0.00540105096930035, 5.14000000000000 ) );
#4138 = CARTESIAN_POINT( '', ( 1.37944760018794, -0.0712548975837542, 5.14000000000000 ) );
#4139 = CARTESIAN_POINT( '', ( 1.37944760018794, -0.147910846136809, 5.14000000000000 ) );
#4140 = DIRECTION( '', ( -2.19030741916263E-17, -2.19030741916264E-17, 1.00000000000000 ) );
#4141 = SURFACE_STYLE_FILL_AREA( #5144 );
#4142 = ORIENTED_EDGE( '', *, *, #4976, .F. );
#4143 = ORIENTED_EDGE( '', *, *, #4578, .T. );
#4144 = CARTESIAN_POINT( '', ( -1.05000000000000, -6.42939569552361E-17, 0.550000000000000 ) );
#4145 = DIRECTION( '', ( -9.92957435197164E-17, 0.000000000000000, 1.00000000000000 ) );
#4146 = DIRECTION( '', ( 1.00000000000000, 0.000000000000000, 9.92957435197164E-17 ) );
#4147 = SURFACE_STYLE_FILL_AREA( #5145 );
#4148 = ORIENTED_EDGE( '', *, *, #4737, .F. );
#4149 = ORIENTED_EDGE( '', *, *, #5099, .F. );
#4150 = ORIENTED_EDGE( '', *, *, #4922, .T. );
#4151 = ORIENTED_EDGE( '', *, *, #5134, .T. );
#4152 = CARTESIAN_POINT( '', ( 0.654817375107555, 0.193568253541651, 5.14000000000000 ) );
#4153 = CARTESIAN_POINT( '', ( 0.637839883146140, 0.203600407882487, 5.14000000000000 ) );
#4154 = CARTESIAN_POINT( '', ( 0.620476539094693, 0.208616485052905, 5.14000000000000 ) );
#4155 = CARTESIAN_POINT( '', ( 0.588450815622024, 0.208616485052905, 5.14000000000000 ) );
#4156 = CARTESIAN_POINT( '', ( 0.574560140380867, 0.203600407882487, 5.14000000000000 ) );
#4157 = CARTESIAN_POINT( '', ( 0.562598725589870, 0.194339957721716, 5.14000000000000 ) );
#4158 = CARTESIAN_POINT( '', ( 0.550396059101722, 0.184892732053473, 5.14000000000000 ) );
#4159 = CARTESIAN_POINT( '', ( 0.541762712728133, 0.171960536499850, 5.14000000000000 ) );
#4160 = CARTESIAN_POINT( '', ( 0.536360783467683, 0.155368896628468, 5.14000000000000 ) );
#4161 = CARTESIAN_POINT( '', ( 0.528124492301872, 0.130071716619191, 5.14000000000000 ) );
#4162 = CARTESIAN_POINT( '', ( 0.524399368676686, 0.102121308204031, 5.14000000000000 ) );
#4163 = CARTESIAN_POINT( '', ( 0.524399368676686, 0.0720248451815228, 5.14000000000000 ) );
#4164 = CARTESIAN_POINT( '', ( 0.524399368676686, -0.00128705192458642, 5.14000000000000 ) );
#4165 = CARTESIAN_POINT( '', ( 0.524399368676685, -0.0745989490306959, 5.14000000000000 ) );
#4166 = CARTESIAN_POINT( '', ( 0.524399368676685, -0.147910846136805, 5.14000000000000 ) );
#4167 = DIRECTION( '', ( -2.19030741916263E-17, -2.19030741916264E-17, 1.00000000000000 ) );
#4168 = SURFACE_STYLE_FILL_AREA( #5146 );
#4169 = ORIENTED_EDGE( '', *, *, #4467, .T. );
#4170 = ORIENTED_EDGE( '', *, *, #4802, .T. );
#4171 = ORIENTED_EDGE( '', *, *, #5147, .T. );
#4172 = ORIENTED_EDGE( '', *, *, #4462, .T. );
#4173 = ORIENTED_EDGE( '', *, *, #5148, .T. );
#4174 = ORIENTED_EDGE( '', *, *, #4539, .T. );
#4175 = ORIENTED_EDGE( '', *, *, #4918, .T. );
#4176 = ORIENTED_EDGE( '', *, *, #4498, .T. );
#4177 = ORIENTED_EDGE( '', *, *, #5149, .T. );
#4178 = ORIENTED_EDGE( '', *, *, #5053, .T. );
#4179 = ORIENTED_EDGE( '', *, *, #5014, .T. );
#4180 = ORIENTED_EDGE( '', *, *, #5109, .T. );
#4181 = CARTESIAN_POINT( '', ( -1.12581801344959E-16, -1.12581801344959E-16, 5.14000000000000 ) );
#4182 = DIRECTION( '', ( -2.19030741916263E-17, -2.19030741916264E-17, 1.00000000000000 ) );
#4183 = DIRECTION( '', ( 0.000000000000000, -1.00000000000000, -2.19030741916264E-17 ) );
#4184 = SURFACE_STYLE_FILL_AREA( #5150 );
#4185 = ORIENTED_EDGE( '', *, *, #5083, .F. );
#4186 = ORIENTED_EDGE( '', *, *, #4990, .T. );
#4187 = CARTESIAN_POINT( '', ( -5.40403612585223E-17, -0.950000000000000, 0.500000000000000 ) );
#4188 = DIRECTION( '', ( -0.000000000000000, -0.000000000000000, 1.00000000000000 ) );
#4189 = DIRECTION( '', ( -1.00000000000000, 0.000000000000000, 0.000000000000000 ) );
#4190 = SURFACE_STYLE_FILL_AREA( #5151 );
#4191 = ORIENTED_EDGE( '', *, *, #5005, .F. );
#4192 = ORIENTED_EDGE( '', *, *, #4518, .F. );
#4193 = ORIENTED_EDGE( '', *, *, #5036, .T. );
#4194 = ORIENTED_EDGE( '', *, *, #4900, .T. );
#4195 = CARTESIAN_POINT( '', ( 1.25000000000000, 0.325000000000000, -0.350000000000000 ) );
#4196 = DIRECTION( '', ( -1.23908819712630E-16, 0.000000000000000, -1.00000000000000 ) );
#4197 = DIRECTION( '', ( -1.00000000000000, 0.000000000000000, 1.23908819712630E-16 ) );
#4198 = SURFACE_STYLE_FILL_AREA( #5152 );
#4199 = ORIENTED_EDGE( '', *, *, #4744, .F. );
#4200 = ORIENTED_EDGE( '', *, *, #5132, .F. );
#4201 = ORIENTED_EDGE( '', *, *, #4961, .T. );
#4202 = ORIENTED_EDGE( '', *, *, #4690, .T. );
#4203 = CARTESIAN_POINT( '', ( -0.184796772802414, -0.147910846136802, 5.14000000000000 ) );
#4204 = DIRECTION( '', ( 1.00000000000000, -4.01731781941610E-15, 2.19030741916262E-17 ) );
#4205 = DIRECTION( '', ( 4.01731781941610E-15, 1.00000000000000, 0.000000000000000 ) );
#4206 = SURFACE_STYLE_FILL_AREA( #5153 );
#4207 = ORIENTED_EDGE( '', *, *, #4534, .F. );
#4208 = CARTESIAN_POINT( '', ( -1.65000000000000, -1.45000000000000, -0.0600000000000000 ) );
#4209 = DIRECTION( '', ( 0.000000000000000, 0.000000000000000, 1.00000000000000 ) );
#4210 = DIRECTION( '', ( 1.00000000000000, 0.000000000000000, 0.000000000000000 ) );
#4211 = SURFACE_STYLE_FILL_AREA( #5154 );
#4212 = ORIENTED_EDGE( '', *, *, #4776, .F. );
#4213 = ORIENTED_EDGE( '', *, *, #4952, .F. );
#4214 = ORIENTED_EDGE( '', *, *, #4847, .T. );
#4215 = ORIENTED_EDGE( '', *, *, #4825, .T. );
#4216 = CARTESIAN_POINT( '', ( 1.07308104070241, -0.147910846136807, 5.14000000000000 ) );
#4217 = DIRECTION( '', ( 4.00532655643174E-15, 1.00000000000000, 2.19030741916264E-17 ) );
#4218 = DIRECTION( '', ( -1.00000000000000, 4.00532655643174E-15, 0.000000000000000 ) );
#4219 = SURFACE_STYLE_FILL_AREA( #5155 );
#4220 = ORIENTED_EDGE( '', *, *, #4808, .T. );
#4221 = ORIENTED_EDGE( '', *, *, #5088, .T. );
#4222 = CARTESIAN_POINT( '', ( -1.50029682433154E-17, 0.000000000000000, 0.150000000000000 ) );
#4223 = DIRECTION( '', ( -1.00019788288769E-16, 0.000000000000000, 1.00000000000000 ) );
#4224 = DIRECTION( '', ( 1.00000000000000, 0.000000000000000, 1.00019788288769E-16 ) );
#4225 = SURFACE_STYLE_FILL_AREA( #5156 );
#4226 = ORIENTED_EDGE( '', *, *, #4970, .T. );
#4227 = ORIENTED_EDGE( '', *, *, #4694, .T. );
#4228 = CARTESIAN_POINT( '', ( 2.50000000000000, 0.000000000000000, 5.15000000000000 ) );
#4229 = DIRECTION( '', ( 4.38061483832527E-17, 0.000000000000000, -1.00000000000000 ) );
#4230 = DIRECTION( '', ( -1.00000000000000, 0.000000000000000, -4.38061483832527E-17 ) );
#4231 = SURFACE_STYLE_FILL_AREA( #5157 );
#4232 = ORIENTED_EDGE( '', *, *, #4988, .F. );
#4233 = ORIENTED_EDGE( '', *, *, #4875, .F. );
#4234 = ORIENTED_EDGE( '', *, *, #5158, .T. );
#4235 = ORIENTED_EDGE( '', *, *, #4787, .T. );
#4236 = CARTESIAN_POINT( '', ( 0.000000000000000, 0.000000000000000, 0.900000000000000 ) );
#4237 = DIRECTION( '', ( -0.000000000000000, -0.000000000000000, 1.00000000000000 ) );
#4238 = DIRECTION( '', ( -1.00000000000000, 0.000000000000000, 0.000000000000000 ) );
#4239 = SURFACE_STYLE_FILL_AREA( #5159 );
#4240 = ORIENTED_EDGE( '', *, *, #4772, .F. );
#4241 = ORIENTED_EDGE( '', *, *, #4813, .F. );
#4242 = ORIENTED_EDGE( '', *, *, #4851, .T. );
#4243 = ORIENTED_EDGE( '', *, *, #4616, .T. );
#4244 = CARTESIAN_POINT( '', ( 0.723884899223309, -0.147910846136806, 5.14000000000000 ) );
#4245 = DIRECTION( '', ( 1.00000000000000, -4.11568534406670E-15, 2.19030741916262E-17 ) );
#4246 = DIRECTION( '', ( 4.11568534406670E-15, 1.00000000000000, 0.000000000000000 ) );
#4247 = SURFACE_STYLE_FILL_AREA( #5160 );
#4248 = ORIENTED_EDGE( '', *, *, #4745, .F. );
#4249 = ORIENTED_EDGE( '', *, *, #4692, .F. );
#4250 = ORIENTED_EDGE( '', *, *, #4960, .T. );
#4251 = ORIENTED_EDGE( '', *, *, #4894, .T. );
#4252 = CARTESIAN_POINT( '', ( -0.354957544506595, -0.147910846136801, 5.14000000000000 ) );
#4253 = DIRECTION( '', ( 3.19305753449805E-15, 1.00000000000000, 2.19030741916264E-17 ) );
#4254 = DIRECTION( '', ( -1.00000000000000, 3.19305753449805E-15, 0.000000000000000 ) );
#4255 = SURFACE_STYLE_FILL_AREA( #5161 );
#4256 = ORIENTED_EDGE( '', *, *, #4754, .T. );
#4257 = ORIENTED_EDGE( '', *, *, #4540, .F. );
#4258 = ORIENTED_EDGE( '', *, *, #5148, .F. );
#4259 = ORIENTED_EDGE( '', *, *, #4461, .T. );
#4260 = CARTESIAN_POINT( '', ( 0.738511772890016, 1.04488477191763, 5.14000000000000 ) );
#4261 = DIRECTION( '', ( -1.27675647831893E-15, 1.00000000000000, 2.19030741916263E-17 ) );
#4262 = DIRECTION( '', ( -1.00000000000000, -1.27675647831893E-15, 0.000000000000000 ) );
#4263 = SURFACE_STYLE_FILL_AREA( #5162 );
#4264 = ORIENTED_EDGE( '', *, *, #4767, .F. );
#4265 = ORIENTED_EDGE( '', *, *, #4877, .F. );
#4266 = ORIENTED_EDGE( '', *, *, #4629, .T. );
#4267 = ORIENTED_EDGE( '', *, *, #4611, .T. );
#4268 = CARTESIAN_POINT( '', ( 0.293273966747425, -0.147910846136804, 5.14000000000000 ) );
#4269 = CARTESIAN_POINT( '', ( 0.285556924946782, -0.133248466715582, 5.14000000000000 ) );
#4270 = CARTESIAN_POINT( '', ( 0.280540847776364, -0.115499270574103, 5.14000000000000 ) );
#4271 = CARTESIAN_POINT( '', ( 0.278225735236171, -0.0950491098023989, 5.14000000000000 ) );
#4272 = DIRECTION( '', ( -2.19030741916263E-17, -2.19030741916264E-17, 1.00000000000000 ) );
#4273 = SURFACE_STYLE_FILL_AREA( #5163 );
#4274 = ORIENTED_EDGE( '', *, *, #4671, .F. );
#4275 = ORIENTED_EDGE( '', *, *, #4502, .F. );
#4276 = ORIENTED_EDGE( '', *, *, #5071, .F. );
#4277 = ORIENTED_EDGE( '', *, *, #5080, .F. );
#4278 = CARTESIAN_POINT( '', ( 2.20000000000000, 2.20000000000000, 0.500000000000000 ) );
#4279 = DIRECTION( '', ( -0.000000000000000, -0.000000000000000, 1.00000000000000 ) );
#4280 = DIRECTION( '', ( -1.00000000000000, 0.000000000000000, 0.000000000000000 ) );
#4281 = SURFACE_STYLE_FILL_AREA( #5164 );
#4282 = ORIENTED_EDGE( '', *, *, #4742, .F. );
#4283 = ORIENTED_EDGE( '', *, *, #5101, .F. );
#4284 = ORIENTED_EDGE( '', *, *, #4963, .T. );
#4285 = ORIENTED_EDGE( '', *, *, #4582, .T. );
#4286 = CARTESIAN_POINT( '', ( -0.383896451259006, -0.0645667946898559, 5.14000000000000 ) );
#4287 = CARTESIAN_POINT( '', ( -0.377336965728459, -0.0433449297380874, 5.14000000000000 ) );
#4288 = CARTESIAN_POINT( '', ( -0.366918959297591, -0.0124767625355152, 5.14000000000000 ) );
#4289 = CARTESIAN_POINT( '', ( -0.353028284056433, 0.0284235590078929, 5.14000000000000 ) );
#4290 = CARTESIAN_POINT( '', ( -0.307273590990296, 0.163145710813739, 5.14000000000000 ) );
#4291 = CARTESIAN_POINT( '', ( -0.259652078268650, 0.297233848396961, 5.14000000000000 ) );
#4292 = CARTESIAN_POINT( '', ( -0.212963975374760, 0.431638993091494, 5.14000000000000 ) );
#4293 = DIRECTION( '', ( -2.19030741916263E-17, -2.19030741916264E-17, 1.00000000000000 ) );
#4294 = SURFACE_STYLE_FILL_AREA( #5165 );
#4295 = ORIENTED_EDGE( '', *, *, #4912, .F. );
#4296 = ORIENTED_EDGE( '', *, *, #5060, .F. );
#4297 = ORIENTED_EDGE( '', *, *, #5106, .F. );
#4298 = ORIENTED_EDGE( '', *, *, #4447, .F. );
#4299 = CARTESIAN_POINT( '', ( 1.16568554231013, 0.350224202094704, 5.14000000000000 ) );
#4300 = DIRECTION( '', ( 0.000000000000000, 0.000000000000000, 1.00000000000000 ) );
#4301 = DIRECTION( '', ( 1.00000000000000, 0.000000000000000, 0.000000000000000 ) );
#4302 = SURFACE_STYLE_FILL_AREA( #5166 );
#4303 = ORIENTED_EDGE( '', *, *, #4587, .T. );
#4304 = ORIENTED_EDGE( '', *, *, #4624, .F. );
#4305 = CARTESIAN_POINT( '', ( -5.01267497928364E-17, 0.000000000000000, 1.14428571428572 ) );
#4306 = DIRECTION( '', ( 4.38061483832527E-17, 0.000000000000000, -1.00000000000000 ) );
#4307 = DIRECTION( '', ( -1.00000000000000, 0.000000000000000, -4.38061483832527E-17 ) );
#4308 = SURFACE_STYLE_FILL_AREA( #5167 );
#4309 = ORIENTED_EDGE( '', *, *, #4765, .F. );
#4310 = ORIENTED_EDGE( '', *, *, #4955, .F. );
#4311 = ORIENTED_EDGE( '', *, *, #4544, .T. );
#4312 = ORIENTED_EDGE( '', *, *, #4882, .T. );
#4313 = CARTESIAN_POINT( '', ( -0.327941521363725, 0.981224493184055, 5.14000000000000 ) );
#4314 = DIRECTION( '', ( -0.834335938836838, 0.551256329818762, -6.20031367845946E-18 ) );
#4315 = DIRECTION( '', ( -0.551256329818762, -0.834335938836838, 0.000000000000000 ) );
#4316 = SURFACE_STYLE_FILL_AREA( #5168 );
#4317 = ORIENTED_EDGE( '', *, *, #5073, .F. );
#4318 = ORIENTED_EDGE( '', *, *, #5022, .F. );
#4319 = ORIENTED_EDGE( '', *, *, #5084, .T. );
#4320 = ORIENTED_EDGE( '', *, *, #4685, .T. );
#4321 = CARTESIAN_POINT( '', ( -5.40403612585223E-17, -0.950000000000000, 0.200000000000000 ) );
#4322 = DIRECTION( '', ( -0.000000000000000, -0.000000000000000, 1.00000000000000 ) );
#4323 = DIRECTION( '', ( -1.00000000000000, 0.000000000000000, 0.000000000000000 ) );
#4324 = SURFACE_STYLE_FILL_AREA( #5169 );
#4325 = ORIENTED_EDGE( '', *, *, #4842, .F. );
#4326 = ORIENTED_EDGE( '', *, *, #4573, .F. );
#4327 = ORIENTED_EDGE( '', *, *, #5137, .T. );
#4328 = ORIENTED_EDGE( '', *, *, #5141, .T. );
#4329 = ORIENTED_EDGE( '', *, *, #5170, .F. );
#4330 = ORIENTED_EDGE( '', *, *, #4713, .T. );
#4331 = ORIENTED_EDGE( '', *, *, #5038, .F. );
#4332 = ORIENTED_EDGE( '', *, *, #4711, .T. );
#4333 = CARTESIAN_POINT( '', ( -0.900000000000000, 0.325000000000000, -0.300000000000000 ) );
#4334 = DIRECTION( '', ( 1.00000000000000, 0.000000000000000, 0.000000000000000 ) );
#4335 = DIRECTION( '', ( 0.000000000000000, 0.000000000000000, -1.00000000000000 ) );
#4336 = SURFACE_STYLE_FILL_AREA( #5171 );
#4337 = ORIENTED_EDGE( '', *, *, #4752, .T. );
#4338 = ORIENTED_EDGE( '', *, *, #5054, .F. );
#4339 = ORIENTED_EDGE( '', *, *, #5149, .F. );
#4340 = ORIENTED_EDGE( '', *, *, #4497, .T. );
#4341 = CARTESIAN_POINT( '', ( 0.940763788651406, 1.39009200320195, 5.14000000000000 ) );
#4342 = DIRECTION( '', ( -7.21644966006352E-16, 1.00000000000000, 2.19030741916264E-17 ) );
#4343 = DIRECTION( '', ( -1.00000000000000, -7.21644966006352E-16, 0.000000000000000 ) );
#4344 = SURFACE_STYLE_FILL_AREA( #5172 );
#4345 = ORIENTED_EDGE( '', *, *, #5000, .F. );
#4346 = ORIENTED_EDGE( '', *, *, #4836, .F. );
#4347 = ORIENTED_EDGE( '', *, *, #4817, .F. );
#4348 = ORIENTED_EDGE( '', *, *, #4589, .T. );
#4349 = ORIENTED_EDGE( '', *, *, #4714, .T. );
#4350 = ORIENTED_EDGE( '', *, *, #5170, .T. );
#4351 = ORIENTED_EDGE( '', *, *, #5140, .T. );
#4352 = ORIENTED_EDGE( '', *, *, #5049, .F. );
#4353 = CARTESIAN_POINT( '', ( -5.00098941443845E-18, 0.000000000000000, 0.0500000000000000 ) );
#4354 = DIRECTION( '', ( -9.85638338623195E-17, 0.000000000000000, 1.00000000000000 ) );
#4355 = DIRECTION( '', ( 1.00000000000000, 0.000000000000000, 9.85638338623195E-17 ) );
#4356 = SURFACE_STYLE_FILL_AREA( #5173 );
#4357 = ORIENTED_EDGE( '', *, *, #4755, .T. );
#4358 = ORIENTED_EDGE( '', *, *, #4463, .F. );
#4359 = ORIENTED_EDGE( '', *, *, #5147, .F. );
#4360 = ORIENTED_EDGE( '', *, *, #4801, .T. );
#4361 = CARTESIAN_POINT( '', ( -0.0137847483358080, 0.829597035134968, 5.14000000000000 ) );
#4362 = DIRECTION( '', ( 8.32667268468867E-16, -1.00000000000000, -2.19030741916264E-17 ) );
#4363 = DIRECTION( '', ( 1.00000000000000, 8.32667268468867E-16, -2.15980986674117E-47 ) );
#4364 = SURFACE_STYLE_FILL_AREA( #5174 );
#4365 = ORIENTED_EDGE( '', *, *, #5004, .F. );
#4366 = ORIENTED_EDGE( '', *, *, #5126, .T. );
#4367 = ORIENTED_EDGE( '', *, *, #5025, .T. );
#4368 = ORIENTED_EDGE( '', *, *, #5112, .F. );
#4369 = ORIENTED_EDGE( '', *, *, #5029, .T. );
#4370 = ORIENTED_EDGE( '', *, *, #4662, .T. );
#4371 = ORIENTED_EDGE( '', *, *, #5034, .T. );
#4372 = ORIENTED_EDGE( '', *, *, #4516, .T. );
#4373 = CARTESIAN_POINT( '', ( 1.20000000000000, 0.325000000000000, 0.550000000000000 ) );
#4374 = DIRECTION( '', ( -1.00000000000000, 0.000000000000000, 0.000000000000000 ) );
#4375 = DIRECTION( '', ( 0.000000000000000, 0.000000000000000, 1.00000000000000 ) );
#4376 = SURFACE_STYLE_FILL_AREA( #5175 );
#4377 = ORIENTED_EDGE( '', *, *, #4898, .T. );
#4378 = ORIENTED_EDGE( '', *, *, #5035, .F. );
#4379 = ORIENTED_EDGE( '', *, *, #4857, .F. );
#4380 = ORIENTED_EDGE( '', *, *, #5006, .T. );
#4381 = CARTESIAN_POINT( '', ( 1.25000000000000, -0.325000000000000, -0.650000000000000 ) );
#4382 = DIRECTION( '', ( 1.23908819712630E-16, 0.000000000000000, 1.00000000000000 ) );
#4383 = DIRECTION( '', ( 1.00000000000000, 0.000000000000000, -1.23908819712630E-16 ) );
#4384 = SURFACE_STYLE_FILL_AREA( #5176 );
#4385 = ORIENTED_EDGE( '', *, *, #4568, .T. );
#4386 = ORIENTED_EDGE( '', *, *, #5116, .F. );
#4387 = ORIENTED_EDGE( '', *, *, #5142, .F. );
#4388 = ORIENTED_EDGE( '', *, *, #4936, .T. );
#4389 = CARTESIAN_POINT( '', ( -1.25000000000000, 0.000000000000000, -0.300000000000000 ) );
#4390 = DIRECTION( '', ( -0.000000000000000, 1.00000000000000, -0.000000000000000 ) );
#4391 = DIRECTION( '', ( 0.000000000000000, 0.000000000000000, -1.00000000000000 ) );
#4392 = SURFACE_STYLE_FILL_AREA( #5177 );
#4393 = ORIENTED_EDGE( '', *, *, #4718, .F. );
#4394 = ORIENTED_EDGE( '', *, *, #4455, .F. );
#4395 = ORIENTED_EDGE( '', *, *, #4450, .T. );
#4396 = ORIENTED_EDGE( '', *, *, #4454, .T. );
#4397 = CARTESIAN_POINT( '', ( -6.88850408170752E-16, 0.000000000000000, 5.14000000000000 ) );
#4398 = DIRECTION( '', ( 4.38061483832527E-17, -0.000000000000000, -1.00000000000000 ) );
#4399 = DIRECTION( '', ( 1.00000000000000, 0.000000000000000, 4.38061483832527E-17 ) );
#4400 = SURFACE_STYLE_FILL_AREA( #5178 );
#4401 = ORIENTED_EDGE( '', *, *, #4874, .F. );
#4402 = ORIENTED_EDGE( '', *, *, #4973, .F. );
#4403 = ORIENTED_EDGE( '', *, *, #4932, .F. );
#4404 = ORIENTED_EDGE( '', *, *, #5123, .F. );
#4405 = ORIENTED_EDGE( '', *, *, #4788, .F. );
#4406 = ORIENTED_EDGE( '', *, *, #5158, .F. );
#4407 = CARTESIAN_POINT( '', ( 0.000000000000000, 0.000000000000000, 0.900000000000000 ) );
#4408 = DIRECTION( '', ( 0.000000000000000, 0.000000000000000, 1.00000000000000 ) );
#4409 = DIRECTION( '', ( 1.00000000000000, 0.000000000000000, 0.000000000000000 ) );
#4410 = SURFACE_STYLE_FILL_AREA( #5179 );
#4411 = ORIENTED_EDGE( '', *, *, #4831, .T. );
#4412 = CARTESIAN_POINT( '', ( 1.65000000000000, -1.45000000000000, -0.0600000000000000 ) );
#4413 = DIRECTION( '', ( 0.000000000000000, 0.000000000000000, -1.00000000000000 ) );
#4414 = DIRECTION( '', ( -1.00000000000000, 0.000000000000000, 0.000000000000000 ) );
#4416 = FILL_AREA_STYLE( '', ( #5180 ) );
#4417 = EDGE_CURVE( '', #5181, #5182, #5183, .T. );
#4418 = EDGE_CURVE( '', #5184, #5181, #5185, .T. );
#4419 = EDGE_CURVE( '', #5184, #5186, #5187, .T. );
#4420 = EDGE_CURVE( '', #5186, #5182, #5188, .T. );
#4421 = FILL_AREA_STYLE( '', ( #5189 ) );
#4422 = EDGE_CURVE( '', #5190, #5190, #5191, .T. );
#4423 = EDGE_CURVE( '', #5192, #5193, #5194, .T. );
#4424 = EDGE_CURVE( '', #5195, #5192, #5196, .T. );
#4425 = EDGE_CURVE( '', #5197, #5195, #5198, .T. );
#4426 = EDGE_CURVE( '', #5199, #5197, #5200, .T. );
#4427 = EDGE_CURVE( '', #5201, #5199, #5202, .T. );
#4428 = EDGE_CURVE( '', #5193, #5201, #5203, .T. );
#4429 = FILL_AREA_STYLE( '', ( #5204 ) );
#4430 = EDGE_CURVE( '', #5205, #5206, #5207, .T. );
#4431 = EDGE_CURVE( '', #5208, #5205, #5209, .F. );
#4432 = EDGE_CURVE( '', #5210, #5208, #5211, .T. );
#4433 = EDGE_CURVE( '', #5206, #5210, #5212, .T. );
#4434 = FILL_AREA_STYLE( '', ( #5213 ) );
#4435 = EDGE_CURVE( '', #5214, #5215, #5216, .T. );
#4436 = EDGE_CURVE( '', #5217, #5214, #5218, .T. );
#4437 = EDGE_CURVE( '', #5217, #5219, #5220, .T. );
#4438 = EDGE_CURVE( '', #5219, #5215, #5221, .T. );
#4439 = FILL_AREA_STYLE( '', ( #5222 ) );
#4440 = EDGE_CURVE( '', #5223, #5224, #5225, .T. );
#4441 = EDGE_CURVE( '', #5226, #5223, #5227, .T. );
#4442 = EDGE_CURVE( '', #5226, #5228, #5229, .T. );
#4443 = EDGE_CURVE( '', #5228, #5224, #5230, .T. );
#4444 = FILL_AREA_STYLE( '', ( #5231 ) );
#4445 = EDGE_CURVE( '', #5232, #5233, #5234, .T. );
#4446 = EDGE_CURVE( '', #5235, #5232, #5236, .T. );
#4447 = EDGE_CURVE( '', #5235, #5237, #5238, .T. );
#4448 = EDGE_CURVE( '', #5237, #5233, #5239, .T. );
#4449 = FILL_AREA_STYLE( '', ( #5240 ) );
#4450 = EDGE_CURVE( '', #5241, #5242, #5243, .T. );
#4451 = EDGE_CURVE( '', #5242, #5241, #5244, .T. );
#4452 = FILL_AREA_STYLE( '', ( #5245 ) );
#4453 = EDGE_CURVE( '', #5246, #5247, #5248, .T. );
#4454 = EDGE_CURVE( '', #5242, #5246, #5249, .T. );
#4455 = EDGE_CURVE( '', #5241, #5247, #5250, .T. );
#4456 = FILL_AREA_STYLE( '', ( #5251 ) );
#4457 = EDGE_CURVE( '', #5252, #5252, #5253, .T. );
#4458 = EDGE_CURVE( '', #5254, #5254, #5255, .T. );
#4459 = FILL_AREA_STYLE( '', ( #5256 ) );
#4460 = EDGE_CURVE( '', #5257, #5258, #5259, .T. );
#4461 = EDGE_CURVE( '', #5260, #5258, #5261, .T. );
#4462 = EDGE_CURVE( '', #5262, #5260, #5263, .T. );
#4463 = EDGE_CURVE( '', #5262, #5257, #5264, .T. );
#4464 = FILL_AREA_STYLE( '', ( #5265 ) );
#4465 = EDGE_CURVE( '', #5266, #5267, #5268, .T. );
#4466 = EDGE_CURVE( '', #5269, #5267, #5270, .T. );
#4467 = EDGE_CURVE( '', #5271, #5269, #5272, .T. );
#4468 = EDGE_CURVE( '', #5271, #5266, #5273, .T. );
#4469 = FILL_AREA_STYLE( '', ( #5274 ) );
#4470 = EDGE_CURVE( '', #5275, #5276, #5277, .T. );
#4471 = EDGE_CURVE( '', #5193, #5275, #5278, .T. );
#4472 = EDGE_CURVE( '', #5201, #5276, #5279, .T. );
#4473 = FILL_AREA_STYLE( '', ( #5280 ) );
#4474 = EDGE_CURVE( '', #5281, #5282, #5283, .F. );
#4475 = EDGE_CURVE( '', #5284, #5281, #5285, .T. );
#4476 = EDGE_CURVE( '', #5284, #5286, #5287, .T. );
#4477 = EDGE_CURVE( '', #5286, #5282, #5288, .T. );
#4478 = FILL_AREA_STYLE( '', ( #5289 ) );
#4479 = EDGE_CURVE( '', #5290, #5291, #5292, .T. );
#4480 = EDGE_CURVE( '', #5293, #5290, #5294, .T. );
#4481 = EDGE_CURVE( '', #5293, #5295, #5296, .T. );
#4482 = EDGE_CURVE( '', #5295, #5291, #5297, .T. );
#4483 = FILL_AREA_STYLE( '', ( #5298 ) );
#4484 = EDGE_CURVE( '', #5299, #5300, #5301, .T. );
#4485 = EDGE_CURVE( '', #5197, #5299, #5302, .T. );
#4486 = EDGE_CURVE( '', #5195, #5300, #5303, .T. );
#4487 = FILL_AREA_STYLE( '', ( #5304 ) );
#4488 = EDGE_CURVE( '', #5305, #5275, #5306, .T. );
#4489 = EDGE_CURVE( '', #5192, #5305, #5307, .T. );
#4490 = FILL_AREA_STYLE( '', ( #5308 ) );
#4491 = EDGE_CURVE( '', #5309, #5310, #5311, .T. );
#4492 = EDGE_CURVE( '', #5309, #5312, #5313, .F. );
#4493 = EDGE_CURVE( '', #5312, #5314, #5315, .T. );
#4494 = EDGE_CURVE( '', #5310, #5314, #5316, .F. );
#4495 = FILL_AREA_STYLE( '', ( #5317 ) );
#4496 = EDGE_CURVE( '', #5318, #5319, #5320, .T. );
#4497 = EDGE_CURVE( '', #5321, #5319, #5322, .T. );
#4498 = EDGE_CURVE( '', #5323, #5321, #5324, .T. );
#4499 = EDGE_CURVE( '', #5323, #5318, #5325, .T. );
#4500 = FILL_AREA_STYLE( '', ( #5326 ) );
#4501 = EDGE_CURVE( '', #5327, #5328, #5329, .T. );
#4502 = EDGE_CURVE( '', #5327, #5330, #5331, .F. );
#4503 = EDGE_CURVE( '', #5330, #5332, #5333, .T. );
#4504 = EDGE_CURVE( '', #5332, #5334, #5335, .T. );
#4505 = EDGE_CURVE( '', #5334, #5336, #5337, .T. );
#4506 = EDGE_CURVE( '', #5338, #5336, #5339, .T. );
#4507 = EDGE_CURVE( '', #5338, #5340, #5341, .T. );
#4508 = EDGE_CURVE( '', #5340, #5328, #5342, .T. );
#4509 = FILL_AREA_STYLE( '', ( #5343 ) );
#4510 = EDGE_CURVE( '', #5344, #5345, #5346, .F. );
#4511 = EDGE_CURVE( '', #5347, #5344, #5348, .T. );
#4512 = EDGE_CURVE( '', #5347, #5349, #5350, .T. );
#4513 = EDGE_CURVE( '', #5349, #5345, #5351, .T. );
#4514 = FILL_AREA_STYLE( '', ( #5352 ) );
#4515 = EDGE_CURVE( '', #5353, #5354, #5355, .T. );
#4516 = EDGE_CURVE( '', #5356, #5353, #5357, .F. );
#4517 = EDGE_CURVE( '', #5356, #5358, #5359, .T. );
#4518 = EDGE_CURVE( '', #5358, #5354, #5360, .F. );
#4519 = FILL_AREA_STYLE( '', ( #5361 ) );
#4520 = EDGE_CURVE( '', #5362, #5363, #5364, .T. );
#4521 = EDGE_CURVE( '', #5365, #5363, #5366, .T. );
#4522 = EDGE_CURVE( '', #5367, #5365, #5368, .T. );
#4523 = EDGE_CURVE( '', #5367, #5362, #5369, .T. );
#4524 = FILL_AREA_STYLE( '', ( #5370 ) );
#4525 = EDGE_CURVE( '', #5371, #5371, #5372, .T. );
#4526 = EDGE_CURVE( '', #5373, #5373, #5374, .F. );
#4527 = FILL_AREA_STYLE( '', ( #5375 ) );
#4528 = EDGE_CURVE( '', #5205, #5376, #5377, .T. );
#4529 = EDGE_CURVE( '', #5378, #5206, #5379, .T. );
#4530 = EDGE_CURVE( '', #5380, #5378, #5381, .T. );
#4531 = EDGE_CURVE( '', #5382, #5380, #5383, .T. );
#4532 = EDGE_CURVE( '', #5376, #5382, #5384, .T. );
#4533 = FILL_AREA_STYLE( '', ( #5385 ) );
#4534 = EDGE_CURVE( '', #5386, #5386, #5387, .T. );
#4535 = EDGE_CURVE( '', #5388, #5388, #5389, .T. );
#4536 = FILL_AREA_STYLE( '', ( #5390 ) );
#4537 = EDGE_CURVE( '', #5391, #5392, #5393, .T. );
#4538 = EDGE_CURVE( '', #5394, #5392, #5395, .T. );
#4539 = EDGE_CURVE( '', #5396, #5394, #5397, .T. );
#4540 = EDGE_CURVE( '', #5396, #5391, #5398, .T. );
#4541 = FILL_AREA_STYLE( '', ( #5399 ) );
#4542 = EDGE_CURVE( '', #5400, #5401, #5402, .T. );
#4543 = EDGE_CURVE( '', #5403, #5400, #5404, .T. );
#4544 = EDGE_CURVE( '', #5405, #5403, #5406, .T. );
#4545 = EDGE_CURVE( '', #5407, #5405, #5408, .T. );
#4546 = EDGE_CURVE( '', #5409, #5407, #5410, .T. );
#4547 = EDGE_CURVE( '', #5411, #5409, #5412, .T. );
#4548 = EDGE_CURVE( '', #5413, #5411, #5414, .T. );
#4549 = EDGE_CURVE( '', #5219, #5413, #5415, .T. );
#4550 = EDGE_CURVE( '', #5416, #5217, #5417, .T. );
#4551 = EDGE_CURVE( '', #5418, #5416, #5419, .T. );
#4552 = EDGE_CURVE( '', #5420, #5418, #5421, .T. );
#4553 = EDGE_CURVE( '', #5401, #5420, #5422, .T. );
#4554 = FILL_AREA_STYLE( '', ( #5423 ) );
#4555 = EDGE_CURVE( '', #5424, #5425, #5426, .T. );
#4556 = EDGE_CURVE( '', #5424, #5427, #5428, .T. );
#4557 = EDGE_CURVE( '', #5427, #5429, #5430, .T. );
#4558 = EDGE_CURVE( '', #5314, #5429, #5431, .F. );
#4559 = EDGE_CURVE( '', #5312, #5425, #5432, .T. );
#4560 = FILL_AREA_STYLE( '', ( #5433 ) );
#4561 = EDGE_CURVE( '', #5425, #5434, #5435, .F. );
#4562 = EDGE_CURVE( '', #5309, #5436, #5437, .T. );
#4563 = EDGE_CURVE( '', #5438, #5436, #5439, .T. );
#4564 = EDGE_CURVE( '', #5434, #5438, #5440, .T. );
#4565 = FILL_AREA_STYLE( '', ( #5441 ) );
#4566 = EDGE_CURVE( '', #5442, #5443, #5444, .T. );
#4567 = EDGE_CURVE( '', #5445, #5442, #5446, .T. );
#4568 = EDGE_CURVE( '', #5447, #5445, #5448, .T. );
#4569 = EDGE_CURVE( '', #5449, #5447, #5450, .T. );
#4570 = EDGE_CURVE( '', #5449, #5451, #5452, .F. );
#4571 = EDGE_CURVE( '', #5451, #5453, #5454, .T. );
#4572 = EDGE_CURVE( '', #5453, #5455, #5456, .T. );
#4573 = EDGE_CURVE( '', #5455, #5457, #5458, .T. );
#4574 = EDGE_CURVE( '', #5459, #5457, #5460, .T. );
#4575 = EDGE_CURVE( '', #5459, #5461, #5462, .T. );
#4576 = EDGE_CURVE( '', #5463, #5461, #5464, .T. );
#4577 = EDGE_CURVE( '', #5463, #5465, #5466, .F. );
#4578 = EDGE_CURVE( '', #5467, #5465, #5468, .F. );
#4579 = EDGE_CURVE( '', #5467, #5443, #5469, .T. );
#4580 = FILL_AREA_STYLE( '', ( #5470 ) );
#4581 = EDGE_CURVE( '', #5471, #5472, #5473, .T. );
#4582 = EDGE_CURVE( '', #5474, #5471, #5475, .T. );
#4583 = EDGE_CURVE( '', #5474, #5476, #5477, .T. );
#4584 = EDGE_CURVE( '', #5476, #5472, #5478, .T. );
#4585 = FILL_AREA_STYLE( '', ( #5479 ) );
#4586 = EDGE_CURVE( '', #5480, #5480, #5481, .T. );
#4587 = EDGE_CURVE( '', #5482, #5482, #5483, .T. );
#4588 = FILL_AREA_STYLE( '', ( #5484 ) );
#4589 = EDGE_CURVE( '', #5485, #5486, #5487, .T. );
#4590 = EDGE_CURVE( '', #5485, #5488, #5489, .F. );
#4591 = EDGE_CURVE( '', #5488, #5490, #5491, .T. );
#4592 = EDGE_CURVE( '', #5486, #5490, #5492, .F. );
#4593 = FILL_AREA_STYLE( '', ( #5493 ) );
#4594 = EDGE_CURVE( '', #5334, #5344, #5494, .T. );
#4595 = EDGE_CURVE( '', #5332, #5347, #5495, .T. );
#4596 = FILL_AREA_STYLE( '', ( #5496 ) );
#4597 = EDGE_CURVE( '', #5497, #5498, #5499, .T. );
#4598 = EDGE_CURVE( '', #5413, #5497, #5500, .T. );
#4599 = EDGE_CURVE( '', #5411, #5498, #5501, .T. );
#4600 = FILL_AREA_STYLE( '', ( #5502 ) );
#4601 = EDGE_CURVE( '', #5503, #5504, #5505, .T. );
#4602 = EDGE_CURVE( '', #5504, #5506, #5507, .T. );
#4603 = EDGE_CURVE( '', #5508, #5506, #5509, .T. );
#4604 = EDGE_CURVE( '', #5503, #5508, #5510, .T. );
#4605 = FILL_AREA_STYLE( '', ( #5511 ) );
#4606 = EDGE_CURVE( '', #5363, #5512, #5513, .T. );
#4607 = EDGE_CURVE( '', #5514, #5512, #5515, .T. );
#4608 = EDGE_CURVE( '', #5365, #5514, #5516, .T. );
#4609 = FILL_AREA_STYLE( '', ( #5517 ) );
#4610 = EDGE_CURVE( '', #5518, #5519, #5520, .T. );
#4611 = EDGE_CURVE( '', #5521, #5518, #5522, .T. );
#4612 = EDGE_CURVE( '', #5521, #5523, #5524, .T. );
#4613 = EDGE_CURVE( '', #5523, #5519, #5525, .T. );
#4614 = FILL_AREA_STYLE( '', ( #5526 ) );
#4615 = EDGE_CURVE( '', #5527, #5528, #5529, .T. );
#4616 = EDGE_CURVE( '', #5530, #5527, #5531, .T. );
#4617 = EDGE_CURVE( '', #5530, #5532, #5533, .T. );
#4618 = EDGE_CURVE( '', #5532, #5528, #5534, .T. );
#4619 = FILL_AREA_STYLE( '', ( #5535 ) );
#4620 = EDGE_CURVE( '', #5488, #5504, #5536, .T. );
#4621 = EDGE_CURVE( '', #5490, #5503, #5537, .F. );
#4622 = EDGE_CURVE( '', #5538, #5538, #5539, .T. );
#4623 = FILL_AREA_STYLE( '', ( #5540 ) );
#4624 = EDGE_CURVE( '', #5541, #5541, #5542, .F. );
#4625 = EDGE_CURVE( '', #5543, #5543, #5544, .F. );
#4626 = FILL_AREA_STYLE( '', ( #5545 ) );
#4627 = EDGE_CURVE( '', #5546, #5547, #5548, .T. );
#4628 = EDGE_CURVE( '', #5547, #5546, #5549, .T. );
#4629 = EDGE_CURVE( '', #5550, #5521, #5551, .T. );
#4630 = EDGE_CURVE( '', #5295, #5550, #5552, .T. );
#4631 = EDGE_CURVE( '', #5553, #5293, #5554, .T. );
#4632 = EDGE_CURVE( '', #5523, #5553, #5555, .T. );
#4633 = FILL_AREA_STYLE( '', ( #5556 ) );
#4634 = EDGE_CURVE( '', #5528, #5181, #5557, .T. );
#4635 = EDGE_CURVE( '', #5532, #5184, #5558, .T. );
#4636 = FILL_AREA_STYLE( '', ( #5559 ) );
#4637 = EDGE_CURVE( '', #5560, #5561, #5562, .T. );
#4638 = EDGE_CURVE( '', #5563, #5560, #5564, .T. );
#4639 = EDGE_CURVE( '', #5563, #5565, #5566, .T. );
#4640 = EDGE_CURVE( '', #5565, #5561, #5567, .T. );
#4641 = FILL_AREA_STYLE( '', ( #5568 ) );
#4642 = EDGE_CURVE( '', #5569, #5569, #5570, .T. );
#4643 = EDGE_CURVE( '', #5571, #5571, #5572, .T. );
#4644 = FILL_AREA_STYLE( '', ( #5573 ) );
#4645 = EDGE_CURVE( '', #5574, #5429, #5575, .T. );
#4646 = EDGE_CURVE( '', #5574, #5576, #5577, .T. );
#4647 = EDGE_CURVE( '', #5578, #5576, #5579, .F. );
#4648 = EDGE_CURVE( '', #5310, #5578, #5580, .T. );
#4649 = FILL_AREA_STYLE( '', ( #5581 ) );
#4650 = EDGE_CURVE( '', #5582, #5582, #5583, .T. );
#4651 = EDGE_CURVE( '', #5584, #5584, #5585, .T. );
#4652 = FILL_AREA_STYLE( '', ( #5586 ) );
#4653 = EDGE_CURVE( '', #5514, #5587, #5588, .T. );
#4654 = EDGE_CURVE( '', #5587, #5367, #5589, .T. );
#4655 = EDGE_CURVE( '', #5590, #5590, #5591, .F. );
#4656 = FILL_AREA_STYLE( '', ( #5592 ) );
#4657 = EDGE_CURVE( '', #5593, #5594, #5595, .F. );
#4658 = EDGE_CURVE( '', #5382, #5593, #5596, .T. );
#4659 = EDGE_CURVE( '', #5380, #5594, #5597, .T. );
#4660 = FILL_AREA_STYLE( '', ( #5598 ) );
#4661 = EDGE_CURVE( '', #5599, #5600, #5601, .T. );
#4662 = EDGE_CURVE( '', #5602, #5599, #5603, .T. );
#4663 = EDGE_CURVE( '', #5604, #5602, #5605, .T. );
#4664 = EDGE_CURVE( '', #5606, #5604, #5607, .T. );
#4665 = EDGE_CURVE( '', #5606, #5608, #5609, .T. );
#4666 = EDGE_CURVE( '', #5608, #5442, #5610, .T. );
#4667 = EDGE_CURVE( '', #5443, #5611, #5612, .T. );
#4668 = EDGE_CURVE( '', #5611, #5613, #5614, .T. );
#4669 = EDGE_CURVE( '', #5600, #5613, #5615, .T. );
#4670 = FILL_AREA_STYLE( '', ( #5616 ) );
#4671 = EDGE_CURVE( '', #5330, #5617, #5618, .T. );
#4672 = EDGE_CURVE( '', #5619, #5617, #5620, .T. );
#4673 = EDGE_CURVE( '', #5349, #5619, #5621, .T. );
#4674 = FILL_AREA_STYLE( '', ( #5622 ) );
#4675 = EDGE_CURVE( '', #5623, #5624, #5625, .T. );
#4676 = EDGE_CURVE( '', #5626, #5623, #5627, .T. );
#4677 = EDGE_CURVE( '', #5626, #5628, #5629, .T. );
#4678 = EDGE_CURVE( '', #5628, #5624, #5630, .T. );
#4679 = FILL_AREA_STYLE( '', ( #5631 ) );
#4680 = EDGE_CURVE( '', #5632, #5281, #5633, .T. );
#4681 = EDGE_CURVE( '', #5634, #5632, #5635, .T. );
#4682 = EDGE_CURVE( '', #5634, #5284, #5636, .T. );
#4683 = FILL_AREA_STYLE( '', ( #5637 ) );
#4684 = EDGE_CURVE( '', #5638, #5639, #5640, .T. );
#4685 = EDGE_CURVE( '', #5641, #5638, #5642, .T. );
#4686 = EDGE_CURVE( '', #5641, #5643, #5644, .T. );
#4687 = EDGE_CURVE( '', #5643, #5639, #5645, .T. );
#4688 = FILL_AREA_STYLE( '', ( #5646 ) );
#4689 = EDGE_CURVE( '', #5647, #5648, #5649, .T. );
#4690 = EDGE_CURVE( '', #5650, #5647, #5651, .T. );
#4691 = EDGE_CURVE( '', #5650, #5652, #5653, .T. );
#4692 = EDGE_CURVE( '', #5652, #5648, #5654, .T. );
#4693 = FILL_AREA_STYLE( '', ( #5655 ) );
#4694 = EDGE_CURVE( '', #5656, #5657, #5658, .T. );
#4695 = EDGE_CURVE( '', #5547, #5656, #5659, .T. );
#4696 = EDGE_CURVE( '', #5546, #5657, #5660, .T. );
#4697 = FILL_AREA_STYLE( '', ( #5661 ) );
#4698 = EDGE_CURVE( '', #5662, #5663, #5664, .T. );
#4699 = EDGE_CURVE( '', #5665, #5662, #5666, .T. );
#4700 = EDGE_CURVE( '', #5665, #5667, #5668, .T. );
#4701 = EDGE_CURVE( '', #5667, #5663, #5669, .T. );
#4702 = FILL_AREA_STYLE( '', ( #5670 ) );
#4703 = EDGE_CURVE( '', #5472, #5671, #5672, .T. );
#4704 = EDGE_CURVE( '', #5476, #5673, #5674, .T. );
#4705 = EDGE_CURVE( '', #5673, #5671, #5675, .T. );
#4706 = FILL_AREA_STYLE( '', ( #5676 ) );
#4707 = EDGE_CURVE( '', #5451, #5677, #5678, .F. );
#4708 = EDGE_CURVE( '', #5679, #5449, #5680, .F. );
#4709 = EDGE_CURVE( '', #5677, #5679, #5681, .F. );
#4710 = FILL_AREA_STYLE( '', ( #5682 ) );
#4711 = EDGE_CURVE( '', #5683, #5684, #5685, .T. );
#4712 = EDGE_CURVE( '', #5683, #5686, #5687, .T. );
#4713 = EDGE_CURVE( '', #5688, #5686, #5689, .F. );
#4714 = EDGE_CURVE( '', #5486, #5688, #5690, .T. );
#4715 = EDGE_CURVE( '', #5684, #5508, #5691, .T. );
#4716 = FILL_AREA_STYLE( '', ( #5692 ) );
#4717 = EDGE_CURVE( '', #5247, #5246, #5693, .F. );
#4718 = EDGE_CURVE( '', #5247, #5246, #5694, .T. );
#4719 = FILL_AREA_STYLE( '', ( #5695 ) );
#4720 = EDGE_CURVE( '', #5696, #5697, #5698, .T. );
#4721 = EDGE_CURVE( '', #5697, #5696, #5699, .F. );
#4722 = FILL_AREA_STYLE( '', ( #5700 ) );
#4723 = EDGE_CURVE( '', #5224, #5701, #5702, .T. );
#4724 = EDGE_CURVE( '', #5701, #5703, #5704, .T. );
#4725 = EDGE_CURVE( '', #5703, #5705, #5706, .T. );
#4726 = EDGE_CURVE( '', #5705, #5707, #5708, .T. );
#4727 = EDGE_CURVE( '', #5707, #5709, #5710, .T. );
#4728 = EDGE_CURVE( '', #5709, #5223, #5711, .T. );
#4729 = EDGE_CURVE( '', #5712, #5232, #5713, .T. );
#4730 = EDGE_CURVE( '', #5233, #5714, #5715, .T. );
#4731 = EDGE_CURVE( '', #5714, #5712, #5716, .T. );
#4732 = EDGE_CURVE( '', #5717, #5718, #5719, .T. );
#4733 = EDGE_CURVE( '', #5718, #5662, #5720, .T. );
#4734 = EDGE_CURVE( '', #5663, #5721, #5722, .T. );
#4735 = EDGE_CURVE( '', #5721, #5723, #5724, .T. );
#4736 = EDGE_CURVE( '', #5723, #5725, #5726, .T. );
#4737 = EDGE_CURVE( '', #5725, #5717, #5727, .T. );
#4738 = EDGE_CURVE( '', #5728, #5729, #5730, .T. );
#4739 = EDGE_CURVE( '', #5729, #5731, #5732, .T. );
#4740 = EDGE_CURVE( '', #5731, #5733, #5734, .T. );
#4741 = EDGE_CURVE( '', #5733, #5735, #5736, .T. );
#4742 = EDGE_CURVE( '', #5735, #5471, #5737, .T. );
#4743 = EDGE_CURVE( '', #5671, #5738, #5739, .T. );
#4744 = EDGE_CURVE( '', #5738, #5647, #5740, .T. );
#4745 = EDGE_CURVE( '', #5648, #5741, #5742, .T. );
#4746 = EDGE_CURVE( '', #5741, #5743, #5744, .T. );
#4747 = EDGE_CURVE( '', #5743, #5728, #5745, .T. );
#4748 = EDGE_CURVE( '', #5267, #5746, #5747, .T. );
#4749 = EDGE_CURVE( '', #5748, #5266, #5749, .T. );
#4750 = EDGE_CURVE( '', #5750, #5748, #5751, .T. );
#4751 = EDGE_CURVE( '', #5752, #5750, #5753, .T. );
#4752 = EDGE_CURVE( '', #5319, #5752, #5754, .T. );
#4753 = EDGE_CURVE( '', #5392, #5318, #5755, .T. );
#4754 = EDGE_CURVE( '', #5258, #5391, #5756, .T. );
#4755 = EDGE_CURVE( '', #5746, #5257, #5757, .T. );
#4756 = EDGE_CURVE( '', #5758, #5759, #5760, .T. );
#4757 = EDGE_CURVE( '', #5759, #5761, #5762, .T. );
#4758 = EDGE_CURVE( '', #5761, #5763, #5764, .T. );
#4759 = EDGE_CURVE( '', #5763, #5765, #5766, .T. );
#4760 = EDGE_CURVE( '', #5765, #5214, #5767, .T. );
#4761 = EDGE_CURVE( '', #5215, #5497, #5768, .T. );
#4762 = EDGE_CURVE( '', #5498, #5769, #5770, .T. );
#4763 = EDGE_CURVE( '', #5769, #5771, #5772, .T. );
#4764 = EDGE_CURVE( '', #5771, #5773, #5774, .T. );
#4765 = EDGE_CURVE( '', #5773, #5775, #5776, .T. );
#4766 = EDGE_CURVE( '', #5775, #5758, #5777, .T. );
#4767 = EDGE_CURVE( '', #5778, #5518, #5779, .T. );
#4768 = EDGE_CURVE( '', #5519, #5780, #5781, .T. );
#4769 = EDGE_CURVE( '', #5780, #5290, #5782, .T. );
#4770 = EDGE_CURVE( '', #5291, #5778, #5783, .T. );
#4771 = EDGE_CURVE( '', #5784, #5785, #5786, .T. );
#4772 = EDGE_CURVE( '', #5785, #5527, #5787, .T. );
#4773 = EDGE_CURVE( '', #5182, #5788, #5789, .T. );
#4774 = EDGE_CURVE( '', #5788, #5790, #5791, .T. );
#4775 = EDGE_CURVE( '', #5790, #5792, #5793, .T. );
#4776 = EDGE_CURVE( '', #5792, #5794, #5795, .T. );
#4777 = EDGE_CURVE( '', #5794, #5560, #5796, .T. );
#4778 = EDGE_CURVE( '', #5561, #5784, #5797, .T. );
#4779 = EDGE_CURVE( '', #5798, #5799, #5800, .T. );
#4780 = EDGE_CURVE( '', #5799, #5623, #5801, .T. );
#4781 = EDGE_CURVE( '', #5624, #5798, #5802, .T. );
#4782 = EDGE_CURVE( '', #5276, #5803, #5804, .T. );
#4783 = EDGE_CURVE( '', #5803, #5299, #5805, .T. );
#4784 = EDGE_CURVE( '', #5300, #5305, #5806, .T. );
#4785 = FILL_AREA_STYLE( '', ( #5807 ) );
#4786 = EDGE_CURVE( '', #5808, #5809, #5810, .T. );
#4787 = EDGE_CURVE( '', #5811, #5808, #5812, .T. );
#4788 = EDGE_CURVE( '', #5811, #5813, #5814, .T. );
#4789 = EDGE_CURVE( '', #5813, #5809, #5815, .T. );
#4790 = FILL_AREA_STYLE( '', ( #5816 ) );
#4791 = EDGE_CURVE( '', #5817, #5818, #5819, .T. );
#4792 = EDGE_CURVE( '', #5628, #5817, #5820, .T. );
#4793 = EDGE_CURVE( '', #5818, #5626, #5821, .T. );
#4794 = FILL_AREA_STYLE( '', ( #5822 ) );
#4795 = EDGE_CURVE( '', #5600, #5823, #5824, .F. );
#4796 = EDGE_CURVE( '', #5825, #5613, #5826, .T. );
#4797 = EDGE_CURVE( '', #5827, #5825, #5828, .T. );
#4798 = EDGE_CURVE( '', #5829, #5827, #5830, .T. );
#4799 = EDGE_CURVE( '', #5823, #5829, #5831, .T. );
#4800 = FILL_AREA_STYLE( '', ( #5832 ) );
#4801 = EDGE_CURVE( '', #5833, #5746, #5834, .T. );
#4802 = EDGE_CURVE( '', #5269, #5833, #5835, .T. );
#4803 = FILL_AREA_STYLE( '', ( #5836 ) );
#4804 = EDGE_CURVE( '', #5837, #5837, #5838, .T. );
#4805 = EDGE_CURVE( '', #5839, #5839, #5840, .T. );
#4806 = FILL_AREA_STYLE( '', ( #5841 ) );
#4807 = EDGE_CURVE( '', #5842, #5842, #5843, .T. );
#4808 = EDGE_CURVE( '', #5844, #5844, #5845, .T. );
#4809 = FILL_AREA_STYLE( '', ( #5846 ) );
#4810 = FILL_AREA_STYLE( '', ( #5847 ) );
#4811 = EDGE_CURVE( '', #5848, #5784, #5849, .T. );
#4812 = EDGE_CURVE( '', #5848, #5850, #5851, .T. );
#4813 = EDGE_CURVE( '', #5850, #5785, #5852, .T. );
#4814 = FILL_AREA_STYLE( '', ( #5853 ) );
#4815 = EDGE_CURVE( '', #5854, #5696, #5855, .F. );
#4816 = EDGE_CURVE( '', #5854, #5506, #5856, .T. );
#4817 = EDGE_CURVE( '', #5485, #5857, #5858, .T. );
#4818 = EDGE_CURVE( '', #5697, #5857, #5859, .T. );
#4819 = FILL_AREA_STYLE( '', ( #5860 ) );
#4820 = EDGE_CURVE( '', #5861, #5862, #5863, .T. );
#4821 = EDGE_CURVE( '', #5862, #5864, #5865, .T. );
#4822 = EDGE_CURVE( '', #5864, #5866, #5867, .T. );
#4823 = EDGE_CURVE( '', #5861, #5866, #5868, .F. );
#4824 = FILL_AREA_STYLE( '', ( #5869 ) );
#4825 = EDGE_CURVE( '', #5870, #5794, #5871, .T. );
#4826 = EDGE_CURVE( '', #5870, #5563, #5872, .T. );
#4827 = FILL_AREA_STYLE( '', ( #5873 ) );
#4828 = EDGE_CURVE( '', #5874, #5718, #5875, .T. );
#4829 = EDGE_CURVE( '', #5874, #5665, #5876, .T. );
#4830 = FILL_AREA_STYLE( '', ( #5877 ) );
#4831 = EDGE_CURVE( '', #5878, #5878, #5879, .T. );
#4832 = EDGE_CURVE( '', #5880, #5880, #5881, .T. );
#4833 = FILL_AREA_STYLE( '', ( #5882 ) );
#4834 = EDGE_CURVE( '', #5883, #5884, #5885, .T. );
#4835 = EDGE_CURVE( '', #5883, #5854, #5886, .T. );
#4836 = EDGE_CURVE( '', #5857, #5887, #5888, .T. );
#4837 = EDGE_CURVE( '', #5887, #5889, #5890, .T. );
#4838 = EDGE_CURVE( '', #5889, #5884, #5891, .F. );
#4839 = FILL_AREA_STYLE( '', ( #5892 ) );
#4840 = EDGE_CURVE( '', #5893, #5883, #5894, .T. );
#4841 = EDGE_CURVE( '', #5459, #5893, #5895, .T. );
#4842 = EDGE_CURVE( '', #5457, #5684, #5896, .T. );
#4843 = FILL_AREA_STYLE( '', ( #5897 ) );
#4844 = EDGE_CURVE( '', #5898, #5898, #5899, .T. );
#4845 = FILL_AREA_STYLE( '', ( #5900 ) );
#4846 = EDGE_CURVE( '', #5565, #5848, #5901, .T. );
#4847 = EDGE_CURVE( '', #5902, #5870, #5903, .T. );
#4848 = EDGE_CURVE( '', #5904, #5902, #5905, .T. );
#4849 = EDGE_CURVE( '', #5906, #5904, #5907, .T. );
#4850 = EDGE_CURVE( '', #5186, #5906, #5908, .T. );
#4851 = EDGE_CURVE( '', #5850, #5530, #5909, .T. );
#4852 = FILL_AREA_STYLE( '', ( #5910 ) );
#4853 = EDGE_CURVE( '', #5911, #5705, #5912, .T. );
#4854 = EDGE_CURVE( '', #5911, #5913, #5914, .T. );
#4855 = EDGE_CURVE( '', #5913, #5707, #5915, .T. );
#4856 = FILL_AREA_STYLE( '', ( #5916 ) );
#4857 = EDGE_CURVE( '', #5917, #5918, #5919, .F. );
#4858 = EDGE_CURVE( '', #5884, #5918, #5920, .T. );
#4859 = EDGE_CURVE( '', #5889, #5917, #5921, .T. );
#4860 = FILL_AREA_STYLE( '', ( #5922 ) );
#4861 = EDGE_CURVE( '', #5328, #5923, #5924, .T. );
#4862 = EDGE_CURVE( '', #5340, #5925, #5926, .T. );
#4863 = EDGE_CURVE( '', #5925, #5923, #5927, .T. );
#4864 = FILL_AREA_STYLE( '', ( #5928 ) );
#4865 = EDGE_CURVE( '', #5906, #5788, #5929, .T. );
#4866 = FILL_AREA_STYLE( '', ( #5930 ) );
#4867 = EDGE_CURVE( '', #5931, #5593, #5932, .T. );
#4868 = EDGE_CURVE( '', #5376, #5931, #5933, .T. );
#4869 = FILL_AREA_STYLE( '', ( #5934 ) );
#4870 = EDGE_CURVE( '', #5935, #5935, #5936, .T. );
#4871 = FILL_AREA_STYLE( '', ( #5937 ) );
#4872 = EDGE_CURVE( '', #5938, #5939, #5940, .T. );
#4873 = EDGE_CURVE( '', #5941, #5938, #5942, .T. );
#4874 = EDGE_CURVE( '', #5941, #5943, #5944, .T. );
#4875 = EDGE_CURVE( '', #5943, #5939, #5945, .T. );
#4876 = FILL_AREA_STYLE( '', ( #5946 ) );
#4877 = EDGE_CURVE( '', #5550, #5778, #5947, .T. );
#4878 = FILL_AREA_STYLE( '', ( #5948 ) );
#4879 = EDGE_CURVE( '', #5401, #5759, #5949, .T. );
#4880 = EDGE_CURVE( '', #5420, #5761, #5950, .T. );
#4881 = FILL_AREA_STYLE( '', ( #5951 ) );
#4882 = EDGE_CURVE( '', #5403, #5775, #5952, .T. );
#4883 = EDGE_CURVE( '', #5400, #5758, #5953, .T. );
#4884 = FILL_AREA_STYLE( '', ( #5954 ) );
#4885 = EDGE_CURVE( '', #5418, #5763, #5955, .T. );
#4886 = EDGE_CURVE( '', #5416, #5765, #5956, .T. );
#4887 = FILL_AREA_STYLE( '', ( #5957 ) );
#4888 = EDGE_CURVE( '', #5958, #5958, #5959, .T. );
#4889 = EDGE_CURVE( '', #5960, #5960, #5961, .T. );
#4890 = FILL_AREA_STYLE( '', ( #5962 ) );
#4891 = EDGE_CURVE( '', #5963, #5963, #5964, .T. );
#4892 = EDGE_CURVE( '', #5965, #5965, #5966, .T. );
#4893 = FILL_AREA_STYLE( '', ( #5967 ) );
#4894 = EDGE_CURVE( '', #5968, #5741, #5969, .T. );
#4895 = EDGE_CURVE( '', #5968, #5970, #5971, .T. );
#4896 = EDGE_CURVE( '', #5970, #5743, #5972, .T. );
#4897 = FILL_AREA_STYLE( '', ( #5973 ) );
#4898 = EDGE_CURVE( '', #5974, #5975, #5976, .F. );
#4899 = EDGE_CURVE( '', #5977, #5974, #5978, .F. );
#4900 = EDGE_CURVE( '', #5979, #5977, #5980, .F. );
#4901 = EDGE_CURVE( '', #5975, #5979, #5981, .F. );
#4902 = FILL_AREA_STYLE( '', ( #5982 ) );
#4903 = EDGE_CURVE( '', #5574, #5576, #5983, .F. );
#4904 = FILL_AREA_STYLE( '', ( #5984 ) );
#4905 = EDGE_CURVE( '', #5594, #5985, #5986, .T. );
#4906 = EDGE_CURVE( '', #5378, #5985, #5987, .T. );
#4907 = FILL_AREA_STYLE( '', ( #5988 ) );
#4908 = EDGE_CURVE( '', #5989, #5362, #5990, .T. );
#4909 = EDGE_CURVE( '', #5587, #5989, #5991, .T. );
#4910 = FILL_AREA_STYLE( '', ( #5992 ) );
#4911 = EDGE_CURVE( '', #5993, #5712, #5994, .T. );
#4912 = EDGE_CURVE( '', #5993, #5235, #5995, .T. );
#4913 = FILL_AREA_STYLE( '', ( #5996 ) );
#4914 = FILL_AREA_STYLE( '', ( #5997 ) );
#4915 = EDGE_CURVE( '', #5453, #5998, #5999, .F. );
#4916 = EDGE_CURVE( '', #5677, #5998, #6000, .T. );
#4917 = FILL_AREA_STYLE( '', ( #6001 ) );
#4918 = EDGE_CURVE( '', #5394, #5323, #6002, .T. );
#4919 = FILL_AREA_STYLE( '', ( #6003 ) );
#4920 = FILL_AREA_STYLE( '', ( #6004 ) );
#4921 = EDGE_CURVE( '', #6005, #5874, #6006, .T. );
#4922 = EDGE_CURVE( '', #6007, #6005, #6008, .T. );
#4923 = EDGE_CURVE( '', #6009, #6007, #6010, .T. );
#4924 = EDGE_CURVE( '', #6011, #6009, #6012, .T. );
#4925 = EDGE_CURVE( '', #5667, #6011, #6013, .T. );
#4926 = FILL_AREA_STYLE( '', ( #6014 ) );
#4927 = EDGE_CURVE( '', #5817, #5798, #6015, .T. );
#4928 = EDGE_CURVE( '', #5818, #5799, #6016, .T. );
#4929 = FILL_AREA_STYLE( '', ( #6017 ) );
#4930 = EDGE_CURVE( '', #6018, #6019, #6020, .T. );
#4931 = EDGE_CURVE( '', #6021, #6018, #6022, .T. );
#4932 = EDGE_CURVE( '', #6021, #6023, #6024, .T. );
#4933 = EDGE_CURVE( '', #6023, #6019, #6025, .T. );
#4934 = FILL_AREA_STYLE( '', ( #6026 ) );
#4935 = FILL_AREA_STYLE( '', ( #6027 ) );
#4936 = EDGE_CURVE( '', #6028, #5447, #6029, .F. );
#4937 = EDGE_CURVE( '', #5679, #6028, #6030, .T. );
#4938 = FILL_AREA_STYLE( '', ( #6031 ) );
#4939 = EDGE_CURVE( '', #5893, #6032, #6033, .T. );
#4940 = EDGE_CURVE( '', #5461, #6032, #6034, .T. );
#4941 = FILL_AREA_STYLE( '', ( #6035 ) );
#4942 = EDGE_CURVE( '', #5553, #5780, #6036, .T. );
#4943 = FILL_AREA_STYLE( '', ( #6037 ) );
#4944 = EDGE_CURVE( '', #5199, #5803, #6038, .T. );
#4945 = FILL_AREA_STYLE( '', ( #6039 ) );
#4946 = EDGE_CURVE( '', #6040, #6040, #6041, .T. );
#4947 = FILL_AREA_STYLE( '', ( #6042 ) );
#4948 = EDGE_CURVE( '', #5282, #5336, #6043, .T. );
#4949 = EDGE_CURVE( '', #5286, #5338, #6044, .T. );
#4950 = FILL_AREA_STYLE( '', ( #6045 ) );
#4951 = EDGE_CURVE( '', #5904, #5790, #6046, .T. );
#4952 = EDGE_CURVE( '', #5902, #5792, #6047, .T. );
#4953 = FILL_AREA_STYLE( '', ( #6048 ) );
#4954 = EDGE_CURVE( '', #5407, #5771, #6049, .T. );
#4955 = EDGE_CURVE( '', #5405, #5773, #6050, .T. );
#4956 = FILL_AREA_STYLE( '', ( #6051 ) );
#4957 = FILL_AREA_STYLE( '', ( #6052 ) );
#4958 = EDGE_CURVE( '', #6053, #6054, #6055, .T. );
#4959 = EDGE_CURVE( '', #5970, #6053, #6056, .T. );
#4960 = EDGE_CURVE( '', #5652, #5968, #6057, .T. );
#4961 = EDGE_CURVE( '', #6058, #5650, #6059, .T. );
#4962 = EDGE_CURVE( '', #5673, #6058, #6060, .T. );
#4963 = EDGE_CURVE( '', #6061, #5474, #6062, .T. );
#4964 = EDGE_CURVE( '', #6063, #6061, #6064, .T. );
#4965 = EDGE_CURVE( '', #6065, #6063, #6066, .T. );
#4966 = EDGE_CURVE( '', #6054, #6065, #6067, .T. );
#4967 = FILL_AREA_STYLE( '', ( #6068 ) );
#4968 = EDGE_CURVE( '', #6069, #6069, #6070, .T. );
#4969 = FILL_AREA_STYLE( '', ( #6071 ) );
#4970 = EDGE_CURVE( '', #5657, #5656, #6072, .T. );
#4971 = FILL_AREA_STYLE( '', ( #6073 ) );
#4972 = EDGE_CURVE( '', #6019, #5210, #6074, .T. );
#4973 = EDGE_CURVE( '', #6023, #5941, #6075, .T. );
#4974 = EDGE_CURVE( '', #5938, #5985, #6076, .T. );
#4975 = FILL_AREA_STYLE( '', ( #6077 ) );
#4976 = EDGE_CURVE( '', #5467, #5465, #6078, .T. );
#4977 = EDGE_CURVE( '', #5463, #6079, #6080, .F. );
#4978 = EDGE_CURVE( '', #6079, #5611, #6081, .T. );
#4979 = FILL_AREA_STYLE( '', ( #6082 ) );
#4980 = EDGE_CURVE( '', #5228, #6083, #6084, .T. );
#4981 = EDGE_CURVE( '', #6083, #5701, #6085, .T. );
#4982 = FILL_AREA_STYLE( '', ( #6086 ) );
#4983 = EDGE_CURVE( '', #6087, #6087, #6088, .T. );
#4984 = FILL_AREA_STYLE( '', ( #6089 ) );
#4985 = EDGE_CURVE( '', #5632, #5809, #6090, .T. );
#4986 = EDGE_CURVE( '', #5345, #6091, #6092, .T. );
#4987 = EDGE_CURVE( '', #5931, #6091, #6093, .T. );
#4988 = EDGE_CURVE( '', #5939, #5808, #6094, .F. );
#4989 = EDGE_CURVE( '', #6095, #6095, #6096, .T. );
#4990 = EDGE_CURVE( '', #6097, #6097, #6098, .T. );
#4991 = FILL_AREA_STYLE( '', ( #6099 ) );
#4992 = EDGE_CURVE( '', #5827, #6032, #6100, .T. );
#4993 = EDGE_CURVE( '', #6079, #5825, #6101, .T. );
#4994 = FILL_AREA_STYLE( '', ( #6102 ) );
#4995 = EDGE_CURVE( '', #6053, #5728, #6103, .T. );
#4996 = FILL_AREA_STYLE( '', ( #6104 ) );
#4997 = FILL_AREA_STYLE( '', ( #6105 ) );
#4998 = EDGE_CURVE( '', #6011, #5721, #6106, .T. );
#4999 = FILL_AREA_STYLE( '', ( #6107 ) );
#5000 = EDGE_CURVE( '', #5887, #6108, #6109, .T. );
#5001 = EDGE_CURVE( '', #5424, #6108, #6110, .F. );
#5002 = EDGE_CURVE( '', #5438, #5434, #6111, .F. );
#5003 = EDGE_CURVE( '', #5436, #6112, #6113, .T. );
#5004 = EDGE_CURVE( '', #6112, #5353, #6114, .T. );
#5005 = EDGE_CURVE( '', #5354, #5977, #6115, .T. );
#5006 = EDGE_CURVE( '', #5917, #5974, #6116, .T. );
#5007 = FILL_AREA_STYLE( '', ( #6117 ) );
#5008 = EDGE_CURVE( '', #6118, #6118, #6119, .T. );
#5009 = FILL_AREA_STYLE( '', ( #6120 ) );
#5010 = EDGE_CURVE( '', #6054, #5729, #6121, .T. );
#5011 = EDGE_CURVE( '', #6065, #5731, #6122, .T. );
#5012 = FILL_AREA_STYLE( '', ( #6123 ) );
#5013 = EDGE_CURVE( '', #6124, #5748, #6125, .T. );
#5014 = EDGE_CURVE( '', #6126, #6124, #6127, .T. );
#5015 = EDGE_CURVE( '', #6126, #5750, #6128, .T. );
#5016 = FILL_AREA_STYLE( '', ( #6129 ) );
#5017 = EDGE_CURVE( '', #5829, #5823, #6130, .F. );
#5018 = FILL_AREA_STYLE( '', ( #6131 ) );
#5019 = EDGE_CURVE( '', #6132, #6133, #6134, .T. );
#5020 = EDGE_CURVE( '', #6135, #6132, #6136, .T. );
#5021 = EDGE_CURVE( '', #6135, #6137, #6138, .T. );
#5022 = EDGE_CURVE( '', #6137, #6133, #6139, .T. );
#5023 = FILL_AREA_STYLE( '', ( #6140 ) );
#5024 = FILL_AREA_STYLE( '', ( #6141 ) );
#5025 = EDGE_CURVE( '', #6142, #6143, #6144, .F. );
#5026 = EDGE_CURVE( '', #6142, #6145, #6146, .T. );
#5027 = EDGE_CURVE( '', #6145, #5864, #6147, .F. );
#5028 = EDGE_CURVE( '', #5862, #5604, #6148, .T. );
#5029 = EDGE_CURVE( '', #6149, #5602, #6150, .T. );
#5030 = EDGE_CURVE( '', #6143, #6149, #6151, .T. );
#5031 = FILL_AREA_STYLE( '', ( #6152 ) );
#5032 = EDGE_CURVE( '', #6063, #5733, #6153, .T. );
#5033 = FILL_AREA_STYLE( '', ( #6154 ) );
#5034 = EDGE_CURVE( '', #5599, #5356, #6155, .T. );
#5035 = EDGE_CURVE( '', #5918, #5975, #6156, .T. );
#5036 = EDGE_CURVE( '', #5358, #5979, #6157, .T. );
#5037 = FILL_AREA_STYLE( '', ( #6158 ) );
#5038 = EDGE_CURVE( '', #5683, #5686, #6159, .F. );
#5039 = FILL_AREA_STYLE( '', ( #6160 ) );
#5040 = EDGE_CURVE( '', #6009, #5723, #6161, .T. );
#5041 = FILL_AREA_STYLE( '', ( #6162 ) );
#5042 = FILL_AREA_STYLE( '', ( #6163 ) );
#5043 = EDGE_CURVE( '', #5913, #6164, #6165, .T. );
#5044 = EDGE_CURVE( '', #6164, #5709, #6166, .T. );
#5045 = FILL_AREA_STYLE( '', ( #6167 ) );
#5046 = FILL_AREA_STYLE( '', ( #6168 ) );
#5047 = FILL_AREA_STYLE( '', ( #6169 ) );
#5048 = FILL_AREA_STYLE( '', ( #6170 ) );
#5049 = EDGE_CURVE( '', #6108, #6171, #6172, .T. );
#5050 = EDGE_CURVE( '', #5427, #6171, #6173, .F. );
#5051 = FILL_AREA_STYLE( '', ( #6174 ) );
#5052 = FILL_AREA_STYLE( '', ( #6175 ) );
#5053 = EDGE_CURVE( '', #6176, #6126, #6177, .T. );
#5054 = EDGE_CURVE( '', #6176, #5752, #6178, .T. );
#5055 = FILL_AREA_STYLE( '', ( #6179 ) );
#5056 = FILL_AREA_STYLE( '', ( #6180 ) );
#5057 = FILL_AREA_STYLE( '', ( #6181 ) );
#5058 = FILL_AREA_STYLE( '', ( #6182 ) );
#5059 = EDGE_CURVE( '', #6183, #5714, #6184, .T. );
#5060 = EDGE_CURVE( '', #6183, #5993, #6185, .T. );
#5061 = FILL_AREA_STYLE( '', ( #6186 ) );
#5062 = EDGE_CURVE( '', #6083, #6187, #6188, .T. );
#5063 = EDGE_CURVE( '', #6187, #5703, #6189, .T. );
#5064 = FILL_AREA_STYLE( '', ( #6190 ) );
#5065 = EDGE_CURVE( '', #5619, #6091, #6191, .T. );
#5066 = FILL_AREA_STYLE( '', ( #6192 ) );
#5067 = EDGE_CURVE( '', #6145, #6193, #6194, .T. );
#5068 = EDGE_CURVE( '', #6193, #5866, #6195, .F. );
#5069 = FILL_AREA_STYLE( '', ( #6196 ) );
#5070 = EDGE_CURVE( '', #5989, #6197, #6198, .T. );
#5071 = EDGE_CURVE( '', #6197, #5327, #6199, .T. );
#5072 = EDGE_CURVE( '', #5923, #6132, #6200, .T. );
#5073 = EDGE_CURVE( '', #6133, #5638, #6201, .T. );
#5074 = EDGE_CURVE( '', #5639, #6018, #6202, .T. );
#5075 = EDGE_CURVE( '', #5208, #5512, #6203, .T. );
#5076 = EDGE_CURVE( '', #6204, #6204, #6205, .T. );
#5077 = FILL_AREA_STYLE( '', ( #6206 ) );
#5078 = EDGE_CURVE( '', #5925, #5634, #6207, .T. );
#5079 = FILL_AREA_STYLE( '', ( #6208 ) );
#5080 = EDGE_CURVE( '', #5617, #6197, #6209, .T. );
#5081 = FILL_AREA_STYLE( '', ( #6210 ) );
#5082 = FILL_AREA_STYLE( '', ( #6211 ) );
#5083 = EDGE_CURVE( '', #6212, #6212, #6213, .T. );
#5084 = EDGE_CURVE( '', #6137, #5641, #6214, .T. );
#5085 = EDGE_CURVE( '', #5643, #6135, #6215, .T. );
#5086 = FILL_AREA_STYLE( '', ( #6216 ) );
#5087 = FILL_AREA_STYLE( '', ( #6217 ) );
#5088 = EDGE_CURVE( '', #6218, #6218, #6219, .F. );
#5089 = FILL_AREA_STYLE( '', ( #6220 ) );
#5090 = EDGE_CURVE( '', #5861, #5606, #6221, .T. );
#5091 = FILL_AREA_STYLE( '', ( #6222 ) );
#5092 = EDGE_CURVE( '', #6223, #6224, #6225, .T. );
#5093 = EDGE_CURVE( '', #6223, #6226, #6227, .T. );
#5094 = EDGE_CURVE( '', #5608, #6226, #6228, .F. );
#5095 = EDGE_CURVE( '', #6224, #6193, #6229, .T. );
#5096 = FILL_AREA_STYLE( '', ( #6230 ) );
#5097 = FILL_AREA_STYLE( '', ( #6231 ) );
#5098 = FILL_AREA_STYLE( '', ( #6232 ) );
#5099 = EDGE_CURVE( '', #6007, #5725, #6233, .T. );
#5100 = FILL_AREA_STYLE( '', ( #6234 ) );
#5101 = EDGE_CURVE( '', #6061, #5735, #6235, .T. );
#5102 = FILL_AREA_STYLE( '', ( #6236 ) );
#5103 = EDGE_CURVE( '', #6164, #5226, #6237, .T. );
#5104 = EDGE_CURVE( '', #6187, #5911, #6238, .T. );
#5105 = FILL_AREA_STYLE( '', ( #6239 ) );
#5106 = EDGE_CURVE( '', #5237, #6183, #6240, .T. );
#5107 = FILL_AREA_STYLE( '', ( #6241 ) );
#5108 = FILL_AREA_STYLE( '', ( #6242 ) );
#5109 = EDGE_CURVE( '', #6124, #5271, #6243, .T. );
#5110 = FILL_AREA_STYLE( '', ( #6244 ) );
#5111 = FILL_AREA_STYLE( '', ( #6245 ) );
#5112 = EDGE_CURVE( '', #6149, #6143, #6246, .F. );
#5113 = FILL_AREA_STYLE( '', ( #6247 ) );
#5114 = EDGE_CURVE( '', #6248, #6224, #6249, .T. );
#5115 = EDGE_CURVE( '', #6250, #6248, #6251, .T. );
#5116 = EDGE_CURVE( '', #6250, #5445, #6252, .F. );
#5117 = EDGE_CURVE( '', #6223, #6226, #6253, .F. );
#5118 = FILL_AREA_STYLE( '', ( #6254 ) );
#5119 = FILL_AREA_STYLE( '', ( #6255 ) );
#5120 = FILL_AREA_STYLE( '', ( #6256 ) );
#5121 = FILL_AREA_STYLE( '', ( #6257 ) );
#5122 = FILL_AREA_STYLE( '', ( #6258 ) );
#5123 = EDGE_CURVE( '', #5813, #6021, #6259, .T. );
#5124 = FILL_AREA_STYLE( '', ( #6260 ) );
#5125 = FILL_AREA_STYLE( '', ( #6261 ) );
#5126 = EDGE_CURVE( '', #6112, #6142, #6262, .T. );
#5127 = EDGE_CURVE( '', #5578, #6248, #6263, .T. );
#5128 = FILL_AREA_STYLE( '', ( #6264 ) );
#5129 = FILL_AREA_STYLE( '', ( #6265 ) );
#5130 = EDGE_CURVE( '', #5409, #5769, #6266, .T. );
#5131 = FILL_AREA_STYLE( '', ( #6267 ) );
#5132 = EDGE_CURVE( '', #6058, #5738, #6268, .T. );
#5133 = FILL_AREA_STYLE( '', ( #6269 ) );
#5134 = EDGE_CURVE( '', #6005, #5717, #6270, .T. );
#5135 = FILL_AREA_STYLE( '', ( #6271 ) );
#5136 = FILL_AREA_STYLE( '', ( #6272 ) );
#5137 = EDGE_CURVE( '', #5455, #6273, #6274, .F. );
#5138 = EDGE_CURVE( '', #5998, #6273, #6275, .T. );
#5139 = FILL_AREA_STYLE( '', ( #6276 ) );
#5140 = EDGE_CURVE( '', #6277, #6171, #6278, .T. );
#5141 = EDGE_CURVE( '', #6273, #6277, #6279, .T. );
#5142 = EDGE_CURVE( '', #6028, #6250, #6280, .T. );
#5143 = FILL_AREA_STYLE( '', ( #6281 ) );
#5144 = FILL_AREA_STYLE( '', ( #6282 ) );
#5145 = FILL_AREA_STYLE( '', ( #6283 ) );
#5146 = FILL_AREA_STYLE( '', ( #6284 ) );
#5147 = EDGE_CURVE( '', #5833, #5262, #6285, .T. );
#5148 = EDGE_CURVE( '', #5260, #5396, #6286, .T. );
#5149 = EDGE_CURVE( '', #5321, #6176, #6287, .T. );
#5150 = FILL_AREA_STYLE( '', ( #6288 ) );
#5151 = FILL_AREA_STYLE( '', ( #6289 ) );
#5152 = FILL_AREA_STYLE( '', ( #6290 ) );
#5153 = FILL_AREA_STYLE( '', ( #6291 ) );
#5154 = FILL_AREA_STYLE( '', ( #6292 ) );
#5155 = FILL_AREA_STYLE( '', ( #6293 ) );
#5156 = FILL_AREA_STYLE( '', ( #6294 ) );
#5157 = FILL_AREA_STYLE( '', ( #6295 ) );
#5158 = EDGE_CURVE( '', #5943, #5811, #6296, .T. );
#5159 = FILL_AREA_STYLE( '', ( #6297 ) );
#5160 = FILL_AREA_STYLE( '', ( #6298 ) );
#5161 = FILL_AREA_STYLE( '', ( #6299 ) );
#5162 = FILL_AREA_STYLE( '', ( #6300 ) );
#5163 = FILL_AREA_STYLE( '', ( #6301 ) );
#5164 = FILL_AREA_STYLE( '', ( #6302 ) );
#5165 = FILL_AREA_STYLE( '', ( #6303 ) );
#5166 = FILL_AREA_STYLE( '', ( #6304 ) );
#5167 = FILL_AREA_STYLE( '', ( #6305 ) );
#5168 = FILL_AREA_STYLE( '', ( #6306 ) );
#5169 = FILL_AREA_STYLE( '', ( #6307 ) );
#5170 = EDGE_CURVE( '', #5688, #6277, #6308, .T. );
#5171 = FILL_AREA_STYLE( '', ( #6309 ) );
#5172 = FILL_AREA_STYLE( '', ( #6310 ) );
#5173 = FILL_AREA_STYLE( '', ( #6311 ) );
#5174 = FILL_AREA_STYLE( '', ( #6312 ) );
#5175 = FILL_AREA_STYLE( '', ( #6313 ) );
#5176 = FILL_AREA_STYLE( '', ( #6314 ) );
#5177 = FILL_AREA_STYLE( '', ( #6315 ) );
#5178 = FILL_AREA_STYLE( '', ( #6316 ) );
#5179 = FILL_AREA_STYLE( '', ( #6317 ) );
#5180 = FILL_AREA_STYLE_COLOUR( '', #6318 );
#5181 = VERTEX_POINT( '', #6319 );
#5182 = VERTEX_POINT( '', #6320 );
#5183 = B_SPLINE_CURVE_WITH_KNOTS( '', 1, ( #6321, #6322 ), .UNSPECIFIED., .F., .F., ( 2, 2 ), ( 0.391042748014596, 0.486950552238425 ), .UNSPECIFIED. );
#5184 = VERTEX_POINT( '', #6323 );
#5185 = LINE( '', #6324, #6325 );
#5186 = VERTEX_POINT( '', #6326 );
#5187 = B_SPLINE_CURVE_WITH_KNOTS( '', 1, ( #6327, #6328 ), .UNSPECIFIED., .F., .F., ( 2, 2 ), ( 0.391042748014596, 0.486950552238425 ), .UNSPECIFIED. );
#5188 = LINE( '', #6329, #6330 );
#5189 = FILL_AREA_STYLE_COLOUR( '', #6331 );
#5190 = VERTEX_POINT( '', #6332 );
#5191 = B_SPLINE_CURVE_WITH_KNOTS( '', 3, ( #6333, #6334, #6335, #6336, #6337, #6338, #6339, #6340, #6341, #6342, #6343, #6344, #6345, #6346, #6347, #6348, #6349, #6350, #6351, #6352, #6353, #6354, #6355 ), .UNSPECIFIED., .T., .F., ( 4, 3, 2, 3, 2, 3, 3, 3, 4 ), ( 0.000000000000000, 0.146111505192002, 0.252576618225215, 0.360294261999991, 0.507022501550928, 0.646414329124318, 0.754569249265787, 0.860633886954452, 1.00000000000000 ), .UNSPECIFIED. );
#5192 = VERTEX_POINT( '', #6356 );
#5193 = VERTEX_POINT( '', #6357 );
#5194 = B_SPLINE_CURVE_WITH_KNOTS( '', 3, ( #6358, #6359, #6360, #6361, #6362, #6363, #6364, #6365, #6366, #6367, #6368, #6369, #6370, #6371, #6372, #6373, #6374 ), .UNSPECIFIED., .F., .F., ( 4, 3, 3, 2, 2, 3, 4 ), ( 0.606662573971491, 0.756804334491811, 0.815206514537475, 0.858159583962296, 0.901112653387117, 0.951875371798270, 1.00000000000000 ), .UNSPECIFIED. );
#5195 = VERTEX_POINT( '', #6375 );
#5196 = B_SPLINE_CURVE_WITH_KNOTS( '', 3, ( #6376, #6377, #6378, #6379 ), .UNSPECIFIED., .F., .F., ( 4, 4 ), ( 0.580204471799121, 0.606662573971491 ), .UNSPECIFIED. );
#5197 = VERTEX_POINT( '', #6380 );
#5198 = B_SPLINE_CURVE_WITH_KNOTS( '', 3, ( #6381, #6382, #6383, #6384 ), .UNSPECIFIED., .F., .F., ( 4, 4 ), ( 0.558846726672027, 0.580204471799121 ), .UNSPECIFIED. );
#5199 = VERTEX_POINT( '', #6385 );
#5200 = B_SPLINE_CURVE_WITH_KNOTS( '', 3, ( #6386, #6387, #6388, #6389, #6390, #6391, #6392, #6393, #6394, #6395, #6396, #6397, #6398, #6399, #6400, #6401, #6402 ), .UNSPECIFIED., .F., .F., ( 4, 2, 3, 2, 2, 2, 2, 4 ), ( 0.182860790289622, 0.235547193108223, 0.301844249988295, 0.367171546661368, 0.411439385854306, 0.455707225047244, 0.499975064240182, 0.558846726672027 ), .UNSPECIFIED. );
#5201 = VERTEX_POINT( '', #6403 );
#5202 = B_SPLINE_CURVE_WITH_KNOTS( '', 3, ( #6404, #6405, #6406, #6407, #6408, #6409, #6410, #6411, #6412, #6413, #6414, #6415, #6416, #6417 ), .UNSPECIFIED., .F., .F., ( 4, 3, 2, 2, 3, 4 ), ( 0.0289434027834783, 0.0517568870854070, 0.0811100186776973, 0.113031549284314, 0.144953079890931, 0.182860790289622 ), .UNSPECIFIED. );
#5203 = B_SPLINE_CURVE_WITH_KNOTS( '', 3, ( #6418, #6419, #6420, #6421 ), .UNSPECIFIED., .F., .F., ( 4, 4 ), ( 0.000000000000000, 0.0289434027834783 ), .UNSPECIFIED. );
#5204 = FILL_AREA_STYLE_COLOUR( '', #6422 );
#5205 = VERTEX_POINT( '', #6423 );
#5206 = VERTEX_POINT( '', #6424 );
#5207 = CIRCLE( '', #6425, 0.450000000000000 );
#5208 = VERTEX_POINT( '', #6426 );
#5209 = LINE( '', #6427, #6428 );
#5210 = VERTEX_POINT( '', #6429 );
#5211 = CIRCLE( '', #6430, 0.450000000000000 );
#5212 = LINE( '', #6431, #6432 );
#5213 = FILL_AREA_STYLE_COLOUR( '', #6433 );
#5214 = VERTEX_POINT( '', #6434 );
#5215 = VERTEX_POINT( '', #6435 );
#5216 = LINE( '', #6436, #6437 );
#5217 = VERTEX_POINT( '', #6438 );
#5218 = LINE( '', #6439, #6440 );
#5219 = VERTEX_POINT( '', #6441 );
#5220 = LINE( '', #6442, #6443 );
#5221 = LINE( '', #6444, #6445 );
#5222 = FILL_AREA_STYLE_COLOUR( '', #6446 );
#5223 = VERTEX_POINT( '', #6447 );
#5224 = VERTEX_POINT( '', #6448 );
#5225 = B_SPLINE_CURVE_WITH_KNOTS( '', 3, ( #6449, #6450, #6451, #6452 ), .UNSPECIFIED., .F., .F., ( 4, 4 ), ( 0.967967528120303, 1.00000000000000 ), .UNSPECIFIED. );
#5226 = VERTEX_POINT( '', #6453 );
#5227 = LINE( '', #6454, #6455 );
#5228 = VERTEX_POINT( '', #6456 );
#5229 = B_SPLINE_CURVE_WITH_KNOTS( '', 3, ( #6457, #6458, #6459, #6460 ), .UNSPECIFIED., .F., .F., ( 4, 4 ), ( 0.967967528120303, 1.00000000000000 ), .UNSPECIFIED. );
#5230 = LINE( '', #6461, #6462 );
#5231 = FILL_AREA_STYLE_COLOUR( '', #6463 );
#5232 = VERTEX_POINT( '', #6464 );
#5233 = VERTEX_POINT( '', #6465 );
#5234 = B_SPLINE_CURVE_WITH_KNOTS( '', 1, ( #6466, #6467 ), .UNSPECIFIED., .F., .F., ( 2, 2 ), ( 0.000000000000000, 0.267088607594936 ), .UNSPECIFIED. );
#5235 = VERTEX_POINT( '', #6468 );
#5236 = LINE( '', #6469, #6470 );
#5237 = VERTEX_POINT( '', #6471 );
#5238 = B_SPLINE_CURVE_WITH_KNOTS( '', 1, ( #6472, #6473 ), .UNSPECIFIED., .F., .F., ( 2, 2 ), ( 0.000000000000000, 0.267088607594936 ), .UNSPECIFIED. );
#5239 = LINE( '', #6474, #6475 );
#5240 = FILL_AREA_STYLE_COLOUR( '', #6476 );
#5241 = VERTEX_POINT( '', #6477 );
#5242 = VERTEX_POINT( '', #6478 );
#5243 = CIRCLE( '', #6479, 2.25000000000000 );
#5244 = LINE( '', #6480, #6481 );
#5245 = FILL_AREA_STYLE_COLOUR( '', #6482 );
#5246 = VERTEX_POINT( '', #6483 );
#5247 = VERTEX_POINT( '', #6484 );
#5248 = LINE( '', #6485, #6486 );
#5249 = LINE( '', #6487, #6488 );
#5250 = LINE( '', #6489, #6490 );
#5251 = FILL_AREA_STYLE_COLOUR( '', #6491 );
#5252 = VERTEX_POINT( '', #6492 );
#5253 = CIRCLE( '', #6493, 0.362500000000000 );
#5254 = VERTEX_POINT( '', #6494 );
#5255 = CIRCLE( '', #6495, 0.362500000000000 );
#5256 = FILL_AREA_STYLE_COLOUR( '', #6496 );
#5257 = VERTEX_POINT( '', #6497 );
#5258 = VERTEX_POINT( '', #6498 );
#5259 = LINE( '', #6499, #6500 );
#5260 = VERTEX_POINT( '', #6501 );
#5261 = LINE( '', #6502, #6503 );
#5262 = VERTEX_POINT( '', #6504 );
#5263 = LINE( '', #6505, #6506 );
#5264 = LINE( '', #6507, #6508 );
#5265 = FILL_AREA_STYLE_COLOUR( '', #6509 );
#5266 = VERTEX_POINT( '', #6510 );
#5267 = VERTEX_POINT( '', #6511 );
#5268 = LINE( '', #6512, #6513 );
#5269 = VERTEX_POINT( '', #6514 );
#5270 = LINE( '', #6515, #6516 );
#5271 = VERTEX_POINT( '', #6517 );
#5272 = LINE( '', #6518, #6519 );
#5273 = LINE( '', #6520, #6521 );
#5274 = FILL_AREA_STYLE_COLOUR( '', #6522 );
#5275 = VERTEX_POINT( '', #6523 );
#5276 = VERTEX_POINT( '', #6524 );
#5277 = B_SPLINE_CURVE_WITH_KNOTS( '', 3, ( #6525, #6526, #6527, #6528 ), .UNSPECIFIED., .F., .F., ( 4, 4 ), ( 0.000000000000000, 0.0289434027834783 ), .UNSPECIFIED. );
#5278 = LINE( '', #6529, #6530 );
#5279 = LINE( '', #6531, #6532 );
#5280 = FILL_AREA_STYLE_COLOUR( '', #6533 );
#5281 = VERTEX_POINT( '', #6534 );
#5282 = VERTEX_POINT( '', #6535 );
#5283 = CIRCLE( '', #6536, 2.45000000000000 );
#5284 = VERTEX_POINT( '', #6537 );
#5285 = LINE( '', #6538, #6539 );
#5286 = VERTEX_POINT( '', #6540 );
#5287 = CIRCLE( '', #6541, 2.45000000000000 );
#5288 = LINE( '', #6542, #6543 );
#5289 = FILL_AREA_STYLE_COLOUR( '', #6544 );
#5290 = VERTEX_POINT( '', #6545 );
#5291 = VERTEX_POINT( '', #6546 );
#5292 = B_SPLINE_CURVE_WITH_KNOTS( '', 3, ( #6547, #6548, #6549, #6550, #6551, #6552, #6553, #6554, #6555, #6556, #6557, #6558, #6559, #6560, #6561, #6562, #6563, #6564, #6565, #6566, #6567, #6568, #6569, #6570, #6571, #6572, #6573, #6574, #6575 ), .UNSPECIFIED., .F., .F., ( 4, 3, 3, 2, 3, 2, 3, 3, 3, 3, 4 ), ( 0.552821966117895, 0.591195853023447, 0.628362709588093, 0.673645756531012, 0.718447068931985, 0.745729185612108, 0.773011302292232, 0.805021387191843, 0.851113267633909, 0.912015902936809, 0.937811771499920 ), .UNSPECIFIED. );
#5293 = VERTEX_POINT( '', #6576 );
#5294 = LINE( '', #6577, #6578 );
#5295 = VERTEX_POINT( '', #6579 );
#5296 = B_SPLINE_CURVE_WITH_KNOTS( '', 3, ( #6580, #6581, #6582, #6583, #6584, #6585, #6586, #6587, #6588, #6589, #6590, #6591, #6592, #6593, #6594, #6595, #6596, #6597, #6598, #6599, #6600, #6601, #6602, #6603, #6604, #6605, #6606, #6607, #6608 ), .UNSPECIFIED., .F., .F., ( 4, 3, 3, 2, 3, 2, 3, 3, 3, 3, 4 ), ( 0.552821966117895, 0.591195853023447, 0.628362709588093, 0.673645756531012, 0.718447068931985, 0.745729185612108, 0.773011302292232, 0.805021387191843, 0.851113267633909, 0.912015902936809, 0.937811771499920 ), .UNSPECIFIED. );
#5297 = LINE( '', #6609, #6610 );
#5298 = FILL_AREA_STYLE_COLOUR( '', #6611 );
#5299 = VERTEX_POINT( '', #6612 );
#5300 = VERTEX_POINT( '', #6613 );
#5301 = B_SPLINE_CURVE_WITH_KNOTS( '', 3, ( #6614, #6615, #6616, #6617 ), .UNSPECIFIED., .F., .F., ( 4, 4 ), ( 0.558846726672027, 0.580204471799121 ), .UNSPECIFIED. );
#5302 = LINE( '', #6618, #6619 );
#5303 = LINE( '', #6620, #6621 );
#5304 = FILL_AREA_STYLE_COLOUR( '', #6622 );
#5305 = VERTEX_POINT( '', #6623 );
#5306 = B_SPLINE_CURVE_WITH_KNOTS( '', 3, ( #6624, #6625, #6626, #6627, #6628, #6629, #6630, #6631, #6632, #6633, #6634, #6635, #6636, #6637, #6638, #6639, #6640 ), .UNSPECIFIED., .F., .F., ( 4, 3, 3, 2, 2, 3, 4 ), ( 0.606662573971491, 0.756804334491811, 0.815206514537475, 0.858159583962296, 0.901112653387117, 0.951875371798270, 1.00000000000000 ), .UNSPECIFIED. );
#5307 = LINE( '', #6641, #6642 );
#5308 = FILL_AREA_STYLE_COLOUR( '', #6643 );
#5309 = VERTEX_POINT( '', #6644 );
#5310 = VERTEX_POINT( '', #6645 );
#5311 = CIRCLE( '', #6646, 1.21250000000000 );
#5312 = VERTEX_POINT( '', #6647 );
#5313 = LINE( '', #6648, #6649 );
#5314 = VERTEX_POINT( '', #6650 );
#5315 = CIRCLE( '', #6651, 1.21250000000000 );
#5316 = LINE( '', #6652, #6653 );
#5317 = FILL_AREA_STYLE_COLOUR( '', #6654 );
#5318 = VERTEX_POINT( '', #6655 );
#5319 = VERTEX_POINT( '', #6656 );
#5320 = LINE( '', #6657, #6658 );
#5321 = VERTEX_POINT( '', #6659 );
#5322 = LINE( '', #6660, #6661 );
#5323 = VERTEX_POINT( '', #6662 );
#5324 = LINE( '', #6663, #6664 );
#5325 = LINE( '', #6665, #6666 );
#5326 = FILL_AREA_STYLE_COLOUR( '', #6667 );
#5327 = VERTEX_POINT( '', #6668 );
#5328 = VERTEX_POINT( '', #6669 );
#5329 = LINE( '', #6670, #6671 );
#5330 = VERTEX_POINT( '', #6672 );
#5331 = LINE( '', #6673, #6674 );
#5332 = VERTEX_POINT( '', #6675 );
#5333 = LINE( '', #6676, #6677 );
#5334 = VERTEX_POINT( '', #6678 );
#5335 = LINE( '', #6679, #6680 );
#5336 = VERTEX_POINT( '', #6681 );
#5337 = LINE( '', #6682, #6683 );
#5338 = VERTEX_POINT( '', #6684 );
#5339 = LINE( '', #6685, #6686 );
#5340 = VERTEX_POINT( '', #6687 );
#5341 = LINE( '', #6688, #6689 );
#5342 = LINE( '', #6690, #6691 );
#5343 = FILL_AREA_STYLE_COLOUR( '', #6692 );
#5344 = VERTEX_POINT( '', #6693 );
#5345 = VERTEX_POINT( '', #6694 );
#5346 = CIRCLE( '', #6695, 2.45000000000000 );
#5347 = VERTEX_POINT( '', #6696 );
#5348 = LINE( '', #6697, #6698 );
#5349 = VERTEX_POINT( '', #6699 );
#5350 = CIRCLE( '', #6700, 2.45000000000000 );
#5351 = LINE( '', #6701, #6702 );
#5352 = FILL_AREA_STYLE_COLOUR( '', #6703 );
#5353 = VERTEX_POINT( '', #6704 );
#5354 = VERTEX_POINT( '', #6705 );
#5355 = CIRCLE( '', #6706, 0.0500000000000000 );
#5356 = VERTEX_POINT( '', #6707 );
#5357 = LINE( '', #6708, #6709 );
#5358 = VERTEX_POINT( '', #6710 );
#5359 = CIRCLE( '', #6711, 0.0500000000000000 );
#5360 = LINE( '', #6712, #6713 );
#5361 = FILL_AREA_STYLE_COLOUR( '', #6714 );
#5362 = VERTEX_POINT( '', #6715 );
#5363 = VERTEX_POINT( '', #6716 );
#5364 = CIRCLE( '', #6717, 0.500000000000000 );
#5365 = VERTEX_POINT( '', #6718 );
#5366 = LINE( '', #6719, #6720 );
#5367 = VERTEX_POINT( '', #6721 );
#5368 = CIRCLE( '', #6722, 0.500000000000000 );
#5369 = LINE( '', #6723, #6724 );
#5370 = FILL_AREA_STYLE_COLOUR( '', #6725 );
#5371 = VERTEX_POINT( '', #6726 );
#5372 = CIRCLE( '', #6727, 1.75000000000000 );
#5373 = VERTEX_POINT( '', #6728 );
#5374 = CIRCLE( '', #6729, 2.20000000000000 );
#5375 = FILL_AREA_STYLE_COLOUR( '', #6730 );
#5376 = VERTEX_POINT( '', #6731 );
#5377 = LINE( '', #6732, #6733 );
#5378 = VERTEX_POINT( '', #6734 );
#5379 = LINE( '', #6735, #6736 );
#5380 = VERTEX_POINT( '', #6737 );
#5381 = LINE( '', #6738, #6739 );
#5382 = VERTEX_POINT( '', #6740 );
#5383 = CIRCLE( '', #6741, 2.45000000000000 );
#5384 = LINE( '', #6742, #6743 );
#5385 = FILL_AREA_STYLE_COLOUR( '', #6744 );
#5386 = VERTEX_POINT( '', #6745 );
#5387 = CIRCLE( '', #6746, 0.500000000000000 );
#5388 = VERTEX_POINT( '', #6747 );
#5389 = CIRCLE( '', #6748, 0.500000000000000 );
#5390 = FILL_AREA_STYLE_COLOUR( '', #6749 );
#5391 = VERTEX_POINT( '', #6750 );
#5392 = VERTEX_POINT( '', #6751 );
#5393 = LINE( '', #6752, #6753 );
#5394 = VERTEX_POINT( '', #6754 );
#5395 = LINE( '', #6755, #6756 );
#5396 = VERTEX_POINT( '', #6757 );
#5397 = LINE( '', #6758, #6759 );
#5398 = LINE( '', #6760, #6761 );
#5399 = FILL_AREA_STYLE_COLOUR( '', #6762 );
#5400 = VERTEX_POINT( '', #6763 );
#5401 = VERTEX_POINT( '', #6764 );
#5402 = LINE( '', #6765, #6766 );
#5403 = VERTEX_POINT( '', #6767 );
#5404 = LINE( '', #6768, #6769 );
#5405 = VERTEX_POINT( '', #6770 );
#5406 = LINE( '', #6771, #6772 );
#5407 = VERTEX_POINT( '', #6773 );
#5408 = LINE( '', #6774, #6775 );
#5409 = VERTEX_POINT( '', #6776 );
#5410 = LINE( '', #6777, #6778 );
#5411 = VERTEX_POINT( '', #6779 );
#5412 = LINE( '', #6780, #6781 );
#5413 = VERTEX_POINT( '', #6782 );
#5414 = LINE( '', #6783, #6784 );
#5415 = LINE( '', #6785, #6786 );
#5416 = VERTEX_POINT( '', #6787 );
#5417 = LINE( '', #6788, #6789 );
#5418 = VERTEX_POINT( '', #6790 );
#5419 = LINE( '', #6791, #6792 );
#5420 = VERTEX_POINT( '', #6793 );
#5421 = LINE( '', #6794, #6795 );
#5422 = LINE( '', #6796, #6797 );
#5423 = FILL_AREA_STYLE_COLOUR( '', #6798 );
#5424 = VERTEX_POINT( '', #6799 );
#5425 = VERTEX_POINT( '', #6800 );
#5426 = LINE( '', #6801, #6802 );
#5427 = VERTEX_POINT( '', #6803 );
#5428 = CIRCLE( '', #6804, 0.962500000000000 );
#5429 = VERTEX_POINT( '', #6805 );
#5430 = LINE( '', #6806, #6807 );
#5431 = CIRCLE( '', #6808, 0.350000000000000 );
#5432 = CIRCLE( '', #6809, 0.350000000000000 );
#5433 = FILL_AREA_STYLE_COLOUR( '', #6810 );
#5434 = VERTEX_POINT( '', #6811 );
#5435 = LINE( '', #6812, #6813 );
#5436 = VERTEX_POINT( '', #6814 );
#5437 = CIRCLE( '', #6815, 0.350000000000000 );
#5438 = VERTEX_POINT( '', #6816 );
#5439 = LINE( '', #6817, #6818 );
#5440 = CIRCLE( '', #6819, 0.350000000000000 );
#5441 = FILL_AREA_STYLE_COLOUR( '', #6820 );
#5442 = VERTEX_POINT( '', #6821 );
#5443 = VERTEX_POINT( '', #6822 );
#5444 = LINE( '', #6823, #6824 );
#5445 = VERTEX_POINT( '', #6825 );
#5446 = LINE( '', #6826, #6827 );
#5447 = VERTEX_POINT( '', #6828 );
#5448 = CIRCLE( '', #6829, 0.0500000000000000 );
#5449 = VERTEX_POINT( '', #6830 );
#5450 = LINE( '', #6831, #6832 );
#5451 = VERTEX_POINT( '', #6833 );
#5452 = LINE( '', #6834, #6835 );
#5453 = VERTEX_POINT( '', #6836 );
#5454 = LINE( '', #6837, #6838 );
#5455 = VERTEX_POINT( '', #6839 );
#5456 = CIRCLE( '', #6840, 0.350000000000000 );
#5457 = VERTEX_POINT( '', #6841 );
#5458 = LINE( '', #6842, #6843 );
#5459 = VERTEX_POINT( '', #6844 );
#5460 = LINE( '', #6845, #6846 );
#5461 = VERTEX_POINT( '', #6847 );
#5462 = LINE( '', #6848, #6849 );
#5463 = VERTEX_POINT( '', #6850 );
#5464 = LINE( '', #6851, #6852 );
#5465 = VERTEX_POINT( '', #6853 );
#5466 = LINE( '', #6854, #6855 );
#5467 = VERTEX_POINT( '', #6856 );
#5468 = LINE( '', #6857, #6858 );
#5469 = LINE( '', #6859, #6860 );
#5470 = FILL_AREA_STYLE_COLOUR( '', #6861 );
#5471 = VERTEX_POINT( '', #6862 );
#5472 = VERTEX_POINT( '', #6863 );
#5473 = B_SPLINE_CURVE_WITH_KNOTS( '', 3, ( #6864, #6865, #6866, #6867 ), .UNSPECIFIED., .F., .F., ( 4, 4 ), ( 0.374240109198532, 0.396128007456503 ), .UNSPECIFIED. );
#5474 = VERTEX_POINT( '', #6868 );
#5475 = LINE( '', #6869, #6870 );
#5476 = VERTEX_POINT( '', #6871 );
#5477 = B_SPLINE_CURVE_WITH_KNOTS( '', 3, ( #6872, #6873, #6874, #6875 ), .UNSPECIFIED., .F., .F., ( 4, 4 ), ( 0.374240109198532, 0.396128007456503 ), .UNSPECIFIED. );
#5478 = LINE( '', #6876, #6877 );
#5479 = FILL_AREA_STYLE_COLOUR( '', #6878 );
#5480 = VERTEX_POINT( '', #6879 );
#5481 = CIRCLE( '', #6880, 2.45000000000000 );
#5482 = VERTEX_POINT( '', #6881 );
#5483 = CIRCLE( '', #6882, 2.33750000000000 );
#5484 = FILL_AREA_STYLE_COLOUR( '', #6883 );
#5485 = VERTEX_POINT( '', #6884 );
#5486 = VERTEX_POINT( '', #6885 );
#5487 = CIRCLE( '', #6886, 0.912500000000000 );
#5488 = VERTEX_POINT( '', #6887 );
#5489 = LINE( '', #6888, #6889 );
#5490 = VERTEX_POINT( '', #6890 );
#5491 = CIRCLE( '', #6891, 0.912500000000000 );
#5492 = LINE( '', #6892, #6893 );
#5493 = FILL_AREA_STYLE_COLOUR( '', #6894 );
#5494 = LINE( '', #6895, #6896 );
#5495 = LINE( '', #6897, #6898 );
#5496 = FILL_AREA_STYLE_COLOUR( '', #6899 );
#5497 = VERTEX_POINT( '', #6900 );
#5498 = VERTEX_POINT( '', #6901 );
#5499 = LINE( '', #6902, #6903 );
#5500 = LINE( '', #6904, #6905 );
#5501 = LINE( '', #6906, #6907 );
#5502 = FILL_AREA_STYLE_COLOUR( '', #6908 );
#5503 = VERTEX_POINT( '', #6909 );
#5504 = VERTEX_POINT( '', #6910 );
#5505 = CIRCLE( '', #6911, 0.912500000000000 );
#5506 = VERTEX_POINT( '', #6912 );
#5507 = LINE( '', #6913, #6914 );
#5508 = VERTEX_POINT( '', #6915 );
#5509 = CIRCLE( '', #6916, 0.912500000000000 );
#5510 = LINE( '', #6917, #6918 );
#5511 = FILL_AREA_STYLE_COLOUR( '', #6919 );
#5512 = VERTEX_POINT( '', #6920 );
#5513 = LINE( '', #6921, #6922 );
#5514 = VERTEX_POINT( '', #6923 );
#5515 = LINE( '', #6924, #6925 );
#5516 = LINE( '', #6926, #6927 );
#5517 = FILL_AREA_STYLE_COLOUR( '', #6928 );
#5518 = VERTEX_POINT( '', #6929 );
#5519 = VERTEX_POINT( '', #6930 );
#5520 = B_SPLINE_CURVE_WITH_KNOTS( '', 3, ( #6931, #6932, #6933, #6934, #6935, #6936, #6937, #6938, #6939, #6940, #6941, #6942, #6943, #6944, #6945, #6946, #6947, #6948, #6949, #6950, #6951, #6952, #6953, #6954, #6955, #6956 ), .UNSPECIFIED., .F., .F., ( 4, 3, 2, 3, 2, 3, 3, 3, 3, 4 ), ( 0.000000000000000, 0.0435677467798340, 0.0792300526083789, 0.137853021093658, 0.185823090862069, 0.213458022359089, 0.240417574286251, 0.267771210990726, 0.299022736414279, 0.361857452813977 ), .UNSPECIFIED. );
#5521 = VERTEX_POINT( '', #6957 );
#5522 = LINE( '', #6958, #6959 );
#5523 = VERTEX_POINT( '', #6960 );
#5524 = B_SPLINE_CURVE_WITH_KNOTS( '', 3, ( #6961, #6962, #6963, #6964, #6965, #6966, #6967, #6968, #6969, #6970, #6971, #6972, #6973, #6974, #6975, #6976, #6977, #6978, #6979, #6980, #6981, #6982, #6983, #6984, #6985, #6986 ), .UNSPECIFIED., .F., .F., ( 4, 3, 2, 3, 2, 3, 3, 3, 3, 4 ), ( 0.000000000000000, 0.0435677467798340, 0.0792300526083789, 0.137853021093658, 0.185823090862069, 0.213458022359089, 0.240417574286251, 0.267771210990726, 0.299022736414279, 0.361857452813977 ), .UNSPECIFIED. );
#5525 = LINE( '', #6987, #6988 );
#5526 = FILL_AREA_STYLE_COLOUR( '', #6989 );
#5527 = VERTEX_POINT( '', #6990 );
#5528 = VERTEX_POINT( '', #6991 );
#5529 = B_SPLINE_CURVE_WITH_KNOTS( '', 1, ( #6992, #6993 ), .UNSPECIFIED., .F., .F., ( 2, 2 ), ( 0.231238664377135, 0.259566170532524 ), .UNSPECIFIED. );
#5530 = VERTEX_POINT( '', #6994 );
#5531 = LINE( '', #6995, #6996 );
#5532 = VERTEX_POINT( '', #6997 );
#5533 = B_SPLINE_CURVE_WITH_KNOTS( '', 1, ( #6998, #6999 ), .UNSPECIFIED., .F., .F., ( 2, 2 ), ( 0.231238664377135, 0.259566170532524 ), .UNSPECIFIED. );
#5534 = LINE( '', #7000, #7001 );
#5535 = FILL_AREA_STYLE_COLOUR( '', #7002 );
#5536 = CIRCLE( '', #7003, 0.350000000000000 );
#5537 = CIRCLE( '', #7004, 0.350000000000000 );
#5538 = VERTEX_POINT( '', #7005 );
#5539 = CIRCLE( '', #7006, 0.662500000000000 );
#5540 = FILL_AREA_STYLE_COLOUR( '', #7007 );
#5541 = VERTEX_POINT( '', #7008 );
#5542 = CIRCLE( '', #7009, 2.22500000000000 );
#5543 = VERTEX_POINT( '', #7010 );
#5544 = CIRCLE( '', #7011, 2.22500000000000 );
#5545 = FILL_AREA_STYLE_COLOUR( '', #7012 );
#5546 = VERTEX_POINT( '', #7013 );
#5547 = VERTEX_POINT( '', #7014 );
#5548 = B_SPLINE_CURVE_WITH_KNOTS( '', 3, ( #7015, #7016, #7017, #7018, #7019, #7020, #7021, #7022, #7023, #7024, #7025, #7026, #7027, #7028, #7029 ), .UNSPECIFIED., .F., .F., ( 4, 2, 3, 3, 3, 4 ), ( 0.499173000348934, 0.614831299932541, 0.730489599516147, 0.841701158441076, 0.958540723515277, 1.00000000000000 ), .UNSPECIFIED. );
#5549 = B_SPLINE_CURVE_WITH_KNOTS( '', 3, ( #7030, #7031, #7032, #7033, #7034, #7035, #7036, #7037, #7038, #7039, #7040, #7041, #7042, #7043, #7044 ), .UNSPECIFIED., .F., .F., ( 4, 3, 3, 3, 2, 4 ), ( 0.000000000000000, 0.192828299748919, 0.295900478323482, 0.355281930473563, 0.411434543107853, 0.499173000348934 ), .UNSPECIFIED. );
#5550 = VERTEX_POINT( '', #7045 );
#5551 = B_SPLINE_CURVE_WITH_KNOTS( '', 3, ( #7046, #7047, #7048, #7049 ), .UNSPECIFIED., .F., .F., ( 4, 4 ), ( 0.973266954868237, 1.00000000000000 ), .UNSPECIFIED. );
#5552 = B_SPLINE_CURVE_WITH_KNOTS( '', 3, ( #7050, #7051, #7052, #7053 ), .UNSPECIFIED., .F., .F., ( 4, 4 ), ( 0.937811771499920, 0.973266954868237 ), .UNSPECIFIED. );
#5553 = VERTEX_POINT( '', #7054 );
#5554 = B_SPLINE_CURVE_WITH_KNOTS( '', 3, ( #7055, #7056, #7057, #7058 ), .UNSPECIFIED., .F., .F., ( 4, 4 ), ( 0.518355841223786, 0.552821966117895 ), .UNSPECIFIED. );
#5555 = B_SPLINE_CURVE_WITH_KNOTS( '', 3, ( #7059, #7060, #7061, #7062, #7063, #7064, #7065, #7066, #7067, #7068, #7069, #7070, #7071, #7072, #7073 ), .UNSPECIFIED., .F., .F., ( 4, 2, 3, 3, 3, 4 ), ( 0.361857452813977, 0.365353287071812, 0.403308059014016, 0.445301318245177, 0.482732751851467, 0.518355841223786 ), .UNSPECIFIED. );
#5556 = FILL_AREA_STYLE_COLOUR( '', #7074 );
#5557 = B_SPLINE_CURVE_WITH_KNOTS( '', 1, ( #7075, #7076 ), .UNSPECIFIED., .F., .F., ( 2, 2 ), ( 0.259566170532524, 0.391042748014596 ), .UNSPECIFIED. );
#5558 = B_SPLINE_CURVE_WITH_KNOTS( '', 1, ( #7077, #7078 ), .UNSPECIFIED., .F., .F., ( 2, 2 ), ( 0.259566170532524, 0.391042748014596 ), .UNSPECIFIED. );
#5559 = FILL_AREA_STYLE_COLOUR( '', #7079 );
#5560 = VERTEX_POINT( '', #7080 );
#5561 = VERTEX_POINT( '', #7081 );
#5562 = B_SPLINE_CURVE_WITH_KNOTS( '', 1, ( #7082, #7083 ), .UNSPECIFIED., .F., .F., ( 2, 2 ), ( 0.877881759759685, 0.905318389752371 ), .UNSPECIFIED. );
#5563 = VERTEX_POINT( '', #7084 );
#5564 = LINE( '', #7085, #7086 );
#5565 = VERTEX_POINT( '', #7087 );
#5566 = B_SPLINE_CURVE_WITH_KNOTS( '', 1, ( #7088, #7089 ), .UNSPECIFIED., .F., .F., ( 2, 2 ), ( 0.877881759759685, 0.905318389752371 ), .UNSPECIFIED. );
#5567 = LINE( '', #7090, #7091 );
#5568 = FILL_AREA_STYLE_COLOUR( '', #7092 );
#5569 = VERTEX_POINT( '', #7093 );
#5570 = CIRCLE( '', #7094, 0.500000000000000 );
#5571 = VERTEX_POINT( '', #7095 );
#5572 = CIRCLE( '', #7096, 0.500000000000000 );
#5573 = FILL_AREA_STYLE_COLOUR( '', #7097 );
#5574 = VERTEX_POINT( '', #7098 );
#5575 = LINE( '', #7099, #7100 );
#5576 = VERTEX_POINT( '', #7101 );
#5577 = CIRCLE( '', #7102, 0.350000000000000 );
#5578 = VERTEX_POINT( '', #7103 );
#5579 = LINE( '', #7104, #7105 );
#5580 = CIRCLE( '', #7106, 0.350000000000000 );
#5581 = FILL_AREA_STYLE_COLOUR( '', #7107 );
#5582 = VERTEX_POINT( '', #7108 );
#5583 = CIRCLE( '', #7109, 2.50000000000000 );
#5584 = VERTEX_POINT( '', #7110 );
#5585 = CIRCLE( '', #7111, 2.50000000000000 );
#5586 = FILL_AREA_STYLE_COLOUR( '', #7112 );
#5587 = VERTEX_POINT( '', #7113 );
#5588 = LINE( '', #7114, #7115 );
#5589 = LINE( '', #7116, #7117 );
#5590 = VERTEX_POINT( '', #7118 );
#5591 = CIRCLE( '', #7119, 0.450000000000000 );
#5592 = FILL_AREA_STYLE_COLOUR( '', #7120 );
#5593 = VERTEX_POINT( '', #7121 );
#5594 = VERTEX_POINT( '', #7122 );
#5595 = CIRCLE( '', #7123, 2.45000000000000 );
#5596 = LINE( '', #7124, #7125 );
#5597 = LINE( '', #7126, #7127 );
#5598 = FILL_AREA_STYLE_COLOUR( '', #7128 );
#5599 = VERTEX_POINT( '', #7129 );
#5600 = VERTEX_POINT( '', #7130 );
#5601 = LINE( '', #7131, #7132 );
#5602 = VERTEX_POINT( '', #7133 );
#5603 = LINE( '', #7134, #7135 );
#5604 = VERTEX_POINT( '', #7136 );
#5605 = CIRCLE( '', #7137, 0.350000000000000 );
#5606 = VERTEX_POINT( '', #7138 );
#5607 = CIRCLE( '', #7139, 1.26250000000000 );
#5608 = VERTEX_POINT( '', #7140 );
#5609 = CIRCLE( '', #7141, 0.350000000000000 );
#5610 = LINE( '', #7142, #7143 );
#5611 = VERTEX_POINT( '', #7144 );
#5612 = CIRCLE( '', #7145, 0.350000000000000 );
#5613 = VERTEX_POINT( '', #7146 );
#5614 = CIRCLE( '', #7147, 1.21250000000000 );
#5615 = CIRCLE( '', #7148, 0.350000000000000 );
#5616 = FILL_AREA_STYLE_COLOUR( '', #7149 );
#5617 = VERTEX_POINT( '', #7150 );
#5618 = CIRCLE( '', #7151, 0.450000000000000 );
#5619 = VERTEX_POINT( '', #7152 );
#5620 = LINE( '', #7153, #7154 );
#5621 = LINE( '', #7155, #7156 );
#5622 = FILL_AREA_STYLE_COLOUR( '', #7157 );
#5623 = VERTEX_POINT( '', #7158 );
#5624 = VERTEX_POINT( '', #7159 );
#5625 = B_SPLINE_CURVE_WITH_KNOTS( '', 1, ( #7160, #7161 ), .UNSPECIFIED., .F., .F., ( 2, 2 ), ( 0.427786499215071, 0.500000000000000 ), .UNSPECIFIED. );
#5626 = VERTEX_POINT( '', #7162 );
#5627 = LINE( '', #7163, #7164 );
#5628 = VERTEX_POINT( '', #7165 );
#5629 = B_SPLINE_CURVE_WITH_KNOTS( '', 1, ( #7166, #7167 ), .UNSPECIFIED., .F., .F., ( 2, 2 ), ( 0.427786499215071, 0.500000000000000 ), .UNSPECIFIED. );
#5630 = LINE( '', #7168, #7169 );
#5631 = FILL_AREA_STYLE_COLOUR( '', #7170 );
#5632 = VERTEX_POINT( '', #7171 );
#5633 = LINE( '', #7172, #7173 );
#5634 = VERTEX_POINT( '', #7174 );
#5635 = LINE( '', #7175, #7176 );
#5636 = LINE( '', #7177, #7178 );
#5637 = FILL_AREA_STYLE_COLOUR( '', #7179 );
#5638 = VERTEX_POINT( '', #7180 );
#5639 = VERTEX_POINT( '', #7181 );
#5640 = LINE( '', #7182, #7183 );
#5641 = VERTEX_POINT( '', #7184 );
#5642 = LINE( '', #7185, #7186 );
#5643 = VERTEX_POINT( '', #7187 );
#5644 = LINE( '', #7188, #7189 );
#5645 = LINE( '', #7190, #7191 );
#5646 = FILL_AREA_STYLE_COLOUR( '', #7192 );
#5647 = VERTEX_POINT( '', #7193 );
#5648 = VERTEX_POINT( '', #7194 );
#5649 = B_SPLINE_CURVE_WITH_KNOTS( '', 3, ( #7195, #7196, #7197, #7198 ), .UNSPECIFIED., .F., .F., ( 4, 4 ), ( 0.640874506159269, 0.751474905777646 ), .UNSPECIFIED. );
#5650 = VERTEX_POINT( '', #7199 );
#5651 = LINE( '', #7200, #7201 );
#5652 = VERTEX_POINT( '', #7202 );
#5653 = B_SPLINE_CURVE_WITH_KNOTS( '', 3, ( #7203, #7204, #7205, #7206 ), .UNSPECIFIED., .F., .F., ( 4, 4 ), ( 0.640874506159269, 0.751474905777646 ), .UNSPECIFIED. );
#5654 = LINE( '', #7207, #7208 );
#5655 = FILL_AREA_STYLE_COLOUR( '', #7209 );
#5656 = VERTEX_POINT( '', #7210 );
#5657 = VERTEX_POINT( '', #7211 );
#5658 = B_SPLINE_CURVE_WITH_KNOTS( '', 3, ( #7212, #7213, #7214, #7215, #7216, #7217, #7218, #7219, #7220, #7221, #7222, #7223, #7224, #7225, #7226 ), .UNSPECIFIED., .F., .F., ( 4, 3, 3, 3, 2, 4 ), ( 0.000000000000000, 0.192828299748919, 0.295900478323482, 0.355281930473563, 0.411434543107853, 0.499173000348934 ), .UNSPECIFIED. );
#5659 = LINE( '', #7227, #7228 );
#5660 = LINE( '', #7229, #7230 );
#5661 = FILL_AREA_STYLE_COLOUR( '', #7231 );
#5662 = VERTEX_POINT( '', #7232 );
#5663 = VERTEX_POINT( '', #7233 );
#5664 = B_SPLINE_CURVE_WITH_KNOTS( '', 3, ( #7234, #7235, #7236, #7237 ), .UNSPECIFIED., .F., .F., ( 4, 4 ), ( 0.314257670872102, 0.362117095977395 ), .UNSPECIFIED. );
#5665 = VERTEX_POINT( '', #7238 );
#5666 = LINE( '', #7239, #7240 );
#5667 = VERTEX_POINT( '', #7241 );
#5668 = B_SPLINE_CURVE_WITH_KNOTS( '', 3, ( #7242, #7243, #7244, #7245 ), .UNSPECIFIED., .F., .F., ( 4, 4 ), ( 0.314257670872102, 0.362117095977395 ), .UNSPECIFIED. );
#5669 = LINE( '', #7246, #7247 );
#5670 = FILL_AREA_STYLE_COLOUR( '', #7248 );
#5671 = VERTEX_POINT( '', #7249 );
#5672 = B_SPLINE_CURVE_WITH_KNOTS( '', 3, ( #7250, #7251, #7252, #7253 ), .UNSPECIFIED., .F., .F., ( 4, 4 ), ( 0.396128007456503, 0.520656883151474 ), .UNSPECIFIED. );
#5673 = VERTEX_POINT( '', #7254 );
#5674 = B_SPLINE_CURVE_WITH_KNOTS( '', 3, ( #7255, #7256, #7257, #7258 ), .UNSPECIFIED., .F., .F., ( 4, 4 ), ( 0.396128007456503, 0.520656883151474 ), .UNSPECIFIED. );
#5675 = LINE( '', #7259, #7260 );
#5676 = FILL_AREA_STYLE_COLOUR( '', #7261 );
#5677 = VERTEX_POINT( '', #7262 );
#5678 = LINE( '', #7263, #7264 );
#5679 = VERTEX_POINT( '', #7265 );
#5680 = LINE( '', #7266, #7267 );
#5681 = LINE( '', #7268, #7269 );
#5682 = FILL_AREA_STYLE_COLOUR( '', #7270 );
#5683 = VERTEX_POINT( '', #7271 );
#5684 = VERTEX_POINT( '', #7272 );
#5685 = LINE( '', #7273, #7274 );
#5686 = VERTEX_POINT( '', #7275 );
#5687 = CIRCLE( '', #7276, 0.350000000000000 );
#5688 = VERTEX_POINT( '', #7277 );
#5689 = LINE( '', #7278, #7279 );
#5690 = CIRCLE( '', #7280, 0.350000000000000 );
#5691 = CIRCLE( '', #7281, 0.350000000000000 );
#5692 = FILL_AREA_STYLE_COLOUR( '', #7282 );
#5693 = CIRCLE( '', #7283, 2.25000000000000 );
#5694 = CIRCLE( '', #7284, 2.25000000000000 );
#5695 = FILL_AREA_STYLE_COLOUR( '', #7285 );
#5696 = VERTEX_POINT( '', #7286 );
#5697 = VERTEX_POINT( '', #7287 );
#5698 = CIRCLE( '', #7288, 0.350000000000000 );
#5699 = LINE( '', #7289, #7290 );
#5700 = FILL_AREA_STYLE_COLOUR( '', #7291 );
#5701 = VERTEX_POINT( '', #7292 );
#5702 = B_SPLINE_CURVE_WITH_KNOTS( '', 3, ( #7293, #7294, #7295, #7296 ), .UNSPECIFIED., .F., .F., ( 4, 4 ), ( 0.000000000000000, 0.189757577982989 ), .UNSPECIFIED. );
#5703 = VERTEX_POINT( '', #7297 );
#5704 = B_SPLINE_CURVE_WITH_KNOTS( '', 3, ( #7298, #7299, #7300, #7301 ), .UNSPECIFIED., .F., .F., ( 4, 4 ), ( 0.189757577982989, 0.218656438483151 ), .UNSPECIFIED. );
#5705 = VERTEX_POINT( '', #7302 );
#5706 = B_SPLINE_CURVE_WITH_KNOTS( '', 3, ( #7303, #7304, #7305, #7306 ), .UNSPECIFIED., .F., .F., ( 4, 4 ), ( 0.218656438483151, 0.245640314251374 ), .UNSPECIFIED. );
#5707 = VERTEX_POINT( '', #7307 );
#5708 = B_SPLINE_CURVE_WITH_KNOTS( '', 3, ( #7308, #7309, #7310, #7311, #7312, #7313, #7314, #7315, #7316, #7317, #7318, #7319, #7320, #7321, #7322, #7323, #7324, #7325 ), .UNSPECIFIED., .F., .F., ( 4, 2, 3, 3, 3, 3, 4 ), ( 0.245640314251374, 0.317563337196489, 0.348999890271838, 0.376335385920031, 0.402372375392432, 0.433633459013527, 0.550269344855437 ), .UNSPECIFIED. );
#5709 = VERTEX_POINT( '', #7326 );
#5710 = B_SPLINE_CURVE_WITH_KNOTS( '', 3, ( #7327, #7328, #7329, #7330 ), .UNSPECIFIED., .F., .F., ( 4, 4 ), ( 0.550269344855437, 0.582301816735135 ), .UNSPECIFIED. );
#5711 = B_SPLINE_CURVE_WITH_KNOTS( '', 3, ( #7331, #7332, #7333, #7334, #7335, #7336, #7337, #7338, #7339, #7340, #7341, #7342, #7343, #7344, #7345, #7346, #7347, #7348, #7349, #7350 ), .UNSPECIFIED., .F., .F., ( 4, 3, 3, 2, 3, 2, 3, 4 ), ( 0.582301816735135, 0.697897258735781, 0.727682193021292, 0.749965873996904, 0.772249554972515, 0.818209178399425, 0.864168801826336, 0.967967528120303 ), .UNSPECIFIED. );
#5712 = VERTEX_POINT( '', #7351 );
#5713 = B_SPLINE_CURVE_WITH_KNOTS( '', 1, ( #7352, #7353 ), .UNSPECIFIED., .F., .F., ( 2, 2 ), ( 0.767088607594937, 1.00000000000000 ), .UNSPECIFIED. );
#5714 = VERTEX_POINT( '', #7354 );
#5715 = B_SPLINE_CURVE_WITH_KNOTS( '', 1, ( #7355, #7356 ), .UNSPECIFIED., .F., .F., ( 2, 2 ), ( 0.267088607594936, 0.500000000000000 ), .UNSPECIFIED. );
#5716 = B_SPLINE_CURVE_WITH_KNOTS( '', 1, ( #7357, #7358 ), .UNSPECIFIED., .F., .F., ( 2, 2 ), ( 0.500000000000000, 0.767088607594937 ), .UNSPECIFIED. );
#5717 = VERTEX_POINT( '', #7359 );
#5718 = VERTEX_POINT( '', #7360 );
#5719 = B_SPLINE_CURVE_WITH_KNOTS( '', 3, ( #7361, #7362, #7363, #7364 ), .UNSPECIFIED., .F., .F., ( 4, 4 ), ( 0.947239308468262, 1.00000000000000 ), .UNSPECIFIED. );
#5720 = B_SPLINE_CURVE_WITH_KNOTS( '', 3, ( #7365, #7366, #7367, #7368 ), .UNSPECIFIED., .F., .F., ( 4, 4 ), ( 0.000000000000000, 0.314257670872102 ), .UNSPECIFIED. );
#5721 = VERTEX_POINT( '', #7369 );
#5722 = B_SPLINE_CURVE_WITH_KNOTS( '', 3, ( #7370, #7371, #7372, #7373 ), .UNSPECIFIED., .F., .F., ( 4, 4 ), ( 0.362117095977395, 0.409688211292897 ), .UNSPECIFIED. );
#5723 = VERTEX_POINT( '', #7374 );
#5724 = B_SPLINE_CURVE_WITH_KNOTS( '', 3, ( #7375, #7376, #7377, #7378, #7379, #7380, #7381, #7382, #7383 ), .UNSPECIFIED., .F., .F., ( 4, 3, 2, 4 ), ( 0.409688211292897, 0.465068850248148, 0.502714729188323, 0.558287217147629 ), .UNSPECIFIED. );
#5725 = VERTEX_POINT( '', #7384 );
#5726 = B_SPLINE_CURVE_WITH_KNOTS( '', 3, ( #7385, #7386, #7387, #7388 ), .UNSPECIFIED., .F., .F., ( 4, 4 ), ( 0.558287217147629, 0.610658117094134 ), .UNSPECIFIED. );
#5727 = B_SPLINE_CURVE_WITH_KNOTS( '', 3, ( #7389, #7390, #7391, #7392, #7393, #7394, #7395, #7396, #7397, #7398, #7399, #7400, #7401, #7402, #7403 ), .UNSPECIFIED., .F., .F., ( 4, 2, 3, 3, 3, 4 ), ( 0.610658117094134, 0.649580036061722, 0.684079009692085, 0.719729512721673, 0.782879952987661, 0.947239308468262 ), .UNSPECIFIED. );
#5728 = VERTEX_POINT( '', #7404 );
#5729 = VERTEX_POINT( '', #7405 );
#5730 = B_SPLINE_CURVE_WITH_KNOTS( '', 3, ( #7406, #7407, #7408, #7409 ), .UNSPECIFIED., .F., .F., ( 4, 4 ), ( 0.984247345950703, 1.00000000000000 ), .UNSPECIFIED. );
#5731 = VERTEX_POINT( '', #7410 );
#5732 = B_SPLINE_CURVE_WITH_KNOTS( '', 3, ( #7411, #7412, #7413, #7414 ), .UNSPECIFIED., .F., .F., ( 4, 4 ), ( 0.000000000000000, 0.124528875694971 ), .UNSPECIFIED. );
#5733 = VERTEX_POINT( '', #7415 );
#5734 = B_SPLINE_CURVE_WITH_KNOTS( '', 3, ( #7416, #7417, #7418, #7419 ), .UNSPECIFIED., .F., .F., ( 4, 4 ), ( 0.124528875694971, 0.149069852529666 ), .UNSPECIFIED. );
#5735 = VERTEX_POINT( '', #7420 );
#5736 = B_SPLINE_CURVE_WITH_KNOTS( '', 3, ( #7421, #7422, #7423, #7424, #7425, #7426, #7427 ), .UNSPECIFIED., .F., .F., ( 4, 3, 4 ), ( 0.149069852529666, 0.242039240282828, 0.261468230552944 ), .UNSPECIFIED. );
#5737 = B_SPLINE_CURVE_WITH_KNOTS( '', 3, ( #7428, #7429, #7430, #7431, #7432, #7433, #7434 ), .UNSPECIFIED., .F., .F., ( 4, 3, 4 ), ( 0.261468230552944, 0.282521875201089, 0.374240109198532 ), .UNSPECIFIED. );
#5738 = VERTEX_POINT( '', #7435 );
#5739 = B_SPLINE_CURVE_WITH_KNOTS( '', 3, ( #7436, #7437, #7438, #7439 ), .UNSPECIFIED., .F., .F., ( 4, 4 ), ( 0.520656883151474, 0.536492445906294 ), .UNSPECIFIED. );
#5740 = B_SPLINE_CURVE_WITH_KNOTS( '', 3, ( #7440, #7441, #7442, #7443 ), .UNSPECIFIED., .F., .F., ( 4, 4 ), ( 0.536492445906294, 0.640874506159269 ), .UNSPECIFIED. );
#5741 = VERTEX_POINT( '', #7444 );
#5742 = B_SPLINE_CURVE_WITH_KNOTS( '', 3, ( #7445, #7446, #7447, #7448 ), .UNSPECIFIED., .F., .F., ( 4, 4 ), ( 0.751474905777646, 0.766066837949626 ), .UNSPECIFIED. );
#5743 = VERTEX_POINT( '', #7449 );
#5744 = B_SPLINE_CURVE_WITH_KNOTS( '', 3, ( #7450, #7451, #7452, #7453 ), .UNSPECIFIED., .F., .F., ( 4, 4 ), ( 0.766066837949626, 0.878124202881752 ), .UNSPECIFIED. );
#5745 = B_SPLINE_CURVE_WITH_KNOTS( '', 3, ( #7454, #7455, #7456, #7457 ), .UNSPECIFIED., .F., .F., ( 4, 4 ), ( 0.878124202881752, 0.984247345950703 ), .UNSPECIFIED. );
#5746 = VERTEX_POINT( '', #7458 );
#5747 = LINE( '', #7459, #7460 );
#5748 = VERTEX_POINT( '', #7461 );
#5749 = LINE( '', #7462, #7463 );
#5750 = VERTEX_POINT( '', #7464 );
#5751 = LINE( '', #7465, #7466 );
#5752 = VERTEX_POINT( '', #7467 );
#5753 = LINE( '', #7468, #7469 );
#5754 = LINE( '', #7470, #7471 );
#5755 = LINE( '', #7472, #7473 );
#5756 = LINE( '', #7474, #7475 );
#5757 = LINE( '', #7476, #7477 );
#5758 = VERTEX_POINT( '', #7478 );
#5759 = VERTEX_POINT( '', #7479 );
#5760 = LINE( '', #7480, #7481 );
#5761 = VERTEX_POINT( '', #7482 );
#5762 = LINE( '', #7483, #7484 );
#5763 = VERTEX_POINT( '', #7485 );
#5764 = LINE( '', #7486, #7487 );
#5765 = VERTEX_POINT( '', #7488 );
#5766 = LINE( '', #7489, #7490 );
#5767 = LINE( '', #7491, #7492 );
#5768 = LINE( '', #7493, #7494 );
#5769 = VERTEX_POINT( '', #7495 );
#5770 = LINE( '', #7496, #7497 );
#5771 = VERTEX_POINT( '', #7498 );
#5772 = LINE( '', #7499, #7500 );
#5773 = VERTEX_POINT( '', #7501 );
#5774 = LINE( '', #7502, #7503 );
#5775 = VERTEX_POINT( '', #7504 );
#5776 = LINE( '', #7505, #7506 );
#5777 = LINE( '', #7507, #7508 );
#5778 = VERTEX_POINT( '', #7509 );
#5779 = B_SPLINE_CURVE_WITH_KNOTS( '', 3, ( #7510, #7511, #7512, #7513 ), .UNSPECIFIED., .F., .F., ( 4, 4 ), ( 0.973266954868237, 1.00000000000000 ), .UNSPECIFIED. );
#5780 = VERTEX_POINT( '', #7514 );
#5781 = B_SPLINE_CURVE_WITH_KNOTS( '', 3, ( #7515, #7516, #7517, #7518, #7519, #7520, #7521, #7522, #7523, #7524, #7525, #7526, #7527, #7528, #7529 ), .UNSPECIFIED., .F., .F., ( 4, 2, 3, 3, 3, 4 ), ( 0.361857452813977, 0.365353287071812, 0.403308059014016, 0.445301318245177, 0.482732751851467, 0.518355841223786 ), .UNSPECIFIED. );
#5782 = B_SPLINE_CURVE_WITH_KNOTS( '', 3, ( #7530, #7531, #7532, #7533 ), .UNSPECIFIED., .F., .F., ( 4, 4 ), ( 0.518355841223786, 0.552821966117895 ), .UNSPECIFIED. );
#5783 = B_SPLINE_CURVE_WITH_KNOTS( '', 3, ( #7534, #7535, #7536, #7537 ), .UNSPECIFIED., .F., .F., ( 4, 4 ), ( 0.937811771499920, 0.973266954868237 ), .UNSPECIFIED. );
#5784 = VERTEX_POINT( '', #7538 );
#5785 = VERTEX_POINT( '', #7539 );
#5786 = B_SPLINE_CURVE_WITH_KNOTS( '', 1, ( #7540, #7541 ), .UNSPECIFIED., .F., .F., ( 2, 2 ), ( 0.971672493844612, 1.00000000000000 ), .UNSPECIFIED. );
#5787 = B_SPLINE_CURVE_WITH_KNOTS( '', 1, ( #7542, #7543 ), .UNSPECIFIED., .F., .F., ( 2, 2 ), ( 0.000000000000000, 0.231238664377135 ), .UNSPECIFIED. );
#5788 = VERTEX_POINT( '', #7544 );
#5789 = B_SPLINE_CURVE_WITH_KNOTS( '', 1, ( #7545, #7546 ), .UNSPECIFIED., .F., .F., ( 2, 2 ), ( 0.486950552238425, 0.523899473310670 ), .UNSPECIFIED. );
#5790 = VERTEX_POINT( '', #7547 );
#5791 = B_SPLINE_CURVE_WITH_KNOTS( '', 1, ( #7548, #7549 ), .UNSPECIFIED., .F., .F., ( 2, 2 ), ( 0.523899473310670, 0.613611110426538 ), .UNSPECIFIED. );
#5792 = VERTEX_POINT( '', #7550 );
#5793 = B_SPLINE_CURVE_WITH_KNOTS( '', 1, ( #7551, #7552 ), .UNSPECIFIED., .F., .F., ( 2, 2 ), ( 0.613611110426538, 0.740513905775974 ), .UNSPECIFIED. );
#5794 = VERTEX_POINT( '', #7553 );
#5795 = B_SPLINE_CURVE_WITH_KNOTS( '', 1, ( #7554, #7555 ), .UNSPECIFIED., .F., .F., ( 2, 2 ), ( 0.740513905775974, 0.775615380794607 ), .UNSPECIFIED. );
#5796 = B_SPLINE_CURVE_WITH_KNOTS( '', 1, ( #7556, #7557 ), .UNSPECIFIED., .F., .F., ( 2, 2 ), ( 0.775615380794607, 0.877881759759685 ), .UNSPECIFIED. );
#5797 = B_SPLINE_CURVE_WITH_KNOTS( '', 1, ( #7558, #7559 ), .UNSPECIFIED., .F., .F., ( 2, 2 ), ( 0.905318389752371, 0.971672493844612 ), .UNSPECIFIED. );
#5798 = VERTEX_POINT( '', #7560 );
#5799 = VERTEX_POINT( '', #7561 );
#5800 = B_SPLINE_CURVE_WITH_KNOTS( '', 1, ( #7562, #7563 ), .UNSPECIFIED., .F., .F., ( 2, 2 ), ( 0.927786499215071, 1.00000000000000 ), .UNSPECIFIED. );
#5801 = B_SPLINE_CURVE_WITH_KNOTS( '', 1, ( #7564, #7565 ), .UNSPECIFIED., .F., .F., ( 2, 2 ), ( 0.000000000000000, 0.427786499215071 ), .UNSPECIFIED. );
#5802 = B_SPLINE_CURVE_WITH_KNOTS( '', 1, ( #7566, #7567 ), .UNSPECIFIED., .F., .F., ( 2, 2 ), ( 0.500000000000000, 0.927786499215071 ), .UNSPECIFIED. );
#5803 = VERTEX_POINT( '', #7568 );
#5804 = B_SPLINE_CURVE_WITH_KNOTS( '', 3, ( #7569, #7570, #7571, #7572, #7573, #7574, #7575, #7576, #7577, #7578, #7579, #7580, #7581, #7582 ), .UNSPECIFIED., .F., .F., ( 4, 3, 2, 2, 3, 4 ), ( 0.0289434027834783, 0.0517568870854070, 0.0811100186776973, 0.113031549284314, 0.144953079890931, 0.182860790289622 ), .UNSPECIFIED. );
#5805 = B_SPLINE_CURVE_WITH_KNOTS( '', 3, ( #7583, #7584, #7585, #7586, #7587, #7588, #7589, #7590, #7591, #7592, #7593, #7594, #7595, #7596, #7597, #7598, #7599 ), .UNSPECIFIED., .F., .F., ( 4, 2, 3, 2, 2, 2, 2, 4 ), ( 0.182860790289622, 0.235547193108223, 0.301844249988295, 0.367171546661368, 0.411439385854306, 0.455707225047244, 0.499975064240182, 0.558846726672027 ), .UNSPECIFIED. );
#5806 = B_SPLINE_CURVE_WITH_KNOTS( '', 3, ( #7600, #7601, #7602, #7603 ), .UNSPECIFIED., .F., .F., ( 4, 4 ), ( 0.580204471799121, 0.606662573971491 ), .UNSPECIFIED. );
#5807 = FILL_AREA_STYLE_COLOUR( '', #7604 );
#5808 = VERTEX_POINT( '', #7605 );
#5809 = VERTEX_POINT( '', #7606 );
#5810 = LINE( '', #7607, #7608 );
#5811 = VERTEX_POINT( '', #7609 );
#5812 = LINE( '', #7610, #7611 );
#5813 = VERTEX_POINT( '', #7612 );
#5814 = LINE( '', #7613, #7614 );
#5815 = LINE( '', #7615, #7616 );
#5816 = FILL_AREA_STYLE_COLOUR( '', #7617 );
#5817 = VERTEX_POINT( '', #7618 );
#5818 = VERTEX_POINT( '', #7619 );
#5819 = B_SPLINE_CURVE_WITH_KNOTS( '', 1, ( #7620, #7621 ), .UNSPECIFIED., .F., .F., ( 2, 2 ), ( 0.927786499215071, 1.00000000000000 ), .UNSPECIFIED. );
#5820 = B_SPLINE_CURVE_WITH_KNOTS( '', 1, ( #7622, #7623 ), .UNSPECIFIED., .F., .F., ( 2, 2 ), ( 0.500000000000000, 0.927786499215071 ), .UNSPECIFIED. );
#5821 = B_SPLINE_CURVE_WITH_KNOTS( '', 1, ( #7624, #7625 ), .UNSPECIFIED., .F., .F., ( 2, 2 ), ( 0.000000000000000, 0.427786499215071 ), .UNSPECIFIED. );
#5822 = FILL_AREA_STYLE_COLOUR( '', #7626 );
#5823 = VERTEX_POINT( '', #7627 );
#5824 = LINE( '', #7628, #7629 );
#5825 = VERTEX_POINT( '', #7630 );
#5826 = LINE( '', #7631, #7632 );
#5827 = VERTEX_POINT( '', #7633 );
#5828 = CIRCLE( '', #7634, 0.350000000000000 );
#5829 = VERTEX_POINT( '', #7635 );
#5830 = LINE( '', #7636, #7637 );
#5831 = CIRCLE( '', #7638, 0.350000000000000 );
#5832 = FILL_AREA_STYLE_COLOUR( '', #7639 );
#5833 = VERTEX_POINT( '', #7640 );
#5834 = LINE( '', #7641, #7642 );
#5835 = LINE( '', #7643, #7644 );
#5836 = FILL_AREA_STYLE_COLOUR( '', #7645 );
#5837 = VERTEX_POINT( '', #7646 );
#5838 = CIRCLE( '', #7647, 1.51250000000000 );
#5839 = VERTEX_POINT( '', #7648 );
#5840 = CIRCLE( '', #7649, 1.51250000000000 );
#5841 = FILL_AREA_STYLE_COLOUR( '', #7650 );
#5842 = VERTEX_POINT( '', #7651 );
#5843 = CIRCLE( '', #7652, 1.56250000000000 );
#5844 = VERTEX_POINT( '', #7653 );
#5845 = CIRCLE( '', #7654, 1.56250000000000 );
#5846 = FILL_AREA_STYLE_COLOUR( '', #7655 );
#5847 = FILL_AREA_STYLE_COLOUR( '', #7656 );
#5848 = VERTEX_POINT( '', #7657 );
#5849 = LINE( '', #7658, #7659 );
#5850 = VERTEX_POINT( '', #7660 );
#5851 = B_SPLINE_CURVE_WITH_KNOTS( '', 1, ( #7661, #7662 ), .UNSPECIFIED., .F., .F., ( 2, 2 ), ( 0.971672493844612, 1.00000000000000 ), .UNSPECIFIED. );
#5852 = LINE( '', #7663, #7664 );
#5853 = FILL_AREA_STYLE_COLOUR( '', #7665 );
#5854 = VERTEX_POINT( '', #7666 );
#5855 = LINE( '', #7667, #7668 );
#5856 = CIRCLE( '', #7669, 0.350000000000000 );
#5857 = VERTEX_POINT( '', #7670 );
#5858 = CIRCLE( '', #7671, 0.350000000000000 );
#5859 = LINE( '', #7672, #7673 );
#5860 = FILL_AREA_STYLE_COLOUR( '', #7674 );
#5861 = VERTEX_POINT( '', #7675 );
#5862 = VERTEX_POINT( '', #7676 );
#5863 = CIRCLE( '', #7677, 1.26250000000000 );
#5864 = VERTEX_POINT( '', #7678 );
#5865 = CIRCLE( '', #7679, 0.350000000000000 );
#5866 = VERTEX_POINT( '', #7680 );
#5867 = CIRCLE( '', #7681, 1.26250000000000 );
#5868 = CIRCLE( '', #7682, 0.350000000000000 );
#5869 = FILL_AREA_STYLE_COLOUR( '', #7683 );
#5870 = VERTEX_POINT( '', #7684 );
#5871 = LINE( '', #7685, #7686 );
#5872 = B_SPLINE_CURVE_WITH_KNOTS( '', 1, ( #7687, #7688 ), .UNSPECIFIED., .F., .F., ( 2, 2 ), ( 0.775615380794607, 0.877881759759685 ), .UNSPECIFIED. );
#5873 = FILL_AREA_STYLE_COLOUR( '', #7689 );
#5874 = VERTEX_POINT( '', #7690 );
#5875 = LINE( '', #7691, #7692 );
#5876 = B_SPLINE_CURVE_WITH_KNOTS( '', 3, ( #7693, #7694, #7695, #7696 ), .UNSPECIFIED., .F., .F., ( 4, 4 ), ( 0.000000000000000, 0.314257670872102 ), .UNSPECIFIED. );
#5877 = FILL_AREA_STYLE_COLOUR( '', #7697 );
#5878 = VERTEX_POINT( '', #7698 );
#5879 = CIRCLE( '', #7699, 0.500000000000000 );
#5880 = VERTEX_POINT( '', #7700 );
#5881 = CIRCLE( '', #7701, 0.500000000000000 );
#5882 = FILL_AREA_STYLE_COLOUR( '', #7702 );
#5883 = VERTEX_POINT( '', #7703 );
#5884 = VERTEX_POINT( '', #7704 );
#5885 = LINE( '', #7705, #7706 );
#5886 = LINE( '', #7707, #7708 );
#5887 = VERTEX_POINT( '', #7709 );
#5888 = LINE( '', #7710, #7711 );
#5889 = VERTEX_POINT( '', #7712 );
#5890 = LINE( '', #7713, #7714 );
#5891 = LINE( '', #7715, #7716 );
#5892 = FILL_AREA_STYLE_COLOUR( '', #7717 );
#5893 = VERTEX_POINT( '', #7718 );
#5894 = LINE( '', #7719, #7720 );
#5895 = CIRCLE( '', #7721, 0.962500000000000 );
#5896 = LINE( '', #7722, #7723 );
#5897 = FILL_AREA_STYLE_COLOUR( '', #7724 );
#5898 = VERTEX_POINT( '', #7725 );
#5899 = CIRCLE( '', #7726, 1.75000000000000 );
#5900 = FILL_AREA_STYLE_COLOUR( '', #7727 );
#5901 = B_SPLINE_CURVE_WITH_KNOTS( '', 1, ( #7728, #7729 ), .UNSPECIFIED., .F., .F., ( 2, 2 ), ( 0.905318389752371, 0.971672493844612 ), .UNSPECIFIED. );
#5902 = VERTEX_POINT( '', #7730 );
#5903 = B_SPLINE_CURVE_WITH_KNOTS( '', 1, ( #7731, #7732 ), .UNSPECIFIED., .F., .F., ( 2, 2 ), ( 0.740513905775974, 0.775615380794607 ), .UNSPECIFIED. );
#5904 = VERTEX_POINT( '', #7733 );
#5905 = B_SPLINE_CURVE_WITH_KNOTS( '', 1, ( #7734, #7735 ), .UNSPECIFIED., .F., .F., ( 2, 2 ), ( 0.613611110426538, 0.740513905775974 ), .UNSPECIFIED. );
#5906 = VERTEX_POINT( '', #7736 );
#5907 = B_SPLINE_CURVE_WITH_KNOTS( '', 1, ( #7737, #7738 ), .UNSPECIFIED., .F., .F., ( 2, 2 ), ( 0.523899473310670, 0.613611110426538 ), .UNSPECIFIED. );
#5908 = B_SPLINE_CURVE_WITH_KNOTS( '', 1, ( #7739, #7740 ), .UNSPECIFIED., .F., .F., ( 2, 2 ), ( 0.486950552238425, 0.523899473310670 ), .UNSPECIFIED. );
#5909 = B_SPLINE_CURVE_WITH_KNOTS( '', 1, ( #7741, #7742 ), .UNSPECIFIED., .F., .F., ( 2, 2 ), ( 0.000000000000000, 0.231238664377135 ), .UNSPECIFIED. );
#5910 = FILL_AREA_STYLE_COLOUR( '', #7743 );
#5911 = VERTEX_POINT( '', #7744 );
#5912 = LINE( '', #7745, #7746 );
#5913 = VERTEX_POINT( '', #7747 );
#5914 = B_SPLINE_CURVE_WITH_KNOTS( '', 3, ( #7748, #7749, #7750, #7751, #7752, #7753, #7754, #7755, #7756, #7757, #7758, #7759, #7760, #7761, #7762, #7763, #7764, #7765 ), .UNSPECIFIED., .F., .F., ( 4, 2, 3, 3, 3, 3, 4 ), ( 0.245640314251374, 0.317563337196489, 0.348999890271838, 0.376335385920031, 0.402372375392432, 0.433633459013527, 0.550269344855437 ), .UNSPECIFIED. );
#5915 = LINE( '', #7766, #7767 );
#5916 = FILL_AREA_STYLE_COLOUR( '', #7768 );
#5917 = VERTEX_POINT( '', #7769 );
#5918 = VERTEX_POINT( '', #7770 );
#5919 = LINE( '', #7771, #7772 );
#5920 = CIRCLE( '', #7773, 0.350000000000000 );
#5921 = CIRCLE( '', #7774, 0.350000000000000 );
#5922 = FILL_AREA_STYLE_COLOUR( '', #7775 );
#5923 = VERTEX_POINT( '', #7776 );
#5924 = LINE( '', #7777, #7778 );
#5925 = VERTEX_POINT( '', #7779 );
#5926 = LINE( '', #7780, #7781 );
#5927 = LINE( '', #7782, #7783 );
#5928 = FILL_AREA_STYLE_COLOUR( '', #7784 );
#5929 = LINE( '', #7785, #7786 );
#5930 = FILL_AREA_STYLE_COLOUR( '', #7787 );
#5931 = VERTEX_POINT( '', #7788 );
#5932 = LINE( '', #7789, #7790 );
#5933 = LINE( '', #7791, #7792 );
#5934 = FILL_AREA_STYLE_COLOUR( '', #7793 );
#5935 = VERTEX_POINT( '', #7794 );
#5936 = CIRCLE( '', #7795, 2.36250000000000 );
#5937 = FILL_AREA_STYLE_COLOUR( '', #7796 );
#5938 = VERTEX_POINT( '', #7797 );
#5939 = VERTEX_POINT( '', #7798 );
#5940 = LINE( '', #7799, #7800 );
#5941 = VERTEX_POINT( '', #7801 );
#5942 = LINE( '', #7802, #7803 );
#5943 = VERTEX_POINT( '', #7804 );
#5944 = LINE( '', #7805, #7806 );
#5945 = LINE( '', #7807, #7808 );
#5946 = FILL_AREA_STYLE_COLOUR( '', #7809 );
#5947 = LINE( '', #7810, #7811 );
#5948 = FILL_AREA_STYLE_COLOUR( '', #7812 );
#5949 = LINE( '', #7813, #7814 );
#5950 = LINE( '', #7815, #7816 );
#5951 = FILL_AREA_STYLE_COLOUR( '', #7817 );
#5952 = LINE( '', #7818, #7819 );
#5953 = LINE( '', #7820, #7821 );
#5954 = FILL_AREA_STYLE_COLOUR( '', #7822 );
#5955 = LINE( '', #7823, #7824 );
#5956 = LINE( '', #7825, #7826 );
#5957 = FILL_AREA_STYLE_COLOUR( '', #7827 );
#5958 = VERTEX_POINT( '', #7828 );
#5959 = CIRCLE( '', #7829, 0.612500000000000 );
#5960 = VERTEX_POINT( '', #7830 );
#5961 = CIRCLE( '', #7831, 0.612500000000000 );
#5962 = FILL_AREA_STYLE_COLOUR( '', #7832 );
#5963 = VERTEX_POINT( '', #7833 );
#5964 = CIRCLE( '', #7834, 0.312500000000000 );
#5965 = VERTEX_POINT( '', #7835 );
#5966 = CIRCLE( '', #7836, 0.312500000000000 );
#5967 = FILL_AREA_STYLE_COLOUR( '', #7837 );
#5968 = VERTEX_POINT( '', #7838 );
#5969 = LINE( '', #7839, #7840 );
#5970 = VERTEX_POINT( '', #7841 );
#5971 = B_SPLINE_CURVE_WITH_KNOTS( '', 3, ( #7842, #7843, #7844, #7845 ), .UNSPECIFIED., .F., .F., ( 4, 4 ), ( 0.766066837949626, 0.878124202881752 ), .UNSPECIFIED. );
#5972 = LINE( '', #7846, #7847 );
#5973 = FILL_AREA_STYLE_COLOUR( '', #7848 );
#5974 = VERTEX_POINT( '', #7849 );
#5975 = VERTEX_POINT( '', #7850 );
#5976 = LINE( '', #7851, #7852 );
#5977 = VERTEX_POINT( '', #7853 );
#5978 = LINE( '', #7854, #7855 );
#5979 = VERTEX_POINT( '', #7856 );
#5980 = LINE( '', #7857, #7858 );
#5981 = LINE( '', #7859, #7860 );
#5982 = FILL_AREA_STYLE_COLOUR( '', #7861 );
#5983 = LINE( '', #7862, #7863 );
#5984 = FILL_AREA_STYLE_COLOUR( '', #7864 );
#5985 = VERTEX_POINT( '', #7865 );
#5986 = LINE( '', #7866, #7867 );
#5987 = LINE( '', #7868, #7869 );
#5988 = FILL_AREA_STYLE_COLOUR( '', #7870 );
#5989 = VERTEX_POINT( '', #7871 );
#5990 = LINE( '', #7872, #7873 );
#5991 = LINE( '', #7874, #7875 );
#5992 = FILL_AREA_STYLE_COLOUR( '', #7876 );
#5993 = VERTEX_POINT( '', #7877 );
#5994 = LINE( '', #7878, #7879 );
#5995 = B_SPLINE_CURVE_WITH_KNOTS( '', 1, ( #7880, #7881 ), .UNSPECIFIED., .F., .F., ( 2, 2 ), ( 0.767088607594937, 1.00000000000000 ), .UNSPECIFIED. );
#5996 = FILL_AREA_STYLE_COLOUR( '', #7882 );
#5997 = FILL_AREA_STYLE_COLOUR( '', #7883 );
#5998 = VERTEX_POINT( '', #7884 );
#5999 = LINE( '', #7885, #7886 );
#6000 = LINE( '', #7887, #7888 );
#6001 = FILL_AREA_STYLE_COLOUR( '', #7889 );
#6002 = LINE( '', #7890, #7891 );
#6003 = FILL_AREA_STYLE_COLOUR( '', #7892 );
#6004 = FILL_AREA_STYLE_COLOUR( '', #7893 );
#6005 = VERTEX_POINT( '', #7894 );
#6006 = B_SPLINE_CURVE_WITH_KNOTS( '', 3, ( #7895, #7896, #7897, #7898 ), .UNSPECIFIED., .F., .F., ( 4, 4 ), ( 0.947239308468262, 1.00000000000000 ), .UNSPECIFIED. );
#6007 = VERTEX_POINT( '', #7899 );
#6008 = B_SPLINE_CURVE_WITH_KNOTS( '', 3, ( #7900, #7901, #7902, #7903, #7904, #7905, #7906, #7907, #7908, #7909, #7910, #7911, #7912, #7913, #7914 ), .UNSPECIFIED., .F., .F., ( 4, 2, 3, 3, 3, 4 ), ( 0.610658117094134, 0.649580036061722, 0.684079009692085, 0.719729512721673, 0.782879952987661, 0.947239308468262 ), .UNSPECIFIED. );
#6009 = VERTEX_POINT( '', #7915 );
#6010 = B_SPLINE_CURVE_WITH_KNOTS( '', 3, ( #7916, #7917, #7918, #7919 ), .UNSPECIFIED., .F., .F., ( 4, 4 ), ( 0.558287217147629, 0.610658117094134 ), .UNSPECIFIED. );
#6011 = VERTEX_POINT( '', #7920 );
#6012 = B_SPLINE_CURVE_WITH_KNOTS( '', 3, ( #7921, #7922, #7923, #7924, #7925, #7926, #7927, #7928, #7929 ), .UNSPECIFIED., .F., .F., ( 4, 3, 2, 4 ), ( 0.409688211292897, 0.465068850248148, 0.502714729188323, 0.558287217147629 ), .UNSPECIFIED. );
#6013 = B_SPLINE_CURVE_WITH_KNOTS( '', 3, ( #7930, #7931, #7932, #7933 ), .UNSPECIFIED., .F., .F., ( 4, 4 ), ( 0.362117095977395, 0.409688211292897 ), .UNSPECIFIED. );
#6014 = FILL_AREA_STYLE_COLOUR( '', #7934 );
#6015 = LINE( '', #7935, #7936 );
#6016 = LINE( '', #7937, #7938 );
#6017 = FILL_AREA_STYLE_COLOUR( '', #7939 );
#6018 = VERTEX_POINT( '', #7940 );
#6019 = VERTEX_POINT( '', #7941 );
#6020 = LINE( '', #7942, #7943 );
#6021 = VERTEX_POINT( '', #7944 );
#6022 = LINE( '', #7945, #7946 );
#6023 = VERTEX_POINT( '', #7947 );
#6024 = LINE( '', #7948, #7949 );
#6025 = LINE( '', #7950, #7951 );
#6026 = FILL_AREA_STYLE_COLOUR( '', #7952 );
#6027 = FILL_AREA_STYLE_COLOUR( '', #7953 );
#6028 = VERTEX_POINT( '', #7954 );
#6029 = LINE( '', #7955, #7956 );
#6030 = LINE( '', #7957, #7958 );
#6031 = FILL_AREA_STYLE_COLOUR( '', #7959 );
#6032 = VERTEX_POINT( '', #7960 );
#6033 = LINE( '', #7961, #7962 );
#6034 = CIRCLE( '', #7963, 0.962500000000000 );
#6035 = FILL_AREA_STYLE_COLOUR( '', #7964 );
#6036 = LINE( '', #7965, #7966 );
#6037 = FILL_AREA_STYLE_COLOUR( '', #7967 );
#6038 = LINE( '', #7968, #7969 );
#6039 = FILL_AREA_STYLE_COLOUR( '', #7970 );
#6040 = VERTEX_POINT( '', #7971 );
#6041 = CIRCLE( '', #7972, 2.45000000000000 );
#6042 = FILL_AREA_STYLE_COLOUR( '', #7973 );
#6043 = LINE( '', #7974, #7975 );
#6044 = LINE( '', #7976, #7977 );
#6045 = FILL_AREA_STYLE_COLOUR( '', #7978 );
#6046 = LINE( '', #7979, #7980 );
#6047 = LINE( '', #7981, #7982 );
#6048 = FILL_AREA_STYLE_COLOUR( '', #7983 );
#6049 = LINE( '', #7984, #7985 );
#6050 = LINE( '', #7986, #7987 );
#6051 = FILL_AREA_STYLE_COLOUR( '', #7988 );
#6052 = FILL_AREA_STYLE_COLOUR( '', #7989 );
#6053 = VERTEX_POINT( '', #7990 );
#6054 = VERTEX_POINT( '', #7991 );
#6055 = B_SPLINE_CURVE_WITH_KNOTS( '', 3, ( #7992, #7993, #7994, #7995 ), .UNSPECIFIED., .F., .F., ( 4, 4 ), ( 0.984247345950703, 1.00000000000000 ), .UNSPECIFIED. );
#6056 = B_SPLINE_CURVE_WITH_KNOTS( '', 3, ( #7996, #7997, #7998, #7999 ), .UNSPECIFIED., .F., .F., ( 4, 4 ), ( 0.878124202881752, 0.984247345950703 ), .UNSPECIFIED. );
#6057 = B_SPLINE_CURVE_WITH_KNOTS( '', 3, ( #8000, #8001, #8002, #8003 ), .UNSPECIFIED., .F., .F., ( 4, 4 ), ( 0.751474905777646, 0.766066837949626 ), .UNSPECIFIED. );
#6058 = VERTEX_POINT( '', #8004 );
#6059 = B_SPLINE_CURVE_WITH_KNOTS( '', 3, ( #8005, #8006, #8007, #8008 ), .UNSPECIFIED., .F., .F., ( 4, 4 ), ( 0.536492445906294, 0.640874506159269 ), .UNSPECIFIED. );
#6060 = B_SPLINE_CURVE_WITH_KNOTS( '', 3, ( #8009, #8010, #8011, #8012 ), .UNSPECIFIED., .F., .F., ( 4, 4 ), ( 0.520656883151474, 0.536492445906294 ), .UNSPECIFIED. );
#6061 = VERTEX_POINT( '', #8013 );
#6062 = B_SPLINE_CURVE_WITH_KNOTS( '', 3, ( #8014, #8015, #8016, #8017, #8018, #8019, #8020 ), .UNSPECIFIED., .F., .F., ( 4, 3, 4 ), ( 0.261468230552944, 0.282521875201089, 0.374240109198532 ), .UNSPECIFIED. );
#6063 = VERTEX_POINT( '', #8021 );
#6064 = B_SPLINE_CURVE_WITH_KNOTS( '', 3, ( #8022, #8023, #8024, #8025, #8026, #8027, #8028 ), .UNSPECIFIED., .F., .F., ( 4, 3, 4 ), ( 0.149069852529666, 0.242039240282828, 0.261468230552944 ), .UNSPECIFIED. );
#6065 = VERTEX_POINT( '', #8029 );
#6066 = B_SPLINE_CURVE_WITH_KNOTS( '', 3, ( #8030, #8031, #8032, #8033 ), .UNSPECIFIED., .F., .F., ( 4, 4 ), ( 0.124528875694971, 0.149069852529666 ), .UNSPECIFIED. );
#6067 = B_SPLINE_CURVE_WITH_KNOTS( '', 3, ( #8034, #8035, #8036, #8037 ), .UNSPECIFIED., .F., .F., ( 4, 4 ), ( 0.000000000000000, 0.124528875694971 ), .UNSPECIFIED. );
#6068 = FILL_AREA_STYLE_COLOUR( '', #8038 );
#6069 = VERTEX_POINT( '', #8039 );
#6070 = CIRCLE( '', #8040, 0.500000000000000 );
#6071 = FILL_AREA_STYLE_COLOUR( '', #8041 );
#6072 = B_SPLINE_CURVE_WITH_KNOTS( '', 3, ( #8042, #8043, #8044, #8045, #8046, #8047, #8048, #8049, #8050, #8051, #8052, #8053, #8054, #8055, #8056 ), .UNSPECIFIED., .F., .F., ( 4, 2, 3, 3, 3, 4 ), ( 0.499173000348934, 0.614831299932541, 0.730489599516147, 0.841701158441076, 0.958540723515277, 1.00000000000000 ), .UNSPECIFIED. );
#6073 = FILL_AREA_STYLE_COLOUR( '', #8057 );
#6074 = LINE( '', #8058, #8059 );
#6075 = LINE( '', #8060, #8061 );
#6076 = LINE( '', #8062, #8063 );
#6077 = FILL_AREA_STYLE_COLOUR( '', #8064 );
#6078 = CIRCLE( '', #8065, 0.350000000000000 );
#6079 = VERTEX_POINT( '', #8066 );
#6080 = CIRCLE( '', #8067, 0.350000000000000 );
#6081 = LINE( '', #8068, #8069 );
#6082 = FILL_AREA_STYLE_COLOUR( '', #8070 );
#6083 = VERTEX_POINT( '', #8071 );
#6084 = B_SPLINE_CURVE_WITH_KNOTS( '', 3, ( #8072, #8073, #8074, #8075 ), .UNSPECIFIED., .F., .F., ( 4, 4 ), ( 0.000000000000000, 0.189757577982989 ), .UNSPECIFIED. );
#6085 = LINE( '', #8076, #8077 );
#6086 = FILL_AREA_STYLE_COLOUR( '', #8078 );
#6087 = VERTEX_POINT( '', #8079 );
#6088 = CIRCLE( '', #8080, 0.662500000000000 );
#6089 = FILL_AREA_STYLE_COLOUR( '', #8081 );
#6090 = LINE( '', #8082, #8083 );
#6091 = VERTEX_POINT( '', #8084 );
#6092 = LINE( '', #8085, #8086 );
#6093 = LINE( '', #8087, #8088 );
#6094 = CIRCLE( '', #8089, 2.45000000000000 );
#6095 = VERTEX_POINT( '', #8090 );
#6096 = CIRCLE( '', #8091, 0.450000000000000 );
#6097 = VERTEX_POINT( '', #8092 );
#6098 = CIRCLE( '', #8093, 0.450000000000000 );
#6099 = FILL_AREA_STYLE_COLOUR( '', #8094 );
#6100 = LINE( '', #8095, #8096 );
#6101 = CIRCLE( '', #8097, 1.21250000000000 );
#6102 = FILL_AREA_STYLE_COLOUR( '', #8098 );
#6103 = LINE( '', #8099, #8100 );
#6104 = FILL_AREA_STYLE_COLOUR( '', #8101 );
#6105 = FILL_AREA_STYLE_COLOUR( '', #8102 );
#6106 = LINE( '', #8103, #8104 );
#6107 = FILL_AREA_STYLE_COLOUR( '', #8105 );
#6108 = VERTEX_POINT( '', #8106 );
#6109 = LINE( '', #8107, #8108 );
#6110 = LINE( '', #8109, #8110 );
#6111 = LINE( '', #8111, #8112 );
#6112 = VERTEX_POINT( '', #8113 );
#6113 = LINE( '', #8114, #8115 );
#6114 = LINE( '', #8116, #8117 );
#6115 = LINE( '', #8118, #8119 );
#6116 = LINE( '', #8120, #8121 );
#6117 = FILL_AREA_STYLE_COLOUR( '', #8122 );
#6118 = VERTEX_POINT( '', #8123 );
#6119 = B_SPLINE_CURVE_WITH_KNOTS( '', 3, ( #8124, #8125, #8126, #8127, #8128, #8129, #8130, #8131, #8132, #8133, #8134, #8135, #8136, #8137, #8138, #8139, #8140, #8141, #8142, #8143, #8144, #8145, #8146 ), .UNSPECIFIED., .T., .F., ( 4, 3, 2, 3, 2, 3, 3, 3, 4 ), ( 0.000000000000000, 0.146111505192002, 0.252576618225215, 0.360294261999991, 0.507022501550928, 0.646414329124318, 0.754569249265787, 0.860633886954452, 1.00000000000000 ), .UNSPECIFIED. );
#6120 = FILL_AREA_STYLE_COLOUR( '', #8147 );
#6121 = LINE( '', #8148, #8149 );
#6122 = LINE( '', #8150, #8151 );
#6123 = FILL_AREA_STYLE_COLOUR( '', #8152 );
#6124 = VERTEX_POINT( '', #8153 );
#6125 = LINE( '', #8154, #8155 );
#6126 = VERTEX_POINT( '', #8156 );
#6127 = LINE( '', #8157, #8158 );
#6128 = LINE( '', #8159, #8160 );
#6129 = FILL_AREA_STYLE_COLOUR( '', #8161 );
#6130 = LINE( '', #8162, #8163 );
#6131 = FILL_AREA_STYLE_COLOUR( '', #8164 );
#6132 = VERTEX_POINT( '', #8165 );
#6133 = VERTEX_POINT( '', #8166 );
#6134 = LINE( '', #8167, #8168 );
#6135 = VERTEX_POINT( '', #8169 );
#6136 = LINE( '', #8170, #8171 );
#6137 = VERTEX_POINT( '', #8172 );
#6138 = LINE( '', #8173, #8174 );
#6139 = LINE( '', #8175, #8176 );
#6140 = FILL_AREA_STYLE_COLOUR( '', #8177 );
#6141 = FILL_AREA_STYLE_COLOUR( '', #8178 );
#6142 = VERTEX_POINT( '', #8179 );
#6143 = VERTEX_POINT( '', #8180 );
#6144 = LINE( '', #8181, #8182 );
#6145 = VERTEX_POINT( '', #8183 );
#6146 = CIRCLE( '', #8184, 0.350000000000000 );
#6147 = LINE( '', #8185, #8186 );
#6148 = LINE( '', #8187, #8188 );
#6149 = VERTEX_POINT( '', #8189 );
#6150 = LINE( '', #8190, #8191 );
#6151 = CIRCLE( '', #8192, 0.350000000000000 );
#6152 = FILL_AREA_STYLE_COLOUR( '', #8193 );
#6153 = LINE( '', #8194, #8195 );
#6154 = FILL_AREA_STYLE_COLOUR( '', #8196 );
#6155 = LINE( '', #8197, #8198 );
#6156 = LINE( '', #8199, #8200 );
#6157 = LINE( '', #8201, #8202 );
#6158 = FILL_AREA_STYLE_COLOUR( '', #8203 );
#6159 = LINE( '', #8204, #8205 );
#6160 = FILL_AREA_STYLE_COLOUR( '', #8206 );
#6161 = LINE( '', #8207, #8208 );
#6162 = FILL_AREA_STYLE_COLOUR( '', #8209 );
#6163 = FILL_AREA_STYLE_COLOUR( '', #8210 );
#6164 = VERTEX_POINT( '', #8211 );
#6165 = B_SPLINE_CURVE_WITH_KNOTS( '', 3, ( #8212, #8213, #8214, #8215 ), .UNSPECIFIED., .F., .F., ( 4, 4 ), ( 0.550269344855437, 0.582301816735135 ), .UNSPECIFIED. );
#6166 = LINE( '', #8216, #8217 );
#6167 = FILL_AREA_STYLE_COLOUR( '', #8218 );
#6168 = FILL_AREA_STYLE_COLOUR( '', #8219 );
#6169 = FILL_AREA_STYLE_COLOUR( '', #8220 );
#6170 = FILL_AREA_STYLE_COLOUR( '', #8221 );
#6171 = VERTEX_POINT( '', #8222 );
#6172 = CIRCLE( '', #8223, 0.962500000000000 );
#6173 = LINE( '', #8224, #8225 );
#6174 = FILL_AREA_STYLE_COLOUR( '', #8226 );
#6175 = FILL_AREA_STYLE_COLOUR( '', #8227 );
#6176 = VERTEX_POINT( '', #8228 );
#6177 = LINE( '', #8229, #8230 );
#6178 = LINE( '', #8231, #8232 );
#6179 = FILL_AREA_STYLE_COLOUR( '', #8233 );
#6180 = FILL_AREA_STYLE_COLOUR( '', #8234 );
#6181 = FILL_AREA_STYLE_COLOUR( '', #8235 );
#6182 = FILL_AREA_STYLE_COLOUR( '', #8236 );
#6183 = VERTEX_POINT( '', #8237 );
#6184 = LINE( '', #8238, #8239 );
#6185 = B_SPLINE_CURVE_WITH_KNOTS( '', 1, ( #8240, #8241 ), .UNSPECIFIED., .F., .F., ( 2, 2 ), ( 0.500000000000000, 0.767088607594937 ), .UNSPECIFIED. );
#6186 = FILL_AREA_STYLE_COLOUR( '', #8242 );
#6187 = VERTEX_POINT( '', #8243 );
#6188 = B_SPLINE_CURVE_WITH_KNOTS( '', 3, ( #8244, #8245, #8246, #8247 ), .UNSPECIFIED., .F., .F., ( 4, 4 ), ( 0.189757577982989, 0.218656438483151 ), .UNSPECIFIED. );
#6189 = LINE( '', #8248, #8249 );
#6190 = FILL_AREA_STYLE_COLOUR( '', #8250 );
#6191 = LINE( '', #8251, #8252 );
#6192 = FILL_AREA_STYLE_COLOUR( '', #8253 );
#6193 = VERTEX_POINT( '', #8254 );
#6194 = CIRCLE( '', #8255, 1.26250000000000 );
#6195 = LINE( '', #8256, #8257 );
#6196 = FILL_AREA_STYLE_COLOUR( '', #8258 );
#6197 = VERTEX_POINT( '', #8259 );
#6198 = LINE( '', #8260, #8261 );
#6199 = CIRCLE( '', #8262, 0.450000000000000 );
#6200 = LINE( '', #8263, #8264 );
#6201 = CIRCLE( '', #8265, 0.500000000000000 );
#6202 = LINE( '', #8266, #8267 );
#6203 = LINE( '', #8268, #8269 );
#6204 = VERTEX_POINT( '', #8270 );
#6205 = CIRCLE( '', #8271, 0.500000000000000 );
#6206 = FILL_AREA_STYLE_COLOUR( '', #8272 );
#6207 = LINE( '', #8273, #8274 );
#6208 = FILL_AREA_STYLE_COLOUR( '', #8275 );
#6209 = LINE( '', #8276, #8277 );
#6210 = FILL_AREA_STYLE_COLOUR( '', #8278 );
#6211 = FILL_AREA_STYLE_COLOUR( '', #8279 );
#6212 = VERTEX_POINT( '', #8280 );
#6213 = CIRCLE( '', #8281, 0.450000000000000 );
#6214 = CIRCLE( '', #8282, 0.500000000000000 );
#6215 = LINE( '', #8283, #8284 );
#6216 = FILL_AREA_STYLE_COLOUR( '', #8285 );
#6217 = FILL_AREA_STYLE_COLOUR( '', #8286 );
#6218 = VERTEX_POINT( '', #8287 );
#6219 = CIRCLE( '', #8288, 1.65000000000000 );
#6220 = FILL_AREA_STYLE_COLOUR( '', #8289 );
#6221 = LINE( '', #8290, #8291 );
#6222 = FILL_AREA_STYLE_COLOUR( '', #8292 );
#6223 = VERTEX_POINT( '', #8293 );
#6224 = VERTEX_POINT( '', #8294 );
#6225 = LINE( '', #8295, #8296 );
#6226 = VERTEX_POINT( '', #8297 );
#6227 = CIRCLE( '', #8298, 0.350000000000000 );
#6228 = LINE( '', #8299, #8300 );
#6229 = CIRCLE( '', #8301, 0.350000000000000 );
#6230 = FILL_AREA_STYLE_COLOUR( '', #8302 );
#6231 = FILL_AREA_STYLE_COLOUR( '', #8303 );
#6232 = FILL_AREA_STYLE_COLOUR( '', #8304 );
#6233 = LINE( '', #8305, #8306 );
#6234 = FILL_AREA_STYLE_COLOUR( '', #8307 );
#6235 = LINE( '', #8308, #8309 );
#6236 = FILL_AREA_STYLE_COLOUR( '', #8310 );
#6237 = B_SPLINE_CURVE_WITH_KNOTS( '', 3, ( #8311, #8312, #8313, #8314, #8315, #8316, #8317, #8318, #8319, #8320, #8321, #8322, #8323, #8324, #8325, #8326, #8327, #8328, #8329, #8330 ), .UNSPECIFIED., .F., .F., ( 4, 3, 3, 2, 3, 2, 3, 4 ), ( 0.582301816735135, 0.697897258735781, 0.727682193021292, 0.749965873996904, 0.772249554972515, 0.818209178399425, 0.864168801826336, 0.967967528120303 ), .UNSPECIFIED. );
#6238 = B_SPLINE_CURVE_WITH_KNOTS( '', 3, ( #8331, #8332, #8333, #8334 ), .UNSPECIFIED., .F., .F., ( 4, 4 ), ( 0.218656438483151, 0.245640314251374 ), .UNSPECIFIED. );
#6239 = FILL_AREA_STYLE_COLOUR( '', #8335 );
#6240 = B_SPLINE_CURVE_WITH_KNOTS( '', 1, ( #8336, #8337 ), .UNSPECIFIED., .F., .F., ( 2, 2 ), ( 0.267088607594936, 0.500000000000000 ), .UNSPECIFIED. );
#6241 = FILL_AREA_STYLE_COLOUR( '', #8338 );
#6242 = FILL_AREA_STYLE_COLOUR( '', #8339 );
#6243 = LINE( '', #8340, #8341 );
#6244 = FILL_AREA_STYLE_COLOUR( '', #8342 );
#6245 = FILL_AREA_STYLE_COLOUR( '', #8343 );
#6246 = LINE( '', #8344, #8345 );
#6247 = FILL_AREA_STYLE_COLOUR( '', #8346 );
#6248 = VERTEX_POINT( '', #8347 );
#6249 = LINE( '', #8348, #8349 );
#6250 = VERTEX_POINT( '', #8350 );
#6251 = LINE( '', #8351, #8352 );
#6252 = LINE( '', #8353, #8354 );
#6253 = LINE( '', #8355, #8356 );
#6254 = FILL_AREA_STYLE_COLOUR( '', #8357 );
#6255 = FILL_AREA_STYLE_COLOUR( '', #8358 );
#6256 = FILL_AREA_STYLE_COLOUR( '', #8359 );
#6257 = FILL_AREA_STYLE_COLOUR( '', #8360 );
#6258 = FILL_AREA_STYLE_COLOUR( '', #8361 );
#6259 = LINE( '', #8362, #8363 );
#6260 = FILL_AREA_STYLE_COLOUR( '', #8364 );
#6261 = FILL_AREA_STYLE_COLOUR( '', #8365 );
#6262 = LINE( '', #8366, #8367 );
#6263 = LINE( '', #8368, #8369 );
#6264 = FILL_AREA_STYLE_COLOUR( '', #8370 );
#6265 = FILL_AREA_STYLE_COLOUR( '', #8371 );
#6266 = LINE( '', #8372, #8373 );
#6267 = FILL_AREA_STYLE_COLOUR( '', #8374 );
#6268 = LINE( '', #8375, #8376 );
#6269 = FILL_AREA_STYLE_COLOUR( '', #8377 );
#6270 = LINE( '', #8378, #8379 );
#6271 = FILL_AREA_STYLE_COLOUR( '', #8380 );
#6272 = FILL_AREA_STYLE_COLOUR( '', #8381 );
#6273 = VERTEX_POINT( '', #8382 );
#6274 = LINE( '', #8383, #8384 );
#6275 = CIRCLE( '', #8385, 0.350000000000000 );
#6276 = FILL_AREA_STYLE_COLOUR( '', #8386 );
#6277 = VERTEX_POINT( '', #8387 );
#6278 = LINE( '', #8388, #8389 );
#6279 = LINE( '', #8390, #8391 );
#6280 = CIRCLE( '', #8392, 0.0500000000000000 );
#6281 = FILL_AREA_STYLE_COLOUR( '', #8393 );
#6282 = FILL_AREA_STYLE_COLOUR( '', #8394 );
#6283 = FILL_AREA_STYLE_COLOUR( '', #8395 );
#6284 = FILL_AREA_STYLE_COLOUR( '', #8396 );
#6285 = LINE( '', #8397, #8398 );
#6286 = LINE( '', #8399, #8400 );
#6287 = LINE( '', #8401, #8402 );
#6288 = FILL_AREA_STYLE_COLOUR( '', #8403 );
#6289 = FILL_AREA_STYLE_COLOUR( '', #8404 );
#6290 = FILL_AREA_STYLE_COLOUR( '', #8405 );
#6291 = FILL_AREA_STYLE_COLOUR( '', #8406 );
#6292 = FILL_AREA_STYLE_COLOUR( '', #8407 );
#6293 = FILL_AREA_STYLE_COLOUR( '', #8408 );
#6294 = FILL_AREA_STYLE_COLOUR( '', #8409 );
#6295 = FILL_AREA_STYLE_COLOUR( '', #8410 );
#6296 = CIRCLE( '', #8411, 2.45000000000000 );
#6297 = FILL_AREA_STYLE_COLOUR( '', #8412 );
#6298 = FILL_AREA_STYLE_COLOUR( '', #8413 );
#6299 = FILL_AREA_STYLE_COLOUR( '', #8414 );
#6300 = FILL_AREA_STYLE_COLOUR( '', #8415 );
#6301 = FILL_AREA_STYLE_COLOUR( '', #8416 );
#6302 = FILL_AREA_STYLE_COLOUR( '', #8417 );
#6303 = FILL_AREA_STYLE_COLOUR( '', #8418 );
#6304 = FILL_AREA_STYLE_COLOUR( '', #8419 );
#6305 = FILL_AREA_STYLE_COLOUR( '', #8420 );
#6306 = FILL_AREA_STYLE_COLOUR( '', #8421 );
#6307 = FILL_AREA_STYLE_COLOUR( '', #8422 );
#6308 = LINE( '', #8423, #8424 );
#6309 = FILL_AREA_STYLE_COLOUR( '', #8425 );
#6310 = FILL_AREA_STYLE_COLOUR( '', #8426 );
#6311 = FILL_AREA_STYLE_COLOUR( '', #8427 );
#6312 = FILL_AREA_STYLE_COLOUR( '', #8428 );
#6313 = FILL_AREA_STYLE_COLOUR( '', #8429 );
#6314 = FILL_AREA_STYLE_COLOUR( '', #8430 );
#6315 = FILL_AREA_STYLE_COLOUR( '', #8431 );
#6316 = FILL_AREA_STYLE_COLOUR( '', #8432 );
#6317 = FILL_AREA_STYLE_COLOUR( '', #8433 );
#6318 = COLOUR_RGB( '', 0.899999976200000, 0.000000000000000, 0.000000000000000 );
#6319 = CARTESIAN_POINT( '', ( 0.794881683789226, 0.102121308204029, 5.15000000000000 ) );
#6320 = CARTESIAN_POINT( '', ( 0.964270751313343, 0.272667931998241, 5.15000000000000 ) );
#6321 = CARTESIAN_POINT( '', ( 0.794881683789226, 0.102121308204029, 5.15000000000000 ) );
#6322 = CARTESIAN_POINT( '', ( 0.964270751313343, 0.272667931998241, 5.15000000000000 ) );
#6323 = CARTESIAN_POINT( '', ( 0.794881683789226, 0.102121308204029, 5.14000000000000 ) );
#6324 = CARTESIAN_POINT( '', ( 0.794881683789226, 0.102121308204029, 5.14000000000000 ) );
#6325 = VECTOR( '', #8434, 1000.00000000000 );
#6326 = CARTESIAN_POINT( '', ( 0.964270751313343, 0.272667931998241, 5.14000000000000 ) );
#6327 = CARTESIAN_POINT( '', ( 0.794881683789226, 0.102121308204029, 5.14000000000000 ) );
#6328 = CARTESIAN_POINT( '', ( 0.964270751313343, 0.272667931998241, 5.14000000000000 ) );
#6329 = CARTESIAN_POINT( '', ( 0.964270751313343, 0.272667931998241, 5.14000000000000 ) );
#6330 = VECTOR( '', #8435, 1000.00000000000 );
#6331 = COLOUR_RGB( '', 0.899999976200000, 0.000000000000000, 0.000000000000000 );
#6332 = CARTESIAN_POINT( '', ( 1.80620001176350, 0.0697097326413247, 5.14000000000000 ) );
#6333 = CARTESIAN_POINT( '', ( 1.80620001176350, 0.0697097326413247, 5.14000000000000 ) );
#6334 = CARTESIAN_POINT( '', ( 1.80620001176350, 0.0141470316766944, 5.14000000000000 ) );
#6335 = CARTESIAN_POINT( '', ( 1.81700387028440, -0.0263674377766819, 5.14000000000000 ) );
#6336 = CARTESIAN_POINT( '', ( 1.83899743941623, -0.0514478236287718, 5.14000000000000 ) );
#6337 = CARTESIAN_POINT( '', ( 1.86118228256380, -0.0767463289724846, 5.14000000000000 ) );
#6338 = CARTESIAN_POINT( '', ( 1.88877235903039, -0.0896471805419554, 5.14000000000000 ) );
#6339 = CARTESIAN_POINT( '', ( 1.95475306642588, -0.0896471805419556, 5.14000000000000 ) );
#6340 = CARTESIAN_POINT( '', ( 1.98214856481816, -0.0769140615708951, 5.14000000000000 ) );
#6341 = CARTESIAN_POINT( '', ( 2.00414213394999, -0.0518336757188047, 5.14000000000000 ) );
#6342 = CARTESIAN_POINT( '', ( 2.02649470969597, -0.0263438963593619, 5.14000000000000 ) );
#6343 = CARTESIAN_POINT( '', ( 2.03771126578279, 0.0133753274966290, 5.14000000000000 ) );
#6344 = CARTESIAN_POINT( '', ( 2.03771126578279, 0.118712948075407, 5.14000000000000 ) );
#6345 = CARTESIAN_POINT( '', ( 2.02613570308183, 0.157684009168655, 5.14000000000000 ) );
#6346 = CARTESIAN_POINT( '', ( 2.00337042976994, 0.184307803380873, 5.14000000000000 ) );
#6347 = CARTESIAN_POINT( '', ( 1.98098632701337, 0.210485821858891, 5.14000000000000 ) );
#6348 = CARTESIAN_POINT( '', ( 1.95282380597572, 0.223278864474122, 5.14000000000000 ) );
#6349 = CARTESIAN_POINT( '', ( 1.92041223041302, 0.223664716564154, 5.14000000000000 ) );
#6350 = CARTESIAN_POINT( '', ( 1.88878143533008, 0.224041273648475, 5.14000000000000 ) );
#6351 = CARTESIAN_POINT( '', ( 1.86176271272814, 0.210545745503061, 5.14000000000000 ) );
#6352 = CARTESIAN_POINT( '', ( 1.83938329150627, 0.184693655470906, 5.14000000000000 ) );
#6353 = CARTESIAN_POINT( '', ( 1.81716915825472, 0.159032501542389, 5.14000000000000 ) );
#6354 = CARTESIAN_POINT( '', ( 1.80620001176350, 0.120642208525569, 5.14000000000000 ) );
#6355 = CARTESIAN_POINT( '', ( 1.80620001176350, 0.0697097326413247, 5.14000000000000 ) );
#6356 = CARTESIAN_POINT( '', ( 2.10292026899823, 0.272667931998237, 5.14000000000000 ) );
#6357 = CARTESIAN_POINT( '', ( 1.74639293780852, -0.182251682149672, 5.14000000000000 ) );
#6358 = CARTESIAN_POINT( '', ( 2.10292026899823, 0.272667931998237, 5.14000000000000 ) );
#6359 = CARTESIAN_POINT( '', ( 2.10292026899823, 0.151510375728140, 5.14000000000000 ) );
#6360 = CARTESIAN_POINT( '', ( 2.10292026899823, 0.0303528194580439, 5.14000000000000 ) );
#6361 = CARTESIAN_POINT( '', ( 2.10292026899823, -0.0908047368120528, 5.14000000000000 ) );
#6362 = CARTESIAN_POINT( '', ( 2.10292026899823, -0.156013740027487, 5.14000000000000 ) );
#6363 = CARTESIAN_POINT( '', ( 2.09636078346768, -0.202701842921378, 5.14000000000000 ) );
#6364 = CARTESIAN_POINT( '', ( 2.08285596031655, -0.229711489223628, 5.14000000000000 ) );
#6365 = CARTESIAN_POINT( '', ( 2.06927396674743, -0.256875476361892, 5.14000000000000 ) );
#6366 = CARTESIAN_POINT( '', ( 2.04851512430369, -0.278714704657712, 5.14000000000000 ) );
#6367 = CARTESIAN_POINT( '', ( 1.99063731079887, -0.310354576040348, 5.14000000000000 ) );
#6368 = CARTESIAN_POINT( '', ( 1.95513891851592, -0.318071617840991, 5.14000000000000 ) );
#6369 = CARTESIAN_POINT( '', ( 1.86253441690819, -0.318071617840991, 5.14000000000000 ) );
#6370 = CARTESIAN_POINT( '', ( 1.82201994745482, -0.306881907230058, 5.14000000000000 ) );
#6371 = CARTESIAN_POINT( '', ( 1.79115178025225, -0.284502486008193, 5.14000000000000 ) );
#6372 = CARTESIAN_POINT( '', ( 1.76010025031946, -0.261990126806928, 5.14000000000000 ) );
#6373 = CARTESIAN_POINT( '', ( 1.74523538153842, -0.227782228773466, 5.14000000000000 ) );
#6374 = CARTESIAN_POINT( '', ( 1.74639293780852, -0.182251682149672, 5.14000000000000 ) );
#6375 = CARTESIAN_POINT( '', ( 2.03886882205289, 0.272667931998236, 5.14000000000000 ) );
#6376 = CARTESIAN_POINT( '', ( 2.03886882205289, 0.272667931998236, 5.14000000000000 ) );
#6377 = CARTESIAN_POINT( '', ( 2.06021930436801, 0.272667931998236, 5.14000000000000 ) );
#6378 = CARTESIAN_POINT( '', ( 2.08156978668312, 0.272667931998236, 5.14000000000000 ) );
#6379 = CARTESIAN_POINT( '', ( 2.10292026899823, 0.272667931998237, 5.14000000000000 ) );
#6380 = CARTESIAN_POINT( '', ( 2.03886882205289, 0.220963751933928, 5.14000000000000 ) );
#6381 = CARTESIAN_POINT( '', ( 2.03886882205289, 0.220963751933928, 5.14000000000000 ) );
#6382 = CARTESIAN_POINT( '', ( 2.03886882205289, 0.238198478622031, 5.14000000000000 ) );
#6383 = CARTESIAN_POINT( '', ( 2.03886882205289, 0.255433205310134, 5.14000000000000 ) );
#6384 = CARTESIAN_POINT( '', ( 2.03886882205289, 0.272667931998236, 5.14000000000000 ) );
#6385 = CARTESIAN_POINT( '', ( 2.03230933652235, -0.0935057014422775, 5.14000000000000 ) );
#6386 = CARTESIAN_POINT( '', ( 2.03230933652235, -0.0935057014422775, 5.14000000000000 ) );
#6387 = CARTESIAN_POINT( '', ( 2.00066946513971, -0.130161649995332, 5.14000000000000 ) );
#6388 = CARTESIAN_POINT( '', ( 1.96169840404646, -0.147910846136811, 5.14000000000000 ) );
#6389 = CARTESIAN_POINT( '', ( 1.85713248764775, -0.147910846136810, 5.14000000000000 ) );
#6390 = CARTESIAN_POINT( '', ( 1.81237364520401, -0.127460685365107, 5.14000000000000 ) );
#6391 = CARTESIAN_POINT( '', ( 1.78034792173135, -0.0854028075516017, 5.14000000000000 ) );
#6392 = CARTESIAN_POINT( '', ( 1.74864979223346, -0.0437751435122152, 5.14000000000000 ) );
#6393 = CARTESIAN_POINT( '', ( 1.73288811465739, 0.00604413778601949, 5.14000000000000 ) );
#6394 = CARTESIAN_POINT( '', ( 1.73288811465739, 0.104436420744219, 5.14000000000000 ) );
#6395 = CARTESIAN_POINT( '', ( 1.73983345227798, 0.141478221387305, 5.14000000000000 ) );
#6396 = CARTESIAN_POINT( '', ( 1.76915821112041, 0.209388189232965, 5.14000000000000 ) );
#6397 = CARTESIAN_POINT( '', ( 1.79038007607219, 0.235626131355151, 5.14000000000000 ) );
#6398 = CARTESIAN_POINT( '', ( 1.84594277703682, 0.272667931998238, 5.14000000000000 ) );
#6399 = CARTESIAN_POINT( '', ( 1.87835435259951, 0.281928382159010, 5.14000000000000 ) );
#6400 = CARTESIAN_POINT( '', ( 1.96555692494679, 0.281928382159009, 5.14000000000000 ) );
#6401 = CARTESIAN_POINT( '', ( 2.00645724649019, 0.261478221387304, 5.14000000000000 ) );
#6402 = CARTESIAN_POINT( '', ( 2.03886882205289, 0.220963751933928, 5.14000000000000 ) );
#6403 = CARTESIAN_POINT( '', ( 1.81584631401430, -0.191512132310444, 5.14000000000000 ) );
#6404 = CARTESIAN_POINT( '', ( 1.81584631401430, -0.191512132310444, 5.14000000000000 ) );
#6405 = CARTESIAN_POINT( '', ( 1.81854727864453, -0.213505701442277, 5.14000000000000 ) );
#6406 = CARTESIAN_POINT( '', ( 1.82665017253520, -0.229325637133595, 5.14000000000000 ) );
#6407 = CARTESIAN_POINT( '', ( 1.84015499568633, -0.239357791474432, 5.14000000000000 ) );
#6408 = CARTESIAN_POINT( '', ( 1.85805723363522, -0.252656596807891, 5.14000000000000 ) );
#6409 = CARTESIAN_POINT( '', ( 1.88221287349984, -0.259807952246136, 5.14000000000000 ) );
#6410 = CARTESIAN_POINT( '', ( 1.94665017253521, -0.259807952246136, 5.14000000000000 ) );
#6411 = CARTESIAN_POINT( '', ( 1.97211641047733, -0.253248466715589, 5.14000000000000 ) );
#6412 = CARTESIAN_POINT( '', ( 2.00838650694035, -0.227010524593403, 5.14000000000000 ) );
#6413 = CARTESIAN_POINT( '', ( 2.02073377382138, -0.208489624271860, 5.14000000000000 ) );
#6414 = CARTESIAN_POINT( '', ( 2.02690740726190, -0.184952646779899, 5.14000000000000 ) );
#6415 = CARTESIAN_POINT( '', ( 2.03075409161332, -0.170287162690112, 5.14000000000000 ) );
#6416 = CARTESIAN_POINT( '', ( 2.03230933652235, -0.140193804336168, 5.14000000000000 ) );
#6417 = CARTESIAN_POINT( '', ( 2.03230933652235, -0.0935057014422775, 5.14000000000000 ) );
#6418 = CARTESIAN_POINT( '', ( 1.74639293780852, -0.182251682149672, 5.14000000000000 ) );
#6419 = CARTESIAN_POINT( '', ( 1.76954406321044, -0.185338498869930, 5.14000000000000 ) );
#6420 = CARTESIAN_POINT( '', ( 1.79269518861237, -0.188425315590187, 5.14000000000000 ) );
#6421 = CARTESIAN_POINT( '', ( 1.81584631401430, -0.191512132310444, 5.14000000000000 ) );
#6422 = COLOUR_RGB( '', 0.119999997300000, 0.119999997300000, 0.119999997300000 );
#6423 = CARTESIAN_POINT( '', ( -2.20000000000000, 2.65000000000000, 1.60000000000000 ) );
#6424 = CARTESIAN_POINT( '', ( -2.65000000000000, 2.20000000000000, 1.60000000000000 ) );
#6425 = AXIS2_PLACEMENT_3D( '', #8436, #8437, #8438 );
#6426 = CARTESIAN_POINT( '', ( -2.20000000000000, 2.65000000000000, 0.000000000000000 ) );
#6427 = CARTESIAN_POINT( '', ( -2.20000000000000, 2.65000000000000, 0.500000000000000 ) );
#6428 = VECTOR( '', #8439, 1000.00000000000 );
#6429 = CARTESIAN_POINT( '', ( -2.65000000000000, 2.20000000000000, 0.000000000000000 ) );
#6430 = AXIS2_PLACEMENT_3D( '', #8440, #8441, #8442 );
#6431 = CARTESIAN_POINT( '', ( -2.65000000000000, 2.20000000000000, 0.500000000000000 ) );
#6432 = VECTOR( '', #8443, 1000.00000000000 );
#6433 = COLOUR_RGB( '', 0.899999976200000, 0.000000000000000, 0.000000000000000 );
#6434 = CARTESIAN_POINT( '', ( -0.111326958831794, 1.39009200320195, 5.15000000000000 ) );
#6435 = CARTESIAN_POINT( '', ( -0.0869516651697761, 1.24928433038669, 5.15000000000000 ) );
#6436 = CARTESIAN_POINT( '', ( -0.111326958831793, 1.39009200320195, 5.15000000000000 ) );
#6437 = VECTOR( '', #8444, 1000.00000000000 );
#6438 = CARTESIAN_POINT( '', ( -0.111326958831794, 1.39009200320195, 5.14000000000000 ) );
#6439 = CARTESIAN_POINT( '', ( -0.111326958831794, 1.39009200320195, 5.14000000000000 ) );
#6440 = VECTOR( '', #8445, 1000.00000000000 );
#6441 = CARTESIAN_POINT( '', ( -0.0869516651697761, 1.24928433038669, 5.14000000000000 ) );
#6442 = CARTESIAN_POINT( '', ( -0.111326958831793, 1.39009200320195, 5.14000000000000 ) );
#6443 = VECTOR( '', #8446, 1000.00000000000 );
#6444 = CARTESIAN_POINT( '', ( -0.0869516651697761, 1.24928433038669, 5.14000000000000 ) );
#6445 = VECTOR( '', #8447, 1000.00000000000 );
#6446 = COLOUR_RGB( '', 0.899999976200000, 0.000000000000000, 0.000000000000000 );
#6447 = CARTESIAN_POINT( '', ( 1.37944760018794, -0.147910846136809, 5.15000000000000 ) );
#6448 = CARTESIAN_POINT( '', ( 1.30845081562202, -0.147910846136808, 5.15000000000000 ) );
#6449 = CARTESIAN_POINT( '', ( 1.37944760018794, -0.147910846136809, 5.15000000000000 ) );
#6450 = CARTESIAN_POINT( '', ( 1.35578200533263, -0.147910846136809, 5.15000000000000 ) );
#6451 = CARTESIAN_POINT( '', ( 1.33211641047733, -0.147910846136808, 5.15000000000000 ) );
#6452 = CARTESIAN_POINT( '', ( 1.30845081562202, -0.147910846136808, 5.15000000000000 ) );
#6453 = CARTESIAN_POINT( '', ( 1.37944760018794, -0.147910846136809, 5.14000000000000 ) );
#6454 = CARTESIAN_POINT( '', ( 1.37944760018794, -0.147910846136809, 5.14000000000000 ) );
#6455 = VECTOR( '', #8448, 1000.00000000000 );
#6456 = CARTESIAN_POINT( '', ( 1.30845081562202, -0.147910846136808, 5.14000000000000 ) );
#6457 = CARTESIAN_POINT( '', ( 1.37944760018794, -0.147910846136809, 5.14000000000000 ) );
#6458 = CARTESIAN_POINT( '', ( 1.35578200533263, -0.147910846136809, 5.14000000000000 ) );
#6459 = CARTESIAN_POINT( '', ( 1.33211641047733, -0.147910846136808, 5.14000000000000 ) );
#6460 = CARTESIAN_POINT( '', ( 1.30845081562202, -0.147910846136808, 5.14000000000000 ) );
#6461 = CARTESIAN_POINT( '', ( 1.30845081562202, -0.147910846136808, 5.14000000000000 ) );
#6462 = VECTOR( '', #8449, 1000.00000000000 );
#6463 = COLOUR_RGB( '', 0.899999976200000, 0.000000000000000, 0.000000000000000 );
#6464 = CARTESIAN_POINT( '', ( 1.13018715002717, 0.350224202094704, 5.15000000000000 ) );
#6465 = CARTESIAN_POINT( '', ( 1.13018715002717, 0.431638993091488, 5.15000000000000 ) );
#6466 = CARTESIAN_POINT( '', ( 1.13018715002717, 0.350224202094704, 5.15000000000000 ) );
#6467 = CARTESIAN_POINT( '', ( 1.13018715002717, 0.431638993091488, 5.15000000000000 ) );
#6468 = CARTESIAN_POINT( '', ( 1.13018715002717, 0.350224202094704, 5.14000000000000 ) );
#6469 = CARTESIAN_POINT( '', ( 1.13018715002717, 0.350224202094704, 5.14000000000000 ) );
#6470 = VECTOR( '', #8450, 1000.00000000000 );
#6471 = CARTESIAN_POINT( '', ( 1.13018715002717, 0.431638993091488, 5.14000000000000 ) );
#6472 = CARTESIAN_POINT( '', ( 1.13018715002717, 0.350224202094704, 5.14000000000000 ) );
#6473 = CARTESIAN_POINT( '', ( 1.13018715002717, 0.431638993091488, 5.14000000000000 ) );
#6474 = CARTESIAN_POINT( '', ( 1.13018715002717, 0.431638993091488, 5.14000000000000 ) );
#6475 = VECTOR( '', #8451, 1000.00000000000 );
#6476 = COLOUR_RGB( '', 0.899999976200000, 0.000000000000000, 0.000000000000000 );
#6477 = CARTESIAN_POINT( '', ( -0.900000000000000, -2.06215906273012, 5.14000000000000 ) );
#6478 = CARTESIAN_POINT( '', ( -0.900000000000000, 2.06215906273012, 5.14000000000000 ) );
#6479 = AXIS2_PLACEMENT_3D( '', #8452, #8453, #8454 );
#6480 = CARTESIAN_POINT( '', ( -0.900000000000000, 2.06215906273012, 5.14000000000000 ) );
#6481 = VECTOR( '', #8455, 1000.00000000000 );
#6482 = COLOUR_RGB( '', 0.899999976200000, 0.000000000000000, 0.000000000000000 );
#6483 = CARTESIAN_POINT( '', ( -0.900000000000000, 2.06215906273012, 5.15000000000000 ) );
#6484 = CARTESIAN_POINT( '', ( -0.900000000000000, -2.06215906273012, 5.15000000000000 ) );
#6485 = CARTESIAN_POINT( '', ( -0.900000000000000, 2.06215906273012, 5.15000000000000 ) );
#6486 = VECTOR( '', #8456, 1000.00000000000 );
#6487 = CARTESIAN_POINT( '', ( -0.900000000000000, 2.06215906273012, 5.14000000000000 ) );
#6488 = VECTOR( '', #8457, 1000.00000000000 );
#6489 = CARTESIAN_POINT( '', ( -0.900000000000000, -2.06215906273012, 5.14000000000000 ) );
#6490 = VECTOR( '', #8458, 1000.00000000000 );
#6491 = COLOUR_RGB( '', 0.119999997300000, 0.119999997300000, 0.119999997300000 );
#6492 = CARTESIAN_POINT( '', ( 0.362500000000000, 0.000000000000000, 0.0500000000000000 ) );
#6493 = AXIS2_PLACEMENT_3D( '', #8459, #8460, #8461 );
#6494 = CARTESIAN_POINT( '', ( 0.362500000000000, 0.000000000000000, 0.150000000000000 ) );
#6495 = AXIS2_PLACEMENT_3D( '', #8462, #8463, #8464 );
#6496 = COLOUR_RGB( '', 0.899999976200000, 0.000000000000000, 0.000000000000000 );
#6497 = CARTESIAN_POINT( '', ( 0.611136500959135, 0.829597035134969, 5.15000000000000 ) );
#6498 = CARTESIAN_POINT( '', ( 0.738511772890017, 1.04488477191763, 5.15000000000000 ) );
#6499 = CARTESIAN_POINT( '', ( 0.611136500959136, 0.829597035134969, 5.15000000000000 ) );
#6500 = VECTOR( '', #8465, 1000.00000000000 );
#6501 = CARTESIAN_POINT( '', ( 0.738511772890017, 1.04488477191763, 5.14000000000000 ) );
#6502 = CARTESIAN_POINT( '', ( 0.738511772890017, 1.04488477191763, 5.14000000000000 ) );
#6503 = VECTOR( '', #8466, 1000.00000000000 );
#6504 = CARTESIAN_POINT( '', ( 0.611136500959135, 0.829597035134969, 5.14000000000000 ) );
#6505 = CARTESIAN_POINT( '', ( 0.611136500959136, 0.829597035134969, 5.14000000000000 ) );
#6506 = VECTOR( '', #8467, 1000.00000000000 );
#6507 = CARTESIAN_POINT( '', ( 0.611136500959135, 0.829597035134969, 5.14000000000000 ) );
#6508 = VECTOR( '', #8468, 1000.00000000000 );
#6509 = COLOUR_RGB( '', 0.899999976200000, 0.000000000000000, 0.000000000000000 );
#6510 = CARTESIAN_POINT( '', ( 1.13125219467687, 1.71231915965340, 5.15000000000000 ) );
#6511 = CARTESIAN_POINT( '', ( 0.500695355601511, 1.71231915965340, 5.15000000000000 ) );
#6512 = CARTESIAN_POINT( '', ( 1.13125219467687, 1.71231915965340, 5.15000000000000 ) );
#6513 = VECTOR( '', #8469, 1000.00000000000 );
#6514 = CARTESIAN_POINT( '', ( 0.500695355601511, 1.71231915965340, 5.14000000000000 ) );
#6515 = CARTESIAN_POINT( '', ( 0.500695355601511, 1.71231915965340, 5.14000000000000 ) );
#6516 = VECTOR( '', #8470, 1000.00000000000 );
#6517 = CARTESIAN_POINT( '', ( 1.13125219467687, 1.71231915965340, 5.14000000000000 ) );
#6518 = CARTESIAN_POINT( '', ( 1.13125219467687, 1.71231915965340, 5.14000000000000 ) );
#6519 = VECTOR( '', #8471, 1000.00000000000 );
#6520 = CARTESIAN_POINT( '', ( 1.13125219467687, 1.71231915965340, 5.14000000000000 ) );
#6521 = VECTOR( '', #8472, 1000.00000000000 );
#6522 = COLOUR_RGB( '', 0.899999976200000, 0.000000000000000, 0.000000000000000 );
#6523 = CARTESIAN_POINT( '', ( 1.74639293780852, -0.182251682149672, 5.15000000000000 ) );
#6524 = CARTESIAN_POINT( '', ( 1.81584631401430, -0.191512132310444, 5.15000000000000 ) );
#6525 = CARTESIAN_POINT( '', ( 1.74639293780852, -0.182251682149672, 5.15000000000000 ) );
#6526 = CARTESIAN_POINT( '', ( 1.76954406321044, -0.185338498869930, 5.15000000000000 ) );
#6527 = CARTESIAN_POINT( '', ( 1.79269518861237, -0.188425315590187, 5.15000000000000 ) );
#6528 = CARTESIAN_POINT( '', ( 1.81584631401430, -0.191512132310444, 5.15000000000000 ) );
#6529 = CARTESIAN_POINT( '', ( 1.74639293780852, -0.182251682149672, 5.14000000000000 ) );
#6530 = VECTOR( '', #8473, 1000.00000000000 );
#6531 = CARTESIAN_POINT( '', ( 1.81584631401430, -0.191512132310444, 5.14000000000000 ) );
#6532 = VECTOR( '', #8474, 1000.00000000000 );
#6533 = COLOUR_RGB( '', 0.119999997300000, 0.119999997300000, 0.119999997300000 );
#6534 = CARTESIAN_POINT( '', ( 0.825000000000000, -2.30691894092532, 0.500000000000000 ) );
#6535 = CARTESIAN_POINT( '', ( 2.30691894092532, -0.825000000000000, 0.500000000000000 ) );
#6536 = AXIS2_PLACEMENT_3D( '', #8475, #8476, #8477 );
#6537 = CARTESIAN_POINT( '', ( 0.825000000000000, -2.30691894092532, 0.900000000000000 ) );
#6538 = CARTESIAN_POINT( '', ( 0.825000000000000, -2.30691894092532, 0.900000000000000 ) );
#6539 = VECTOR( '', #8478, 1000.00000000000 );
#6540 = CARTESIAN_POINT( '', ( 2.30691894092532, -0.825000000000000, 0.900000000000000 ) );
#6541 = AXIS2_PLACEMENT_3D( '', #8479, #8480, #8481 );
#6542 = CARTESIAN_POINT( '', ( 2.30691894092532, -0.825000000000000, 0.900000000000000 ) );
#6543 = VECTOR( '', #8482, 1000.00000000000 );
#6544 = COLOUR_RGB( '', 0.899999976200000, 0.000000000000000, 0.000000000000000 );
#6545 = CARTESIAN_POINT( '', ( -0.00769066347765419, 0.152667931998245, 5.15000000000000 ) );
#6546 = CARTESIAN_POINT( '', ( 0.366585863853534, -0.147910846136804, 5.15000000000000 ) );
#6547 = CARTESIAN_POINT( '', ( -0.00769066347765419, 0.152667931998245, 5.15000000000000 ) );
#6548 = CARTESIAN_POINT( '', ( -0.00151703003713980, 0.182378542930721, 5.15000000000000 ) );
#6549 = CARTESIAN_POINT( '', ( 0.00890097639372808, 0.206301372512715, 5.15000000000000 ) );
#6550 = CARTESIAN_POINT( '', ( 0.0235633558149505, 0.224822272834258, 5.15000000000000 ) );
#6551 = CARTESIAN_POINT( '', ( 0.0380379566309916, 0.243105979128204, 5.15000000000000 ) );
#6552 = CARTESIAN_POINT( '', ( 0.0590617480979087, 0.257233848396959, 5.15000000000000 ) );
#6553 = CARTESIAN_POINT( '', ( 0.0864572464901918, 0.267266002737794, 5.15000000000000 ) );
#6554 = CARTESIAN_POINT( '', ( 0.114068382004681, 0.277377122785354, 5.15000000000000 ) );
#6555 = CARTESIAN_POINT( '', ( 0.145878468355144, 0.281928382159017, 5.15000000000000 ) );
#6556 = CARTESIAN_POINT( '', ( 0.218032809191157, 0.281928382159016, 5.15000000000000 ) );
#6557 = CARTESIAN_POINT( '', ( 0.246971715943568, 0.277684009168663, 5.15000000000000 ) );
#6558 = CARTESIAN_POINT( '', ( 0.269736989255465, 0.269195263187955, 5.15000000000000 ) );
#6559 = CARTESIAN_POINT( '', ( 0.292163510707235, 0.260832831460176, 5.15000000000000 ) );
#6560 = CARTESIAN_POINT( '', ( 0.308708050348713, 0.250288510776379, 5.15000000000000 ) );
#6561 = CARTESIAN_POINT( '', ( 0.329544063210448, 0.224822272834257, 5.15000000000000 ) );
#6562 = CARTESIAN_POINT( '', ( 0.336875252921060, 0.208616485052906, 5.15000000000000 ) );
#6563 = CARTESIAN_POINT( '', ( 0.341119625911413, 0.189323880551299, 5.15000000000000 ) );
#6564 = CARTESIAN_POINT( '', ( 0.343835312101731, 0.176979852413490, 5.15000000000000 ) );
#6565 = CARTESIAN_POINT( '', ( 0.344978146811735, 0.154983044538437, 5.15000000000000 ) );
#6566 = CARTESIAN_POINT( '', ( 0.344978146811735, 0.123343173155800, 5.15000000000000 ) );
#6567 = CARTESIAN_POINT( '', ( 0.344978146811734, 0.0915746844098194, 5.15000000000000 ) );
#6568 = CARTESIAN_POINT( '', ( 0.344978146811734, 0.0598061956638387, 5.15000000000000 ) );
#6569 = CARTESIAN_POINT( '', ( 0.344978146811734, 0.0280377069178582, 5.15000000000000 ) );
#6570 = CARTESIAN_POINT( '', ( 0.344978146811734, -0.0383288525676725, 5.15000000000000 ) );
#6571 = CARTESIAN_POINT( '', ( 0.346521555171862, -0.0803867303811773, 5.15000000000000 ) );
#6572 = CARTESIAN_POINT( '', ( 0.349222519802087, -0.0977500744326243, 5.15000000000000 ) );
#6573 = CARTESIAN_POINT( '', ( 0.351991203892665, -0.115548757872053, 5.15000000000000 ) );
#6574 = CARTESIAN_POINT( '', ( 0.358097117872826, -0.132090910445486, 5.15000000000000 ) );
#6575 = CARTESIAN_POINT( '', ( 0.366585863853534, -0.147910846136804, 5.15000000000000 ) );
#6576 = CARTESIAN_POINT( '', ( -0.00769066347765419, 0.152667931998245, 5.14000000000000 ) );
#6577 = CARTESIAN_POINT( '', ( -0.00769066347765419, 0.152667931998245, 5.14000000000000 ) );
#6578 = VECTOR( '', #8483, 1000.00000000000 );
#6579 = CARTESIAN_POINT( '', ( 0.366585863853534, -0.147910846136804, 5.14000000000000 ) );
#6580 = CARTESIAN_POINT( '', ( -0.00769066347765419, 0.152667931998245, 5.14000000000000 ) );
#6581 = CARTESIAN_POINT( '', ( -0.00151703003713980, 0.182378542930721, 5.14000000000000 ) );
#6582 = CARTESIAN_POINT( '', ( 0.00890097639372808, 0.206301372512715, 5.14000000000000 ) );
#6583 = CARTESIAN_POINT( '', ( 0.0235633558149505, 0.224822272834258, 5.14000000000000 ) );
#6584 = CARTESIAN_POINT( '', ( 0.0380379566309916, 0.243105979128204, 5.14000000000000 ) );
#6585 = CARTESIAN_POINT( '', ( 0.0590617480979087, 0.257233848396959, 5.14000000000000 ) );
#6586 = CARTESIAN_POINT( '', ( 0.0864572464901918, 0.267266002737794, 5.14000000000000 ) );
#6587 = CARTESIAN_POINT( '', ( 0.114068382004681, 0.277377122785354, 5.14000000000000 ) );
#6588 = CARTESIAN_POINT( '', ( 0.145878468355144, 0.281928382159017, 5.14000000000000 ) );
#6589 = CARTESIAN_POINT( '', ( 0.218032809191157, 0.281928382159016, 5.14000000000000 ) );
#6590 = CARTESIAN_POINT( '', ( 0.246971715943568, 0.277684009168663, 5.14000000000000 ) );
#6591 = CARTESIAN_POINT( '', ( 0.269736989255465, 0.269195263187955, 5.14000000000000 ) );
#6592 = CARTESIAN_POINT( '', ( 0.292163510707235, 0.260832831460176, 5.14000000000000 ) );
#6593 = CARTESIAN_POINT( '', ( 0.308708050348713, 0.250288510776379, 5.14000000000000 ) );
#6594 = CARTESIAN_POINT( '', ( 0.329544063210448, 0.224822272834257, 5.14000000000000 ) );
#6595 = CARTESIAN_POINT( '', ( 0.336875252921060, 0.208616485052906, 5.14000000000000 ) );
#6596 = CARTESIAN_POINT( '', ( 0.341119625911413, 0.189323880551299, 5.14000000000000 ) );
#6597 = CARTESIAN_POINT( '', ( 0.343835312101731, 0.176979852413490, 5.14000000000000 ) );
#6598 = CARTESIAN_POINT( '', ( 0.344978146811735, 0.154983044538437, 5.14000000000000 ) );
#6599 = CARTESIAN_POINT( '', ( 0.344978146811735, 0.123343173155800, 5.14000000000000 ) );
#6600 = CARTESIAN_POINT( '', ( 0.344978146811734, 0.0915746844098194, 5.14000000000000 ) );
#6601 = CARTESIAN_POINT( '', ( 0.344978146811734, 0.0598061956638387, 5.14000000000000 ) );
#6602 = CARTESIAN_POINT( '', ( 0.344978146811734, 0.0280377069178582, 5.14000000000000 ) );
#6603 = CARTESIAN_POINT( '', ( 0.344978146811734, -0.0383288525676725, 5.14000000000000 ) );
#6604 = CARTESIAN_POINT( '', ( 0.346521555171862, -0.0803867303811773, 5.14000000000000 ) );
#6605 = CARTESIAN_POINT( '', ( 0.349222519802087, -0.0977500744326243, 5.14000000000000 ) );
#6606 = CARTESIAN_POINT( '', ( 0.351991203892665, -0.115548757872053, 5.14000000000000 ) );
#6607 = CARTESIAN_POINT( '', ( 0.358097117872826, -0.132090910445486, 5.14000000000000 ) );
#6608 = CARTESIAN_POINT( '', ( 0.366585863853534, -0.147910846136804, 5.14000000000000 ) );
#6609 = CARTESIAN_POINT( '', ( 0.366585863853534, -0.147910846136804, 5.14000000000000 ) );
#6610 = VECTOR( '', #8484, 1000.00000000000 );
#6611 = COLOUR_RGB( '', 0.899999976200000, 0.000000000000000, 0.000000000000000 );
#6612 = CARTESIAN_POINT( '', ( 2.03886882205289, 0.220963751933928, 5.15000000000000 ) );
#6613 = CARTESIAN_POINT( '', ( 2.03886882205289, 0.272667931998236, 5.15000000000000 ) );
#6614 = CARTESIAN_POINT( '', ( 2.03886882205289, 0.220963751933928, 5.15000000000000 ) );
#6615 = CARTESIAN_POINT( '', ( 2.03886882205289, 0.238198478622031, 5.15000000000000 ) );
#6616 = CARTESIAN_POINT( '', ( 2.03886882205289, 0.255433205310134, 5.15000000000000 ) );
#6617 = CARTESIAN_POINT( '', ( 2.03886882205289, 0.272667931998236, 5.15000000000000 ) );
#6618 = CARTESIAN_POINT( '', ( 2.03886882205289, 0.220963751933928, 5.14000000000000 ) );
#6619 = VECTOR( '', #8485, 1000.00000000000 );
#6620 = CARTESIAN_POINT( '', ( 2.03886882205289, 0.272667931998236, 5.14000000000000 ) );
#6621 = VECTOR( '', #8486, 1000.00000000000 );
#6622 = COLOUR_RGB( '', 0.899999976200000, 0.000000000000000, 0.000000000000000 );
#6623 = CARTESIAN_POINT( '', ( 2.10292026899823, 0.272667931998237, 5.15000000000000 ) );
#6624 = CARTESIAN_POINT( '', ( 2.10292026899823, 0.272667931998237, 5.15000000000000 ) );
#6625 = CARTESIAN_POINT( '', ( 2.10292026899823, 0.151510375728140, 5.15000000000000 ) );
#6626 = CARTESIAN_POINT( '', ( 2.10292026899823, 0.0303528194580439, 5.15000000000000 ) );
#6627 = CARTESIAN_POINT( '', ( 2.10292026899823, -0.0908047368120528, 5.15000000000000 ) );
#6628 = CARTESIAN_POINT( '', ( 2.10292026899823, -0.156013740027487, 5.15000000000000 ) );
#6629 = CARTESIAN_POINT( '', ( 2.09636078346768, -0.202701842921378, 5.15000000000000 ) );
#6630 = CARTESIAN_POINT( '', ( 2.08285596031655, -0.229711489223628, 5.15000000000000 ) );
#6631 = CARTESIAN_POINT( '', ( 2.06927396674743, -0.256875476361892, 5.15000000000000 ) );
#6632 = CARTESIAN_POINT( '', ( 2.04851512430369, -0.278714704657712, 5.15000000000000 ) );
#6633 = CARTESIAN_POINT( '', ( 1.99063731079887, -0.310354576040348, 5.15000000000000 ) );
#6634 = CARTESIAN_POINT( '', ( 1.95513891851592, -0.318071617840991, 5.15000000000000 ) );
#6635 = CARTESIAN_POINT( '', ( 1.86253441690819, -0.318071617840991, 5.15000000000000 ) );
#6636 = CARTESIAN_POINT( '', ( 1.82201994745482, -0.306881907230058, 5.15000000000000 ) );
#6637 = CARTESIAN_POINT( '', ( 1.79115178025225, -0.284502486008193, 5.15000000000000 ) );
#6638 = CARTESIAN_POINT( '', ( 1.76010025031946, -0.261990126806928, 5.15000000000000 ) );
#6639 = CARTESIAN_POINT( '', ( 1.74523538153842, -0.227782228773466, 5.15000000000000 ) );
#6640 = CARTESIAN_POINT( '', ( 1.74639293780852, -0.182251682149672, 5.15000000000000 ) );
#6641 = CARTESIAN_POINT( '', ( 2.10292026899823, 0.272667931998237, 5.14000000000000 ) );
#6642 = VECTOR( '', #8487, 1000.00000000000 );
#6643 = COLOUR_RGB( '', 0.119999997300000, 0.119999997300000, 0.119999997300000 );
#6644 = CARTESIAN_POINT( '', ( 1.16674107142857, 0.329956849060160, 0.0500000000000000 ) );
#6645 = CARTESIAN_POINT( '', ( -1.16674107142857, 0.329956849060160, 0.0500000000000000 ) );
#6646 = AXIS2_PLACEMENT_3D( '', #8488, #8489, #8490 );
#6647 = CARTESIAN_POINT( '', ( 1.16674107142857, 0.329956849060160, 0.150000000000000 ) );
#6648 = CARTESIAN_POINT( '', ( 1.16674107142857, 0.329956849060160, 0.300000000000000 ) );
#6649 = VECTOR( '', #8491, 1000.00000000000 );
#6650 = CARTESIAN_POINT( '', ( -1.16674107142857, 0.329956849060160, 0.150000000000000 ) );
#6651 = AXIS2_PLACEMENT_3D( '', #8492, #8493, #8494 );
#6652 = CARTESIAN_POINT( '', ( -1.16674107142857, 0.329956849060160, 0.300000000000000 ) );
#6653 = VECTOR( '', #8495, 1000.00000000000 );
#6654 = COLOUR_RGB( '', 0.899999976200000, 0.000000000000000, 0.000000000000000 );
#6655 = CARTESIAN_POINT( '', ( 0.812444692218461, 1.17076907470757, 5.15000000000000 ) );
#6656 = CARTESIAN_POINT( '', ( 0.940763788651407, 1.39009200320195, 5.15000000000000 ) );
#6657 = CARTESIAN_POINT( '', ( 0.812444692218462, 1.17076907470757, 5.15000000000000 ) );
#6658 = VECTOR( '', #8496, 1000.00000000000 );
#6659 = CARTESIAN_POINT( '', ( 0.940763788651407, 1.39009200320195, 5.14000000000000 ) );
#6660 = CARTESIAN_POINT( '', ( 0.940763788651407, 1.39009200320195, 5.14000000000000 ) );
#6661 = VECTOR( '', #8497, 1000.00000000000 );
#6662 = CARTESIAN_POINT( '', ( 0.812444692218461, 1.17076907470757, 5.14000000000000 ) );
#6663 = CARTESIAN_POINT( '', ( 0.812444692218462, 1.17076907470757, 5.14000000000000 ) );
#6664 = VECTOR( '', #8498, 1000.00000000000 );
#6665 = CARTESIAN_POINT( '', ( 0.812444692218461, 1.17076907470757, 5.14000000000000 ) );
#6666 = VECTOR( '', #8499, 1000.00000000000 );
#6667 = COLOUR_RGB( '', 0.119999997300000, 0.119999997300000, 0.119999997300000 );
#6668 = CARTESIAN_POINT( '', ( 2.65000000000000, 2.20000000000000, 0.000000000000000 ) );
#6669 = CARTESIAN_POINT( '', ( 2.65000000000000, -1.65000000000000, 0.000000000000000 ) );
#6670 = CARTESIAN_POINT( '', ( 2.65000000000000, 2.65000000000000, 0.000000000000000 ) );
#6671 = VECTOR( '', #8500, 1000.00000000000 );
#6672 = CARTESIAN_POINT( '', ( 2.65000000000000, 2.20000000000000, 1.60000000000000 ) );
#6673 = CARTESIAN_POINT( '', ( 2.65000000000000, 2.20000000000000, 0.500000000000000 ) );
#6674 = VECTOR( '', #8501, 1000.00000000000 );
#6675 = CARTESIAN_POINT( '', ( 2.65000000000000, 0.825000000000000, 1.60000000000000 ) );
#6676 = CARTESIAN_POINT( '', ( 2.65000000000000, 2.65000000000000, 1.60000000000000 ) );
#6677 = VECTOR( '', #8502, 1000.00000000000 );
#6678 = CARTESIAN_POINT( '', ( 2.65000000000000, 0.825000000000000, 0.500000000000000 ) );
#6679 = CARTESIAN_POINT( '', ( 2.65000000000000, 0.825000000000000, 1.60000000000000 ) );
#6680 = VECTOR( '', #8503, 1000.00000000000 );
#6681 = CARTESIAN_POINT( '', ( 2.65000000000000, -0.825000000000000, 0.500000000000000 ) );
#6682 = CARTESIAN_POINT( '', ( 2.65000000000000, 2.65000000000000, 0.500000000000000 ) );
#6683 = VECTOR( '', #8504, 1000.00000000000 );
#6684 = CARTESIAN_POINT( '', ( 2.65000000000000, -0.825000000000000, 0.900000000000000 ) );
#6685 = CARTESIAN_POINT( '', ( 2.65000000000000, -0.825000000000000, 0.900000000000000 ) );
#6686 = VECTOR( '', #8505, 1000.00000000000 );
#6687 = CARTESIAN_POINT( '', ( 2.65000000000000, -1.65000000000000, 0.900000000000000 ) );
#6688 = CARTESIAN_POINT( '', ( 2.65000000000000, -1.65000000000000, 0.900000000000000 ) );
#6689 = VECTOR( '', #8506, 1000.00000000000 );
#6690 = CARTESIAN_POINT( '', ( 2.65000000000000, -1.65000000000000, 0.500000000000000 ) );
#6691 = VECTOR( '', #8507, 1000.00000000000 );
#6692 = COLOUR_RGB( '', 0.119999997300000, 0.119999997300000, 0.119999997300000 );
#6693 = CARTESIAN_POINT( '', ( 2.30691894092532, 0.825000000000000, 0.500000000000000 ) );
#6694 = CARTESIAN_POINT( '', ( 0.825000000000000, 2.30691894092532, 0.500000000000000 ) );
#6695 = AXIS2_PLACEMENT_3D( '', #8508, #8509, #8510 );
#6696 = CARTESIAN_POINT( '', ( 2.30691894092532, 0.825000000000000, 1.60000000000000 ) );
#6697 = CARTESIAN_POINT( '', ( 2.30691894092532, 0.825000000000000, 1.60000000000000 ) );
#6698 = VECTOR( '', #8511, 1000.00000000000 );
#6699 = CARTESIAN_POINT( '', ( 0.825000000000000, 2.30691894092532, 1.60000000000000 ) );
#6700 = AXIS2_PLACEMENT_3D( '', #8512, #8513, #8514 );
#6701 = CARTESIAN_POINT( '', ( 0.825000000000000, 2.30691894092532, 1.60000000000000 ) );
#6702 = VECTOR( '', #8515, 1000.00000000000 );
#6703 = COLOUR_RGB( '', 0.699999988100000, 0.699999988100000, 0.699999988100000 );
#6704 = CARTESIAN_POINT( '', ( 1.20000000000000, 0.325000000000000, -0.300000000000000 ) );
#6705 = CARTESIAN_POINT( '', ( 1.25000000000000, 0.325000000000000, -0.350000000000000 ) );
#6706 = AXIS2_PLACEMENT_3D( '', #8516, #8517, #8518 );
#6707 = CARTESIAN_POINT( '', ( 1.20000000000000, -0.325000000000000, -0.300000000000000 ) );
#6708 = CARTESIAN_POINT( '', ( 1.20000000000000, 0.325000000000000, -0.300000000000000 ) );
#6709 = VECTOR( '', #8519, 1000.00000000000 );
#6710 = CARTESIAN_POINT( '', ( 1.25000000000000, -0.325000000000000, -0.350000000000000 ) );
#6711 = AXIS2_PLACEMENT_3D( '', #8520, #8521, #8522 );
#6712 = CARTESIAN_POINT( '', ( 1.25000000000000, 0.325000000000000, -0.350000000000000 ) );
#6713 = VECTOR( '', #8523, 1000.00000000000 );
#6714 = COLOUR_RGB( '', 0.119999997300000, 0.119999997300000, 0.119999997300000 );
#6715 = CARTESIAN_POINT( '', ( 0.500000000000000, 0.950000000000000, 0.000000000000000 ) );
#6716 = CARTESIAN_POINT( '', ( -0.500000000000000, 0.950000000000000, 0.000000000000000 ) );
#6717 = AXIS2_PLACEMENT_3D( '', #8524, #8525, #8526 );
#6718 = CARTESIAN_POINT( '', ( -0.500000000000000, 0.950000000000000, 0.200000000000000 ) );
#6719 = CARTESIAN_POINT( '', ( -0.500000000000000, 0.950000000000000, 0.200000000000000 ) );
#6720 = VECTOR( '', #8527, 1000.00000000000 );
#6721 = CARTESIAN_POINT( '', ( 0.500000000000000, 0.950000000000000, 0.200000000000000 ) );
#6722 = AXIS2_PLACEMENT_3D( '', #8528, #8529, #8530 );
#6723 = CARTESIAN_POINT( '', ( 0.500000000000000, 0.950000000000000, 0.200000000000000 ) );
#6724 = VECTOR( '', #8531, 1000.00000000000 );
#6725 = COLOUR_RGB( '', 0.699999988100000, 0.699999988100000, 0.699999988100000 );
#6726 = CARTESIAN_POINT( '', ( 1.75000000000000, 0.000000000000000, -7.25143465093581E-17 ) );
#6727 = AXIS2_PLACEMENT_3D( '', #8532, #8533, #8534 );
#6728 = CARTESIAN_POINT( '', ( 2.20000000000000, 0.000000000000000, 3.67424069564532E-16 ) );
#6729 = AXIS2_PLACEMENT_3D( '', #8535, #8536, #8537 );
#6730 = COLOUR_RGB( '', 0.119999997300000, 0.119999997300000, 0.119999997300000 );
#6731 = CARTESIAN_POINT( '', ( -0.825000000000000, 2.65000000000000, 1.60000000000000 ) );
#6732 = CARTESIAN_POINT( '', ( -0.825000000000000, 2.65000000000000, 1.60000000000000 ) );
#6733 = VECTOR( '', #8538, 1000.00000000000 );
#6734 = CARTESIAN_POINT( '', ( -2.65000000000000, 0.825000000000000, 1.60000000000000 ) );
#6735 = CARTESIAN_POINT( '', ( -2.65000000000000, 0.825000000000000, 1.60000000000000 ) );
#6736 = VECTOR( '', #8539, 1000.00000000000 );
#6737 = CARTESIAN_POINT( '', ( -2.30691894092532, 0.825000000000000, 1.60000000000000 ) );
#6738 = CARTESIAN_POINT( '', ( -2.65000000000000, 0.825000000000000, 1.60000000000000 ) );
#6739 = VECTOR( '', #8540, 1000.00000000000 );
#6740 = CARTESIAN_POINT( '', ( -0.825000000000000, 2.30691894092532, 1.60000000000000 ) );
#6741 = AXIS2_PLACEMENT_3D( '', #8541, #8542, #8543 );
#6742 = CARTESIAN_POINT( '', ( -0.825000000000000, 2.30691894092532, 1.60000000000000 ) );
#6743 = VECTOR( '', #8544, 1000.00000000000 );
#6744 = COLOUR_RGB( '', 0.119999997300000, 0.119999997300000, 0.119999997300000 );
#6745 = CARTESIAN_POINT( '', ( -1.15000000000000, -1.45000000000000, -0.0600000000000000 ) );
#6746 = AXIS2_PLACEMENT_3D( '', #8545, #8546, #8547 );
#6747 = CARTESIAN_POINT( '', ( -2.15000000000000, -1.45000000000000, 0.000000000000000 ) );
#6748 = AXIS2_PLACEMENT_3D( '', #8548, #8549, #8550 );
#6749 = COLOUR_RGB( '', 0.899999976200000, 0.000000000000000, 0.000000000000000 );
#6750 = CARTESIAN_POINT( '', ( 0.364675198376418, 1.04488477191763, 5.15000000000000 ) );
#6751 = CARTESIAN_POINT( '', ( 0.438772261096519, 1.17076907470757, 5.15000000000000 ) );
#6752 = CARTESIAN_POINT( '', ( 0.364675198376417, 1.04488477191763, 5.15000000000000 ) );
#6753 = VECTOR( '', #8551, 1000.00000000000 );
#6754 = CARTESIAN_POINT( '', ( 0.438772261096519, 1.17076907470757, 5.14000000000000 ) );
#6755 = CARTESIAN_POINT( '', ( 0.438772261096519, 1.17076907470757, 5.14000000000000 ) );
#6756 = VECTOR( '', #8552, 1000.00000000000 );
#6757 = CARTESIAN_POINT( '', ( 0.364675198376418, 1.04488477191763, 5.14000000000000 ) );
#6758 = CARTESIAN_POINT( '', ( 0.364675198376417, 1.04488477191763, 5.14000000000000 ) );
#6759 = VECTOR( '', #8553, 1000.00000000000 );
#6760 = CARTESIAN_POINT( '', ( 0.364675198376418, 1.04488477191763, 5.14000000000000 ) );
#6761 = VECTOR( '', #8554, 1000.00000000000 );
#6762 = COLOUR_RGB( '', 0.899999976200000, 0.000000000000000, 0.000000000000000 );
#6763 = CARTESIAN_POINT( '', ( -0.636626848002936, 0.829597035134968, 5.14000000000000 ) );
#6764 = CARTESIAN_POINT( '', ( -0.682655390748578, 1.71231915965340, 5.14000000000000 ) );
#6765 = CARTESIAN_POINT( '', ( -0.636626848002937, 0.829597035134968, 5.14000000000000 ) );
#6766 = VECTOR( '', #8555, 1000.00000000000 );
#6767 = CARTESIAN_POINT( '', ( -0.428123704742302, 0.829597035134964, 5.14000000000000 ) );
#6768 = CARTESIAN_POINT( '', ( -0.428123704742303, 0.829597035134968, 5.14000000000000 ) );
#6769 = VECTOR( '', #8556, 1000.00000000000 );
#6770 = CARTESIAN_POINT( '', ( -0.327941521363725, 0.981224493184059, 5.14000000000000 ) );
#6771 = CARTESIAN_POINT( '', ( -0.327941521363725, 0.981224493184055, 5.14000000000000 ) );
#6772 = VECTOR( '', #8557, 1000.00000000000 );
#6773 = CARTESIAN_POINT( '', ( -0.306274593664152, 0.829597035134968, 5.14000000000000 ) );
#6774 = CARTESIAN_POINT( '', ( -0.306274593664153, 0.829597035134969, 5.14000000000000 ) );
#6775 = VECTOR( '', #8558, 1000.00000000000 );
#6776 = CARTESIAN_POINT( '', ( -0.0788265672824345, 0.829597035134968, 5.14000000000000 ) );
#6777 = CARTESIAN_POINT( '', ( -0.0788265672824354, 0.829597035134969, 5.14000000000000 ) );
#6778 = VECTOR( '', #8559, 1000.00000000000 );
#6779 = CARTESIAN_POINT( '', ( 0.438361902617331, 1.71231915965340, 5.14000000000000 ) );
#6780 = CARTESIAN_POINT( '', ( 0.438361902617332, 1.71231915965340, 5.14000000000000 ) );
#6781 = VECTOR( '', #8560, 1000.00000000000 );
#6782 = CARTESIAN_POINT( '', ( 0.189246948535971, 1.71231915965339, 5.14000000000000 ) );
#6783 = CARTESIAN_POINT( '', ( 0.189246948535970, 1.71231915965340, 5.14000000000000 ) );
#6784 = VECTOR( '', #8561, 1000.00000000000 );
#6785 = CARTESIAN_POINT( '', ( -0.0869516651697754, 1.24928433038669, 5.14000000000000 ) );
#6786 = VECTOR( '', #8562, 1000.00000000000 );
#6787 = CARTESIAN_POINT( '', ( -0.341483351175983, 1.39009200320196, 5.14000000000000 ) );
#6788 = CARTESIAN_POINT( '', ( -0.341483351175983, 1.39009200320195, 5.14000000000000 ) );
#6789 = VECTOR( '', #8563, 1000.00000000000 );
#6790 = CARTESIAN_POINT( '', ( -0.438957168592158, 1.25434541829624, 5.14000000000000 ) );
#6791 = CARTESIAN_POINT( '', ( -0.438957168592157, 1.25434541829624, 5.14000000000000 ) );
#6792 = VECTOR( '', #8564, 1000.00000000000 );
#6793 = CARTESIAN_POINT( '', ( -0.460624096291741, 1.71231915965340, 5.14000000000000 ) );
#6794 = CARTESIAN_POINT( '', ( -0.460624096291742, 1.71231915965339, 5.14000000000000 ) );
#6795 = VECTOR( '', #8565, 1000.00000000000 );
#6796 = CARTESIAN_POINT( '', ( -0.682655390748578, 1.71231915965340, 5.14000000000000 ) );
#6797 = VECTOR( '', #8566, 1000.00000000000 );
#6798 = COLOUR_RGB( '', 0.119999997300000, 0.119999997300000, 0.119999997300000 );
#6799 = CARTESIAN_POINT( '', ( 0.905969784264354, 0.325000000000000, 0.150000000000000 ) );
#6800 = CARTESIAN_POINT( '', ( 0.920096189432334, 0.325000000000000, 0.150000000000000 ) );
#6801 = CARTESIAN_POINT( '', ( -1.50029682433154E-17, 0.325000000000000, 0.150000000000000 ) );
#6802 = VECTOR( '', #8567, 1000.00000000000 );
#6803 = CARTESIAN_POINT( '', ( -0.905969784264354, 0.325000000000000, 0.150000000000000 ) );
#6804 = AXIS2_PLACEMENT_3D( '', #8568, #8569, #8570 );
#6805 = CARTESIAN_POINT( '', ( -0.920096189432334, 0.325000000000000, 0.150000000000000 ) );
#6806 = CARTESIAN_POINT( '', ( -1.50029682433154E-17, 0.325000000000000, 0.150000000000000 ) );
#6807 = VECTOR( '', #8571, 1000.00000000000 );
#6808 = AXIS2_PLACEMENT_3D( '', #8572, #8573, #8574 );
#6809 = AXIS2_PLACEMENT_3D( '', #8575, #8576, #8577 );
#6810 = COLOUR_RGB( '', 0.119999997300000, 0.119999997300000, 0.119999997300000 );
#6811 = CARTESIAN_POINT( '', ( 0.920096189432334, 0.325000000000000, 0.550000000000000 ) );
#6812 = CARTESIAN_POINT( '', ( 0.920096189432334, 0.325000000000000, 0.550000000000000 ) );
#6813 = VECTOR( '', #8578, 1000.00000000000 );
#6814 = CARTESIAN_POINT( '', ( 1.17990381056767, 0.325000000000000, 0.0500000000000000 ) );
#6815 = AXIS2_PLACEMENT_3D( '', #8579, #8580, #8581 );
#6816 = CARTESIAN_POINT( '', ( 1.17990381056767, 0.325000000000000, 0.550000000000000 ) );
#6817 = CARTESIAN_POINT( '', ( 1.17990381056767, 0.325000000000000, 0.550000000000000 ) );
#6818 = VECTOR( '', #8582, 1000.00000000000 );
#6819 = AXIS2_PLACEMENT_3D( '', #8583, #8584, #8585 );
#6820 = COLOUR_RGB( '', 0.699999988100000, 0.699999988100000, 0.699999988100000 );
#6821 = CARTESIAN_POINT( '', ( -1.20000000000000, -0.325000000000000, 0.0500000000000000 ) );
#6822 = CARTESIAN_POINT( '', ( -1.17990381056767, -0.325000000000000, 0.0500000000000000 ) );
#6823 = CARTESIAN_POINT( '', ( -5.00098941443845E-18, -0.325000000000000, 0.0500000000000000 ) );
#6824 = VECTOR( '', #8586, 1000.00000000000 );
#6825 = CARTESIAN_POINT( '', ( -1.20000000000000, -0.325000000000000, -0.300000000000000 ) );
#6826 = CARTESIAN_POINT( '', ( -1.20000000000000, -0.325000000000000, -0.300000000000000 ) );
#6827 = VECTOR( '', #8587, 1000.00000000000 );
#6828 = CARTESIAN_POINT( '', ( -1.25000000000000, -0.325000000000000, -0.350000000000000 ) );
#6829 = AXIS2_PLACEMENT_3D( '', #8588, #8589, #8590 );
#6830 = CARTESIAN_POINT( '', ( -3.00000000000000, -0.325000000000000, -0.350000000000000 ) );
#6831 = CARTESIAN_POINT( '', ( -3.00000000000000, -0.325000000000000, -0.350000000000000 ) );
#6832 = VECTOR( '', #8591, 1000.00000000000 );
#6833 = CARTESIAN_POINT( '', ( -3.00000000000000, -0.325000000000000, -0.650000000000000 ) );
#6834 = CARTESIAN_POINT( '', ( -3.00000000000000, -0.325000000000000, -0.650000000000000 ) );
#6835 = VECTOR( '', #8592, 1000.00000000000 );
#6836 = CARTESIAN_POINT( '', ( -1.25000000000000, -0.325000000000000, -0.650000000000000 ) );
#6837 = CARTESIAN_POINT( '', ( -3.00000000000000, -0.325000000000000, -0.650000000000000 ) );
#6838 = VECTOR( '', #8593, 1000.00000000000 );
#6839 = CARTESIAN_POINT( '', ( -0.900000000000000, -0.325000000000000, -0.300000000000000 ) );
#6840 = AXIS2_PLACEMENT_3D( '', #8594, #8595, #8596 );
#6841 = CARTESIAN_POINT( '', ( -0.900000000000000, -0.325000000000000, 0.0500000000000000 ) );
#6842 = CARTESIAN_POINT( '', ( -0.900000000000000, -0.325000000000000, -0.300000000000000 ) );
#6843 = VECTOR( '', #8597, 1000.00000000000 );
#6844 = CARTESIAN_POINT( '', ( -0.905969784264354, -0.325000000000000, 0.0500000000000000 ) );
#6845 = CARTESIAN_POINT( '', ( -5.00098941443845E-18, -0.325000000000000, 0.0500000000000000 ) );
#6846 = VECTOR( '', #8598, 1000.00000000000 );
#6847 = CARTESIAN_POINT( '', ( -0.905969784264354, -0.325000000000000, 0.150000000000000 ) );
#6848 = CARTESIAN_POINT( '', ( -0.905969784264354, -0.325000000000000, 0.0500000000000000 ) );
#6849 = VECTOR( '', #8599, 1000.00000000000 );
#6850 = CARTESIAN_POINT( '', ( -0.920096189432335, -0.325000000000000, 0.150000000000000 ) );
#6851 = CARTESIAN_POINT( '', ( -1.50029682433154E-17, -0.325000000000000, 0.150000000000000 ) );
#6852 = VECTOR( '', #8600, 1000.00000000000 );
#6853 = CARTESIAN_POINT( '', ( -0.920096189432335, -0.325000000000000, 0.550000000000000 ) );
#6854 = CARTESIAN_POINT( '', ( -0.920096189432335, -0.325000000000000, 0.550000000000000 ) );
#6855 = VECTOR( '', #8601, 1000.00000000000 );
#6856 = CARTESIAN_POINT( '', ( -1.17990381056767, -0.325000000000000, 0.550000000000000 ) );
#6857 = CARTESIAN_POINT( '', ( -0.900000000000000, -0.325000000000000, 0.550000000000000 ) );
#6858 = VECTOR( '', #8602, 1000.00000000000 );
#6859 = CARTESIAN_POINT( '', ( -1.17990381056767, -0.325000000000000, 0.550000000000000 ) );
#6860 = VECTOR( '', #8603, 1000.00000000000 );
#6861 = COLOUR_RGB( '', 0.899999976200000, 0.000000000000000, 0.000000000000000 );
#6862 = CARTESIAN_POINT( '', ( -0.212963975374760, 0.431638993091494, 5.15000000000000 ) );
#6863 = CARTESIAN_POINT( '', ( -0.111099023606271, 0.431638993091494, 5.15000000000000 ) );
#6864 = CARTESIAN_POINT( '', ( -0.212963975374760, 0.431638993091494, 5.15000000000000 ) );
#6865 = CARTESIAN_POINT( '', ( -0.179008991451930, 0.431638993091494, 5.15000000000000 ) );
#6866 = CARTESIAN_POINT( '', ( -0.145054007529100, 0.431638993091494, 5.15000000000000 ) );
#6867 = CARTESIAN_POINT( '', ( -0.111099023606271, 0.431638993091494, 5.15000000000000 ) );
#6868 = CARTESIAN_POINT( '', ( -0.212963975374760, 0.431638993091494, 5.14000000000000 ) );
#6869 = CARTESIAN_POINT( '', ( -0.212963975374760, 0.431638993091494, 5.14000000000000 ) );
#6870 = VECTOR( '', #8604, 1000.00000000000 );
#6871 = CARTESIAN_POINT( '', ( -0.111099023606271, 0.431638993091494, 5.14000000000000 ) );
#6872 = CARTESIAN_POINT( '', ( -0.212963975374760, 0.431638993091494, 5.14000000000000 ) );
#6873 = CARTESIAN_POINT( '', ( -0.179008991451930, 0.431638993091494, 5.14000000000000 ) );
#6874 = CARTESIAN_POINT( '', ( -0.145054007529100, 0.431638993091494, 5.14000000000000 ) );
#6875 = CARTESIAN_POINT( '', ( -0.111099023606271, 0.431638993091494, 5.14000000000000 ) );
#6876 = CARTESIAN_POINT( '', ( -0.111099023606271, 0.431638993091494, 5.14000000000000 ) );
#6877 = VECTOR( '', #8605, 1000.00000000000 );
#6878 = COLOUR_RGB( '', 0.699999988100000, 0.699999988100000, 0.699999988100000 );
#6879 = CARTESIAN_POINT( '', ( -2.45000000000000, 0.000000000000000, 0.853811963320090 ) );
#6880 = AXIS2_PLACEMENT_3D( '', #8606, #8607, #8608 );
#6881 = CARTESIAN_POINT( '', ( 2.33750000000000, 0.000000000000000, 0.999048838802868 ) );
#6882 = AXIS2_PLACEMENT_3D( '', #8609, #8610, #8611 );
#6883 = COLOUR_RGB( '', 0.119999997300000, 0.119999997300000, 0.119999997300000 );
#6884 = CARTESIAN_POINT( '', ( 0.863169642857143, 0.295963541082128, 0.0500000000000000 ) );
#6885 = CARTESIAN_POINT( '', ( -0.863169642857143, 0.295963541082128, 0.0500000000000000 ) );
#6886 = AXIS2_PLACEMENT_3D( '', #8612, #8613, #8614 );
#6887 = CARTESIAN_POINT( '', ( 0.863169642857143, 0.295963541082128, 0.150000000000000 ) );
#6888 = CARTESIAN_POINT( '', ( 0.863169642857143, 0.295963541082128, 0.300000000000000 ) );
#6889 = VECTOR( '', #8615, 1000.00000000000 );
#6890 = CARTESIAN_POINT( '', ( -0.863169642857143, 0.295963541082128, 0.150000000000000 ) );
#6891 = AXIS2_PLACEMENT_3D( '', #8616, #8617, #8618 );
#6892 = CARTESIAN_POINT( '', ( -0.863169642857143, 0.295963541082128, 0.300000000000000 ) );
#6893 = VECTOR( '', #8619, 1000.00000000000 );
#6894 = COLOUR_RGB( '', 0.119999997300000, 0.119999997300000, 0.119999997300000 );
#6895 = CARTESIAN_POINT( '', ( 0.000000000000000, 0.825000000000000, 0.500000000000000 ) );
#6896 = VECTOR( '', #8620, 1000.00000000000 );
#6897 = CARTESIAN_POINT( '', ( 2.65000000000000, 0.825000000000000, 1.60000000000000 ) );
#6898 = VECTOR( '', #8621, 1000.00000000000 );
#6899 = COLOUR_RGB( '', 0.899999976200000, 0.000000000000000, 0.000000000000000 );
#6900 = CARTESIAN_POINT( '', ( 0.189246948535971, 1.71231915965339, 5.15000000000000 ) );
#6901 = CARTESIAN_POINT( '', ( 0.438361902617331, 1.71231915965340, 5.15000000000000 ) );
#6902 = CARTESIAN_POINT( '', ( 0.189246948535970, 1.71231915965340, 5.15000000000000 ) );
#6903 = VECTOR( '', #8622, 1000.00000000000 );
#6904 = CARTESIAN_POINT( '', ( 0.189246948535971, 1.71231915965339, 5.14000000000000 ) );
#6905 = VECTOR( '', #8623, 1000.00000000000 );
#6906 = CARTESIAN_POINT( '', ( 0.438361902617331, 1.71231915965340, 5.14000000000000 ) );
#6907 = VECTOR( '', #8624, 1000.00000000000 );
#6908 = COLOUR_RGB( '', 0.119999997300000, 0.119999997300000, 0.119999997300000 );
#6909 = CARTESIAN_POINT( '', ( -0.863169642857143, -0.295963541082128, 0.150000000000000 ) );
#6910 = CARTESIAN_POINT( '', ( 0.863169642857143, -0.295963541082128, 0.150000000000000 ) );
#6911 = AXIS2_PLACEMENT_3D( '', #8625, #8626, #8627 );
#6912 = CARTESIAN_POINT( '', ( 0.863169642857143, -0.295963541082128, 0.0500000000000000 ) );
#6913 = CARTESIAN_POINT( '', ( 0.863169642857143, -0.295963541082128, 0.300000000000000 ) );
#6914 = VECTOR( '', #8628, 1000.00000000000 );
#6915 = CARTESIAN_POINT( '', ( -0.863169642857143, -0.295963541082128, 0.0500000000000000 ) );
#6916 = AXIS2_PLACEMENT_3D( '', #8629, #8630, #8631 );
#6917 = CARTESIAN_POINT( '', ( -0.863169642857143, -0.295963541082128, 0.300000000000000 ) );
#6918 = VECTOR( '', #8632, 1000.00000000000 );
#6919 = COLOUR_RGB( '', 0.119999997300000, 0.119999997300000, 0.119999997300000 );
#6920 = CARTESIAN_POINT( '', ( -0.500000000000000, 2.65000000000000, 0.000000000000000 ) );
#6921 = CARTESIAN_POINT( '', ( -0.500000000000000, 0.950000000000000, 0.000000000000000 ) );
#6922 = VECTOR( '', #8633, 1000.00000000000 );
#6923 = CARTESIAN_POINT( '', ( -0.500000000000000, 2.65000000000000, 0.200000000000000 ) );
#6924 = CARTESIAN_POINT( '', ( -0.500000000000000, 2.65000000000000, 0.200000000000000 ) );
#6925 = VECTOR( '', #8634, 1000.00000000000 );
#6926 = CARTESIAN_POINT( '', ( -0.500000000000000, 0.950000000000000, 0.200000000000000 ) );
#6927 = VECTOR( '', #8635, 1000.00000000000 );
#6928 = COLOUR_RGB( '', 0.899999976200000, 0.000000000000000, 0.000000000000000 );
#6929 = CARTESIAN_POINT( '', ( 0.278225735236171, -0.0950491098023989, 5.15000000000000 ) );
#6930 = CARTESIAN_POINT( '', ( 0.273595510155786, 0.118712948075415, 5.15000000000000 ) );
#6931 = CARTESIAN_POINT( '', ( 0.278225735236171, -0.0950491098023989, 5.15000000000000 ) );
#6932 = CARTESIAN_POINT( '', ( 0.252759497294048, -0.117814383114296, 5.15000000000000 ) );
#6933 = CARTESIAN_POINT( '', ( 0.227679111441958, -0.134406022985678, 5.15000000000000 ) );
#6934 = CARTESIAN_POINT( '', ( 0.202984577679900, -0.143666473146450, 5.15000000000000 ) );
#6935 = CARTESIAN_POINT( '', ( 0.178628325202254, -0.152800067825567, 5.15000000000000 ) );
#6936 = CARTESIAN_POINT( '', ( 0.152437953885688, -0.157557148387607, 5.15000000000000 ) );
#6937 = CARTESIAN_POINT( '', ( 0.0779685005094825, -0.157557148387607, 5.15000000000000 ) );
#6938 = CARTESIAN_POINT( '', ( 0.0424701082265243, -0.146367437776674, 5.15000000000000 ) );
#6939 = CARTESIAN_POINT( '', ( 0.0173897223744346, -0.123988016554809, 5.15000000000000 ) );
#6940 = CARTESIAN_POINT( '', ( -0.00766752963907765, -0.101629237835059, 5.15000000000000 ) );
#6941 = CARTESIAN_POINT( '', ( -0.0200379303586843, -0.0726696885805327, 5.15000000000000 ) );
#6942 = CARTESIAN_POINT( '', ( -0.0200379303586841, -0.0167211355258702, 5.15000000000000 ) );
#6943 = CARTESIAN_POINT( '', ( -0.0150218531882662, 0.00179976479567321, 5.15000000000000 ) );
#6944 = CARTESIAN_POINT( '', ( -0.00576140302749437, 0.0191631088471200, 5.15000000000000 ) );
#6945 = CARTESIAN_POINT( '', ( 0.00333883173257178, 0.0362260490222443, 5.15000000000000 ) );
#6946 = CARTESIAN_POINT( '', ( 0.0158463140143066, 0.0496454239596600, 5.15000000000000 ) );
#6947 = CARTESIAN_POINT( '', ( 0.0312803976155926, 0.0600634303905281, 5.15000000000000 ) );
#6948 = CARTESIAN_POINT( '', ( 0.0462704779531232, 0.0701817346183616, 5.15000000000000 ) );
#6949 = CARTESIAN_POINT( '', ( 0.0636919731782941, 0.0781984786220391, 5.15000000000000 ) );
#6950 = CARTESIAN_POINT( '', ( 0.0825987255898691, 0.0832145557924572, 5.15000000000000 ) );
#6951 = CARTESIAN_POINT( '', ( 0.0965323400130302, 0.0869112290067654, 5.15000000000000 ) );
#6952 = CARTESIAN_POINT( '', ( 0.117711265782795, 0.0905457455030680, 5.15000000000000 ) );
#6953 = CARTESIAN_POINT( '', ( 0.146264320445175, 0.0940184143133574, 5.15000000000000 ) );
#6954 = CARTESIAN_POINT( '', ( 0.203750657598801, 0.101009995859068, 5.15000000000000 ) );
#6955 = CARTESIAN_POINT( '', ( 0.246585863853535, 0.109066645824611, 5.15000000000000 ) );
#6956 = CARTESIAN_POINT( '', ( 0.273595510155786, 0.118712948075415, 5.15000000000000 ) );
#6957 = CARTESIAN_POINT( '', ( 0.278225735236171, -0.0950491098023989, 5.14000000000000 ) );
#6958 = CARTESIAN_POINT( '', ( 0.278225735236171, -0.0950491098023989, 5.14000000000000 ) );
#6959 = VECTOR( '', #8636, 1000.00000000000 );
#6960 = CARTESIAN_POINT( '', ( 0.273595510155786, 0.118712948075415, 5.14000000000000 ) );
#6961 = CARTESIAN_POINT( '', ( 0.278225735236171, -0.0950491098023989, 5.14000000000000 ) );
#6962 = CARTESIAN_POINT( '', ( 0.252759497294048, -0.117814383114296, 5.14000000000000 ) );
#6963 = CARTESIAN_POINT( '', ( 0.227679111441958, -0.134406022985678, 5.14000000000000 ) );
#6964 = CARTESIAN_POINT( '', ( 0.202984577679900, -0.143666473146450, 5.14000000000000 ) );
#6965 = CARTESIAN_POINT( '', ( 0.178628325202254, -0.152800067825567, 5.14000000000000 ) );
#6966 = CARTESIAN_POINT( '', ( 0.152437953885688, -0.157557148387607, 5.14000000000000 ) );
#6967 = CARTESIAN_POINT( '', ( 0.0779685005094825, -0.157557148387607, 5.14000000000000 ) );
#6968 = CARTESIAN_POINT( '', ( 0.0424701082265243, -0.146367437776674, 5.14000000000000 ) );
#6969 = CARTESIAN_POINT( '', ( 0.0173897223744346, -0.123988016554809, 5.14000000000000 ) );
#6970 = CARTESIAN_POINT( '', ( -0.00766752963907765, -0.101629237835059, 5.14000000000000 ) );
#6971 = CARTESIAN_POINT( '', ( -0.0200379303586843, -0.0726696885805327, 5.14000000000000 ) );
#6972 = CARTESIAN_POINT( '', ( -0.0200379303586841, -0.0167211355258702, 5.14000000000000 ) );
#6973 = CARTESIAN_POINT( '', ( -0.0150218531882662, 0.00179976479567321, 5.14000000000000 ) );
#6974 = CARTESIAN_POINT( '', ( -0.00576140302749437, 0.0191631088471200, 5.14000000000000 ) );
#6975 = CARTESIAN_POINT( '', ( 0.00333883173257178, 0.0362260490222443, 5.14000000000000 ) );
#6976 = CARTESIAN_POINT( '', ( 0.0158463140143066, 0.0496454239596600, 5.14000000000000 ) );
#6977 = CARTESIAN_POINT( '', ( 0.0312803976155926, 0.0600634303905281, 5.14000000000000 ) );
#6978 = CARTESIAN_POINT( '', ( 0.0462704779531232, 0.0701817346183616, 5.14000000000000 ) );
#6979 = CARTESIAN_POINT( '', ( 0.0636919731782941, 0.0781984786220391, 5.14000000000000 ) );
#6980 = CARTESIAN_POINT( '', ( 0.0825987255898691, 0.0832145557924572, 5.14000000000000 ) );
#6981 = CARTESIAN_POINT( '', ( 0.0965323400130302, 0.0869112290067654, 5.14000000000000 ) );
#6982 = CARTESIAN_POINT( '', ( 0.117711265782795, 0.0905457455030680, 5.14000000000000 ) );
#6983 = CARTESIAN_POINT( '', ( 0.146264320445175, 0.0940184143133574, 5.14000000000000 ) );
#6984 = CARTESIAN_POINT( '', ( 0.203750657598801, 0.101009995859068, 5.14000000000000 ) );
#6985 = CARTESIAN_POINT( '', ( 0.246585863853535, 0.109066645824611, 5.14000000000000 ) );
#6986 = CARTESIAN_POINT( '', ( 0.273595510155786, 0.118712948075415, 5.14000000000000 ) );
#6987 = CARTESIAN_POINT( '', ( 0.273595510155786, 0.118712948075415, 5.14000000000000 ) );
#6988 = VECTOR( '', #8637, 1000.00000000000 );
#6989 = COLOUR_RGB( '', 0.899999976200000, 0.000000000000000, 0.000000000000000 );
#6990 = CARTESIAN_POINT( '', ( 0.723884899223311, 0.431638993091490, 5.15000000000000 ) );
#6991 = CARTESIAN_POINT( '', ( 0.794881683789228, 0.431638993091490, 5.15000000000000 ) );
#6992 = CARTESIAN_POINT( '', ( 0.723884899223311, 0.431638993091490, 5.15000000000000 ) );
#6993 = CARTESIAN_POINT( '', ( 0.794881683789228, 0.431638993091490, 5.15000000000000 ) );
#6994 = CARTESIAN_POINT( '', ( 0.723884899223311, 0.431638993091490, 5.14000000000000 ) );
#6995 = CARTESIAN_POINT( '', ( 0.723884899223311, 0.431638993091490, 5.14000000000000 ) );
#6996 = VECTOR( '', #8638, 1000.00000000000 );
#6997 = CARTESIAN_POINT( '', ( 0.794881683789228, 0.431638993091490, 5.14000000000000 ) );
#6998 = CARTESIAN_POINT( '', ( 0.723884899223311, 0.431638993091490, 5.14000000000000 ) );
#6999 = CARTESIAN_POINT( '', ( 0.794881683789228, 0.431638993091490, 5.14000000000000 ) );
#7000 = CARTESIAN_POINT( '', ( 0.794881683789228, 0.431638993091490, 5.14000000000000 ) );
#7001 = VECTOR( '', #8639, 1000.00000000000 );
#7002 = COLOUR_RGB( '', 0.119999997300000, 0.119999997300000, 0.119999997300000 );
#7003 = AXIS2_PLACEMENT_3D( '', #8640, #8641, #8642 );
#7004 = AXIS2_PLACEMENT_3D( '', #8643, #8644, #8645 );
#7005 = CARTESIAN_POINT( '', ( 0.662500000000000, 0.000000000000000, 0.150000000000000 ) );
#7006 = AXIS2_PLACEMENT_3D( '', #8646, #8647, #8648 );
#7007 = COLOUR_RGB( '', 0.699999988100000, 0.699999988100000, 0.699999988100000 );
#7008 = CARTESIAN_POINT( '', ( -2.22500000000000, 0.000000000000000, 1.14428571428572 ) );
#7009 = AXIS2_PLACEMENT_3D( '', #8649, #8650, #8651 );
#7010 = CARTESIAN_POINT( '', ( 2.22500000000000, 0.000000000000000, 1.23199586237485 ) );
#7011 = AXIS2_PLACEMENT_3D( '', #8652, #8653, #8654 );
#7012 = COLOUR_RGB( '', 0.899999976200000, 0.000000000000000, 0.000000000000000 );
#7013 = CARTESIAN_POINT( '', ( 0.0779685005094831, -0.0830876950114012, 5.14000000000000 ) );
#7014 = CARTESIAN_POINT( '', ( 0.273981362245818, 0.0627643950207521, 5.14000000000000 ) );
#7015 = CARTESIAN_POINT( '', ( 0.0779685005094831, -0.0830876950114012, 5.14000000000000 ) );
#7016 = CARTESIAN_POINT( '', ( 0.0922682605946695, -0.0958415350873789, 5.14000000000000 ) );
#7017 = CARTESIAN_POINT( '', ( 0.113466892792441, -0.101994447422977, 5.14000000000000 ) );
#7018 = CARTESIAN_POINT( '', ( 0.169029593757072, -0.101994447422977, 5.14000000000000 ) );
#7019 = CARTESIAN_POINT( '', ( 0.193338275429097, -0.0958208139824630, 5.14000000000000 ) );
#7020 = CARTESIAN_POINT( '', ( 0.214945992470897, -0.0838593991914663, 5.14000000000000 ) );
#7021 = CARTESIAN_POINT( '', ( 0.236258363612201, -0.0720614794525309, 5.14000000000000 ) );
#7022 = CARTESIAN_POINT( '', ( 0.251987793113985, -0.0553063445290870, 5.14000000000000 ) );
#7023 = CARTESIAN_POINT( '', ( 0.262019947454821, -0.0344703316673506, 5.14000000000000 ) );
#7024 = CARTESIAN_POINT( '', ( 0.269655779851214, -0.0186112951517643, 5.14000000000000 ) );
#7025 = CARTESIAN_POINT( '', ( 0.273595510155785, 0.00527243360596142, 5.14000000000000 ) );
#7026 = CARTESIAN_POINT( '', ( 0.273595510155785, 0.0369123049885980, 5.14000000000000 ) );
#7027 = CARTESIAN_POINT( '', ( 0.273595510155785, 0.0455296683326492, 5.14000000000000 ) );
#7028 = CARTESIAN_POINT( '', ( 0.273852744882474, 0.0541470316767009, 5.14000000000000 ) );
#7029 = CARTESIAN_POINT( '', ( 0.273981362245818, 0.0627643950207521, 5.14000000000000 ) );
#7030 = CARTESIAN_POINT( '', ( 0.273981362245818, 0.0627643950207521, 5.14000000000000 ) );
#7031 = CARTESIAN_POINT( '', ( 0.248129272213663, 0.0523463885898841, 5.14000000000000 ) );
#7032 = CARTESIAN_POINT( '', ( 0.209158211120416, 0.0430859384291125, 5.14000000000000 ) );
#7033 = CARTESIAN_POINT( '', ( 0.157068178966075, 0.0357547487185019, 5.14000000000000 ) );
#7034 = CARTESIAN_POINT( '', ( 0.127727247801553, 0.0316252843323844, 5.14000000000000 ) );
#7035 = CARTESIAN_POINT( '', ( 0.106907407261895, 0.0268801506477627, 5.14000000000000 ) );
#7036 = CARTESIAN_POINT( '', ( 0.0945601403808654, 0.0214782213873123, 5.14000000000000 ) );
#7037 = CARTESIAN_POINT( '', ( 0.0823545634476520, 0.0161382814790315, 5.14000000000000 ) );
#7038 = CARTESIAN_POINT( '', ( 0.0729524233390650, 0.00874510241625158, 5.14000000000000 ) );
#7039 = CARTESIAN_POINT( '', ( 0.0663929378085185, -0.00167290401461662, 5.14000000000000 ) );
#7040 = CARTESIAN_POINT( '', ( 0.0598978873028303, -0.0119885724648279, 5.14000000000000 ) );
#7041 = CARTESIAN_POINT( '', ( 0.0563607834676825, -0.0228947689663850, 5.14000000000000 ) );
#7042 = CARTESIAN_POINT( '', ( 0.0563607834676819, -0.0545346403490218, 5.14000000000000 ) );
#7043 = CARTESIAN_POINT( '', ( 0.0636919731782932, -0.0703545760403403, 5.14000000000000 ) );
#7044 = CARTESIAN_POINT( '', ( 0.0779685005094831, -0.0830876950114012, 5.14000000000000 ) );
#7045 = CARTESIAN_POINT( '', ( 0.293273966747425, -0.147910846136804, 5.14000000000000 ) );
#7046 = CARTESIAN_POINT( '', ( 0.293273966747425, -0.147910846136804, 5.14000000000000 ) );
#7047 = CARTESIAN_POINT( '', ( 0.285556924946782, -0.133248466715582, 5.14000000000000 ) );
#7048 = CARTESIAN_POINT( '', ( 0.280540847776364, -0.115499270574103, 5.14000000000000 ) );
#7049 = CARTESIAN_POINT( '', ( 0.278225735236171, -0.0950491098023989, 5.14000000000000 ) );
#7050 = CARTESIAN_POINT( '', ( 0.366585863853534, -0.147910846136804, 5.14000000000000 ) );
#7051 = CARTESIAN_POINT( '', ( 0.342148564818164, -0.147910846136804, 5.14000000000000 ) );
#7052 = CARTESIAN_POINT( '', ( 0.317711265782795, -0.147910846136804, 5.14000000000000 ) );
#7053 = CARTESIAN_POINT( '', ( 0.293273966747425, -0.147910846136804, 5.14000000000000 ) );
#7054 = CARTESIAN_POINT( '', ( 0.0629202689982299, 0.143021629747441, 5.14000000000000 ) );
#7055 = CARTESIAN_POINT( '', ( 0.0629202689982299, 0.143021629747441, 5.14000000000000 ) );
#7056 = CARTESIAN_POINT( '', ( 0.0393832915062688, 0.146237063831043, 5.14000000000000 ) );
#7057 = CARTESIAN_POINT( '', ( 0.0158463140143071, 0.149452497914644, 5.14000000000000 ) );
#7058 = CARTESIAN_POINT( '', ( -0.00769066347765419, 0.152667931998245, 5.14000000000000 ) );
#7059 = CARTESIAN_POINT( '', ( 0.273595510155786, 0.118712948075415, 5.14000000000000 ) );
#7060 = CARTESIAN_POINT( '', ( 0.273981362245818, 0.128359250326218, 5.14000000000000 ) );
#7061 = CARTESIAN_POINT( '', ( 0.273981362245818, 0.134532883766733, 5.14000000000000 ) );
#7062 = CARTESIAN_POINT( '', ( 0.273981362245818, 0.166558607239402, 5.14000000000000 ) );
#7063 = CARTESIAN_POINT( '', ( 0.267421876715272, 0.187008768011106, 5.14000000000000 ) );
#7064 = CARTESIAN_POINT( '', ( 0.253917053564147, 0.199356034892134, 5.14000000000000 ) );
#7065 = CARTESIAN_POINT( '', ( 0.236160823213823, 0.215590302641002, 5.14000000000000 ) );
#7066 = CARTESIAN_POINT( '', ( 0.208386506940352, 0.223278864474129, 5.14000000000000 ) );
#7067 = CARTESIAN_POINT( '', ( 0.172502262567362, 0.223664716564161, 5.14000000000000 ) );
#7068 = CARTESIAN_POINT( '', ( 0.139326967509465, 0.224021440166935, 5.14000000000000 ) );
#7069 = CARTESIAN_POINT( '', ( 0.114624449062539, 0.217491083123646, 5.14000000000000 ) );
#7070 = CARTESIAN_POINT( '', ( 0.0984186612811881, 0.205915520422682, 5.14000000000000 ) );
#7071 = CARTESIAN_POINT( '', ( 0.0822858725438975, 0.194392099896046, 5.14000000000000 ) );
#7072 = CARTESIAN_POINT( '', ( 0.0706373107988729, 0.173118092769949, 5.14000000000000 ) );
#7073 = CARTESIAN_POINT( '', ( 0.0629202689982299, 0.143021629747441, 5.14000000000000 ) );
#7074 = COLOUR_RGB( '', 0.899999976200000, 0.000000000000000, 0.000000000000000 );
#7075 = CARTESIAN_POINT( '', ( 0.794881683789228, 0.431638993091490, 5.15000000000000 ) );
#7076 = CARTESIAN_POINT( '', ( 0.794881683789226, 0.102121308204029, 5.15000000000000 ) );
#7077 = CARTESIAN_POINT( '', ( 0.794881683789228, 0.431638993091490, 5.14000000000000 ) );
#7078 = CARTESIAN_POINT( '', ( 0.794881683789226, 0.102121308204029, 5.14000000000000 ) );
#7079 = COLOUR_RGB( '', 0.899999976200000, 0.000000000000000, 0.000000000000000 );
#7080 = CARTESIAN_POINT( '', ( 0.844270751313342, 0.0662370638310393, 5.15000000000000 ) );
#7081 = CARTESIAN_POINT( '', ( 0.794881683789226, 0.0183914046670523, 5.15000000000000 ) );
#7082 = CARTESIAN_POINT( '', ( 0.844270751313342, 0.0662370638310393, 5.15000000000000 ) );
#7083 = CARTESIAN_POINT( '', ( 0.794881683789226, 0.0183914046670523, 5.15000000000000 ) );
#7084 = CARTESIAN_POINT( '', ( 0.844270751313342, 0.0662370638310393, 5.14000000000000 ) );
#7085 = CARTESIAN_POINT( '', ( 0.844270751313342, 0.0662370638310393, 5.14000000000000 ) );
#7086 = VECTOR( '', #8655, 1000.00000000000 );
#7087 = CARTESIAN_POINT( '', ( 0.794881683789226, 0.0183914046670523, 5.14000000000000 ) );
#7088 = CARTESIAN_POINT( '', ( 0.844270751313342, 0.0662370638310393, 5.14000000000000 ) );
#7089 = CARTESIAN_POINT( '', ( 0.794881683789226, 0.0183914046670523, 5.14000000000000 ) );
#7090 = CARTESIAN_POINT( '', ( 0.794881683789226, 0.0183914046670523, 5.14000000000000 ) );
#7091 = VECTOR( '', #8656, 1000.00000000000 );
#7092 = COLOUR_RGB( '', 0.119999997300000, 0.119999997300000, 0.119999997300000 );
#7093 = CARTESIAN_POINT( '', ( 2.15000000000000, 1.65000000000000, -0.0600000000000000 ) );
#7094 = AXIS2_PLACEMENT_3D( '', #8657, #8658, #8659 );
#7095 = CARTESIAN_POINT( '', ( 1.15000000000000, 1.65000000000000, 0.000000000000000 ) );
#7096 = AXIS2_PLACEMENT_3D( '', #8660, #8661, #8662 );
#7097 = COLOUR_RGB( '', 0.119999997300000, 0.119999997300000, 0.119999997300000 );
#7098 = CARTESIAN_POINT( '', ( -0.920096189432334, 0.325000000000000, 0.550000000000000 ) );
#7099 = CARTESIAN_POINT( '', ( -0.920096189432334, 0.325000000000000, 0.550000000000000 ) );
#7100 = VECTOR( '', #8663, 1000.00000000000 );
#7101 = CARTESIAN_POINT( '', ( -1.17990381056767, 0.325000000000000, 0.550000000000000 ) );
#7102 = AXIS2_PLACEMENT_3D( '', #8664, #8665, #8666 );
#7103 = CARTESIAN_POINT( '', ( -1.17990381056767, 0.325000000000000, 0.0500000000000000 ) );
#7104 = CARTESIAN_POINT( '', ( -1.17990381056767, 0.325000000000000, 0.550000000000000 ) );
#7105 = VECTOR( '', #8667, 1000.00000000000 );
#7106 = AXIS2_PLACEMENT_3D( '', #8668, #8669, #8670 );
#7107 = COLOUR_RGB( '', 0.699999988100000, 0.699999988100000, 0.699999988100000 );
#7108 = CARTESIAN_POINT( '', ( -2.50000000000000, 0.000000000000000, 4.90000000000000 ) );
#7109 = AXIS2_PLACEMENT_3D( '', #8671, #8672, #8673 );
#7110 = CARTESIAN_POINT( '', ( 2.50000000000000, 0.000000000000000, 1.53095238095238 ) );
#7111 = AXIS2_PLACEMENT_3D( '', #8674, #8675, #8676 );
#7112 = COLOUR_RGB( '', 0.119999997300000, 0.119999997300000, 0.119999997300000 );
#7113 = CARTESIAN_POINT( '', ( 0.500000000000000, 2.65000000000000, 0.200000000000000 ) );
#7114 = CARTESIAN_POINT( '', ( -0.500000000000000, 2.65000000000000, 0.200000000000000 ) );
#7115 = VECTOR( '', #8677, 1000.00000000000 );
#7116 = CARTESIAN_POINT( '', ( 0.500000000000000, 2.65000000000000, 0.200000000000000 ) );
#7117 = VECTOR( '', #8678, 1000.00000000000 );
#7118 = CARTESIAN_POINT( '', ( -0.450000000000000, 0.950000000000000, 0.200000000000000 ) );
#7119 = AXIS2_PLACEMENT_3D( '', #8679, #8680, #8681 );
#7120 = COLOUR_RGB( '', 0.119999997300000, 0.119999997300000, 0.119999997300000 );
#7121 = CARTESIAN_POINT( '', ( -0.825000000000000, 2.30691894092532, 0.500000000000000 ) );
#7122 = CARTESIAN_POINT( '', ( -2.30691894092532, 0.825000000000000, 0.500000000000000 ) );
#7123 = AXIS2_PLACEMENT_3D( '', #8682, #8683, #8684 );
#7124 = CARTESIAN_POINT( '', ( -0.825000000000000, 2.30691894092532, 1.60000000000000 ) );
#7125 = VECTOR( '', #8685, 1000.00000000000 );
#7126 = CARTESIAN_POINT( '', ( -2.30691894092532, 0.825000000000000, 1.60000000000000 ) );
#7127 = VECTOR( '', #8686, 1000.00000000000 );
#7128 = COLOUR_RGB( '', 0.119999997300000, 0.119999997300000, 0.119999997300000 );
#7129 = CARTESIAN_POINT( '', ( 1.20000000000000, -0.325000000000000, 0.0500000000000000 ) );
#7130 = CARTESIAN_POINT( '', ( 1.17990381056767, -0.325000000000000, 0.0500000000000000 ) );
#7131 = CARTESIAN_POINT( '', ( -6.37286070907366E-17, -0.325000000000000, 0.0500000000000000 ) );
#7132 = VECTOR( '', #8687, 1000.00000000000 );
#7133 = CARTESIAN_POINT( '', ( 1.20000000000000, -0.316227766016838, 0.0500000000000000 ) );
#7134 = CARTESIAN_POINT( '', ( 1.20000000000000, 0.000000000000000, 0.0500000000000000 ) );
#7135 = VECTOR( '', #8688, 1000.00000000000 );
#7136 = CARTESIAN_POINT( '', ( 1.22566964285714, -0.302721285307863, 0.0500000000000000 ) );
#7137 = AXIS2_PLACEMENT_3D( '', #8689, #8690, #8691 );
#7138 = CARTESIAN_POINT( '', ( -1.22566964285714, -0.302721285307863, 0.0500000000000000 ) );
#7139 = AXIS2_PLACEMENT_3D( '', #8692, #8693, #8694 );
#7140 = CARTESIAN_POINT( '', ( -1.20000000000000, -0.316227766016838, 0.0500000000000000 ) );
#7141 = AXIS2_PLACEMENT_3D( '', #8695, #8696, #8697 );
#7142 = CARTESIAN_POINT( '', ( -1.20000000000000, 0.000000000000000, 0.0500000000000000 ) );
#7143 = VECTOR( '', #8698, 1000.00000000000 );
#7144 = CARTESIAN_POINT( '', ( -1.16674107142857, -0.329956849060160, 0.0500000000000000 ) );
#7145 = AXIS2_PLACEMENT_3D( '', #8699, #8700, #8701 );
#7146 = CARTESIAN_POINT( '', ( 1.16674107142857, -0.329956849060160, 0.0500000000000000 ) );
#7147 = AXIS2_PLACEMENT_3D( '', #8702, #8703, #8704 );
#7148 = AXIS2_PLACEMENT_3D( '', #8705, #8706, #8707 );
#7149 = COLOUR_RGB( '', 0.119999997300000, 0.119999997300000, 0.119999997300000 );
#7150 = CARTESIAN_POINT( '', ( 2.20000000000000, 2.65000000000000, 1.60000000000000 ) );
#7151 = AXIS2_PLACEMENT_3D( '', #8708, #8709, #8710 );
#7152 = CARTESIAN_POINT( '', ( 0.825000000000000, 2.65000000000000, 1.60000000000000 ) );
#7153 = CARTESIAN_POINT( '', ( 0.825000000000000, 2.65000000000000, 1.60000000000000 ) );
#7154 = VECTOR( '', #8711, 1000.00000000000 );
#7155 = CARTESIAN_POINT( '', ( 0.825000000000000, 2.65000000000000, 1.60000000000000 ) );
#7156 = VECTOR( '', #8712, 1000.00000000000 );
#7157 = COLOUR_RGB( '', 0.899999976200000, 0.000000000000000, 0.000000000000000 );
#7158 = CARTESIAN_POINT( '', ( 1.13018715002717, 0.272667931998241, 5.15000000000000 ) );
#7159 = CARTESIAN_POINT( '', ( 1.20118393459309, 0.272667931998241, 5.15000000000000 ) );
#7160 = CARTESIAN_POINT( '', ( 1.13018715002717, 0.272667931998241, 5.15000000000000 ) );
#7161 = CARTESIAN_POINT( '', ( 1.20118393459309, 0.272667931998241, 5.15000000000000 ) );
#7162 = CARTESIAN_POINT( '', ( 1.13018715002717, 0.272667931998241, 5.14000000000000 ) );
#7163 = CARTESIAN_POINT( '', ( 1.13018715002717, 0.272667931998241, 5.14000000000000 ) );
#7164 = VECTOR( '', #8713, 1000.00000000000 );
#7165 = CARTESIAN_POINT( '', ( 1.20118393459309, 0.272667931998241, 5.14000000000000 ) );
#7166 = CARTESIAN_POINT( '', ( 1.13018715002717, 0.272667931998241, 5.14000000000000 ) );
#7167 = CARTESIAN_POINT( '', ( 1.20118393459309, 0.272667931998241, 5.14000000000000 ) );
#7168 = CARTESIAN_POINT( '', ( 1.20118393459309, 0.272667931998241, 5.14000000000000 ) );
#7169 = VECTOR( '', #8714, 1000.00000000000 );
#7170 = COLOUR_RGB( '', 0.119999997300000, 0.119999997300000, 0.119999997300000 );
#7171 = CARTESIAN_POINT( '', ( 0.825000000000000, -2.65000000000000, 0.500000000000000 ) );
#7172 = CARTESIAN_POINT( '', ( 0.825000000000000, 2.60715877091261E-16, 0.500000000000000 ) );
#7173 = VECTOR( '', #8715, 1000.00000000000 );
#7174 = CARTESIAN_POINT( '', ( 0.825000000000000, -2.65000000000000, 0.900000000000000 ) );
#7175 = CARTESIAN_POINT( '', ( 0.825000000000000, -2.65000000000000, 0.900000000000000 ) );
#7176 = VECTOR( '', #8716, 1000.00000000000 );
#7177 = CARTESIAN_POINT( '', ( 0.825000000000000, -2.65000000000000, 0.900000000000000 ) );
#7178 = VECTOR( '', #8717, 1000.00000000000 );
#7179 = COLOUR_RGB( '', 0.119999997300000, 0.119999997300000, 0.119999997300000 );
#7180 = CARTESIAN_POINT( '', ( -0.500000000000000, -0.950000000000000, 0.000000000000000 ) );
#7181 = CARTESIAN_POINT( '', ( -0.500000000000000, -2.65000000000000, 0.000000000000000 ) );
#7182 = CARTESIAN_POINT( '', ( -0.500000000000000, -0.950000000000000, 0.000000000000000 ) );
#7183 = VECTOR( '', #8718, 1000.00000000000 );
#7184 = CARTESIAN_POINT( '', ( -0.500000000000000, -0.950000000000000, 0.200000000000000 ) );
#7185 = CARTESIAN_POINT( '', ( -0.500000000000000, -0.950000000000000, 0.200000000000000 ) );
#7186 = VECTOR( '', #8719, 1000.00000000000 );
#7187 = CARTESIAN_POINT( '', ( -0.500000000000000, -2.65000000000000, 0.200000000000000 ) );
#7188 = CARTESIAN_POINT( '', ( -0.500000000000000, -0.950000000000000, 0.200000000000000 ) );
#7189 = VECTOR( '', #8720, 1000.00000000000 );
#7190 = CARTESIAN_POINT( '', ( -0.500000000000000, -2.65000000000000, 0.200000000000000 ) );
#7191 = VECTOR( '', #8721, 1000.00000000000 );
#7192 = COLOUR_RGB( '', 0.899999976200000, 0.000000000000000, 0.000000000000000 );
#7193 = CARTESIAN_POINT( '', ( -0.184796772802413, 0.337876935213680, 5.15000000000000 ) );
#7194 = CARTESIAN_POINT( '', ( -0.354957544506595, -0.147910846136801, 5.15000000000000 ) );
#7195 = CARTESIAN_POINT( '', ( -0.184796772802413, 0.337876935213680, 5.15000000000000 ) );
#7196 = CARTESIAN_POINT( '', ( -0.241517030037140, 0.175947674763519, 5.15000000000000 ) );
#7197 = CARTESIAN_POINT( '', ( -0.298237287271867, 0.0140184143133590, 5.15000000000000 ) );
#7198 = CARTESIAN_POINT( '', ( -0.354957544506595, -0.147910846136801, 5.15000000000000 ) );
#7199 = CARTESIAN_POINT( '', ( -0.184796772802413, 0.337876935213680, 5.14000000000000 ) );
#7200 = CARTESIAN_POINT( '', ( -0.184796772802413, 0.337876935213680, 5.14000000000000 ) );
#7201 = VECTOR( '', #8722, 1000.00000000000 );
#7202 = CARTESIAN_POINT( '', ( -0.354957544506595, -0.147910846136801, 5.14000000000000 ) );
#7203 = CARTESIAN_POINT( '', ( -0.184796772802413, 0.337876935213680, 5.14000000000000 ) );
#7204 = CARTESIAN_POINT( '', ( -0.241517030037140, 0.175947674763519, 5.14000000000000 ) );
#7205 = CARTESIAN_POINT( '', ( -0.298237287271867, 0.0140184143133590, 5.14000000000000 ) );
#7206 = CARTESIAN_POINT( '', ( -0.354957544506595, -0.147910846136801, 5.14000000000000 ) );
#7207 = CARTESIAN_POINT( '', ( -0.354957544506595, -0.147910846136801, 5.14000000000000 ) );
#7208 = VECTOR( '', #8723, 1000.00000000000 );
#7209 = COLOUR_RGB( '', 0.899999976200000, 0.000000000000000, 0.000000000000000 );
#7210 = CARTESIAN_POINT( '', ( 0.273981362245818, 0.0627643950207521, 5.15000000000000 ) );
#7211 = CARTESIAN_POINT( '', ( 0.0779685005094831, -0.0830876950114012, 5.15000000000000 ) );
#7212 = CARTESIAN_POINT( '', ( 0.273981362245818, 0.0627643950207521, 5.15000000000000 ) );
#7213 = CARTESIAN_POINT( '', ( 0.248129272213663, 0.0523463885898841, 5.15000000000000 ) );
#7214 = CARTESIAN_POINT( '', ( 0.209158211120416, 0.0430859384291125, 5.15000000000000 ) );
#7215 = CARTESIAN_POINT( '', ( 0.157068178966075, 0.0357547487185019, 5.15000000000000 ) );
#7216 = CARTESIAN_POINT( '', ( 0.127727247801553, 0.0316252843323844, 5.15000000000000 ) );
#7217 = CARTESIAN_POINT( '', ( 0.106907407261895, 0.0268801506477627, 5.15000000000000 ) );
#7218 = CARTESIAN_POINT( '', ( 0.0945601403808654, 0.0214782213873123, 5.15000000000000 ) );
#7219 = CARTESIAN_POINT( '', ( 0.0823545634476520, 0.0161382814790315, 5.15000000000000 ) );
#7220 = CARTESIAN_POINT( '', ( 0.0729524233390650, 0.00874510241625158, 5.15000000000000 ) );
#7221 = CARTESIAN_POINT( '', ( 0.0663929378085185, -0.00167290401461662, 5.15000000000000 ) );
#7222 = CARTESIAN_POINT( '', ( 0.0598978873028303, -0.0119885724648279, 5.15000000000000 ) );
#7223 = CARTESIAN_POINT( '', ( 0.0563607834676825, -0.0228947689663850, 5.15000000000000 ) );
#7224 = CARTESIAN_POINT( '', ( 0.0563607834676819, -0.0545346403490218, 5.15000000000000 ) );
#7225 = CARTESIAN_POINT( '', ( 0.0636919731782932, -0.0703545760403403, 5.15000000000000 ) );
#7226 = CARTESIAN_POINT( '', ( 0.0779685005094831, -0.0830876950114012, 5.15000000000000 ) );
#7227 = CARTESIAN_POINT( '', ( 0.273981362245818, 0.0627643950207521, 5.14000000000000 ) );
#7228 = VECTOR( '', #8724, 1000.00000000000 );
#7229 = CARTESIAN_POINT( '', ( 0.0779685005094831, -0.0830876950114012, 5.14000000000000 ) );
#7230 = VECTOR( '', #8725, 1000.00000000000 );
#7231 = COLOUR_RGB( '', 0.899999976200000, 0.000000000000000, 0.000000000000000 );
#7232 = CARTESIAN_POINT( '', ( 0.453788436200803, 0.272667931998243, 5.15000000000000 ) );
#7233 = CARTESIAN_POINT( '', ( 0.517839883146140, 0.272667931998243, 5.15000000000000 ) );
#7234 = CARTESIAN_POINT( '', ( 0.453788436200803, 0.272667931998243, 5.15000000000000 ) );
#7235 = CARTESIAN_POINT( '', ( 0.475138918515915, 0.272667931998243, 5.15000000000000 ) );
#7236 = CARTESIAN_POINT( '', ( 0.496489400831028, 0.272667931998243, 5.15000000000000 ) );
#7237 = CARTESIAN_POINT( '', ( 0.517839883146140, 0.272667931998243, 5.15000000000000 ) );
#7238 = CARTESIAN_POINT( '', ( 0.453788436200803, 0.272667931998243, 5.14000000000000 ) );
#7239 = CARTESIAN_POINT( '', ( 0.453788436200803, 0.272667931998243, 5.14000000000000 ) );
#7240 = VECTOR( '', #8726, 1000.00000000000 );
#7241 = CARTESIAN_POINT( '', ( 0.517839883146140, 0.272667931998243, 5.14000000000000 ) );
#7242 = CARTESIAN_POINT( '', ( 0.453788436200803, 0.272667931998243, 5.14000000000000 ) );
#7243 = CARTESIAN_POINT( '', ( 0.475138918515915, 0.272667931998243, 5.14000000000000 ) );
#7244 = CARTESIAN_POINT( '', ( 0.496489400831028, 0.272667931998243, 5.14000000000000 ) );
#7245 = CARTESIAN_POINT( '', ( 0.517839883146140, 0.272667931998243, 5.14000000000000 ) );
#7246 = CARTESIAN_POINT( '', ( 0.517839883146140, 0.272667931998243, 5.14000000000000 ) );
#7247 = VECTOR( '', #8727, 1000.00000000000 );
#7248 = COLOUR_RGB( '', 0.899999976200000, 0.000000000000000, 0.000000000000000 );
#7249 = CARTESIAN_POINT( '', ( -0.111099023606273, -0.147910846136802, 5.15000000000000 ) );
#7250 = CARTESIAN_POINT( '', ( -0.111099023606271, 0.431638993091494, 5.15000000000000 ) );
#7251 = CARTESIAN_POINT( '', ( -0.111099023606272, 0.238455713348728, 5.15000000000000 ) );
#7252 = CARTESIAN_POINT( '', ( -0.111099023606272, 0.0452724336059627, 5.15000000000000 ) );
#7253 = CARTESIAN_POINT( '', ( -0.111099023606273, -0.147910846136802, 5.15000000000000 ) );
#7254 = CARTESIAN_POINT( '', ( -0.111099023606273, -0.147910846136802, 5.14000000000000 ) );
#7255 = CARTESIAN_POINT( '', ( -0.111099023606271, 0.431638993091494, 5.14000000000000 ) );
#7256 = CARTESIAN_POINT( '', ( -0.111099023606272, 0.238455713348728, 5.14000000000000 ) );
#7257 = CARTESIAN_POINT( '', ( -0.111099023606272, 0.0452724336059627, 5.14000000000000 ) );
#7258 = CARTESIAN_POINT( '', ( -0.111099023606273, -0.147910846136802, 5.14000000000000 ) );
#7259 = CARTESIAN_POINT( '', ( -0.111099023606273, -0.147910846136802, 5.14000000000000 ) );
#7260 = VECTOR( '', #8728, 1000.00000000000 );
#7261 = COLOUR_RGB( '', 0.699999988100000, 0.699999988100000, 0.699999988100000 );
#7262 = CARTESIAN_POINT( '', ( -3.00000000000000, 0.325000000000000, -0.650000000000000 ) );
#7263 = CARTESIAN_POINT( '', ( -3.00000000000000, 0.325000000000000, -0.650000000000000 ) );
#7264 = VECTOR( '', #8729, 1000.00000000000 );
#7265 = CARTESIAN_POINT( '', ( -3.00000000000000, 0.325000000000000, -0.350000000000000 ) );
#7266 = CARTESIAN_POINT( '', ( -3.00000000000000, -0.325000000000000, -0.350000000000000 ) );
#7267 = VECTOR( '', #8730, 1000.00000000000 );
#7268 = CARTESIAN_POINT( '', ( -3.00000000000000, 0.325000000000000, -0.350000000000000 ) );
#7269 = VECTOR( '', #8731, 1000.00000000000 );
#7270 = COLOUR_RGB( '', 0.119999997300000, 0.119999997300000, 0.119999997300000 );
#7271 = CARTESIAN_POINT( '', ( -0.900000000000000, -0.316227766016838, 0.550000000000000 ) );
#7272 = CARTESIAN_POINT( '', ( -0.900000000000000, -0.316227766016838, 0.0500000000000000 ) );
#7273 = CARTESIAN_POINT( '', ( -0.900000000000000, -0.316227766016838, 0.550000000000000 ) );
#7274 = VECTOR( '', #8732, 1000.00000000000 );
#7275 = CARTESIAN_POINT( '', ( -0.900000000000000, 0.316227766016838, 0.550000000000000 ) );
#7276 = AXIS2_PLACEMENT_3D( '', #8733, #8734, #8735 );
#7277 = CARTESIAN_POINT( '', ( -0.900000000000000, 0.316227766016838, 0.0500000000000000 ) );
#7278 = CARTESIAN_POINT( '', ( -0.900000000000000, 0.316227766016838, 0.550000000000000 ) );
#7279 = VECTOR( '', #8736, 1000.00000000000 );
#7280 = AXIS2_PLACEMENT_3D( '', #8737, #8738, #8739 );
#7281 = AXIS2_PLACEMENT_3D( '', #8740, #8741, #8742 );
#7282 = COLOUR_RGB( '', 0.699999988100000, 0.699999988100000, 0.699999988100000 );
#7283 = AXIS2_PLACEMENT_3D( '', #8743, #8744, #8745 );
#7284 = AXIS2_PLACEMENT_3D( '', #8746, #8747, #8748 );
#7285 = COLOUR_RGB( '', 0.119999997300000, 0.119999997300000, 0.119999997300000 );
#7286 = CARTESIAN_POINT( '', ( 0.900000000000000, -0.316227766016838, 0.550000000000000 ) );
#7287 = CARTESIAN_POINT( '', ( 0.900000000000000, 0.316227766016838, 0.550000000000000 ) );
#7288 = AXIS2_PLACEMENT_3D( '', #8749, #8750, #8751 );
#7289 = CARTESIAN_POINT( '', ( 0.900000000000000, -0.325000000000000, 0.550000000000000 ) );
#7290 = VECTOR( '', #8752, 1000.00000000000 );
#7291 = COLOUR_RGB( '', 0.699999988100000, 0.699999988100000, 0.699999988100000 );
#7292 = CARTESIAN_POINT( '', ( 1.30845081562202, 0.272667931998240, 5.15000000000000 ) );
#7293 = CARTESIAN_POINT( '', ( 1.30845081562202, -0.147910846136808, 5.15000000000000 ) );
#7294 = CARTESIAN_POINT( '', ( 1.30845081562202, -0.00771792009179252, 5.15000000000000 ) );
#7295 = CARTESIAN_POINT( '', ( 1.30845081562202, 0.132475005953224, 5.15000000000000 ) );
#7296 = CARTESIAN_POINT( '', ( 1.30845081562202, 0.272667931998240, 5.15000000000000 ) );
#7297 = CARTESIAN_POINT( '', ( 1.37250226256736, 0.272667931998240, 5.15000000000000 ) );
#7298 = CARTESIAN_POINT( '', ( 1.30845081562202, 0.272667931998240, 5.15000000000000 ) );
#7299 = CARTESIAN_POINT( '', ( 1.32980129793714, 0.272667931998240, 5.15000000000000 ) );
#7300 = CARTESIAN_POINT( '', ( 1.35115178025225, 0.272667931998240, 5.15000000000000 ) );
#7301 = CARTESIAN_POINT( '', ( 1.37250226256736, 0.272667931998240, 5.15000000000000 ) );
#7302 = CARTESIAN_POINT( '', ( 1.37250226256736, 0.212860858043255, 5.15000000000000 ) );
#7303 = CARTESIAN_POINT( '', ( 1.37250226256736, 0.272667931998240, 5.15000000000000 ) );
#7304 = CARTESIAN_POINT( '', ( 1.37250226256736, 0.252732240679911, 5.15000000000000 ) );
#7305 = CARTESIAN_POINT( '', ( 1.37250226256736, 0.232796549361584, 5.15000000000000 ) );
#7306 = CARTESIAN_POINT( '', ( 1.37250226256736, 0.212860858043255, 5.15000000000000 ) );
#7307 = CARTESIAN_POINT( '', ( 1.65031576739051, -0.147910846136810, 5.15000000000000 ) );
#7308 = CARTESIAN_POINT( '', ( 1.37250226256736, 0.212860858043255, 5.15000000000000 ) );
#7309 = CARTESIAN_POINT( '', ( 1.40337042976993, 0.258777256757082, 5.15000000000000 ) );
#7310 = CARTESIAN_POINT( '', ( 1.44812927221366, 0.281928382159011, 5.15000000000000 ) );
#7311 = CARTESIAN_POINT( '', ( 1.53185917575064, 0.281928382159011, 5.15000000000000 ) );
#7312 = CARTESIAN_POINT( '', ( 1.55501030115257, 0.277298157078625, 5.15000000000000 ) );
#7313 = CARTESIAN_POINT( '', ( 1.57623216610434, 0.268423559007885, 5.15000000000000 ) );
#7314 = CARTESIAN_POINT( '', ( 1.59759137008084, 0.259491528254077, 5.15000000000000 ) );
#7315 = CARTESIAN_POINT( '', ( 1.61365981883746, 0.247201694056116, 5.15000000000000 ) );
#7316 = CARTESIAN_POINT( '', ( 1.62407782526833, 0.232539314634894, 5.15000000000000 ) );
#7317 = CARTESIAN_POINT( '', ( 1.63467801496858, 0.217620529130834, 5.15000000000000 ) );
#7318 = CARTESIAN_POINT( '', ( 1.64221287349984, 0.200127739072194, 5.15000000000000 ) );
#7319 = CARTESIAN_POINT( '', ( 1.64607139440016, 0.179677578300489, 5.15000000000000 ) );
#7320 = CARTESIAN_POINT( '', ( 1.64855443019439, 0.166517488591094, 5.15000000000000 ) );
#7321 = CARTESIAN_POINT( '', ( 1.65031576739052, 0.143407481837467, 5.15000000000000 ) );
#7322 = CARTESIAN_POINT( '', ( 1.65031576739052, 0.110610054184734, 5.15000000000000 ) );
#7323 = CARTESIAN_POINT( '', ( 1.65031576739051, 0.0244364207442188, 5.15000000000000 ) );
#7324 = CARTESIAN_POINT( '', ( 1.65031576739051, -0.0617372126962955, 5.15000000000000 ) );
#7325 = CARTESIAN_POINT( '', ( 1.65031576739051, -0.147910846136810, 5.15000000000000 ) );
#7326 = CARTESIAN_POINT( '', ( 1.57931898282460, -0.147910846136809, 5.15000000000000 ) );
#7327 = CARTESIAN_POINT( '', ( 1.65031576739051, -0.147910846136810, 5.15000000000000 ) );
#7328 = CARTESIAN_POINT( '', ( 1.62665017253520, -0.147910846136810, 5.15000000000000 ) );
#7329 = CARTESIAN_POINT( '', ( 1.60298457767990, -0.147910846136809, 5.15000000000000 ) );
#7330 = CARTESIAN_POINT( '', ( 1.57931898282460, -0.147910846136809, 5.15000000000000 ) );
#7331 = CARTESIAN_POINT( '', ( 1.57931898282460, -0.147910846136809, 5.15000000000000 ) );
#7332 = CARTESIAN_POINT( '', ( 1.57931898282460, -0.0625089168763594, 5.15000000000000 ) );
#7333 = CARTESIAN_POINT( '', ( 1.57931898282460, 0.0228930123840906, 5.15000000000000 ) );
#7334 = CARTESIAN_POINT( '', ( 1.57931898282460, 0.108294941644541, 5.15000000000000 ) );
#7335 = CARTESIAN_POINT( '', ( 1.57931898282460, 0.137233848396952, 5.15000000000000 ) );
#7336 = CARTESIAN_POINT( '', ( 1.57661801819437, 0.158841565438753, 5.15000000000000 ) );
#7337 = CARTESIAN_POINT( '', ( 1.57121608893392, 0.173503944859975, 5.15000000000000 ) );
#7338 = CARTESIAN_POINT( '', ( 1.56589321229680, 0.187951752875033, 5.15000000000000 ) );
#7339 = CARTESIAN_POINT( '', ( 1.55578200533263, 0.199356034892129, 5.15000000000000 ) );
#7340 = CARTESIAN_POINT( '', ( 1.52722895067025, 0.216333526853544, 5.15000000000000 ) );
#7341 = CARTESIAN_POINT( '', ( 1.51063731079888, 0.220577899843899, 5.15000000000000 ) );
#7342 = CARTESIAN_POINT( '', ( 1.49134470629727, 0.220963751933931, 5.15000000000000 ) );
#7343 = CARTESIAN_POINT( '', ( 1.46088229319177, 0.221573000196041, 5.15000000000000 ) );
#7344 = CARTESIAN_POINT( '', ( 1.43462444906254, 0.210931597593095, 5.15000000000000 ) );
#7345 = CARTESIAN_POINT( '', ( 1.39063731079887, 0.172346388589879, 5.15000000000000 ) );
#7346 = CARTESIAN_POINT( '', ( 1.37944760018794, 0.135690440036825, 5.15000000000000 ) );
#7347 = CARTESIAN_POINT( '', ( 1.37944760018794, 0.0820569995223552, 5.15000000000000 ) );
#7348 = CARTESIAN_POINT( '', ( 1.37944760018794, 0.00540105096930035, 5.15000000000000 ) );
#7349 = CARTESIAN_POINT( '', ( 1.37944760018794, -0.0712548975837542, 5.15000000000000 ) );
#7350 = CARTESIAN_POINT( '', ( 1.37944760018794, -0.147910846136809, 5.15000000000000 ) );
#7351 = CARTESIAN_POINT( '', ( 1.20118393459309, 0.350224202094703, 5.15000000000000 ) );
#7352 = CARTESIAN_POINT( '', ( 1.20118393459309, 0.350224202094703, 5.15000000000000 ) );
#7353 = CARTESIAN_POINT( '', ( 1.13018715002717, 0.350224202094704, 5.15000000000000 ) );
#7354 = CARTESIAN_POINT( '', ( 1.20118393459309, 0.431638993091488, 5.15000000000000 ) );
#7355 = CARTESIAN_POINT( '', ( 1.13018715002717, 0.431638993091488, 5.15000000000000 ) );
#7356 = CARTESIAN_POINT( '', ( 1.20118393459309, 0.431638993091488, 5.15000000000000 ) );
#7357 = CARTESIAN_POINT( '', ( 1.20118393459309, 0.431638993091488, 5.15000000000000 ) );
#7358 = CARTESIAN_POINT( '', ( 1.20118393459309, 0.350224202094703, 5.15000000000000 ) );
#7359 = CARTESIAN_POINT( '', ( 0.524399368676685, -0.147910846136805, 5.15000000000000 ) );
#7360 = CARTESIAN_POINT( '', ( 0.453788436200801, -0.147910846136805, 5.15000000000000 ) );
#7361 = CARTESIAN_POINT( '', ( 0.524399368676685, -0.147910846136805, 5.15000000000000 ) );
#7362 = CARTESIAN_POINT( '', ( 0.500862391184724, -0.147910846136805, 5.15000000000000 ) );
#7363 = CARTESIAN_POINT( '', ( 0.477325413692762, -0.147910846136805, 5.15000000000000 ) );
#7364 = CARTESIAN_POINT( '', ( 0.453788436200801, -0.147910846136805, 5.15000000000000 ) );
#7365 = CARTESIAN_POINT( '', ( 0.453788436200801, -0.147910846136805, 5.15000000000000 ) );
#7366 = CARTESIAN_POINT( '', ( 0.453788436200801, -0.00771792009178886, 5.15000000000000 ) );
#7367 = CARTESIAN_POINT( '', ( 0.453788436200802, 0.132475005953227, 5.15000000000000 ) );
#7368 = CARTESIAN_POINT( '', ( 0.453788436200803, 0.272667931998243, 5.15000000000000 ) );
#7369 = CARTESIAN_POINT( '', ( 0.517839883146140, 0.209002337142938, 5.15000000000000 ) );
#7370 = CARTESIAN_POINT( '', ( 0.517839883146140, 0.272667931998243, 5.15000000000000 ) );
#7371 = CARTESIAN_POINT( '', ( 0.517839883146140, 0.251446067046474, 5.15000000000000 ) );
#7372 = CARTESIAN_POINT( '', ( 0.517839883146140, 0.230224202094706, 5.15000000000000 ) );
#7373 = CARTESIAN_POINT( '', ( 0.517839883146140, 0.209002337142938, 5.15000000000000 ) );
#7374 = CARTESIAN_POINT( '', ( 0.679511908869613, 0.259163108847117, 5.15000000000000 ) );
#7375 = CARTESIAN_POINT( '', ( 0.517839883146140, 0.209002337142938, 5.15000000000000 ) );
#7376 = CARTESIAN_POINT( '', ( 0.534045670927491, 0.238712948075414, 5.15000000000000 ) );
#7377 = CARTESIAN_POINT( '', ( 0.548708050348713, 0.258391404667054, 5.15000000000000 ) );
#7378 = CARTESIAN_POINT( '', ( 0.562212873499838, 0.267651854827825, 5.15000000000000 ) );
#7379 = CARTESIAN_POINT( '', ( 0.576160108958524, 0.277215673428067, 5.15000000000000 ) );
#7380 = CARTESIAN_POINT( '', ( 0.591151780252249, 0.281928382159015, 5.15000000000000 ) );
#7381 = CARTESIAN_POINT( '', ( 0.631280397615593, 0.281928382159015, 5.15000000000000 ) );
#7382 = CARTESIAN_POINT( '', ( 0.655203227197587, 0.274211340358371, 5.15000000000000 ) );
#7383 = CARTESIAN_POINT( '', ( 0.679511908869613, 0.259163108847117, 5.15000000000000 ) );
#7384 = CARTESIAN_POINT( '', ( 0.654817375107555, 0.193568253541651, 5.15000000000000 ) );
#7385 = CARTESIAN_POINT( '', ( 0.679511908869613, 0.259163108847117, 5.15000000000000 ) );
#7386 = CARTESIAN_POINT( '', ( 0.671280397615593, 0.237298157078629, 5.15000000000000 ) );
#7387 = CARTESIAN_POINT( '', ( 0.663048886361574, 0.215433205310140, 5.15000000000000 ) );
#7388 = CARTESIAN_POINT( '', ( 0.654817375107555, 0.193568253541651, 5.15000000000000 ) );
#7389 = CARTESIAN_POINT( '', ( 0.654817375107555, 0.193568253541651, 5.15000000000000 ) );
#7390 = CARTESIAN_POINT( '', ( 0.637839883146140, 0.203600407882487, 5.15000000000000 ) );
#7391 = CARTESIAN_POINT( '', ( 0.620476539094693, 0.208616485052905, 5.15000000000000 ) );
#7392 = CARTESIAN_POINT( '', ( 0.588450815622024, 0.208616485052905, 5.15000000000000 ) );
#7393 = CARTESIAN_POINT( '', ( 0.574560140380867, 0.203600407882487, 5.15000000000000 ) );
#7394 = CARTESIAN_POINT( '', ( 0.562598725589870, 0.194339957721716, 5.15000000000000 ) );
#7395 = CARTESIAN_POINT( '', ( 0.550396059101722, 0.184892732053473, 5.15000000000000 ) );
#7396 = CARTESIAN_POINT( '', ( 0.541762712728133, 0.171960536499850, 5.15000000000000 ) );
#7397 = CARTESIAN_POINT( '', ( 0.536360783467683, 0.155368896628468, 5.15000000000000 ) );
#7398 = CARTESIAN_POINT( '', ( 0.528124492301872, 0.130071716619191, 5.15000000000000 ) );
#7399 = CARTESIAN_POINT( '', ( 0.524399368676686, 0.102121308204031, 5.15000000000000 ) );
#7400 = CARTESIAN_POINT( '', ( 0.524399368676686, 0.0720248451815228, 5.15000000000000 ) );
#7401 = CARTESIAN_POINT( '', ( 0.524399368676686, -0.00128705192458642, 5.15000000000000 ) );
#7402 = CARTESIAN_POINT( '', ( 0.524399368676685, -0.0745989490306959, 5.15000000000000 ) );
#7403 = CARTESIAN_POINT( '', ( 0.524399368676685, -0.147910846136805, 5.15000000000000 ) );
#7404 = CARTESIAN_POINT( '', ( -0.590327319426209, -0.147910846136800, 5.15000000000000 ) );
#7405 = CARTESIAN_POINT( '', ( -0.663639216532318, -0.147910846136800, 5.15000000000000 ) );
#7406 = CARTESIAN_POINT( '', ( -0.590327319426209, -0.147910846136800, 5.15000000000000 ) );
#7407 = CARTESIAN_POINT( '', ( -0.614764618461579, -0.147910846136800, 5.15000000000000 ) );
#7408 = CARTESIAN_POINT( '', ( -0.639201917496948, -0.147910846136800, 5.15000000000000 ) );
#7409 = CARTESIAN_POINT( '', ( -0.663639216532318, -0.147910846136800, 5.15000000000000 ) );
#7410 = CARTESIAN_POINT( '', ( -0.663639216532316, 0.431638993091496, 5.15000000000000 ) );
#7411 = CARTESIAN_POINT( '', ( -0.663639216532318, -0.147910846136800, 5.15000000000000 ) );
#7412 = CARTESIAN_POINT( '', ( -0.663639216532317, 0.0452724336059651, 5.15000000000000 ) );
#7413 = CARTESIAN_POINT( '', ( -0.663639216532317, 0.238455713348731, 5.15000000000000 ) );
#7414 = CARTESIAN_POINT( '', ( -0.663639216532316, 0.431638993091496, 5.15000000000000 ) );
#7415 = CARTESIAN_POINT( '', ( -0.549426997882798, 0.431638993091496, 5.15000000000000 ) );
#7416 = CARTESIAN_POINT( '', ( -0.663639216532316, 0.431638993091496, 5.15000000000000 ) );
#7417 = CARTESIAN_POINT( '', ( -0.625568476982477, 0.431638993091496, 5.15000000000000 ) );
#7418 = CARTESIAN_POINT( '', ( -0.587497737432637, 0.431638993091496, 5.15000000000000 ) );
#7419 = CARTESIAN_POINT( '', ( -0.549426997882798, 0.431638993091496, 5.15000000000000 ) );
#7420 = CARTESIAN_POINT( '', ( -0.383896451259006, -0.0645667946898559, 5.15000000000000 ) );
#7421 = CARTESIAN_POINT( '', ( -0.549426997882798, 0.431638993091496, 5.15000000000000 ) );
#7422 = CARTESIAN_POINT( '', ( -0.503510599168972, 0.294918735856768, 5.15000000000000 ) );
#7423 = CARTESIAN_POINT( '', ( -0.457594200455146, 0.158198478622042, 5.15000000000000 ) );
#7424 = CARTESIAN_POINT( '', ( -0.411677801741321, 0.0214782213873146, 5.15000000000000 ) );
#7425 = CARTESIAN_POINT( '', ( -0.398742117005153, -0.0170389575329819, 5.15000000000000 ) );
#7426 = CARTESIAN_POINT( '', ( -0.389684232609488, -0.0456600422782803, 5.15000000000000 ) );
#7427 = CARTESIAN_POINT( '', ( -0.383896451259006, -0.0645667946898559, 5.15000000000000 ) );
#7428 = CARTESIAN_POINT( '', ( -0.383896451259006, -0.0645667946898559, 5.15000000000000 ) );
#7429 = CARTESIAN_POINT( '', ( -0.377336965728459, -0.0433449297380874, 5.15000000000000 ) );
#7430 = CARTESIAN_POINT( '', ( -0.366918959297591, -0.0124767625355152, 5.15000000000000 ) );
#7431 = CARTESIAN_POINT( '', ( -0.353028284056433, 0.0284235590078929, 5.15000000000000 ) );
#7432 = CARTESIAN_POINT( '', ( -0.307273590990296, 0.163145710813739, 5.15000000000000 ) );
#7433 = CARTESIAN_POINT( '', ( -0.259652078268650, 0.297233848396961, 5.15000000000000 ) );
#7434 = CARTESIAN_POINT( '', ( -0.212963975374760, 0.431638993091494, 5.15000000000000 ) );
#7435 = CARTESIAN_POINT( '', ( -0.184796772802414, -0.147910846136802, 5.15000000000000 ) );
#7436 = CARTESIAN_POINT( '', ( -0.111099023606273, -0.147910846136802, 5.15000000000000 ) );
#7437 = CARTESIAN_POINT( '', ( -0.135664940004987, -0.147910846136802, 5.15000000000000 ) );
#7438 = CARTESIAN_POINT( '', ( -0.160230856403701, -0.147910846136802, 5.15000000000000 ) );
#7439 = CARTESIAN_POINT( '', ( -0.184796772802414, -0.147910846136802, 5.15000000000000 ) );
#7440 = CARTESIAN_POINT( '', ( -0.184796772802414, -0.147910846136802, 5.15000000000000 ) );
#7441 = CARTESIAN_POINT( '', ( -0.184796772802414, 0.0140184143133587, 5.15000000000000 ) );
#7442 = CARTESIAN_POINT( '', ( -0.184796772802413, 0.175947674763519, 5.15000000000000 ) );
#7443 = CARTESIAN_POINT( '', ( -0.184796772802413, 0.337876935213680, 5.15000000000000 ) );
#7444 = CARTESIAN_POINT( '', ( -0.422867512352254, -0.147910846136801, 5.15000000000000 ) );
#7445 = CARTESIAN_POINT( '', ( -0.354957544506595, -0.147910846136801, 5.15000000000000 ) );
#7446 = CARTESIAN_POINT( '', ( -0.377594200455147, -0.147910846136801, 5.15000000000000 ) );
#7447 = CARTESIAN_POINT( '', ( -0.400230856403701, -0.147910846136801, 5.15000000000000 ) );
#7448 = CARTESIAN_POINT( '', ( -0.422867512352254, -0.147910846136801, 5.15000000000000 ) );
#7449 = CARTESIAN_POINT( '', ( -0.590327319426207, 0.345979829104357, 5.15000000000000 ) );
#7450 = CARTESIAN_POINT( '', ( -0.422867512352254, -0.147910846136801, 5.15000000000000 ) );
#7451 = CARTESIAN_POINT( '', ( -0.478687448043571, 0.0167193789435849, 5.15000000000000 ) );
#7452 = CARTESIAN_POINT( '', ( -0.534507383734889, 0.181349604023971, 5.15000000000000 ) );
#7453 = CARTESIAN_POINT( '', ( -0.590327319426207, 0.345979829104357, 5.15000000000000 ) );
#7454 = CARTESIAN_POINT( '', ( -0.590327319426207, 0.345979829104357, 5.15000000000000 ) );
#7455 = CARTESIAN_POINT( '', ( -0.590327319426207, 0.181349604023971, 5.15000000000000 ) );
#7456 = CARTESIAN_POINT( '', ( -0.590327319426208, 0.0167193789435855, 5.15000000000000 ) );
#7457 = CARTESIAN_POINT( '', ( -0.590327319426209, -0.147910846136800, 5.15000000000000 ) );
#7458 = CARTESIAN_POINT( '', ( -0.0137847483358069, 0.829597035134968, 5.15000000000000 ) );
#7459 = CARTESIAN_POINT( '', ( 0.500695355601511, 1.71231915965340, 5.15000000000000 ) );
#7460 = VECTOR( '', #8753, 1000.00000000000 );
#7461 = CARTESIAN_POINT( '', ( 1.00198927374186, 1.49270898022359, 5.15000000000000 ) );
#7462 = CARTESIAN_POINT( '', ( 1.00198927374186, 1.49270898022359, 5.15000000000000 ) );
#7463 = VECTOR( '', #8754, 1000.00000000000 );
#7464 = CARTESIAN_POINT( '', ( 0.631134637510201, 1.49270898022359, 5.15000000000000 ) );
#7465 = CARTESIAN_POINT( '', ( 0.631134637510198, 1.49270898022359, 5.15000000000000 ) );
#7466 = VECTOR( '', #8755, 1000.00000000000 );
#7467 = CARTESIAN_POINT( '', ( 0.568719112830150, 1.39009200320195, 5.15000000000000 ) );
#7468 = CARTESIAN_POINT( '', ( 0.568719112830152, 1.39009200320195, 5.15000000000000 ) );
#7469 = VECTOR( '', #8756, 1000.00000000000 );
#7470 = CARTESIAN_POINT( '', ( 0.940763788651406, 1.39009200320195, 5.15000000000000 ) );
#7471 = VECTOR( '', #8757, 1000.00000000000 );
#7472 = CARTESIAN_POINT( '', ( 0.438772261096520, 1.17076907470757, 5.15000000000000 ) );
#7473 = VECTOR( '', #8758, 1000.00000000000 );
#7474 = CARTESIAN_POINT( '', ( 0.738511772890016, 1.04488477191763, 5.15000000000000 ) );
#7475 = VECTOR( '', #8759, 1000.00000000000 );
#7476 = CARTESIAN_POINT( '', ( -0.0137847483358080, 0.829597035134968, 5.15000000000000 ) );
#7477 = VECTOR( '', #8760, 1000.00000000000 );
#7478 = CARTESIAN_POINT( '', ( -0.636626848002936, 0.829597035134968, 5.15000000000000 ) );
#7479 = CARTESIAN_POINT( '', ( -0.682655390748578, 1.71231915965340, 5.15000000000000 ) );
#7480 = CARTESIAN_POINT( '', ( -0.636626848002937, 0.829597035134968, 5.15000000000000 ) );
#7481 = VECTOR( '', #8761, 1000.00000000000 );
#7482 = CARTESIAN_POINT( '', ( -0.460624096291741, 1.71231915965340, 5.15000000000000 ) );
#7483 = CARTESIAN_POINT( '', ( -0.682655390748578, 1.71231915965340, 5.15000000000000 ) );
#7484 = VECTOR( '', #8762, 1000.00000000000 );
#7485 = CARTESIAN_POINT( '', ( -0.438957168592158, 1.25434541829624, 5.15000000000000 ) );
#7486 = CARTESIAN_POINT( '', ( -0.460624096291742, 1.71231915965339, 5.15000000000000 ) );
#7487 = VECTOR( '', #8763, 1000.00000000000 );
#7488 = CARTESIAN_POINT( '', ( -0.341483351175983, 1.39009200320196, 5.15000000000000 ) );
#7489 = CARTESIAN_POINT( '', ( -0.438957168592157, 1.25434541829624, 5.15000000000000 ) );
#7490 = VECTOR( '', #8764, 1000.00000000000 );
#7491 = CARTESIAN_POINT( '', ( -0.341483351175983, 1.39009200320195, 5.15000000000000 ) );
#7492 = VECTOR( '', #8765, 1000.00000000000 );
#7493 = CARTESIAN_POINT( '', ( -0.0869516651697754, 1.24928433038669, 5.15000000000000 ) );
#7494 = VECTOR( '', #8766, 1000.00000000000 );
#7495 = CARTESIAN_POINT( '', ( -0.0788265672824345, 0.829597035134968, 5.15000000000000 ) );
#7496 = CARTESIAN_POINT( '', ( 0.438361902617332, 1.71231915965340, 5.15000000000000 ) );
#7497 = VECTOR( '', #8767, 1000.00000000000 );
#7498 = CARTESIAN_POINT( '', ( -0.306274593664152, 0.829597035134968, 5.15000000000000 ) );
#7499 = CARTESIAN_POINT( '', ( -0.0788265672824354, 0.829597035134969, 5.15000000000000 ) );
#7500 = VECTOR( '', #8768, 1000.00000000000 );
#7501 = CARTESIAN_POINT( '', ( -0.327941521363725, 0.981224493184059, 5.15000000000000 ) );
#7502 = CARTESIAN_POINT( '', ( -0.306274593664153, 0.829597035134969, 5.15000000000000 ) );
#7503 = VECTOR( '', #8769, 1000.00000000000 );
#7504 = CARTESIAN_POINT( '', ( -0.428123704742302, 0.829597035134964, 5.15000000000000 ) );
#7505 = CARTESIAN_POINT( '', ( -0.327941521363725, 0.981224493184055, 5.15000000000000 ) );
#7506 = VECTOR( '', #8770, 1000.00000000000 );
#7507 = CARTESIAN_POINT( '', ( -0.428123704742303, 0.829597035134968, 5.15000000000000 ) );
#7508 = VECTOR( '', #8771, 1000.00000000000 );
#7509 = CARTESIAN_POINT( '', ( 0.293273966747425, -0.147910846136804, 5.15000000000000 ) );
#7510 = CARTESIAN_POINT( '', ( 0.293273966747425, -0.147910846136804, 5.15000000000000 ) );
#7511 = CARTESIAN_POINT( '', ( 0.285556924946782, -0.133248466715582, 5.15000000000000 ) );
#7512 = CARTESIAN_POINT( '', ( 0.280540847776364, -0.115499270574103, 5.15000000000000 ) );
#7513 = CARTESIAN_POINT( '', ( 0.278225735236171, -0.0950491098023989, 5.15000000000000 ) );
#7514 = CARTESIAN_POINT( '', ( 0.0629202689982299, 0.143021629747441, 5.15000000000000 ) );
#7515 = CARTESIAN_POINT( '', ( 0.273595510155786, 0.118712948075415, 5.15000000000000 ) );
#7516 = CARTESIAN_POINT( '', ( 0.273981362245818, 0.128359250326218, 5.15000000000000 ) );
#7517 = CARTESIAN_POINT( '', ( 0.273981362245818, 0.134532883766733, 5.15000000000000 ) );
#7518 = CARTESIAN_POINT( '', ( 0.273981362245818, 0.166558607239402, 5.15000000000000 ) );
#7519 = CARTESIAN_POINT( '', ( 0.267421876715272, 0.187008768011106, 5.15000000000000 ) );
#7520 = CARTESIAN_POINT( '', ( 0.253917053564147, 0.199356034892134, 5.15000000000000 ) );
#7521 = CARTESIAN_POINT( '', ( 0.236160823213823, 0.215590302641002, 5.15000000000000 ) );
#7522 = CARTESIAN_POINT( '', ( 0.208386506940352, 0.223278864474129, 5.15000000000000 ) );
#7523 = CARTESIAN_POINT( '', ( 0.172502262567362, 0.223664716564161, 5.15000000000000 ) );
#7524 = CARTESIAN_POINT( '', ( 0.139326967509465, 0.224021440166935, 5.15000000000000 ) );
#7525 = CARTESIAN_POINT( '', ( 0.114624449062539, 0.217491083123646, 5.15000000000000 ) );
#7526 = CARTESIAN_POINT( '', ( 0.0984186612811881, 0.205915520422682, 5.15000000000000 ) );
#7527 = CARTESIAN_POINT( '', ( 0.0822858725438975, 0.194392099896046, 5.15000000000000 ) );
#7528 = CARTESIAN_POINT( '', ( 0.0706373107988729, 0.173118092769949, 5.15000000000000 ) );
#7529 = CARTESIAN_POINT( '', ( 0.0629202689982299, 0.143021629747441, 5.15000000000000 ) );
#7530 = CARTESIAN_POINT( '', ( 0.0629202689982299, 0.143021629747441, 5.15000000000000 ) );
#7531 = CARTESIAN_POINT( '', ( 0.0393832915062688, 0.146237063831043, 5.15000000000000 ) );
#7532 = CARTESIAN_POINT( '', ( 0.0158463140143071, 0.149452497914644, 5.15000000000000 ) );
#7533 = CARTESIAN_POINT( '', ( -0.00769066347765419, 0.152667931998245, 5.15000000000000 ) );
#7534 = CARTESIAN_POINT( '', ( 0.366585863853534, -0.147910846136804, 5.15000000000000 ) );
#7535 = CARTESIAN_POINT( '', ( 0.342148564818164, -0.147910846136804, 5.15000000000000 ) );
#7536 = CARTESIAN_POINT( '', ( 0.317711265782795, -0.147910846136804, 5.15000000000000 ) );
#7537 = CARTESIAN_POINT( '', ( 0.293273966747425, -0.147910846136804, 5.15000000000000 ) );
#7538 = CARTESIAN_POINT( '', ( 0.794881683789225, -0.147910846136806, 5.15000000000000 ) );
#7539 = CARTESIAN_POINT( '', ( 0.723884899223309, -0.147910846136806, 5.15000000000000 ) );
#7540 = CARTESIAN_POINT( '', ( 0.794881683789225, -0.147910846136806, 5.15000000000000 ) );
#7541 = CARTESIAN_POINT( '', ( 0.723884899223309, -0.147910846136806, 5.15000000000000 ) );
#7542 = CARTESIAN_POINT( '', ( 0.723884899223309, -0.147910846136806, 5.15000000000000 ) );
#7543 = CARTESIAN_POINT( '', ( 0.723884899223311, 0.431638993091490, 5.15000000000000 ) );
#7544 = CARTESIAN_POINT( '', ( 1.05687525292106, 0.272667931998241, 5.15000000000000 ) );
#7545 = CARTESIAN_POINT( '', ( 0.964270751313343, 0.272667931998241, 5.15000000000000 ) );
#7546 = CARTESIAN_POINT( '', ( 1.05687525292106, 0.272667931998241, 5.15000000000000 ) );
#7547 = CARTESIAN_POINT( '', ( 0.895589079287618, 0.116011983445187, 5.15000000000000 ) );
#7548 = CARTESIAN_POINT( '', ( 1.05687525292106, 0.272667931998241, 5.15000000000000 ) );
#7549 = CARTESIAN_POINT( '', ( 0.895589079287618, 0.116011983445187, 5.15000000000000 ) );
#7550 = CARTESIAN_POINT( '', ( 1.07308104070241, -0.147910846136807, 5.15000000000000 ) );
#7551 = CARTESIAN_POINT( '', ( 0.895589079287618, 0.116011983445187, 5.15000000000000 ) );
#7552 = CARTESIAN_POINT( '', ( 1.07308104070241, -0.147910846136807, 5.15000000000000 ) );
#7553 = CARTESIAN_POINT( '', ( 0.985106764175077, -0.147910846136807, 5.15000000000000 ) );
#7554 = CARTESIAN_POINT( '', ( 1.07308104070241, -0.147910846136807, 5.15000000000000 ) );
#7555 = CARTESIAN_POINT( '', ( 0.985106764175077, -0.147910846136807, 5.15000000000000 ) );
#7556 = CARTESIAN_POINT( '', ( 0.985106764175077, -0.147910846136807, 5.15000000000000 ) );
#7557 = CARTESIAN_POINT( '', ( 0.844270751313342, 0.0662370638310393, 5.15000000000000 ) );
#7558 = CARTESIAN_POINT( '', ( 0.794881683789226, 0.0183914046670523, 5.15000000000000 ) );
#7559 = CARTESIAN_POINT( '', ( 0.794881683789225, -0.147910846136806, 5.15000000000000 ) );
#7560 = CARTESIAN_POINT( '', ( 1.20118393459308, -0.147910846136808, 5.15000000000000 ) );
#7561 = CARTESIAN_POINT( '', ( 1.13018715002717, -0.147910846136808, 5.15000000000000 ) );
#7562 = CARTESIAN_POINT( '', ( 1.20118393459308, -0.147910846136808, 5.15000000000000 ) );
#7563 = CARTESIAN_POINT( '', ( 1.13018715002717, -0.147910846136808, 5.15000000000000 ) );
#7564 = CARTESIAN_POINT( '', ( 1.13018715002717, -0.147910846136808, 5.15000000000000 ) );
#7565 = CARTESIAN_POINT( '', ( 1.13018715002717, 0.272667931998241, 5.15000000000000 ) );
#7566 = CARTESIAN_POINT( '', ( 1.20118393459309, 0.272667931998241, 5.15000000000000 ) );
#7567 = CARTESIAN_POINT( '', ( 1.20118393459308, -0.147910846136808, 5.15000000000000 ) );
#7568 = CARTESIAN_POINT( '', ( 2.03230933652235, -0.0935057014422775, 5.15000000000000 ) );
#7569 = CARTESIAN_POINT( '', ( 1.81584631401430, -0.191512132310444, 5.15000000000000 ) );
#7570 = CARTESIAN_POINT( '', ( 1.81854727864453, -0.213505701442277, 5.15000000000000 ) );
#7571 = CARTESIAN_POINT( '', ( 1.82665017253520, -0.229325637133595, 5.15000000000000 ) );
#7572 = CARTESIAN_POINT( '', ( 1.84015499568633, -0.239357791474432, 5.15000000000000 ) );
#7573 = CARTESIAN_POINT( '', ( 1.85805723363522, -0.252656596807891, 5.15000000000000 ) );
#7574 = CARTESIAN_POINT( '', ( 1.88221287349984, -0.259807952246136, 5.15000000000000 ) );
#7575 = CARTESIAN_POINT( '', ( 1.94665017253521, -0.259807952246136, 5.15000000000000 ) );
#7576 = CARTESIAN_POINT( '', ( 1.97211641047733, -0.253248466715589, 5.15000000000000 ) );
#7577 = CARTESIAN_POINT( '', ( 2.00838650694035, -0.227010524593403, 5.15000000000000 ) );
#7578 = CARTESIAN_POINT( '', ( 2.02073377382138, -0.208489624271860, 5.15000000000000 ) );
#7579 = CARTESIAN_POINT( '', ( 2.02690740726190, -0.184952646779899, 5.15000000000000 ) );
#7580 = CARTESIAN_POINT( '', ( 2.03075409161332, -0.170287162690112, 5.15000000000000 ) );
#7581 = CARTESIAN_POINT( '', ( 2.03230933652235, -0.140193804336168, 5.15000000000000 ) );
#7582 = CARTESIAN_POINT( '', ( 2.03230933652235, -0.0935057014422775, 5.15000000000000 ) );
#7583 = CARTESIAN_POINT( '', ( 2.03230933652235, -0.0935057014422775, 5.15000000000000 ) );
#7584 = CARTESIAN_POINT( '', ( 2.00066946513971, -0.130161649995332, 5.15000000000000 ) );
#7585 = CARTESIAN_POINT( '', ( 1.96169840404646, -0.147910846136811, 5.15000000000000 ) );
#7586 = CARTESIAN_POINT( '', ( 1.85713248764775, -0.147910846136810, 5.15000000000000 ) );
#7587 = CARTESIAN_POINT( '', ( 1.81237364520401, -0.127460685365107, 5.15000000000000 ) );
#7588 = CARTESIAN_POINT( '', ( 1.78034792173135, -0.0854028075516017, 5.15000000000000 ) );
#7589 = CARTESIAN_POINT( '', ( 1.74864979223346, -0.0437751435122152, 5.15000000000000 ) );
#7590 = CARTESIAN_POINT( '', ( 1.73288811465739, 0.00604413778601949, 5.15000000000000 ) );
#7591 = CARTESIAN_POINT( '', ( 1.73288811465739, 0.104436420744219, 5.15000000000000 ) );
#7592 = CARTESIAN_POINT( '', ( 1.73983345227798, 0.141478221387305, 5.15000000000000 ) );
#7593 = CARTESIAN_POINT( '', ( 1.76915821112041, 0.209388189232965, 5.15000000000000 ) );
#7594 = CARTESIAN_POINT( '', ( 1.79038007607219, 0.235626131355151, 5.15000000000000 ) );
#7595 = CARTESIAN_POINT( '', ( 1.84594277703682, 0.272667931998238, 5.15000000000000 ) );
#7596 = CARTESIAN_POINT( '', ( 1.87835435259951, 0.281928382159010, 5.15000000000000 ) );
#7597 = CARTESIAN_POINT( '', ( 1.96555692494679, 0.281928382159009, 5.15000000000000 ) );
#7598 = CARTESIAN_POINT( '', ( 2.00645724649019, 0.261478221387304, 5.15000000000000 ) );
#7599 = CARTESIAN_POINT( '', ( 2.03886882205289, 0.220963751933928, 5.15000000000000 ) );
#7600 = CARTESIAN_POINT( '', ( 2.03886882205289, 0.272667931998236, 5.15000000000000 ) );
#7601 = CARTESIAN_POINT( '', ( 2.06021930436801, 0.272667931998236, 5.15000000000000 ) );
#7602 = CARTESIAN_POINT( '', ( 2.08156978668312, 0.272667931998236, 5.15000000000000 ) );
#7603 = CARTESIAN_POINT( '', ( 2.10292026899823, 0.272667931998237, 5.15000000000000 ) );
#7604 = COLOUR_RGB( '', 0.119999997300000, 0.119999997300000, 0.119999997300000 );
#7605 = CARTESIAN_POINT( '', ( -0.825000000000000, -2.30691894092532, 0.500000000000000 ) );
#7606 = CARTESIAN_POINT( '', ( -0.825000000000000, -2.65000000000000, 0.500000000000000 ) );
#7607 = CARTESIAN_POINT( '', ( -0.825000000000000, 2.60715877091261E-16, 0.500000000000000 ) );
#7608 = VECTOR( '', #8772, 1000.00000000000 );
#7609 = CARTESIAN_POINT( '', ( -0.825000000000000, -2.30691894092532, 0.900000000000000 ) );
#7610 = CARTESIAN_POINT( '', ( -0.825000000000000, -2.30691894092532, 0.900000000000000 ) );
#7611 = VECTOR( '', #8773, 1000.00000000000 );
#7612 = CARTESIAN_POINT( '', ( -0.825000000000000, -2.65000000000000, 0.900000000000000 ) );
#7613 = CARTESIAN_POINT( '', ( -0.825000000000000, -2.65000000000000, 0.900000000000000 ) );
#7614 = VECTOR( '', #8774, 1000.00000000000 );
#7615 = CARTESIAN_POINT( '', ( -0.825000000000000, -2.65000000000000, 0.900000000000000 ) );
#7616 = VECTOR( '', #8775, 1000.00000000000 );
#7617 = COLOUR_RGB( '', 0.899999976200000, 0.000000000000000, 0.000000000000000 );
#7618 = CARTESIAN_POINT( '', ( 1.20118393459308, -0.147910846136808, 5.14000000000000 ) );
#7619 = CARTESIAN_POINT( '', ( 1.13018715002717, -0.147910846136808, 5.14000000000000 ) );
#7620 = CARTESIAN_POINT( '', ( 1.20118393459308, -0.147910846136808, 5.14000000000000 ) );
#7621 = CARTESIAN_POINT( '', ( 1.13018715002717, -0.147910846136808, 5.14000000000000 ) );
#7622 = CARTESIAN_POINT( '', ( 1.20118393459309, 0.272667931998241, 5.14000000000000 ) );
#7623 = CARTESIAN_POINT( '', ( 1.20118393459308, -0.147910846136808, 5.14000000000000 ) );
#7624 = CARTESIAN_POINT( '', ( 1.13018715002717, -0.147910846136808, 5.14000000000000 ) );
#7625 = CARTESIAN_POINT( '', ( 1.13018715002717, 0.272667931998241, 5.14000000000000 ) );
#7626 = COLOUR_RGB( '', 0.119999997300000, 0.119999997300000, 0.119999997300000 );
#7627 = CARTESIAN_POINT( '', ( 1.17990381056767, -0.325000000000000, 0.550000000000000 ) );
#7628 = CARTESIAN_POINT( '', ( 1.17990381056767, -0.325000000000000, 0.550000000000000 ) );
#7629 = VECTOR( '', #8776, 1000.00000000000 );
#7630 = CARTESIAN_POINT( '', ( 1.16674107142857, -0.329956849060160, 0.150000000000000 ) );
#7631 = CARTESIAN_POINT( '', ( 1.16674107142857, -0.329956849060160, 0.300000000000000 ) );
#7632 = VECTOR( '', #8777, 1000.00000000000 );
#7633 = CARTESIAN_POINT( '', ( 0.920096189432334, -0.325000000000000, 0.150000000000000 ) );
#7634 = AXIS2_PLACEMENT_3D( '', #8778, #8779, #8780 );
#7635 = CARTESIAN_POINT( '', ( 0.920096189432334, -0.325000000000000, 0.550000000000000 ) );
#7636 = CARTESIAN_POINT( '', ( 0.920096189432334, -0.325000000000000, 0.550000000000000 ) );
#7637 = VECTOR( '', #8781, 1000.00000000000 );
#7638 = AXIS2_PLACEMENT_3D( '', #8782, #8783, #8784 );
#7639 = COLOUR_RGB( '', 0.899999976200000, 0.000000000000000, 0.000000000000000 );
#7640 = CARTESIAN_POINT( '', ( -0.0137847483358069, 0.829597035134968, 5.14000000000000 ) );
#7641 = CARTESIAN_POINT( '', ( -0.0137847483358069, 0.829597035134968, 5.14000000000000 ) );
#7642 = VECTOR( '', #8785, 1000.00000000000 );
#7643 = CARTESIAN_POINT( '', ( 0.500695355601511, 1.71231915965340, 5.14000000000000 ) );
#7644 = VECTOR( '', #8786, 1000.00000000000 );
#7645 = COLOUR_RGB( '', 0.119999997300000, 0.119999997300000, 0.119999997300000 );
#7646 = CARTESIAN_POINT( '', ( 1.51250000000000, 0.000000000000000, 0.0500000000000001 ) );
#7647 = AXIS2_PLACEMENT_3D( '', #8787, #8788, #8789 );
#7648 = CARTESIAN_POINT( '', ( 1.51250000000000, 0.000000000000000, 0.150000000000000 ) );
#7649 = AXIS2_PLACEMENT_3D( '', #8790, #8791, #8792 );
#7650 = COLOUR_RGB( '', 0.119999997300000, 0.119999997300000, 0.119999997300000 );
#7651 = CARTESIAN_POINT( '', ( 1.56250000000000, 0.000000000000000, 0.0500000000000002 ) );
#7652 = AXIS2_PLACEMENT_3D( '', #8793, #8794, #8795 );
#7653 = CARTESIAN_POINT( '', ( 1.56250000000000, 0.000000000000000, 0.150000000000000 ) );
#7654 = AXIS2_PLACEMENT_3D( '', #8796, #8797, #8798 );
#7655 = COLOUR_RGB( '', 0.119999997300000, 0.119999997300000, 0.119999997300000 );
#7656 = COLOUR_RGB( '', 0.899999976200000, 0.000000000000000, 0.000000000000000 );
#7657 = CARTESIAN_POINT( '', ( 0.794881683789225, -0.147910846136806, 5.14000000000000 ) );
#7658 = CARTESIAN_POINT( '', ( 0.794881683789225, -0.147910846136806, 5.14000000000000 ) );
#7659 = VECTOR( '', #8799, 1000.00000000000 );
#7660 = CARTESIAN_POINT( '', ( 0.723884899223309, -0.147910846136806, 5.14000000000000 ) );
#7661 = CARTESIAN_POINT( '', ( 0.794881683789225, -0.147910846136806, 5.14000000000000 ) );
#7662 = CARTESIAN_POINT( '', ( 0.723884899223309, -0.147910846136806, 5.14000000000000 ) );
#7663 = CARTESIAN_POINT( '', ( 0.723884899223309, -0.147910846136806, 5.14000000000000 ) );
#7664 = VECTOR( '', #8800, 1000.00000000000 );
#7665 = COLOUR_RGB( '', 0.119999997300000, 0.119999997300000, 0.119999997300000 );
#7666 = CARTESIAN_POINT( '', ( 0.900000000000000, -0.316227766016838, 0.0500000000000000 ) );
#7667 = CARTESIAN_POINT( '', ( 0.900000000000000, -0.316227766016838, 0.550000000000000 ) );
#7668 = VECTOR( '', #8801, 1000.00000000000 );
#7669 = AXIS2_PLACEMENT_3D( '', #8802, #8803, #8804 );
#7670 = CARTESIAN_POINT( '', ( 0.900000000000000, 0.316227766016838, 0.0500000000000000 ) );
#7671 = AXIS2_PLACEMENT_3D( '', #8805, #8806, #8807 );
#7672 = CARTESIAN_POINT( '', ( 0.900000000000000, 0.316227766016838, 0.550000000000000 ) );
#7673 = VECTOR( '', #8808, 1000.00000000000 );
#7674 = COLOUR_RGB( '', 0.119999997300000, 0.119999997300000, 0.119999997300000 );
#7675 = CARTESIAN_POINT( '', ( -1.22566964285714, -0.302721285307862, 0.150000000000000 ) );
#7676 = CARTESIAN_POINT( '', ( 1.22566964285714, -0.302721285307862, 0.150000000000000 ) );
#7677 = AXIS2_PLACEMENT_3D( '', #8809, #8810, #8811 );
#7678 = CARTESIAN_POINT( '', ( 1.22566964285714, 0.302721285307862, 0.150000000000000 ) );
#7679 = AXIS2_PLACEMENT_3D( '', #8812, #8813, #8814 );
#7680 = CARTESIAN_POINT( '', ( -1.22566964285714, 0.302721285307863, 0.150000000000000 ) );
#7681 = AXIS2_PLACEMENT_3D( '', #8815, #8816, #8817 );
#7682 = AXIS2_PLACEMENT_3D( '', #8818, #8819, #8820 );
#7683 = COLOUR_RGB( '', 0.899999976200000, 0.000000000000000, 0.000000000000000 );
#7684 = CARTESIAN_POINT( '', ( 0.985106764175077, -0.147910846136807, 5.14000000000000 ) );
#7685 = CARTESIAN_POINT( '', ( 0.985106764175077, -0.147910846136807, 5.14000000000000 ) );
#7686 = VECTOR( '', #8821, 1000.00000000000 );
#7687 = CARTESIAN_POINT( '', ( 0.985106764175077, -0.147910846136807, 5.14000000000000 ) );
#7688 = CARTESIAN_POINT( '', ( 0.844270751313342, 0.0662370638310393, 5.14000000000000 ) );
#7689 = COLOUR_RGB( '', 0.899999976200000, 0.000000000000000, 0.000000000000000 );
#7690 = CARTESIAN_POINT( '', ( 0.453788436200801, -0.147910846136805, 5.14000000000000 ) );
#7691 = CARTESIAN_POINT( '', ( 0.453788436200801, -0.147910846136805, 5.14000000000000 ) );
#7692 = VECTOR( '', #8822, 1000.00000000000 );
#7693 = CARTESIAN_POINT( '', ( 0.453788436200801, -0.147910846136805, 5.14000000000000 ) );
#7694 = CARTESIAN_POINT( '', ( 0.453788436200801, -0.00771792009178886, 5.14000000000000 ) );
#7695 = CARTESIAN_POINT( '', ( 0.453788436200802, 0.132475005953227, 5.14000000000000 ) );
#7696 = CARTESIAN_POINT( '', ( 0.453788436200803, 0.272667931998243, 5.14000000000000 ) );
#7697 = COLOUR_RGB( '', 0.119999997300000, 0.119999997300000, 0.119999997300000 );
#7698 = CARTESIAN_POINT( '', ( 2.15000000000000, -1.45000000000000, -0.0600000000000000 ) );
#7699 = AXIS2_PLACEMENT_3D( '', #8823, #8824, #8825 );
#7700 = CARTESIAN_POINT( '', ( 2.15000000000000, -1.45000000000000, 0.000000000000000 ) );
#7701 = AXIS2_PLACEMENT_3D( '', #8826, #8827, #8828 );
#7702 = COLOUR_RGB( '', 0.699999988100000, 0.699999988100000, 0.699999988100000 );
#7703 = CARTESIAN_POINT( '', ( 0.900000000000000, -0.325000000000000, 0.0500000000000000 ) );
#7704 = CARTESIAN_POINT( '', ( 0.900000000000000, -0.325000000000000, -0.300000000000000 ) );
#7705 = CARTESIAN_POINT( '', ( 0.900000000000000, -0.325000000000000, 0.550000000000000 ) );
#7706 = VECTOR( '', #8829, 1000.00000000000 );
#7707 = CARTESIAN_POINT( '', ( 0.900000000000000, 0.000000000000000, 0.0500000000000000 ) );
#7708 = VECTOR( '', #8830, 1000.00000000000 );
#7709 = CARTESIAN_POINT( '', ( 0.900000000000000, 0.325000000000000, 0.0500000000000000 ) );
#7710 = CARTESIAN_POINT( '', ( 0.900000000000000, 0.000000000000000, 0.0500000000000000 ) );
#7711 = VECTOR( '', #8831, 1000.00000000000 );
#7712 = CARTESIAN_POINT( '', ( 0.900000000000000, 0.325000000000000, -0.300000000000000 ) );
#7713 = CARTESIAN_POINT( '', ( 0.900000000000000, 0.325000000000000, 0.550000000000000 ) );
#7714 = VECTOR( '', #8832, 1000.00000000000 );
#7715 = CARTESIAN_POINT( '', ( 0.900000000000000, -0.325000000000000, -0.300000000000000 ) );
#7716 = VECTOR( '', #8833, 1000.00000000000 );
#7717 = COLOUR_RGB( '', 0.119999997300000, 0.119999997300000, 0.119999997300000 );
#7718 = CARTESIAN_POINT( '', ( 0.905969784264354, -0.325000000000000, 0.0500000000000000 ) );
#7719 = CARTESIAN_POINT( '', ( -6.37286070907366E-17, -0.325000000000000, 0.0500000000000000 ) );
#7720 = VECTOR( '', #8834, 1000.00000000000 );
#7721 = AXIS2_PLACEMENT_3D( '', #8835, #8836, #8837 );
#7722 = CARTESIAN_POINT( '', ( -0.900000000000000, 0.000000000000000, 0.0500000000000000 ) );
#7723 = VECTOR( '', #8838, 1000.00000000000 );
#7724 = COLOUR_RGB( '', 0.699999988100000, 0.699999988100000, 0.699999988100000 );
#7725 = CARTESIAN_POINT( '', ( 1.75000000000000, 0.000000000000000, 0.0500000000000002 ) );
#7726 = AXIS2_PLACEMENT_3D( '', #8839, #8840, #8841 );
#7727 = COLOUR_RGB( '', 0.899999976200000, 0.000000000000000, 0.000000000000000 );
#7728 = CARTESIAN_POINT( '', ( 0.794881683789226, 0.0183914046670523, 5.14000000000000 ) );
#7729 = CARTESIAN_POINT( '', ( 0.794881683789225, -0.147910846136806, 5.14000000000000 ) );
#7730 = CARTESIAN_POINT( '', ( 1.07308104070241, -0.147910846136807, 5.14000000000000 ) );
#7731 = CARTESIAN_POINT( '', ( 1.07308104070241, -0.147910846136807, 5.14000000000000 ) );
#7732 = CARTESIAN_POINT( '', ( 0.985106764175077, -0.147910846136807, 5.14000000000000 ) );
#7733 = CARTESIAN_POINT( '', ( 0.895589079287618, 0.116011983445187, 5.14000000000000 ) );
#7734 = CARTESIAN_POINT( '', ( 0.895589079287618, 0.116011983445187, 5.14000000000000 ) );
#7735 = CARTESIAN_POINT( '', ( 1.07308104070241, -0.147910846136807, 5.14000000000000 ) );
#7736 = CARTESIAN_POINT( '', ( 1.05687525292106, 0.272667931998241, 5.14000000000000 ) );
#7737 = CARTESIAN_POINT( '', ( 1.05687525292106, 0.272667931998241, 5.14000000000000 ) );
#7738 = CARTESIAN_POINT( '', ( 0.895589079287618, 0.116011983445187, 5.14000000000000 ) );
#7739 = CARTESIAN_POINT( '', ( 0.964270751313343, 0.272667931998241, 5.14000000000000 ) );
#7740 = CARTESIAN_POINT( '', ( 1.05687525292106, 0.272667931998241, 5.14000000000000 ) );
#7741 = CARTESIAN_POINT( '', ( 0.723884899223309, -0.147910846136806, 5.14000000000000 ) );
#7742 = CARTESIAN_POINT( '', ( 0.723884899223311, 0.431638993091490, 5.14000000000000 ) );
#7743 = COLOUR_RGB( '', 0.899999976200000, 0.000000000000000, 0.000000000000000 );
#7744 = CARTESIAN_POINT( '', ( 1.37250226256736, 0.212860858043255, 5.14000000000000 ) );
#7745 = CARTESIAN_POINT( '', ( 1.37250226256736, 0.212860858043255, 5.14000000000000 ) );
#7746 = VECTOR( '', #8842, 1000.00000000000 );
#7747 = CARTESIAN_POINT( '', ( 1.65031576739051, -0.147910846136810, 5.14000000000000 ) );
#7748 = CARTESIAN_POINT( '', ( 1.37250226256736, 0.212860858043255, 5.14000000000000 ) );
#7749 = CARTESIAN_POINT( '', ( 1.40337042976993, 0.258777256757082, 5.14000000000000 ) );
#7750 = CARTESIAN_POINT( '', ( 1.44812927221366, 0.281928382159011, 5.14000000000000 ) );
#7751 = CARTESIAN_POINT( '', ( 1.53185917575064, 0.281928382159011, 5.14000000000000 ) );
#7752 = CARTESIAN_POINT( '', ( 1.55501030115257, 0.277298157078625, 5.14000000000000 ) );
#7753 = CARTESIAN_POINT( '', ( 1.57623216610434, 0.268423559007885, 5.14000000000000 ) );
#7754 = CARTESIAN_POINT( '', ( 1.59759137008084, 0.259491528254077, 5.14000000000000 ) );
#7755 = CARTESIAN_POINT( '', ( 1.61365981883746, 0.247201694056116, 5.14000000000000 ) );
#7756 = CARTESIAN_POINT( '', ( 1.62407782526833, 0.232539314634894, 5.14000000000000 ) );
#7757 = CARTESIAN_POINT( '', ( 1.63467801496858, 0.217620529130834, 5.14000000000000 ) );
#7758 = CARTESIAN_POINT( '', ( 1.64221287349984, 0.200127739072194, 5.14000000000000 ) );
#7759 = CARTESIAN_POINT( '', ( 1.64607139440016, 0.179677578300489, 5.14000000000000 ) );
#7760 = CARTESIAN_POINT( '', ( 1.64855443019439, 0.166517488591094, 5.14000000000000 ) );
#7761 = CARTESIAN_POINT( '', ( 1.65031576739052, 0.143407481837467, 5.14000000000000 ) );
#7762 = CARTESIAN_POINT( '', ( 1.65031576739052, 0.110610054184734, 5.14000000000000 ) );
#7763 = CARTESIAN_POINT( '', ( 1.65031576739051, 0.0244364207442188, 5.14000000000000 ) );
#7764 = CARTESIAN_POINT( '', ( 1.65031576739051, -0.0617372126962955, 5.14000000000000 ) );
#7765 = CARTESIAN_POINT( '', ( 1.65031576739051, -0.147910846136810, 5.14000000000000 ) );
#7766 = CARTESIAN_POINT( '', ( 1.65031576739051, -0.147910846136810, 5.14000000000000 ) );
#7767 = VECTOR( '', #8843, 1000.00000000000 );
#7768 = COLOUR_RGB( '', 0.699999988100000, 0.699999988100000, 0.699999988100000 );
#7769 = CARTESIAN_POINT( '', ( 1.25000000000000, 0.325000000000000, -0.650000000000000 ) );
#7770 = CARTESIAN_POINT( '', ( 1.25000000000000, -0.325000000000000, -0.650000000000000 ) );
#7771 = CARTESIAN_POINT( '', ( 1.25000000000000, -0.325000000000000, -0.650000000000000 ) );
#7772 = VECTOR( '', #8844, 1000.00000000000 );
#7773 = AXIS2_PLACEMENT_3D( '', #8845, #8846, #8847 );
#7774 = AXIS2_PLACEMENT_3D( '', #8848, #8849, #8850 );
#7775 = COLOUR_RGB( '', 0.119999997300000, 0.119999997300000, 0.119999997300000 );
#7776 = CARTESIAN_POINT( '', ( 1.65000000000000, -2.65000000000000, 0.000000000000000 ) );
#7777 = CARTESIAN_POINT( '', ( 2.65000000000000, -1.65000000000000, 0.000000000000000 ) );
#7778 = VECTOR( '', #8851, 1000.00000000000 );
#7779 = CARTESIAN_POINT( '', ( 1.65000000000000, -2.65000000000000, 0.900000000000000 ) );
#7780 = CARTESIAN_POINT( '', ( 2.65000000000000, -1.65000000000000, 0.900000000000000 ) );
#7781 = VECTOR( '', #8852, 1000.00000000000 );
#7782 = CARTESIAN_POINT( '', ( 1.65000000000000, -2.65000000000000, 0.500000000000000 ) );
#7783 = VECTOR( '', #8853, 1000.00000000000 );
#7784 = COLOUR_RGB( '', 0.899999976200000, 0.000000000000000, 0.000000000000000 );
#7785 = CARTESIAN_POINT( '', ( 1.05687525292106, 0.272667931998241, 5.14000000000000 ) );
#7786 = VECTOR( '', #8854, 1000.00000000000 );
#7787 = COLOUR_RGB( '', 0.119999997300000, 0.119999997300000, 0.119999997300000 );
#7788 = CARTESIAN_POINT( '', ( -0.825000000000000, 2.65000000000000, 0.500000000000000 ) );
#7789 = CARTESIAN_POINT( '', ( -0.825000000000000, 0.000000000000000, 0.500000000000000 ) );
#7790 = VECTOR( '', #8855, 1000.00000000000 );
#7791 = CARTESIAN_POINT( '', ( -0.825000000000000, 2.65000000000000, 1.60000000000000 ) );
#7792 = VECTOR( '', #8856, 1000.00000000000 );
#7793 = COLOUR_RGB( '', 0.699999988100000, 0.699999988100000, 0.699999988100000 );
#7794 = CARTESIAN_POINT( '', ( 2.36250000000007, 0.000000000000000, 1.38147412166284 ) );
#7795 = AXIS2_PLACEMENT_3D( '', #8857, #8858, #8859 );
#7796 = COLOUR_RGB( '', 0.119999997300000, 0.119999997300000, 0.119999997300000 );
#7797 = CARTESIAN_POINT( '', ( -2.65000000000000, -0.825000000000000, 0.500000000000000 ) );
#7798 = CARTESIAN_POINT( '', ( -2.30691894092532, -0.825000000000000, 0.500000000000000 ) );
#7799 = CARTESIAN_POINT( '', ( -5.21431754182524E-16, -0.825000000000000, 0.500000000000000 ) );
#7800 = VECTOR( '', #8860, 1000.00000000000 );
#7801 = CARTESIAN_POINT( '', ( -2.65000000000000, -0.825000000000000, 0.900000000000000 ) );
#7802 = CARTESIAN_POINT( '', ( -2.65000000000000, -0.825000000000000, 0.900000000000000 ) );
#7803 = VECTOR( '', #8861, 1000.00000000000 );
#7804 = CARTESIAN_POINT( '', ( -2.30691894092532, -0.825000000000000, 0.900000000000000 ) );
#7805 = CARTESIAN_POINT( '', ( -2.65000000000000, -0.825000000000000, 0.900000000000000 ) );
#7806 = VECTOR( '', #8862, 1000.00000000000 );
#7807 = CARTESIAN_POINT( '', ( -2.30691894092532, -0.825000000000000, 0.900000000000000 ) );
#7808 = VECTOR( '', #8863, 1000.00000000000 );
#7809 = COLOUR_RGB( '', 0.899999976200000, 0.000000000000000, 0.000000000000000 );
#7810 = CARTESIAN_POINT( '', ( 0.293273966747425, -0.147910846136804, 5.14000000000000 ) );
#7811 = VECTOR( '', #8864, 1000.00000000000 );
#7812 = COLOUR_RGB( '', 0.899999976200000, 0.000000000000000, 0.000000000000000 );
#7813 = CARTESIAN_POINT( '', ( -0.682655390748578, 1.71231915965340, 5.14000000000000 ) );
#7814 = VECTOR( '', #8865, 1000.00000000000 );
#7815 = CARTESIAN_POINT( '', ( -0.460624096291741, 1.71231915965340, 5.14000000000000 ) );
#7816 = VECTOR( '', #8866, 1000.00000000000 );
#7817 = COLOUR_RGB( '', 0.899999976200000, 0.000000000000000, 0.000000000000000 );
#7818 = CARTESIAN_POINT( '', ( -0.428123704742302, 0.829597035134964, 5.14000000000000 ) );
#7819 = VECTOR( '', #8867, 1000.00000000000 );
#7820 = CARTESIAN_POINT( '', ( -0.636626848002936, 0.829597035134968, 5.14000000000000 ) );
#7821 = VECTOR( '', #8868, 1000.00000000000 );
#7822 = COLOUR_RGB( '', 0.899999976200000, 0.000000000000000, 0.000000000000000 );
#7823 = CARTESIAN_POINT( '', ( -0.438957168592158, 1.25434541829624, 5.14000000000000 ) );
#7824 = VECTOR( '', #8869, 1000.00000000000 );
#7825 = CARTESIAN_POINT( '', ( -0.341483351175983, 1.39009200320196, 5.14000000000000 ) );
#7826 = VECTOR( '', #8870, 1000.00000000000 );
#7827 = COLOUR_RGB( '', 0.119999997300000, 0.119999997300000, 0.119999997300000 );
#7828 = CARTESIAN_POINT( '', ( 0.612500000000000, 0.000000000000000, 0.0500000000000001 ) );
#7829 = AXIS2_PLACEMENT_3D( '', #8871, #8872, #8873 );
#7830 = CARTESIAN_POINT( '', ( 0.612500000000000, 0.000000000000000, 0.150000000000000 ) );
#7831 = AXIS2_PLACEMENT_3D( '', #8874, #8875, #8876 );
#7832 = COLOUR_RGB( '', 0.119999997300000, 0.119999997300000, 0.119999997300000 );
#7833 = CARTESIAN_POINT( '', ( 0.312500000000000, 0.000000000000000, 0.0500000000000000 ) );
#7834 = AXIS2_PLACEMENT_3D( '', #8877, #8878, #8879 );
#7835 = CARTESIAN_POINT( '', ( 0.312500000000000, 0.000000000000000, 0.150000000000000 ) );
#7836 = AXIS2_PLACEMENT_3D( '', #8880, #8881, #8882 );
#7837 = COLOUR_RGB( '', 0.899999976200000, 0.000000000000000, 0.000000000000000 );
#7838 = CARTESIAN_POINT( '', ( -0.422867512352254, -0.147910846136801, 5.14000000000000 ) );
#7839 = CARTESIAN_POINT( '', ( -0.422867512352254, -0.147910846136801, 5.14000000000000 ) );
#7840 = VECTOR( '', #8883, 1000.00000000000 );
#7841 = CARTESIAN_POINT( '', ( -0.590327319426207, 0.345979829104357, 5.14000000000000 ) );
#7842 = CARTESIAN_POINT( '', ( -0.422867512352254, -0.147910846136801, 5.14000000000000 ) );
#7843 = CARTESIAN_POINT( '', ( -0.478687448043571, 0.0167193789435849, 5.14000000000000 ) );
#7844 = CARTESIAN_POINT( '', ( -0.534507383734889, 0.181349604023971, 5.14000000000000 ) );
#7845 = CARTESIAN_POINT( '', ( -0.590327319426207, 0.345979829104357, 5.14000000000000 ) );
#7846 = CARTESIAN_POINT( '', ( -0.590327319426207, 0.345979829104357, 5.14000000000000 ) );
#7847 = VECTOR( '', #8884, 1000.00000000000 );
#7848 = COLOUR_RGB( '', 0.699999988100000, 0.699999988100000, 0.699999988100000 );
#7849 = CARTESIAN_POINT( '', ( 3.00000000000000, 0.325000000000000, -0.650000000000000 ) );
#7850 = CARTESIAN_POINT( '', ( 3.00000000000000, -0.325000000000000, -0.650000000000000 ) );
#7851 = CARTESIAN_POINT( '', ( 3.00000000000000, -0.325000000000000, -0.650000000000000 ) );
#7852 = VECTOR( '', #8885, 1000.00000000000 );
#7853 = CARTESIAN_POINT( '', ( 3.00000000000000, 0.325000000000000, -0.350000000000000 ) );
#7854 = CARTESIAN_POINT( '', ( 3.00000000000000, 0.325000000000000, -0.650000000000000 ) );
#7855 = VECTOR( '', #8886, 1000.00000000000 );
#7856 = CARTESIAN_POINT( '', ( 3.00000000000000, -0.325000000000000, -0.350000000000000 ) );
#7857 = CARTESIAN_POINT( '', ( 3.00000000000000, 0.325000000000000, -0.350000000000000 ) );
#7858 = VECTOR( '', #8887, 1000.00000000000 );
#7859 = CARTESIAN_POINT( '', ( 3.00000000000000, -0.325000000000000, -0.350000000000000 ) );
#7860 = VECTOR( '', #8888, 1000.00000000000 );
#7861 = COLOUR_RGB( '', 0.119999997300000, 0.119999997300000, 0.119999997300000 );
#7862 = CARTESIAN_POINT( '', ( -1.20000000000000, 0.325000000000000, 0.550000000000000 ) );
#7863 = VECTOR( '', #8889, 1000.00000000000 );
#7864 = COLOUR_RGB( '', 0.119999997300000, 0.119999997300000, 0.119999997300000 );
#7865 = CARTESIAN_POINT( '', ( -2.65000000000000, 0.825000000000000, 0.500000000000000 ) );
#7866 = CARTESIAN_POINT( '', ( 2.60715877091262E-16, 0.825000000000000, 0.500000000000000 ) );
#7867 = VECTOR( '', #8890, 1000.00000000000 );
#7868 = CARTESIAN_POINT( '', ( -2.65000000000000, 0.825000000000000, 1.60000000000000 ) );
#7869 = VECTOR( '', #8891, 1000.00000000000 );
#7870 = COLOUR_RGB( '', 0.119999997300000, 0.119999997300000, 0.119999997300000 );
#7871 = CARTESIAN_POINT( '', ( 0.500000000000000, 2.65000000000000, 0.000000000000000 ) );
#7872 = CARTESIAN_POINT( '', ( 0.500000000000000, 2.65000000000000, 0.000000000000000 ) );
#7873 = VECTOR( '', #8892, 1000.00000000000 );
#7874 = CARTESIAN_POINT( '', ( 0.500000000000000, 2.65000000000000, 0.200000000000000 ) );
#7875 = VECTOR( '', #8893, 1000.00000000000 );
#7876 = COLOUR_RGB( '', 0.899999976200000, 0.000000000000000, 0.000000000000000 );
#7877 = CARTESIAN_POINT( '', ( 1.20118393459309, 0.350224202094703, 5.14000000000000 ) );
#7878 = CARTESIAN_POINT( '', ( 1.20118393459309, 0.350224202094703, 5.14000000000000 ) );
#7879 = VECTOR( '', #8894, 1000.00000000000 );
#7880 = CARTESIAN_POINT( '', ( 1.20118393459309, 0.350224202094703, 5.14000000000000 ) );
#7881 = CARTESIAN_POINT( '', ( 1.13018715002717, 0.350224202094704, 5.14000000000000 ) );
#7882 = COLOUR_RGB( '', 0.899999976200000, 0.000000000000000, 0.000000000000000 );
#7883 = COLOUR_RGB( '', 0.699999988100000, 0.699999988100000, 0.699999988100000 );
#7884 = CARTESIAN_POINT( '', ( -1.25000000000000, 0.325000000000000, -0.650000000000000 ) );
#7885 = CARTESIAN_POINT( '', ( -1.25000000000000, 0.325000000000000, -0.650000000000000 ) );
#7886 = VECTOR( '', #8895, 1000.00000000000 );
#7887 = CARTESIAN_POINT( '', ( -3.00000000000000, 0.325000000000000, -0.650000000000000 ) );
#7888 = VECTOR( '', #8896, 1000.00000000000 );
#7889 = COLOUR_RGB( '', 0.899999976200000, 0.000000000000000, 0.000000000000000 );
#7890 = CARTESIAN_POINT( '', ( 0.438772261096520, 1.17076907470757, 5.14000000000000 ) );
#7891 = VECTOR( '', #8897, 1000.00000000000 );
#7892 = COLOUR_RGB( '', 0.899999976200000, 0.000000000000000, 0.000000000000000 );
#7893 = COLOUR_RGB( '', 0.899999976200000, 0.000000000000000, 0.000000000000000 );
#7894 = CARTESIAN_POINT( '', ( 0.524399368676685, -0.147910846136805, 5.14000000000000 ) );
#7895 = CARTESIAN_POINT( '', ( 0.524399368676685, -0.147910846136805, 5.14000000000000 ) );
#7896 = CARTESIAN_POINT( '', ( 0.500862391184724, -0.147910846136805, 5.14000000000000 ) );
#7897 = CARTESIAN_POINT( '', ( 0.477325413692762, -0.147910846136805, 5.14000000000000 ) );
#7898 = CARTESIAN_POINT( '', ( 0.453788436200801, -0.147910846136805, 5.14000000000000 ) );
#7899 = CARTESIAN_POINT( '', ( 0.654817375107555, 0.193568253541651, 5.14000000000000 ) );
#7900 = CARTESIAN_POINT( '', ( 0.654817375107555, 0.193568253541651, 5.14000000000000 ) );
#7901 = CARTESIAN_POINT( '', ( 0.637839883146140, 0.203600407882487, 5.14000000000000 ) );
#7902 = CARTESIAN_POINT( '', ( 0.620476539094693, 0.208616485052905, 5.14000000000000 ) );
#7903 = CARTESIAN_POINT( '', ( 0.588450815622024, 0.208616485052905, 5.14000000000000 ) );
#7904 = CARTESIAN_POINT( '', ( 0.574560140380867, 0.203600407882487, 5.14000000000000 ) );
#7905 = CARTESIAN_POINT( '', ( 0.562598725589870, 0.194339957721716, 5.14000000000000 ) );
#7906 = CARTESIAN_POINT( '', ( 0.550396059101722, 0.184892732053473, 5.14000000000000 ) );
#7907 = CARTESIAN_POINT( '', ( 0.541762712728133, 0.171960536499850, 5.14000000000000 ) );
#7908 = CARTESIAN_POINT( '', ( 0.536360783467683, 0.155368896628468, 5.14000000000000 ) );
#7909 = CARTESIAN_POINT( '', ( 0.528124492301872, 0.130071716619191, 5.14000000000000 ) );
#7910 = CARTESIAN_POINT( '', ( 0.524399368676686, 0.102121308204031, 5.14000000000000 ) );
#7911 = CARTESIAN_POINT( '', ( 0.524399368676686, 0.0720248451815228, 5.14000000000000 ) );
#7912 = CARTESIAN_POINT( '', ( 0.524399368676686, -0.00128705192458642, 5.14000000000000 ) );
#7913 = CARTESIAN_POINT( '', ( 0.524399368676685, -0.0745989490306959, 5.14000000000000 ) );
#7914 = CARTESIAN_POINT( '', ( 0.524399368676685, -0.147910846136805, 5.14000000000000 ) );
#7915 = CARTESIAN_POINT( '', ( 0.679511908869613, 0.259163108847117, 5.14000000000000 ) );
#7916 = CARTESIAN_POINT( '', ( 0.679511908869613, 0.259163108847117, 5.14000000000000 ) );
#7917 = CARTESIAN_POINT( '', ( 0.671280397615593, 0.237298157078629, 5.14000000000000 ) );
#7918 = CARTESIAN_POINT( '', ( 0.663048886361574, 0.215433205310140, 5.14000000000000 ) );
#7919 = CARTESIAN_POINT( '', ( 0.654817375107555, 0.193568253541651, 5.14000000000000 ) );
#7920 = CARTESIAN_POINT( '', ( 0.517839883146140, 0.209002337142938, 5.14000000000000 ) );
#7921 = CARTESIAN_POINT( '', ( 0.517839883146140, 0.209002337142938, 5.14000000000000 ) );
#7922 = CARTESIAN_POINT( '', ( 0.534045670927491, 0.238712948075414, 5.14000000000000 ) );
#7923 = CARTESIAN_POINT( '', ( 0.548708050348713, 0.258391404667054, 5.14000000000000 ) );
#7924 = CARTESIAN_POINT( '', ( 0.562212873499838, 0.267651854827825, 5.14000000000000 ) );
#7925 = CARTESIAN_POINT( '', ( 0.576160108958524, 0.277215673428067, 5.14000000000000 ) );
#7926 = CARTESIAN_POINT( '', ( 0.591151780252249, 0.281928382159015, 5.14000000000000 ) );
#7927 = CARTESIAN_POINT( '', ( 0.631280397615593, 0.281928382159015, 5.14000000000000 ) );
#7928 = CARTESIAN_POINT( '', ( 0.655203227197587, 0.274211340358371, 5.14000000000000 ) );
#7929 = CARTESIAN_POINT( '', ( 0.679511908869613, 0.259163108847117, 5.14000000000000 ) );
#7930 = CARTESIAN_POINT( '', ( 0.517839883146140, 0.272667931998243, 5.14000000000000 ) );
#7931 = CARTESIAN_POINT( '', ( 0.517839883146140, 0.251446067046474, 5.14000000000000 ) );
#7932 = CARTESIAN_POINT( '', ( 0.517839883146140, 0.230224202094706, 5.14000000000000 ) );
#7933 = CARTESIAN_POINT( '', ( 0.517839883146140, 0.209002337142938, 5.14000000000000 ) );
#7934 = COLOUR_RGB( '', 0.899999976200000, 0.000000000000000, 0.000000000000000 );
#7935 = CARTESIAN_POINT( '', ( 1.20118393459308, -0.147910846136808, 5.14000000000000 ) );
#7936 = VECTOR( '', #8898, 1000.00000000000 );
#7937 = CARTESIAN_POINT( '', ( 1.13018715002717, -0.147910846136808, 5.14000000000000 ) );
#7938 = VECTOR( '', #8899, 1000.00000000000 );
#7939 = COLOUR_RGB( '', 0.119999997300000, 0.119999997300000, 0.119999997300000 );
#7940 = CARTESIAN_POINT( '', ( -1.65000000000000, -2.65000000000000, 0.000000000000000 ) );
#7941 = CARTESIAN_POINT( '', ( -2.65000000000000, -1.65000000000000, 0.000000000000000 ) );
#7942 = CARTESIAN_POINT( '', ( -2.65000000000000, -1.65000000000000, 0.000000000000000 ) );
#7943 = VECTOR( '', #8900, 1000.00000000000 );
#7944 = CARTESIAN_POINT( '', ( -1.65000000000000, -2.65000000000000, 0.900000000000000 ) );
#7945 = CARTESIAN_POINT( '', ( -1.65000000000000, -2.65000000000000, 0.500000000000000 ) );
#7946 = VECTOR( '', #8901, 1000.00000000000 );
#7947 = CARTESIAN_POINT( '', ( -2.65000000000000, -1.65000000000000, 0.900000000000000 ) );
#7948 = CARTESIAN_POINT( '', ( -2.65000000000000, -1.65000000000000, 0.900000000000000 ) );
#7949 = VECTOR( '', #8902, 1000.00000000000 );
#7950 = CARTESIAN_POINT( '', ( -2.65000000000000, -1.65000000000000, 0.500000000000000 ) );
#7951 = VECTOR( '', #8903, 1000.00000000000 );
#7952 = COLOUR_RGB( '', 0.899999976200000, 0.000000000000000, 0.000000000000000 );
#7953 = COLOUR_RGB( '', 0.699999988100000, 0.699999988100000, 0.699999988100000 );
#7954 = CARTESIAN_POINT( '', ( -1.25000000000000, 0.325000000000000, -0.350000000000000 ) );
#7955 = CARTESIAN_POINT( '', ( -1.25000000000000, -0.325000000000000, -0.350000000000000 ) );
#7956 = VECTOR( '', #8904, 1000.00000000000 );
#7957 = CARTESIAN_POINT( '', ( -3.00000000000000, 0.325000000000000, -0.350000000000000 ) );
#7958 = VECTOR( '', #8905, 1000.00000000000 );
#7959 = COLOUR_RGB( '', 0.119999997300000, 0.119999997300000, 0.119999997300000 );
#7960 = CARTESIAN_POINT( '', ( 0.905969784264354, -0.325000000000000, 0.150000000000000 ) );
#7961 = CARTESIAN_POINT( '', ( 0.905969784264354, -0.325000000000000, 0.0500000000000000 ) );
#7962 = VECTOR( '', #8906, 1000.00000000000 );
#7963 = AXIS2_PLACEMENT_3D( '', #8907, #8908, #8909 );
#7964 = COLOUR_RGB( '', 0.899999976200000, 0.000000000000000, 0.000000000000000 );
#7965 = CARTESIAN_POINT( '', ( 0.0629202689982299, 0.143021629747441, 5.14000000000000 ) );
#7966 = VECTOR( '', #8910, 1000.00000000000 );
#7967 = COLOUR_RGB( '', 0.899999976200000, 0.000000000000000, 0.000000000000000 );
#7968 = CARTESIAN_POINT( '', ( 2.03230933652235, -0.0935057014422775, 5.14000000000000 ) );
#7969 = VECTOR( '', #8911, 1000.00000000000 );
#7970 = COLOUR_RGB( '', 0.699999988100000, 0.699999988100000, 0.699999988100000 );
#7971 = CARTESIAN_POINT( '', ( 2.45000000000000, 0.000000000000000, 0.250000000000000 ) );
#7972 = AXIS2_PLACEMENT_3D( '', #8912, #8913, #8914 );
#7973 = COLOUR_RGB( '', 0.119999997300000, 0.119999997300000, 0.119999997300000 );
#7974 = CARTESIAN_POINT( '', ( -1.04286350836504E-15, -0.825000000000000, 0.500000000000000 ) );
#7975 = VECTOR( '', #8915, 1000.00000000000 );
#7976 = CARTESIAN_POINT( '', ( 2.65000000000000, -0.825000000000000, 0.900000000000000 ) );
#7977 = VECTOR( '', #8916, 1000.00000000000 );
#7978 = COLOUR_RGB( '', 0.899999976200000, 0.000000000000000, 0.000000000000000 );
#7979 = CARTESIAN_POINT( '', ( 0.895589079287618, 0.116011983445187, 5.14000000000000 ) );
#7980 = VECTOR( '', #8917, 1000.00000000000 );
#7981 = CARTESIAN_POINT( '', ( 1.07308104070241, -0.147910846136807, 5.14000000000000 ) );
#7982 = VECTOR( '', #8918, 1000.00000000000 );
#7983 = COLOUR_RGB( '', 0.899999976200000, 0.000000000000000, 0.000000000000000 );
#7984 = CARTESIAN_POINT( '', ( -0.306274593664152, 0.829597035134968, 5.14000000000000 ) );
#7985 = VECTOR( '', #8919, 1000.00000000000 );
#7986 = CARTESIAN_POINT( '', ( -0.327941521363725, 0.981224493184059, 5.14000000000000 ) );
#7987 = VECTOR( '', #8920, 1000.00000000000 );
#7988 = COLOUR_RGB( '', 0.119999997300000, 0.119999997300000, 0.119999997300000 );
#7989 = COLOUR_RGB( '', 0.899999976200000, 0.000000000000000, 0.000000000000000 );
#7990 = CARTESIAN_POINT( '', ( -0.590327319426209, -0.147910846136800, 5.14000000000000 ) );
#7991 = CARTESIAN_POINT( '', ( -0.663639216532318, -0.147910846136800, 5.14000000000000 ) );
#7992 = CARTESIAN_POINT( '', ( -0.590327319426209, -0.147910846136800, 5.14000000000000 ) );
#7993 = CARTESIAN_POINT( '', ( -0.614764618461579, -0.147910846136800, 5.14000000000000 ) );
#7994 = CARTESIAN_POINT( '', ( -0.639201917496948, -0.147910846136800, 5.14000000000000 ) );
#7995 = CARTESIAN_POINT( '', ( -0.663639216532318, -0.147910846136800, 5.14000000000000 ) );
#7996 = CARTESIAN_POINT( '', ( -0.590327319426207, 0.345979829104357, 5.14000000000000 ) );
#7997 = CARTESIAN_POINT( '', ( -0.590327319426207, 0.181349604023971, 5.14000000000000 ) );
#7998 = CARTESIAN_POINT( '', ( -0.590327319426208, 0.0167193789435855, 5.14000000000000 ) );
#7999 = CARTESIAN_POINT( '', ( -0.590327319426209, -0.147910846136800, 5.14000000000000 ) );
#8000 = CARTESIAN_POINT( '', ( -0.354957544506595, -0.147910846136801, 5.14000000000000 ) );
#8001 = CARTESIAN_POINT( '', ( -0.377594200455147, -0.147910846136801, 5.14000000000000 ) );
#8002 = CARTESIAN_POINT( '', ( -0.400230856403701, -0.147910846136801, 5.14000000000000 ) );
#8003 = CARTESIAN_POINT( '', ( -0.422867512352254, -0.147910846136801, 5.14000000000000 ) );
#8004 = CARTESIAN_POINT( '', ( -0.184796772802414, -0.147910846136802, 5.14000000000000 ) );
#8005 = CARTESIAN_POINT( '', ( -0.184796772802414, -0.147910846136802, 5.14000000000000 ) );
#8006 = CARTESIAN_POINT( '', ( -0.184796772802414, 0.0140184143133587, 5.14000000000000 ) );
#8007 = CARTESIAN_POINT( '', ( -0.184796772802413, 0.175947674763519, 5.14000000000000 ) );
#8008 = CARTESIAN_POINT( '', ( -0.184796772802413, 0.337876935213680, 5.14000000000000 ) );
#8009 = CARTESIAN_POINT( '', ( -0.111099023606273, -0.147910846136802, 5.14000000000000 ) );
#8010 = CARTESIAN_POINT( '', ( -0.135664940004987, -0.147910846136802, 5.14000000000000 ) );
#8011 = CARTESIAN_POINT( '', ( -0.160230856403701, -0.147910846136802, 5.14000000000000 ) );
#8012 = CARTESIAN_POINT( '', ( -0.184796772802414, -0.147910846136802, 5.14000000000000 ) );
#8013 = CARTESIAN_POINT( '', ( -0.383896451259006, -0.0645667946898559, 5.14000000000000 ) );
#8014 = CARTESIAN_POINT( '', ( -0.383896451259006, -0.0645667946898559, 5.14000000000000 ) );
#8015 = CARTESIAN_POINT( '', ( -0.377336965728459, -0.0433449297380874, 5.14000000000000 ) );
#8016 = CARTESIAN_POINT( '', ( -0.366918959297591, -0.0124767625355152, 5.14000000000000 ) );
#8017 = CARTESIAN_POINT( '', ( -0.353028284056433, 0.0284235590078929, 5.14000000000000 ) );
#8018 = CARTESIAN_POINT( '', ( -0.307273590990296, 0.163145710813739, 5.14000000000000 ) );
#8019 = CARTESIAN_POINT( '', ( -0.259652078268650, 0.297233848396961, 5.14000000000000 ) );
#8020 = CARTESIAN_POINT( '', ( -0.212963975374760, 0.431638993091494, 5.14000000000000 ) );
#8021 = CARTESIAN_POINT( '', ( -0.549426997882798, 0.431638993091496, 5.14000000000000 ) );
#8022 = CARTESIAN_POINT( '', ( -0.549426997882798, 0.431638993091496, 5.14000000000000 ) );
#8023 = CARTESIAN_POINT( '', ( -0.503510599168972, 0.294918735856768, 5.14000000000000 ) );
#8024 = CARTESIAN_POINT( '', ( -0.457594200455146, 0.158198478622042, 5.14000000000000 ) );
#8025 = CARTESIAN_POINT( '', ( -0.411677801741321, 0.0214782213873146, 5.14000000000000 ) );
#8026 = CARTESIAN_POINT( '', ( -0.398742117005153, -0.0170389575329819, 5.14000000000000 ) );
#8027 = CARTESIAN_POINT( '', ( -0.389684232609488, -0.0456600422782803, 5.14000000000000 ) );
#8028 = CARTESIAN_POINT( '', ( -0.383896451259006, -0.0645667946898559, 5.14000000000000 ) );
#8029 = CARTESIAN_POINT( '', ( -0.663639216532316, 0.431638993091496, 5.14000000000000 ) );
#8030 = CARTESIAN_POINT( '', ( -0.663639216532316, 0.431638993091496, 5.14000000000000 ) );
#8031 = CARTESIAN_POINT( '', ( -0.625568476982477, 0.431638993091496, 5.14000000000000 ) );
#8032 = CARTESIAN_POINT( '', ( -0.587497737432637, 0.431638993091496, 5.14000000000000 ) );
#8033 = CARTESIAN_POINT( '', ( -0.549426997882798, 0.431638993091496, 5.14000000000000 ) );
#8034 = CARTESIAN_POINT( '', ( -0.663639216532318, -0.147910846136800, 5.14000000000000 ) );
#8035 = CARTESIAN_POINT( '', ( -0.663639216532317, 0.0452724336059651, 5.14000000000000 ) );
#8036 = CARTESIAN_POINT( '', ( -0.663639216532317, 0.238455713348731, 5.14000000000000 ) );
#8037 = CARTESIAN_POINT( '', ( -0.663639216532316, 0.431638993091496, 5.14000000000000 ) );
#8038 = COLOUR_RGB( '', 0.119999997300000, 0.119999997300000, 0.119999997300000 );
#8039 = CARTESIAN_POINT( '', ( -1.15000000000000, 1.65000000000000, -0.0600000000000000 ) );
#8040 = AXIS2_PLACEMENT_3D( '', #8921, #8922, #8923 );
#8041 = COLOUR_RGB( '', 0.899999976200000, 0.000000000000000, 0.000000000000000 );
#8042 = CARTESIAN_POINT( '', ( 0.0779685005094831, -0.0830876950114012, 5.15000000000000 ) );
#8043 = CARTESIAN_POINT( '', ( 0.0922682605946695, -0.0958415350873789, 5.15000000000000 ) );
#8044 = CARTESIAN_POINT( '', ( 0.113466892792441, -0.101994447422977, 5.15000000000000 ) );
#8045 = CARTESIAN_POINT( '', ( 0.169029593757072, -0.101994447422977, 5.15000000000000 ) );
#8046 = CARTESIAN_POINT( '', ( 0.193338275429097, -0.0958208139824630, 5.15000000000000 ) );
#8047 = CARTESIAN_POINT( '', ( 0.214945992470897, -0.0838593991914663, 5.15000000000000 ) );
#8048 = CARTESIAN_POINT( '', ( 0.236258363612201, -0.0720614794525309, 5.15000000000000 ) );
#8049 = CARTESIAN_POINT( '', ( 0.251987793113985, -0.0553063445290870, 5.15000000000000 ) );
#8050 = CARTESIAN_POINT( '', ( 0.262019947454821, -0.0344703316673506, 5.15000000000000 ) );
#8051 = CARTESIAN_POINT( '', ( 0.269655779851214, -0.0186112951517643, 5.15000000000000 ) );
#8052 = CARTESIAN_POINT( '', ( 0.273595510155785, 0.00527243360596142, 5.15000000000000 ) );
#8053 = CARTESIAN_POINT( '', ( 0.273595510155785, 0.0369123049885980, 5.15000000000000 ) );
#8054 = CARTESIAN_POINT( '', ( 0.273595510155785, 0.0455296683326492, 5.15000000000000 ) );
#8055 = CARTESIAN_POINT( '', ( 0.273852744882474, 0.0541470316767009, 5.15000000000000 ) );
#8056 = CARTESIAN_POINT( '', ( 0.273981362245818, 0.0627643950207521, 5.15000000000000 ) );
#8057 = COLOUR_RGB( '', 0.119999997300000, 0.119999997300000, 0.119999997300000 );
#8058 = CARTESIAN_POINT( '', ( -2.65000000000000, -1.65000000000000, 0.000000000000000 ) );
#8059 = VECTOR( '', #8924, 1000.00000000000 );
#8060 = CARTESIAN_POINT( '', ( -2.65000000000000, -1.65000000000000, 0.900000000000000 ) );
#8061 = VECTOR( '', #8925, 1000.00000000000 );
#8062 = CARTESIAN_POINT( '', ( -2.65000000000000, -1.65000000000000, 0.500000000000000 ) );
#8063 = VECTOR( '', #8926, 1000.00000000000 );
#8064 = COLOUR_RGB( '', 0.119999997300000, 0.119999997300000, 0.119999997300000 );
#8065 = AXIS2_PLACEMENT_3D( '', #8927, #8928, #8929 );
#8066 = CARTESIAN_POINT( '', ( -1.16674107142857, -0.329956849060160, 0.150000000000000 ) );
#8067 = AXIS2_PLACEMENT_3D( '', #8930, #8931, #8932 );
#8068 = CARTESIAN_POINT( '', ( -1.16674107142857, -0.329956849060160, 0.300000000000000 ) );
#8069 = VECTOR( '', #8933, 1000.00000000000 );
#8070 = COLOUR_RGB( '', 0.899999976200000, 0.000000000000000, 0.000000000000000 );
#8071 = CARTESIAN_POINT( '', ( 1.30845081562202, 0.272667931998240, 5.14000000000000 ) );
#8072 = CARTESIAN_POINT( '', ( 1.30845081562202, -0.147910846136808, 5.14000000000000 ) );
#8073 = CARTESIAN_POINT( '', ( 1.30845081562202, -0.00771792009179252, 5.14000000000000 ) );
#8074 = CARTESIAN_POINT( '', ( 1.30845081562202, 0.132475005953224, 5.14000000000000 ) );
#8075 = CARTESIAN_POINT( '', ( 1.30845081562202, 0.272667931998240, 5.14000000000000 ) );
#8076 = CARTESIAN_POINT( '', ( 1.30845081562202, 0.272667931998240, 5.14000000000000 ) );
#8077 = VECTOR( '', #8934, 1000.00000000000 );
#8078 = COLOUR_RGB( '', 0.119999997300000, 0.119999997300000, 0.119999997300000 );
#8079 = CARTESIAN_POINT( '', ( 0.662500000000000, 0.000000000000000, 0.0500000000000001 ) );
#8080 = AXIS2_PLACEMENT_3D( '', #8935, #8936, #8937 );
#8081 = COLOUR_RGB( '', 0.119999997300000, 0.119999997300000, 0.119999997300000 );
#8082 = CARTESIAN_POINT( '', ( 1.65000000000000, -2.65000000000000, 0.500000000000000 ) );
#8083 = VECTOR( '', #8938, 1000.00000000000 );
#8084 = CARTESIAN_POINT( '', ( 0.825000000000000, 2.65000000000000, 0.500000000000000 ) );
#8085 = CARTESIAN_POINT( '', ( 0.825000000000000, 0.000000000000000, 0.500000000000000 ) );
#8086 = VECTOR( '', #8939, 1000.00000000000 );
#8087 = CARTESIAN_POINT( '', ( -2.65000000000000, 2.65000000000000, 0.500000000000000 ) );
#8088 = VECTOR( '', #8940, 1000.00000000000 );
#8089 = AXIS2_PLACEMENT_3D( '', #8941, #8942, #8943 );
#8090 = CARTESIAN_POINT( '', ( 0.450000000000000, 0.950000000000000, 0.500000000000000 ) );
#8091 = AXIS2_PLACEMENT_3D( '', #8944, #8945, #8946 );
#8092 = CARTESIAN_POINT( '', ( 0.450000000000000, -0.950000000000000, 0.500000000000000 ) );
#8093 = AXIS2_PLACEMENT_3D( '', #8947, #8948, #8949 );
#8094 = COLOUR_RGB( '', 0.119999997300000, 0.119999997300000, 0.119999997300000 );
#8095 = CARTESIAN_POINT( '', ( -7.37305859196136E-17, -0.325000000000000, 0.150000000000000 ) );
#8096 = VECTOR( '', #8950, 1000.00000000000 );
#8097 = AXIS2_PLACEMENT_3D( '', #8951, #8952, #8953 );
#8098 = COLOUR_RGB( '', 0.899999976200000, 0.000000000000000, 0.000000000000000 );
#8099 = CARTESIAN_POINT( '', ( -0.590327319426209, -0.147910846136800, 5.14000000000000 ) );
#8100 = VECTOR( '', #8954, 1000.00000000000 );
#8101 = COLOUR_RGB( '', 0.899999976200000, 0.000000000000000, 0.000000000000000 );
#8102 = COLOUR_RGB( '', 0.899999976200000, 0.000000000000000, 0.000000000000000 );
#8103 = CARTESIAN_POINT( '', ( 0.517839883146140, 0.209002337142938, 5.14000000000000 ) );
#8104 = VECTOR( '', #8955, 1000.00000000000 );
#8105 = COLOUR_RGB( '', 0.699999988100000, 0.699999988100000, 0.699999988100000 );
#8106 = CARTESIAN_POINT( '', ( 0.905969784264354, 0.325000000000000, 0.0500000000000000 ) );
#8107 = CARTESIAN_POINT( '', ( -5.00098941443845E-18, 0.325000000000000, 0.0500000000000000 ) );
#8108 = VECTOR( '', #8956, 1000.00000000000 );
#8109 = CARTESIAN_POINT( '', ( 0.905969784264354, 0.325000000000000, 0.0500000000000000 ) );
#8110 = VECTOR( '', #8957, 1000.00000000000 );
#8111 = CARTESIAN_POINT( '', ( 0.900000000000000, 0.325000000000000, 0.550000000000000 ) );
#8112 = VECTOR( '', #8958, 1000.00000000000 );
#8113 = CARTESIAN_POINT( '', ( 1.20000000000000, 0.325000000000000, 0.0500000000000000 ) );
#8114 = CARTESIAN_POINT( '', ( -5.00098941443845E-18, 0.325000000000000, 0.0500000000000000 ) );
#8115 = VECTOR( '', #8959, 1000.00000000000 );
#8116 = CARTESIAN_POINT( '', ( 1.20000000000000, 0.325000000000000, 0.550000000000000 ) );
#8117 = VECTOR( '', #8960, 1000.00000000000 );
#8118 = CARTESIAN_POINT( '', ( 1.25000000000000, 0.325000000000000, -0.350000000000000 ) );
#8119 = VECTOR( '', #8961, 1000.00000000000 );
#8120 = CARTESIAN_POINT( '', ( 1.25000000000000, 0.325000000000000, -0.650000000000000 ) );
#8121 = VECTOR( '', #8962, 1000.00000000000 );
#8122 = COLOUR_RGB( '', 0.899999976200000, 0.000000000000000, 0.000000000000000 );
#8123 = CARTESIAN_POINT( '', ( 1.80620001176350, 0.0697097326413247, 5.15000000000000 ) );
#8124 = CARTESIAN_POINT( '', ( 1.80620001176350, 0.0697097326413247, 5.15000000000000 ) );
#8125 = CARTESIAN_POINT( '', ( 1.80620001176350, 0.0141470316766944, 5.15000000000000 ) );
#8126 = CARTESIAN_POINT( '', ( 1.81700387028440, -0.0263674377766819, 5.15000000000000 ) );
#8127 = CARTESIAN_POINT( '', ( 1.83899743941623, -0.0514478236287718, 5.15000000000000 ) );
#8128 = CARTESIAN_POINT( '', ( 1.86118228256380, -0.0767463289724846, 5.15000000000000 ) );
#8129 = CARTESIAN_POINT( '', ( 1.88877235903039, -0.0896471805419554, 5.15000000000000 ) );
#8130 = CARTESIAN_POINT( '', ( 1.95475306642588, -0.0896471805419556, 5.15000000000000 ) );
#8131 = CARTESIAN_POINT( '', ( 1.98214856481816, -0.0769140615708951, 5.15000000000000 ) );
#8132 = CARTESIAN_POINT( '', ( 2.00414213394999, -0.0518336757188047, 5.15000000000000 ) );
#8133 = CARTESIAN_POINT( '', ( 2.02649470969597, -0.0263438963593619, 5.15000000000000 ) );
#8134 = CARTESIAN_POINT( '', ( 2.03771126578279, 0.0133753274966290, 5.15000000000000 ) );
#8135 = CARTESIAN_POINT( '', ( 2.03771126578279, 0.118712948075407, 5.15000000000000 ) );
#8136 = CARTESIAN_POINT( '', ( 2.02613570308183, 0.157684009168655, 5.15000000000000 ) );
#8137 = CARTESIAN_POINT( '', ( 2.00337042976994, 0.184307803380873, 5.15000000000000 ) );
#8138 = CARTESIAN_POINT( '', ( 1.98098632701337, 0.210485821858891, 5.15000000000000 ) );
#8139 = CARTESIAN_POINT( '', ( 1.95282380597572, 0.223278864474122, 5.15000000000000 ) );
#8140 = CARTESIAN_POINT( '', ( 1.92041223041302, 0.223664716564154, 5.15000000000000 ) );
#8141 = CARTESIAN_POINT( '', ( 1.88878143533008, 0.224041273648475, 5.15000000000000 ) );
#8142 = CARTESIAN_POINT( '', ( 1.86176271272814, 0.210545745503061, 5.15000000000000 ) );
#8143 = CARTESIAN_POINT( '', ( 1.83938329150627, 0.184693655470906, 5.15000000000000 ) );
#8144 = CARTESIAN_POINT( '', ( 1.81716915825472, 0.159032501542389, 5.15000000000000 ) );
#8145 = CARTESIAN_POINT( '', ( 1.80620001176350, 0.120642208525569, 5.15000000000000 ) );
#8146 = CARTESIAN_POINT( '', ( 1.80620001176350, 0.0697097326413247, 5.15000000000000 ) );
#8147 = COLOUR_RGB( '', 0.899999976200000, 0.000000000000000, 0.000000000000000 );
#8148 = CARTESIAN_POINT( '', ( -0.663639216532318, -0.147910846136800, 5.14000000000000 ) );
#8149 = VECTOR( '', #8963, 1000.00000000000 );
#8150 = CARTESIAN_POINT( '', ( -0.663639216532316, 0.431638993091496, 5.14000000000000 ) );
#8151 = VECTOR( '', #8964, 1000.00000000000 );
#8152 = COLOUR_RGB( '', 0.899999976200000, 0.000000000000000, 0.000000000000000 );
#8153 = CARTESIAN_POINT( '', ( 1.00198927374186, 1.49270898022359, 5.14000000000000 ) );
#8154 = CARTESIAN_POINT( '', ( 1.00198927374186, 1.49270898022359, 5.14000000000000 ) );
#8155 = VECTOR( '', #8965, 1000.00000000000 );
#8156 = CARTESIAN_POINT( '', ( 0.631134637510201, 1.49270898022359, 5.14000000000000 ) );
#8157 = CARTESIAN_POINT( '', ( 0.631134637510198, 1.49270898022359, 5.14000000000000 ) );
#8158 = VECTOR( '', #8966, 1000.00000000000 );
#8159 = CARTESIAN_POINT( '', ( 0.631134637510201, 1.49270898022359, 5.14000000000000 ) );
#8160 = VECTOR( '', #8967, 1000.00000000000 );
#8161 = COLOUR_RGB( '', 0.119999997300000, 0.119999997300000, 0.119999997300000 );
#8162 = CARTESIAN_POINT( '', ( 1.20000000000000, -0.325000000000000, 0.550000000000000 ) );
#8163 = VECTOR( '', #8968, 1000.00000000000 );
#8164 = COLOUR_RGB( '', 0.119999997300000, 0.119999997300000, 0.119999997300000 );
#8165 = CARTESIAN_POINT( '', ( 0.500000000000000, -2.65000000000000, 0.000000000000000 ) );
#8166 = CARTESIAN_POINT( '', ( 0.500000000000000, -0.950000000000000, 0.000000000000000 ) );
#8167 = CARTESIAN_POINT( '', ( 0.500000000000000, -2.65000000000000, 0.000000000000000 ) );
#8168 = VECTOR( '', #8969, 1000.00000000000 );
#8169 = CARTESIAN_POINT( '', ( 0.500000000000000, -2.65000000000000, 0.200000000000000 ) );
#8170 = CARTESIAN_POINT( '', ( 0.500000000000000, -2.65000000000000, 0.200000000000000 ) );
#8171 = VECTOR( '', #8970, 1000.00000000000 );
#8172 = CARTESIAN_POINT( '', ( 0.500000000000000, -0.950000000000000, 0.200000000000000 ) );
#8173 = CARTESIAN_POINT( '', ( 0.500000000000000, -2.65000000000000, 0.200000000000000 ) );
#8174 = VECTOR( '', #8971, 1000.00000000000 );
#8175 = CARTESIAN_POINT( '', ( 0.500000000000000, -0.950000000000000, 0.200000000000000 ) );
#8176 = VECTOR( '', #8972, 1000.00000000000 );
#8177 = COLOUR_RGB( '', 0.899999976200000, 0.000000000000000, 0.000000000000000 );
#8178 = COLOUR_RGB( '', 0.119999997300000, 0.119999997300000, 0.119999997300000 );
#8179 = CARTESIAN_POINT( '', ( 1.20000000000000, 0.316227766016838, 0.0500000000000000 ) );
#8180 = CARTESIAN_POINT( '', ( 1.20000000000000, 0.316227766016838, 0.550000000000000 ) );
#8181 = CARTESIAN_POINT( '', ( 1.20000000000000, 0.316227766016838, 0.550000000000000 ) );
#8182 = VECTOR( '', #8973, 1000.00000000000 );
#8183 = CARTESIAN_POINT( '', ( 1.22566964285714, 0.302721285307862, 0.0500000000000000 ) );
#8184 = AXIS2_PLACEMENT_3D( '', #8974, #8975, #8976 );
#8185 = CARTESIAN_POINT( '', ( 1.22566964285714, 0.302721285307862, 0.300000000000000 ) );
#8186 = VECTOR( '', #8977, 1000.00000000000 );
#8187 = CARTESIAN_POINT( '', ( 1.22566964285714, -0.302721285307862, 0.300000000000000 ) );
#8188 = VECTOR( '', #8978, 1000.00000000000 );
#8189 = CARTESIAN_POINT( '', ( 1.20000000000000, -0.316227766016838, 0.550000000000000 ) );
#8190 = CARTESIAN_POINT( '', ( 1.20000000000000, -0.316227766016838, 0.550000000000000 ) );
#8191 = VECTOR( '', #8979, 1000.00000000000 );
#8192 = AXIS2_PLACEMENT_3D( '', #8980, #8981, #8982 );
#8193 = COLOUR_RGB( '', 0.899999976200000, 0.000000000000000, 0.000000000000000 );
#8194 = CARTESIAN_POINT( '', ( -0.549426997882798, 0.431638993091496, 5.14000000000000 ) );
#8195 = VECTOR( '', #8983, 1000.00000000000 );
#8196 = COLOUR_RGB( '', 0.699999988100000, 0.699999988100000, 0.699999988100000 );
#8197 = CARTESIAN_POINT( '', ( 1.20000000000000, -0.325000000000000, 0.550000000000000 ) );
#8198 = VECTOR( '', #8984, 1000.00000000000 );
#8199 = CARTESIAN_POINT( '', ( 1.25000000000000, -0.325000000000000, -0.650000000000000 ) );
#8200 = VECTOR( '', #8985, 1000.00000000000 );
#8201 = CARTESIAN_POINT( '', ( 1.25000000000000, -0.325000000000000, -0.350000000000000 ) );
#8202 = VECTOR( '', #8986, 1000.00000000000 );
#8203 = COLOUR_RGB( '', 0.119999997300000, 0.119999997300000, 0.119999997300000 );
#8204 = CARTESIAN_POINT( '', ( -0.900000000000000, 0.325000000000000, 0.550000000000000 ) );
#8205 = VECTOR( '', #8987, 1000.00000000000 );
#8206 = COLOUR_RGB( '', 0.899999976200000, 0.000000000000000, 0.000000000000000 );
#8207 = CARTESIAN_POINT( '', ( 0.679511908869613, 0.259163108847117, 5.14000000000000 ) );
#8208 = VECTOR( '', #8988, 1000.00000000000 );
#8209 = COLOUR_RGB( '', 0.899999976200000, 0.000000000000000, 0.000000000000000 );
#8210 = COLOUR_RGB( '', 0.899999976200000, 0.000000000000000, 0.000000000000000 );
#8211 = CARTESIAN_POINT( '', ( 1.57931898282460, -0.147910846136809, 5.14000000000000 ) );
#8212 = CARTESIAN_POINT( '', ( 1.65031576739051, -0.147910846136810, 5.14000000000000 ) );
#8213 = CARTESIAN_POINT( '', ( 1.62665017253520, -0.147910846136810, 5.14000000000000 ) );
#8214 = CARTESIAN_POINT( '', ( 1.60298457767990, -0.147910846136809, 5.14000000000000 ) );
#8215 = CARTESIAN_POINT( '', ( 1.57931898282460, -0.147910846136809, 5.14000000000000 ) );
#8216 = CARTESIAN_POINT( '', ( 1.57931898282460, -0.147910846136809, 5.14000000000000 ) );
#8217 = VECTOR( '', #8989, 1000.00000000000 );
#8218 = COLOUR_RGB( '', 0.899999976200000, 0.000000000000000, 0.000000000000000 );
#8219 = COLOUR_RGB( '', 0.899999976200000, 0.000000000000000, 0.000000000000000 );
#8220 = COLOUR_RGB( '', 0.699999988100000, 0.699999988100000, 0.699999988100000 );
#8221 = COLOUR_RGB( '', 0.119999997300000, 0.119999997300000, 0.119999997300000 );
#8222 = CARTESIAN_POINT( '', ( -0.905969784264354, 0.325000000000000, 0.0500000000000000 ) );
#8223 = AXIS2_PLACEMENT_3D( '', #8990, #8991, #8992 );
#8224 = CARTESIAN_POINT( '', ( -0.905969784264354, 0.325000000000000, 0.0500000000000000 ) );
#8225 = VECTOR( '', #8993, 1000.00000000000 );
#8226 = COLOUR_RGB( '', 0.119999997300000, 0.119999997300000, 0.119999997300000 );
#8227 = COLOUR_RGB( '', 0.899999976200000, 0.000000000000000, 0.000000000000000 );
#8228 = CARTESIAN_POINT( '', ( 0.568719112830150, 1.39009200320195, 5.14000000000000 ) );
#8229 = CARTESIAN_POINT( '', ( 0.568719112830152, 1.39009200320195, 5.14000000000000 ) );
#8230 = VECTOR( '', #8994, 1000.00000000000 );
#8231 = CARTESIAN_POINT( '', ( 0.568719112830150, 1.39009200320195, 5.14000000000000 ) );
#8232 = VECTOR( '', #8995, 1000.00000000000 );
#8233 = COLOUR_RGB( '', 0.119999997300000, 0.119999997300000, 0.119999997300000 );
#8234 = COLOUR_RGB( '', 0.899999976200000, 0.000000000000000, 0.000000000000000 );
#8235 = COLOUR_RGB( '', 0.899999976200000, 0.000000000000000, 0.000000000000000 );
#8236 = COLOUR_RGB( '', 0.899999976200000, 0.000000000000000, 0.000000000000000 );
#8237 = CARTESIAN_POINT( '', ( 1.20118393459309, 0.431638993091488, 5.14000000000000 ) );
#8238 = CARTESIAN_POINT( '', ( 1.20118393459309, 0.431638993091488, 5.14000000000000 ) );
#8239 = VECTOR( '', #8996, 1000.00000000000 );
#8240 = CARTESIAN_POINT( '', ( 1.20118393459309, 0.431638993091488, 5.14000000000000 ) );
#8241 = CARTESIAN_POINT( '', ( 1.20118393459309, 0.350224202094703, 5.14000000000000 ) );
#8242 = COLOUR_RGB( '', 0.899999976200000, 0.000000000000000, 0.000000000000000 );
#8243 = CARTESIAN_POINT( '', ( 1.37250226256736, 0.272667931998240, 5.14000000000000 ) );
#8244 = CARTESIAN_POINT( '', ( 1.30845081562202, 0.272667931998240, 5.14000000000000 ) );
#8245 = CARTESIAN_POINT( '', ( 1.32980129793714, 0.272667931998240, 5.14000000000000 ) );
#8246 = CARTESIAN_POINT( '', ( 1.35115178025225, 0.272667931998240, 5.14000000000000 ) );
#8247 = CARTESIAN_POINT( '', ( 1.37250226256736, 0.272667931998240, 5.14000000000000 ) );
#8248 = CARTESIAN_POINT( '', ( 1.37250226256736, 0.272667931998240, 5.14000000000000 ) );
#8249 = VECTOR( '', #8997, 1000.00000000000 );
#8250 = COLOUR_RGB( '', 0.119999997300000, 0.119999997300000, 0.119999997300000 );
#8251 = CARTESIAN_POINT( '', ( 0.825000000000000, 2.65000000000000, 1.60000000000000 ) );
#8252 = VECTOR( '', #8998, 1000.00000000000 );
#8253 = COLOUR_RGB( '', 0.119999997300000, 0.119999997300000, 0.119999997300000 );
#8254 = CARTESIAN_POINT( '', ( -1.22566964285714, 0.302721285307862, 0.0500000000000000 ) );
#8255 = AXIS2_PLACEMENT_3D( '', #8999, #9000, #9001 );
#8256 = CARTESIAN_POINT( '', ( -1.22566964285714, 0.302721285307862, 0.300000000000000 ) );
#8257 = VECTOR( '', #9002, 1000.00000000000 );
#8258 = COLOUR_RGB( '', 0.119999997300000, 0.119999997300000, 0.119999997300000 );
#8259 = CARTESIAN_POINT( '', ( 2.20000000000000, 2.65000000000000, 0.000000000000000 ) );
#8260 = CARTESIAN_POINT( '', ( -2.65000000000000, 2.65000000000000, 0.000000000000000 ) );
#8261 = VECTOR( '', #9003, 1000.00000000000 );
#8262 = AXIS2_PLACEMENT_3D( '', #9004, #9005, #9006 );
#8263 = CARTESIAN_POINT( '', ( 1.65000000000000, -2.65000000000000, 0.000000000000000 ) );
#8264 = VECTOR( '', #9007, 1000.00000000000 );
#8265 = AXIS2_PLACEMENT_3D( '', #9008, #9009, #9010 );
#8266 = CARTESIAN_POINT( '', ( 1.65000000000000, -2.65000000000000, 0.000000000000000 ) );
#8267 = VECTOR( '', #9011, 1000.00000000000 );
#8268 = CARTESIAN_POINT( '', ( -2.65000000000000, 2.65000000000000, 0.000000000000000 ) );
#8269 = VECTOR( '', #9012, 1000.00000000000 );
#8270 = CARTESIAN_POINT( '', ( -1.15000000000000, 1.65000000000000, 0.000000000000000 ) );
#8271 = AXIS2_PLACEMENT_3D( '', #9013, #9014, #9015 );
#8272 = COLOUR_RGB( '', 0.119999997300000, 0.119999997300000, 0.119999997300000 );
#8273 = CARTESIAN_POINT( '', ( 0.825000000000000, -2.65000000000000, 0.900000000000000 ) );
#8274 = VECTOR( '', #9016, 1000.00000000000 );
#8275 = COLOUR_RGB( '', 0.119999997300000, 0.119999997300000, 0.119999997300000 );
#8276 = CARTESIAN_POINT( '', ( 2.20000000000000, 2.65000000000000, 0.500000000000000 ) );
#8277 = VECTOR( '', #9017, 1000.00000000000 );
#8278 = COLOUR_RGB( '', 0.119999997300000, 0.119999997300000, 0.119999997300000 );
#8279 = COLOUR_RGB( '', 0.119999997300000, 0.119999997300000, 0.119999997300000 );
#8280 = CARTESIAN_POINT( '', ( 0.450000000000000, -0.950000000000000, 0.200000000000000 ) );
#8281 = AXIS2_PLACEMENT_3D( '', #9018, #9019, #9020 );
#8282 = AXIS2_PLACEMENT_3D( '', #9021, #9022, #9023 );
#8283 = CARTESIAN_POINT( '', ( -0.500000000000000, -2.65000000000000, 0.200000000000000 ) );
#8284 = VECTOR( '', #9024, 1000.00000000000 );
#8285 = COLOUR_RGB( '', 0.699999988100000, 0.699999988100000, 0.699999988100000 );
#8286 = COLOUR_RGB( '', 0.699999988100000, 0.699999988100000, 0.699999988100000 );
#8287 = CARTESIAN_POINT( '', ( 1.65000000000000, 0.000000000000000, 0.150000000000000 ) );
#8288 = AXIS2_PLACEMENT_3D( '', #9025, #9026, #9027 );
#8289 = COLOUR_RGB( '', 0.119999997300000, 0.119999997300000, 0.119999997300000 );
#8290 = CARTESIAN_POINT( '', ( -1.22566964285714, -0.302721285307862, 0.300000000000000 ) );
#8291 = VECTOR( '', #9028, 1000.00000000000 );
#8292 = COLOUR_RGB( '', 0.119999997300000, 0.119999997300000, 0.119999997300000 );
#8293 = CARTESIAN_POINT( '', ( -1.20000000000000, 0.316227766016838, 0.550000000000000 ) );
#8294 = CARTESIAN_POINT( '', ( -1.20000000000000, 0.316227766016838, 0.0500000000000000 ) );
#8295 = CARTESIAN_POINT( '', ( -1.20000000000000, 0.316227766016838, 0.550000000000000 ) );
#8296 = VECTOR( '', #9029, 1000.00000000000 );
#8297 = CARTESIAN_POINT( '', ( -1.20000000000000, -0.316227766016838, 0.550000000000000 ) );
#8298 = AXIS2_PLACEMENT_3D( '', #9030, #9031, #9032 );
#8299 = CARTESIAN_POINT( '', ( -1.20000000000000, -0.316227766016838, 0.550000000000000 ) );
#8300 = VECTOR( '', #9033, 1000.00000000000 );
#8301 = AXIS2_PLACEMENT_3D( '', #9034, #9035, #9036 );
#8302 = COLOUR_RGB( '', 0.119999997300000, 0.119999997300000, 0.119999997300000 );
#8303 = COLOUR_RGB( '', 0.899999976200000, 0.000000000000000, 0.000000000000000 );
#8304 = COLOUR_RGB( '', 0.899999976200000, 0.000000000000000, 0.000000000000000 );
#8305 = CARTESIAN_POINT( '', ( 0.654817375107555, 0.193568253541651, 5.14000000000000 ) );
#8306 = VECTOR( '', #9037, 1000.00000000000 );
#8307 = COLOUR_RGB( '', 0.899999976200000, 0.000000000000000, 0.000000000000000 );
#8308 = CARTESIAN_POINT( '', ( -0.383896451259006, -0.0645667946898559, 5.14000000000000 ) );
#8309 = VECTOR( '', #9038, 1000.00000000000 );
#8310 = COLOUR_RGB( '', 0.899999976200000, 0.000000000000000, 0.000000000000000 );
#8311 = CARTESIAN_POINT( '', ( 1.57931898282460, -0.147910846136809, 5.14000000000000 ) );
#8312 = CARTESIAN_POINT( '', ( 1.57931898282460, -0.0625089168763594, 5.14000000000000 ) );
#8313 = CARTESIAN_POINT( '', ( 1.57931898282460, 0.0228930123840906, 5.14000000000000 ) );
#8314 = CARTESIAN_POINT( '', ( 1.57931898282460, 0.108294941644541, 5.14000000000000 ) );
#8315 = CARTESIAN_POINT( '', ( 1.57931898282460, 0.137233848396952, 5.14000000000000 ) );
#8316 = CARTESIAN_POINT( '', ( 1.57661801819437, 0.158841565438753, 5.14000000000000 ) );
#8317 = CARTESIAN_POINT( '', ( 1.57121608893392, 0.173503944859975, 5.14000000000000 ) );
#8318 = CARTESIAN_POINT( '', ( 1.56589321229680, 0.187951752875033, 5.14000000000000 ) );
#8319 = CARTESIAN_POINT( '', ( 1.55578200533263, 0.199356034892129, 5.14000000000000 ) );
#8320 = CARTESIAN_POINT( '', ( 1.52722895067025, 0.216333526853544, 5.14000000000000 ) );
#8321 = CARTESIAN_POINT( '', ( 1.51063731079888, 0.220577899843899, 5.14000000000000 ) );
#8322 = CARTESIAN_POINT( '', ( 1.49134470629727, 0.220963751933931, 5.14000000000000 ) );
#8323 = CARTESIAN_POINT( '', ( 1.46088229319177, 0.221573000196041, 5.14000000000000 ) );
#8324 = CARTESIAN_POINT( '', ( 1.43462444906254, 0.210931597593095, 5.14000000000000 ) );
#8325 = CARTESIAN_POINT( '', ( 1.39063731079887, 0.172346388589879, 5.14000000000000 ) );
#8326 = CARTESIAN_POINT( '', ( 1.37944760018794, 0.135690440036825, 5.14000000000000 ) );
#8327 = CARTESIAN_POINT( '', ( 1.37944760018794, 0.0820569995223552, 5.14000000000000 ) );
#8328 = CARTESIAN_POINT( '', ( 1.37944760018794, 0.00540105096930035, 5.14000000000000 ) );
#8329 = CARTESIAN_POINT( '', ( 1.37944760018794, -0.0712548975837542, 5.14000000000000 ) );
#8330 = CARTESIAN_POINT( '', ( 1.37944760018794, -0.147910846136809, 5.14000000000000 ) );
#8331 = CARTESIAN_POINT( '', ( 1.37250226256736, 0.272667931998240, 5.14000000000000 ) );
#8332 = CARTESIAN_POINT( '', ( 1.37250226256736, 0.252732240679911, 5.14000000000000 ) );
#8333 = CARTESIAN_POINT( '', ( 1.37250226256736, 0.232796549361584, 5.14000000000000 ) );
#8334 = CARTESIAN_POINT( '', ( 1.37250226256736, 0.212860858043255, 5.14000000000000 ) );
#8335 = COLOUR_RGB( '', 0.899999976200000, 0.000000000000000, 0.000000000000000 );
#8336 = CARTESIAN_POINT( '', ( 1.13018715002717, 0.431638993091488, 5.14000000000000 ) );
#8337 = CARTESIAN_POINT( '', ( 1.20118393459309, 0.431638993091488, 5.14000000000000 ) );
#8338 = COLOUR_RGB( '', 0.119999997300000, 0.119999997300000, 0.119999997300000 );
#8339 = COLOUR_RGB( '', 0.899999976200000, 0.000000000000000, 0.000000000000000 );
#8340 = CARTESIAN_POINT( '', ( 1.00198927374186, 1.49270898022359, 5.14000000000000 ) );
#8341 = VECTOR( '', #9039, 1000.00000000000 );
#8342 = COLOUR_RGB( '', 0.899999976200000, 0.000000000000000, 0.000000000000000 );
#8343 = COLOUR_RGB( '', 0.119999997300000, 0.119999997300000, 0.119999997300000 );
#8344 = CARTESIAN_POINT( '', ( 1.20000000000000, 0.325000000000000, 0.550000000000000 ) );
#8345 = VECTOR( '', #9040, 1000.00000000000 );
#8346 = COLOUR_RGB( '', 0.699999988100000, 0.699999988100000, 0.699999988100000 );
#8347 = CARTESIAN_POINT( '', ( -1.20000000000000, 0.325000000000000, 0.0500000000000000 ) );
#8348 = CARTESIAN_POINT( '', ( -1.20000000000000, 0.000000000000000, 0.0500000000000000 ) );
#8349 = VECTOR( '', #9041, 1000.00000000000 );
#8350 = CARTESIAN_POINT( '', ( -1.20000000000000, 0.325000000000000, -0.300000000000000 ) );
#8351 = CARTESIAN_POINT( '', ( -1.20000000000000, 0.325000000000000, -0.300000000000000 ) );
#8352 = VECTOR( '', #9042, 1000.00000000000 );
#8353 = CARTESIAN_POINT( '', ( -1.20000000000000, -0.325000000000000, -0.300000000000000 ) );
#8354 = VECTOR( '', #9043, 1000.00000000000 );
#8355 = CARTESIAN_POINT( '', ( -1.20000000000000, -0.325000000000000, 0.550000000000000 ) );
#8356 = VECTOR( '', #9044, 1000.00000000000 );
#8357 = COLOUR_RGB( '', 0.119999997300000, 0.119999997300000, 0.119999997300000 );
#8358 = COLOUR_RGB( '', 0.699999988100000, 0.699999988100000, 0.699999988100000 );
#8359 = COLOUR_RGB( '', 0.899999976200000, 0.000000000000000, 0.000000000000000 );
#8360 = COLOUR_RGB( '', 0.119999997300000, 0.119999997300000, 0.119999997300000 );
#8361 = COLOUR_RGB( '', 0.119999997300000, 0.119999997300000, 0.119999997300000 );
#8362 = CARTESIAN_POINT( '', ( -1.65000000000000, -2.65000000000000, 0.900000000000000 ) );
#8363 = VECTOR( '', #9045, 1000.00000000000 );
#8364 = COLOUR_RGB( '', 0.119999997300000, 0.119999997300000, 0.119999997300000 );
#8365 = COLOUR_RGB( '', 0.119999997300000, 0.119999997300000, 0.119999997300000 );
#8366 = CARTESIAN_POINT( '', ( 1.20000000000000, 0.000000000000000, 0.0500000000000000 ) );
#8367 = VECTOR( '', #9046, 1000.00000000000 );
#8368 = CARTESIAN_POINT( '', ( -5.00098941443845E-18, 0.325000000000000, 0.0500000000000000 ) );
#8369 = VECTOR( '', #9047, 1000.00000000000 );
#8370 = COLOUR_RGB( '', 0.119999997300000, 0.119999997300000, 0.119999997300000 );
#8371 = COLOUR_RGB( '', 0.899999976200000, 0.000000000000000, 0.000000000000000 );
#8372 = CARTESIAN_POINT( '', ( -0.0788265672824345, 0.829597035134968, 5.14000000000000 ) );
#8373 = VECTOR( '', #9048, 1000.00000000000 );
#8374 = COLOUR_RGB( '', 0.899999976200000, 0.000000000000000, 0.000000000000000 );
#8375 = CARTESIAN_POINT( '', ( -0.184796772802414, -0.147910846136802, 5.14000000000000 ) );
#8376 = VECTOR( '', #9049, 1000.00000000000 );
#8377 = COLOUR_RGB( '', 0.899999976200000, 0.000000000000000, 0.000000000000000 );
#8378 = CARTESIAN_POINT( '', ( 0.524399368676685, -0.147910846136805, 5.14000000000000 ) );
#8379 = VECTOR( '', #9050, 1000.00000000000 );
#8380 = COLOUR_RGB( '', 0.899999976200000, 0.000000000000000, 0.000000000000000 );
#8381 = COLOUR_RGB( '', 0.699999988100000, 0.699999988100000, 0.699999988100000 );
#8382 = CARTESIAN_POINT( '', ( -0.900000000000000, 0.325000000000000, -0.300000000000000 ) );
#8383 = CARTESIAN_POINT( '', ( -0.900000000000000, 0.325000000000000, -0.300000000000000 ) );
#8384 = VECTOR( '', #9051, 1000.00000000000 );
#8385 = AXIS2_PLACEMENT_3D( '', #9052, #9053, #9054 );
#8386 = COLOUR_RGB( '', 0.699999988100000, 0.699999988100000, 0.699999988100000 );
#8387 = CARTESIAN_POINT( '', ( -0.900000000000000, 0.325000000000000, 0.0500000000000000 ) );
#8388 = CARTESIAN_POINT( '', ( -5.00098941443845E-18, 0.325000000000000, 0.0500000000000000 ) );
#8389 = VECTOR( '', #9055, 1000.00000000000 );
#8390 = CARTESIAN_POINT( '', ( -0.900000000000000, 0.325000000000000, -0.300000000000000 ) );
#8391 = VECTOR( '', #9056, 1000.00000000000 );
#8392 = AXIS2_PLACEMENT_3D( '', #9057, #9058, #9059 );
#8393 = COLOUR_RGB( '', 0.899999976200000, 0.000000000000000, 0.000000000000000 );
#8394 = COLOUR_RGB( '', 0.119999997300000, 0.119999997300000, 0.119999997300000 );
#8395 = COLOUR_RGB( '', 0.899999976200000, 0.000000000000000, 0.000000000000000 );
#8396 = COLOUR_RGB( '', 0.899999976200000, 0.000000000000000, 0.000000000000000 );
#8397 = CARTESIAN_POINT( '', ( -0.0137847483358080, 0.829597035134968, 5.14000000000000 ) );
#8398 = VECTOR( '', #9060, 1000.00000000000 );
#8399 = CARTESIAN_POINT( '', ( 0.738511772890016, 1.04488477191763, 5.14000000000000 ) );
#8400 = VECTOR( '', #9061, 1000.00000000000 );
#8401 = CARTESIAN_POINT( '', ( 0.940763788651406, 1.39009200320195, 5.14000000000000 ) );
#8402 = VECTOR( '', #9062, 1000.00000000000 );
#8403 = COLOUR_RGB( '', 0.119999997300000, 0.119999997300000, 0.119999997300000 );
#8404 = COLOUR_RGB( '', 0.699999988100000, 0.699999988100000, 0.699999988100000 );
#8405 = COLOUR_RGB( '', 0.899999976200000, 0.000000000000000, 0.000000000000000 );
#8406 = COLOUR_RGB( '', 0.119999997300000, 0.119999997300000, 0.119999997300000 );
#8407 = COLOUR_RGB( '', 0.899999976200000, 0.000000000000000, 0.000000000000000 );
#8408 = COLOUR_RGB( '', 0.119999997300000, 0.119999997300000, 0.119999997300000 );
#8409 = COLOUR_RGB( '', 0.699999988100000, 0.699999988100000, 0.699999988100000 );
#8410 = COLOUR_RGB( '', 0.119999997300000, 0.119999997300000, 0.119999997300000 );
#8411 = AXIS2_PLACEMENT_3D( '', #9063, #9064, #9065 );
#8412 = COLOUR_RGB( '', 0.899999976200000, 0.000000000000000, 0.000000000000000 );
#8413 = COLOUR_RGB( '', 0.899999976200000, 0.000000000000000, 0.000000000000000 );
#8414 = COLOUR_RGB( '', 0.899999976200000, 0.000000000000000, 0.000000000000000 );
#8415 = COLOUR_RGB( '', 0.899999976200000, 0.000000000000000, 0.000000000000000 );
#8416 = COLOUR_RGB( '', 0.119999997300000, 0.119999997300000, 0.119999997300000 );
#8417 = COLOUR_RGB( '', 0.899999976200000, 0.000000000000000, 0.000000000000000 );
#8418 = COLOUR_RGB( '', 0.899999976200000, 0.000000000000000, 0.000000000000000 );
#8419 = COLOUR_RGB( '', 0.699999988100000, 0.699999988100000, 0.699999988100000 );
#8420 = COLOUR_RGB( '', 0.899999976200000, 0.000000000000000, 0.000000000000000 );
#8421 = COLOUR_RGB( '', 0.119999997300000, 0.119999997300000, 0.119999997300000 );
#8422 = COLOUR_RGB( '', 0.699999988100000, 0.699999988100000, 0.699999988100000 );
#8423 = CARTESIAN_POINT( '', ( -0.900000000000000, 0.000000000000000, 0.0500000000000000 ) );
#8424 = VECTOR( '', #9066, 1000.00000000000 );
#8425 = COLOUR_RGB( '', 0.899999976200000, 0.000000000000000, 0.000000000000000 );
#8426 = COLOUR_RGB( '', 0.119999997300000, 0.119999997300000, 0.119999997300000 );
#8427 = COLOUR_RGB( '', 0.899999976200000, 0.000000000000000, 0.000000000000000 );
#8428 = COLOUR_RGB( '', 0.699999988100000, 0.699999988100000, 0.699999988100000 );
#8429 = COLOUR_RGB( '', 0.699999988100000, 0.699999988100000, 0.699999988100000 );
#8430 = COLOUR_RGB( '', 0.699999988100000, 0.699999988100000, 0.699999988100000 );
#8431 = COLOUR_RGB( '', 0.899999976200000, 0.000000000000000, 0.000000000000000 );
#8432 = COLOUR_RGB( '', 0.119999997300000, 0.119999997300000, 0.119999997300000 );
#8433 = COLOUR_RGB( '', 0.119999997300000, 0.119999997300000, 0.119999997300000 );
#8434 = DIRECTION( '', ( -2.19030741916263E-17, -2.19030741916264E-17, 1.00000000000000 ) );
#8435 = DIRECTION( '', ( -2.19030741916263E-17, -2.19030741916264E-17, 1.00000000000000 ) );
#8436 = CARTESIAN_POINT( '', ( -2.20000000000000, 2.20000000000000, 1.60000000000000 ) );
#8437 = DIRECTION( '', ( 0.000000000000000, 0.000000000000000, 1.00000000000000 ) );
#8438 = DIRECTION( '', ( 1.00000000000000, 0.000000000000000, 0.000000000000000 ) );
#8439 = DIRECTION( '', ( 0.000000000000000, 0.000000000000000, -1.00000000000000 ) );
#8440 = CARTESIAN_POINT( '', ( -2.20000000000000, 2.20000000000000, 0.000000000000000 ) );
#8441 = DIRECTION( '', ( 0.000000000000000, 0.000000000000000, -1.00000000000000 ) );
#8442 = DIRECTION( '', ( -1.00000000000000, 0.000000000000000, 0.000000000000000 ) );
#8443 = DIRECTION( '', ( 0.000000000000000, 0.000000000000000, -1.00000000000000 ) );
#8444 = DIRECTION( '', ( 0.170573603889971, -0.985344937398060, -1.78459969670381E-17 ) );
#8445 = DIRECTION( '', ( -2.19030741916263E-17, -2.19030741916264E-17, 1.00000000000000 ) );
#8446 = DIRECTION( '', ( 0.170573603889971, -0.985344937398060, -1.78459969670381E-17 ) );
#8447 = DIRECTION( '', ( -2.19030741916263E-17, -2.19030741916264E-17, 1.00000000000000 ) );
#8448 = DIRECTION( '', ( -2.19030741916263E-17, -2.19030741916264E-17, 1.00000000000000 ) );
#8449 = DIRECTION( '', ( -2.19030741916263E-17, -2.19030741916264E-17, 1.00000000000000 ) );
#8450 = DIRECTION( '', ( -2.19030741916263E-17, -2.19030741916264E-17, 1.00000000000000 ) );
#8451 = DIRECTION( '', ( -2.19030741916263E-17, -2.19030741916264E-17, 1.00000000000000 ) );
#8452 = CARTESIAN_POINT( '', ( -6.88850408170752E-16, 0.000000000000000, 5.14000000000000 ) );
#8453 = DIRECTION( '', ( 0.000000000000000, 0.000000000000000, -1.00000000000000 ) );
#8454 = DIRECTION( '', ( 1.00000000000000, 0.000000000000000, 0.000000000000000 ) );
#8455 = DIRECTION( '', ( 0.000000000000000, -1.00000000000000, 0.000000000000000 ) );
#8456 = DIRECTION( '', ( 0.000000000000000, -1.00000000000000, 0.000000000000000 ) );
#8457 = DIRECTION( '', ( -4.38061483832527E-17, 0.000000000000000, 1.00000000000000 ) );
#8458 = DIRECTION( '', ( -4.38061483832527E-17, 0.000000000000000, 1.00000000000000 ) );
#8459 = CARTESIAN_POINT( '', ( -5.00098941443845E-18, 0.000000000000000, 0.0500000000000000 ) );
#8460 = DIRECTION( '', ( -9.85638338623195E-17, 0.000000000000000, 1.00000000000000 ) );
#8461 = DIRECTION( '', ( 1.00000000000000, 0.000000000000000, 9.85638338623195E-17 ) );
#8462 = CARTESIAN_POINT( '', ( -1.50029682433154E-17, 0.000000000000000, 0.150000000000000 ) );
#8463 = DIRECTION( '', ( -9.85638338623195E-17, 0.000000000000000, 1.00000000000000 ) );
#8464 = DIRECTION( '', ( 1.00000000000000, 0.000000000000000, 9.85638338623195E-17 ) );
#8465 = DIRECTION( '', ( 0.509202702893942, 0.860646621654616, 3.00039113869363E-17 ) );
#8466 = DIRECTION( '', ( -2.19030741916263E-17, -2.19030741916264E-17, 1.00000000000000 ) );
#8467 = DIRECTION( '', ( 0.509202702893942, 0.860646621654616, 3.00039113869363E-17 ) );
#8468 = DIRECTION( '', ( -2.19030741916263E-17, -2.19030741916264E-17, 1.00000000000000 ) );
#8469 = DIRECTION( '', ( -1.00000000000000, -9.43689570931383E-16, -2.19030741916263E-17 ) );
#8470 = DIRECTION( '', ( -2.19030741916263E-17, -2.19030741916264E-17, 1.00000000000000 ) );
#8471 = DIRECTION( '', ( -1.00000000000000, -9.43689570931383E-16, -2.19030741916263E-17 ) );
#8472 = DIRECTION( '', ( -2.19030741916263E-17, -2.19030741916264E-17, 1.00000000000000 ) );
#8473 = DIRECTION( '', ( -2.19030741916263E-17, -2.19030741916264E-17, 1.00000000000000 ) );
#8474 = DIRECTION( '', ( -2.19030741916263E-17, -2.19030741916264E-17, 1.00000000000000 ) );
#8475 = CARTESIAN_POINT( '', ( 0.000000000000000, 0.000000000000000, 0.500000000000000 ) );
#8476 = DIRECTION( '', ( 0.000000000000000, 0.000000000000000, -1.00000000000000 ) );
#8477 = DIRECTION( '', ( -1.00000000000000, 0.000000000000000, 0.000000000000000 ) );
#8478 = DIRECTION( '', ( 0.000000000000000, 0.000000000000000, -1.00000000000000 ) );
#8479 = CARTESIAN_POINT( '', ( 0.000000000000000, 0.000000000000000, 0.900000000000000 ) );
#8480 = DIRECTION( '', ( 0.000000000000000, 0.000000000000000, 1.00000000000000 ) );
#8481 = DIRECTION( '', ( 1.00000000000000, 0.000000000000000, 0.000000000000000 ) );
#8482 = DIRECTION( '', ( 0.000000000000000, 0.000000000000000, -1.00000000000000 ) );
#8483 = DIRECTION( '', ( -2.19030741916263E-17, -2.19030741916264E-17, 1.00000000000000 ) );
#8484 = DIRECTION( '', ( -2.19030741916263E-17, -2.19030741916264E-17, 1.00000000000000 ) );
#8485 = DIRECTION( '', ( -2.19030741916263E-17, -2.19030741916264E-17, 1.00000000000000 ) );
#8486 = DIRECTION( '', ( -2.19030741916263E-17, -2.19030741916264E-17, 1.00000000000000 ) );
#8487 = DIRECTION( '', ( -2.19030741916263E-17, -2.19030741916264E-17, 1.00000000000000 ) );
#8488 = CARTESIAN_POINT( '', ( -5.00098941443845E-18, 0.000000000000000, 0.0500000000000000 ) );
#8489 = DIRECTION( '', ( -9.85638338623195E-17, 0.000000000000000, 1.00000000000000 ) );
#8490 = DIRECTION( '', ( 1.00000000000000, 0.000000000000000, 9.85638338623195E-17 ) );
#8491 = DIRECTION( '', ( 9.85638338623195E-17, 0.000000000000000, -1.00000000000000 ) );
#8492 = CARTESIAN_POINT( '', ( -1.50029682433154E-17, 0.000000000000000, 0.150000000000000 ) );
#8493 = DIRECTION( '', ( -1.00019788288769E-16, 0.000000000000000, 1.00000000000000 ) );
#8494 = DIRECTION( '', ( 1.00000000000000, 0.000000000000000, 1.00019788288769E-16 ) );
#8495 = DIRECTION( '', ( 9.85638338623195E-17, 0.000000000000000, -1.00000000000000 ) );
#8496 = DIRECTION( '', ( 0.504988503037565, 0.863126069470665, 2.99659149842929E-17 ) );
#8497 = DIRECTION( '', ( -2.19030741916263E-17, -2.19030741916264E-17, 1.00000000000000 ) );
#8498 = DIRECTION( '', ( 0.504988503037565, 0.863126069470665, 2.99659149842929E-17 ) );
#8499 = DIRECTION( '', ( -2.19030741916263E-17, -2.19030741916264E-17, 1.00000000000000 ) );
#8500 = DIRECTION( '', ( 0.000000000000000, -1.00000000000000, 0.000000000000000 ) );
#8501 = DIRECTION( '', ( 0.000000000000000, 0.000000000000000, -1.00000000000000 ) );
#8502 = DIRECTION( '', ( 0.000000000000000, -1.00000000000000, 0.000000000000000 ) );
#8503 = DIRECTION( '', ( 0.000000000000000, 0.000000000000000, -1.00000000000000 ) );
#8504 = DIRECTION( '', ( 0.000000000000000, -1.00000000000000, 0.000000000000000 ) );
#8505 = DIRECTION( '', ( 0.000000000000000, 0.000000000000000, -1.00000000000000 ) );
#8506 = DIRECTION( '', ( -5.25673780599032E-16, -1.00000000000000, 0.000000000000000 ) );
#8507 = DIRECTION( '', ( 0.000000000000000, 0.000000000000000, -1.00000000000000 ) );
#8508 = CARTESIAN_POINT( '', ( 0.000000000000000, 0.000000000000000, 0.500000000000000 ) );
#8509 = DIRECTION( '', ( 0.000000000000000, 0.000000000000000, -1.00000000000000 ) );
#8510 = DIRECTION( '', ( -1.00000000000000, 0.000000000000000, 0.000000000000000 ) );
#8511 = DIRECTION( '', ( 0.000000000000000, 0.000000000000000, -1.00000000000000 ) );
#8512 = CARTESIAN_POINT( '', ( 0.000000000000000, 0.000000000000000, 1.60000000000000 ) );
#8513 = DIRECTION( '', ( 0.000000000000000, 0.000000000000000, 1.00000000000000 ) );
#8514 = DIRECTION( '', ( 1.00000000000000, 0.000000000000000, 0.000000000000000 ) );
#8515 = DIRECTION( '', ( 0.000000000000000, 0.000000000000000, -1.00000000000000 ) );
#8516 = CARTESIAN_POINT( '', ( 1.25000000000000, 0.325000000000000, -0.300000000000000 ) );
#8517 = DIRECTION( '', ( 0.000000000000000, -1.00000000000000, 0.000000000000000 ) );
#8518 = DIRECTION( '', ( -1.00000000000000, 0.000000000000000, 1.08420217248550E-15 ) );
#8519 = DIRECTION( '', ( 0.000000000000000, -1.00000000000000, 0.000000000000000 ) );
#8520 = CARTESIAN_POINT( '', ( 1.25000000000000, -0.325000000000000, -0.300000000000000 ) );
#8521 = DIRECTION( '', ( 0.000000000000000, -1.00000000000000, 0.000000000000000 ) );
#8522 = DIRECTION( '', ( -1.00000000000000, 0.000000000000000, 1.08420217248550E-15 ) );
#8523 = DIRECTION( '', ( 0.000000000000000, -1.00000000000000, 0.000000000000000 ) );
#8524 = CARTESIAN_POINT( '', ( -5.40403612585223E-17, 0.950000000000000, 0.000000000000000 ) );
#8525 = DIRECTION( '', ( 0.000000000000000, 0.000000000000000, -1.00000000000000 ) );
#8526 = DIRECTION( '', ( 1.00000000000000, 0.000000000000000, 0.000000000000000 ) );
#8527 = DIRECTION( '', ( 0.000000000000000, 0.000000000000000, -1.00000000000000 ) );
#8528 = CARTESIAN_POINT( '', ( -5.40403612585223E-17, 0.950000000000000, 0.200000000000000 ) );
#8529 = DIRECTION( '', ( 0.000000000000000, 0.000000000000000, -1.00000000000000 ) );
#8530 = DIRECTION( '', ( 1.00000000000000, 0.000000000000000, 0.000000000000000 ) );
#8531 = DIRECTION( '', ( 0.000000000000000, 0.000000000000000, -1.00000000000000 ) );
#8532 = CARTESIAN_POINT( '', ( 2.47597961720924E-32, 0.000000000000000, -2.47548976014705E-16 ) );
#8533 = DIRECTION( '', ( -1.00019788288769E-16, 0.000000000000000, 1.00000000000000 ) );
#8534 = DIRECTION( '', ( 1.00000000000000, 0.000000000000000, 1.00019788288769E-16 ) );
#8535 = CARTESIAN_POINT( '', ( -2.70833898429455E-32, 0.000000000000000, 2.71050543121376E-16 ) );
#8536 = DIRECTION( '', ( -4.38061483832527E-17, 0.000000000000000, 1.00000000000000 ) );
#8537 = DIRECTION( '', ( 1.00000000000000, 0.000000000000000, 4.38061483832527E-17 ) );
#8538 = DIRECTION( '', ( 1.00000000000000, 0.000000000000000, 0.000000000000000 ) );
#8539 = DIRECTION( '', ( 0.000000000000000, 1.00000000000000, 0.000000000000000 ) );
#8540 = DIRECTION( '', ( -1.00000000000000, 3.16019244959105E-16, 0.000000000000000 ) );
#8541 = CARTESIAN_POINT( '', ( 0.000000000000000, 0.000000000000000, 1.60000000000000 ) );
#8542 = DIRECTION( '', ( 0.000000000000000, 0.000000000000000, 1.00000000000000 ) );
#8543 = DIRECTION( '', ( 1.00000000000000, 0.000000000000000, 0.000000000000000 ) );
#8544 = DIRECTION( '', ( 0.000000000000000, -1.00000000000000, 0.000000000000000 ) );
#8545 = CARTESIAN_POINT( '', ( -1.65000000000000, -1.45000000000000, -0.0600000000000000 ) );
#8546 = DIRECTION( '', ( 0.000000000000000, 0.000000000000000, 1.00000000000000 ) );
#8547 = DIRECTION( '', ( 1.00000000000000, 0.000000000000000, 0.000000000000000 ) );
#8548 = CARTESIAN_POINT( '', ( -1.65000000000000, -1.45000000000000, 0.000000000000000 ) );
#8549 = DIRECTION( '', ( 0.000000000000000, 0.000000000000000, -1.00000000000000 ) );
#8550 = DIRECTION( '', ( -1.00000000000000, 0.000000000000000, 0.000000000000000 ) );
#8551 = DIRECTION( '', ( 0.507261555133470, 0.861792152832441, 2.99864849378985E-17 ) );
#8552 = DIRECTION( '', ( -2.19030741916263E-17, -2.19030741916264E-17, 1.00000000000000 ) );
#8553 = DIRECTION( '', ( 0.507261555133470, 0.861792152832441, 2.99864849378985E-17 ) );
#8554 = DIRECTION( '', ( -2.19030741916263E-17, -2.19030741916264E-17, 1.00000000000000 ) );
#8555 = DIRECTION( '', ( -0.0520731194826545, 0.998643274761987, 2.07327963386625E-17 ) );
#8556 = DIRECTION( '', ( -1.00000000000000, -1.22124532708767E-15, -2.19030741916263E-17 ) );
#8557 = DIRECTION( '', ( -0.551256329818762, -0.834335938836838, -3.03487302597075E-17 ) );
#8558 = DIRECTION( '', ( -0.141458864167964, 0.989944134660290, 1.85844358300955E-17 ) );
#8559 = DIRECTION( '', ( -1.00000000000000, -1.38777878078145E-15, -2.19030741916264E-17 ) );
#8560 = DIRECTION( '', ( -0.505523561430525, -0.862812800576462, -2.99707728561391E-17 ) );
#8561 = DIRECTION( '', ( 1.00000000000000, 1.77635683940025E-15, 2.19030741916264E-17 ) );
#8562 = DIRECTION( '', ( 0.512281584109716, 0.858817546736232, 3.00312859869932E-17 ) );
#8563 = DIRECTION( '', ( 1.00000000000000, 1.22124532708767E-15, 2.19030741916263E-17 ) );
#8564 = DIRECTION( '', ( 0.583264946769652, 0.812281971897564, 3.05667676974635E-17 ) );
#8565 = DIRECTION( '', ( 0.0472575567111558, -0.998882737529131, -2.08435169380759E-17 ) );
#8566 = DIRECTION( '', ( 1.00000000000000, 1.38777878078145E-15, 2.19030741916264E-17 ) );
#8567 = DIRECTION( '', ( 1.00000000000000, 0.000000000000000, 1.00019788288769E-16 ) );
#8568 = CARTESIAN_POINT( '', ( -1.50029682433154E-17, 0.000000000000000, 0.150000000000000 ) );
#8569 = DIRECTION( '', ( -9.85638338623195E-17, 0.000000000000000, 1.00000000000000 ) );
#8570 = DIRECTION( '', ( 1.00000000000000, 0.000000000000000, 9.85638338623195E-17 ) );
#8571 = DIRECTION( '', ( -1.00000000000000, 0.000000000000000, -1.00019788288769E-16 ) );
#8572 = CARTESIAN_POINT( '', ( -1.05000000000000, -6.42939569552361E-17, 0.150000000000000 ) );
#8573 = DIRECTION( '', ( -1.00019788288769E-16, 0.000000000000000, 1.00000000000000 ) );
#8574 = DIRECTION( '', ( 1.00000000000000, 0.000000000000000, 1.00019788288769E-16 ) );
#8575 = CARTESIAN_POINT( '', ( 1.05000000000000, -6.42939569552361E-17, 0.150000000000000 ) );
#8576 = DIRECTION( '', ( -1.00019788288769E-16, 0.000000000000000, 1.00000000000000 ) );
#8577 = DIRECTION( '', ( 1.00000000000000, 0.000000000000000, 1.00019788288769E-16 ) );
#8578 = DIRECTION( '', ( 9.85638338623195E-17, 0.000000000000000, -1.00000000000000 ) );
#8579 = CARTESIAN_POINT( '', ( 1.05000000000000, -6.42939569552361E-17, 0.0500000000000000 ) );
#8580 = DIRECTION( '', ( 9.92957435197164E-17, 0.000000000000000, -1.00000000000000 ) );
#8581 = DIRECTION( '', ( 1.00000000000000, 0.000000000000000, 9.92957435197164E-17 ) );
#8582 = DIRECTION( '', ( 9.85638338623195E-17, 0.000000000000000, -1.00000000000000 ) );
#8583 = CARTESIAN_POINT( '', ( 1.05000000000000, -6.42939569552361E-17, 0.550000000000000 ) );
#8584 = DIRECTION( '', ( 9.92957435197164E-17, 0.000000000000000, -1.00000000000000 ) );
#8585 = DIRECTION( '', ( 1.00000000000000, 0.000000000000000, 9.92957435197164E-17 ) );
#8586 = DIRECTION( '', ( 1.00000000000000, 4.57984812008685E-33, 9.85638338623195E-17 ) );
#8587 = DIRECTION( '', ( 0.000000000000000, 0.000000000000000, 1.00000000000000 ) );
#8588 = CARTESIAN_POINT( '', ( -1.25000000000000, -0.325000000000000, -0.300000000000000 ) );
#8589 = DIRECTION( '', ( 0.000000000000000, -1.00000000000000, 0.000000000000000 ) );
#8590 = DIRECTION( '', ( 0.000000000000000, 0.000000000000000, -1.00000000000000 ) );
#8591 = DIRECTION( '', ( 1.00000000000000, 0.000000000000000, 1.23908819712630E-16 ) );
#8592 = DIRECTION( '', ( -2.78794844353433E-16, -1.80700362080917E-16, 1.00000000000000 ) );
#8593 = DIRECTION( '', ( 1.00000000000000, 0.000000000000000, 1.23908819712630E-16 ) );
#8594 = CARTESIAN_POINT( '', ( -1.25000000000000, -0.325000000000000, -0.300000000000000 ) );
#8595 = DIRECTION( '', ( 0.000000000000000, -1.00000000000000, 0.000000000000000 ) );
#8596 = DIRECTION( '', ( 0.000000000000000, 0.000000000000000, -1.00000000000000 ) );
#8597 = DIRECTION( '', ( 0.000000000000000, 0.000000000000000, 1.00000000000000 ) );
#8598 = DIRECTION( '', ( 1.00000000000000, 4.57984812008685E-33, 9.85638338623195E-17 ) );
#8599 = DIRECTION( '', ( -1.00019788288769E-16, 0.000000000000000, 1.00000000000000 ) );
#8600 = DIRECTION( '', ( 1.00000000000000, 4.31675662805402E-33, 1.00019788288769E-16 ) );
#8601 = DIRECTION( '', ( 9.85638338623195E-17, 0.000000000000000, -1.00000000000000 ) );
#8602 = DIRECTION( '', ( -1.00000000000000, -1.80700362080917E-16, -1.54886024640803E-16 ) );
#8603 = DIRECTION( '', ( 9.85638338623195E-17, 0.000000000000000, -1.00000000000000 ) );
#8604 = DIRECTION( '', ( -2.19030741916263E-17, -2.19030741916264E-17, 1.00000000000000 ) );
#8605 = DIRECTION( '', ( -2.19030741916263E-17, -2.19030741916264E-17, 1.00000000000000 ) );
#8606 = CARTESIAN_POINT( '', ( -3.74022135565962E-17, 0.000000000000000, 0.853811963320090 ) );
#8607 = DIRECTION( '', ( 4.38061483832527E-17, 0.000000000000000, -1.00000000000000 ) );
#8608 = DIRECTION( '', ( -1.00000000000000, 0.000000000000000, -4.38061483832527E-17 ) );
#8609 = CARTESIAN_POINT( '', ( -4.37644816747148E-17, 0.000000000000000, 0.999048838802868 ) );
#8610 = DIRECTION( '', ( -4.38061483832527E-17, 0.000000000000000, 1.00000000000000 ) );
#8611 = DIRECTION( '', ( 1.00000000000000, 0.000000000000000, 4.38061483832527E-17 ) );
#8612 = CARTESIAN_POINT( '', ( -5.00098941443845E-18, 0.000000000000000, 0.0500000000000000 ) );
#8613 = DIRECTION( '', ( -9.85638338623195E-17, 0.000000000000000, 1.00000000000000 ) );
#8614 = DIRECTION( '', ( 1.00000000000000, 0.000000000000000, 9.85638338623195E-17 ) );
#8615 = DIRECTION( '', ( 9.85638338623195E-17, 0.000000000000000, -1.00000000000000 ) );
#8616 = CARTESIAN_POINT( '', ( -1.50029682433154E-17, 0.000000000000000, 0.150000000000000 ) );
#8617 = DIRECTION( '', ( -1.00019788288769E-16, 0.000000000000000, 1.00000000000000 ) );
#8618 = DIRECTION( '', ( 1.00000000000000, 0.000000000000000, 1.00019788288769E-16 ) );
#8619 = DIRECTION( '', ( 9.85638338623195E-17, 0.000000000000000, -1.00000000000000 ) );
#8620 = DIRECTION( '', ( -1.00000000000000, 0.000000000000000, 0.000000000000000 ) );
#8621 = DIRECTION( '', ( -1.00000000000000, 0.000000000000000, 0.000000000000000 ) );
#8622 = DIRECTION( '', ( 1.00000000000000, 1.77635683940025E-15, 2.19030741916264E-17 ) );
#8623 = DIRECTION( '', ( -2.19030741916263E-17, -2.19030741916264E-17, 1.00000000000000 ) );
#8624 = DIRECTION( '', ( -2.19030741916263E-17, -2.19030741916264E-17, 1.00000000000000 ) );
#8625 = CARTESIAN_POINT( '', ( -1.50029682433154E-17, 0.000000000000000, 0.150000000000000 ) );
#8626 = DIRECTION( '', ( -1.00019788288769E-16, 0.000000000000000, 1.00000000000000 ) );
#8627 = DIRECTION( '', ( 1.00000000000000, 0.000000000000000, 1.00019788288769E-16 ) );
#8628 = DIRECTION( '', ( 9.85638338623195E-17, 0.000000000000000, -1.00000000000000 ) );
#8629 = CARTESIAN_POINT( '', ( -5.00098941443845E-18, 0.000000000000000, 0.0500000000000000 ) );
#8630 = DIRECTION( '', ( -9.85638338623195E-17, 0.000000000000000, 1.00000000000000 ) );
#8631 = DIRECTION( '', ( 1.00000000000000, 0.000000000000000, 9.85638338623195E-17 ) );
#8632 = DIRECTION( '', ( 9.85638338623195E-17, 0.000000000000000, -1.00000000000000 ) );
#8633 = DIRECTION( '', ( 6.37765983815003E-17, 1.00000000000000, 0.000000000000000 ) );
#8634 = DIRECTION( '', ( 0.000000000000000, 0.000000000000000, -1.00000000000000 ) );
#8635 = DIRECTION( '', ( 6.37765983815003E-17, 1.00000000000000, 0.000000000000000 ) );
#8636 = DIRECTION( '', ( -2.19030741916263E-17, -2.19030741916264E-17, 1.00000000000000 ) );
#8637 = DIRECTION( '', ( -2.19030741916263E-17, -2.19030741916264E-17, 1.00000000000000 ) );
#8638 = DIRECTION( '', ( -2.19030741916263E-17, -2.19030741916264E-17, 1.00000000000000 ) );
#8639 = DIRECTION( '', ( -2.19030741916263E-17, -2.19030741916264E-17, 1.00000000000000 ) );
#8640 = CARTESIAN_POINT( '', ( 1.05000000000000, -6.42939569552361E-17, 0.150000000000000 ) );
#8641 = DIRECTION( '', ( -1.00019788288769E-16, 0.000000000000000, 1.00000000000000 ) );
#8642 = DIRECTION( '', ( 1.00000000000000, 0.000000000000000, 1.00019788288769E-16 ) );
#8643 = CARTESIAN_POINT( '', ( -1.05000000000000, -6.42939569552361E-17, 0.150000000000000 ) );
#8644 = DIRECTION( '', ( -1.00019788288769E-16, 0.000000000000000, 1.00000000000000 ) );
#8645 = DIRECTION( '', ( 1.00000000000000, 0.000000000000000, 1.00019788288769E-16 ) );
#8646 = CARTESIAN_POINT( '', ( -1.50029682433154E-17, 0.000000000000000, 0.150000000000000 ) );
#8647 = DIRECTION( '', ( -9.85638338623195E-17, 0.000000000000000, 1.00000000000000 ) );
#8648 = DIRECTION( '', ( 1.00000000000000, 0.000000000000000, 9.85638338623195E-17 ) );
#8649 = CARTESIAN_POINT( '', ( -5.01267497928364E-17, 0.000000000000000, 1.14428571428572 ) );
#8650 = DIRECTION( '', ( 4.38061483832527E-17, 0.000000000000000, -1.00000000000000 ) );
#8651 = DIRECTION( '', ( -1.00000000000000, 0.000000000000000, -4.38061483832527E-17 ) );
#8652 = CARTESIAN_POINT( '', ( -5.39689935547459E-17, 0.000000000000000, 1.23199586237485 ) );
#8653 = DIRECTION( '', ( -4.38061483832527E-17, 0.000000000000000, 1.00000000000000 ) );
#8654 = DIRECTION( '', ( 1.00000000000000, 0.000000000000000, 4.38061483832527E-17 ) );
#8655 = DIRECTION( '', ( -2.19030741916263E-17, -2.19030741916264E-17, 1.00000000000000 ) );
#8656 = DIRECTION( '', ( -2.19030741916263E-17, -2.19030741916264E-17, 1.00000000000000 ) );
#8657 = CARTESIAN_POINT( '', ( 1.65000000000000, 1.65000000000000, -0.0600000000000000 ) );
#8658 = DIRECTION( '', ( 0.000000000000000, 0.000000000000000, 1.00000000000000 ) );
#8659 = DIRECTION( '', ( 1.00000000000000, 0.000000000000000, 0.000000000000000 ) );
#8660 = CARTESIAN_POINT( '', ( 1.65000000000000, 1.65000000000000, 0.000000000000000 ) );
#8661 = DIRECTION( '', ( 0.000000000000000, 0.000000000000000, -1.00000000000000 ) );
#8662 = DIRECTION( '', ( -1.00000000000000, 0.000000000000000, 0.000000000000000 ) );
#8663 = DIRECTION( '', ( 9.85638338623195E-17, 0.000000000000000, -1.00000000000000 ) );
#8664 = CARTESIAN_POINT( '', ( -1.05000000000000, -6.42939569552361E-17, 0.550000000000000 ) );
#8665 = DIRECTION( '', ( -9.92957435197164E-17, 0.000000000000000, 1.00000000000000 ) );
#8666 = DIRECTION( '', ( 1.00000000000000, 0.000000000000000, 9.92957435197164E-17 ) );
#8667 = DIRECTION( '', ( 9.85638338623195E-17, 0.000000000000000, -1.00000000000000 ) );
#8668 = CARTESIAN_POINT( '', ( -1.05000000000000, -6.42939569552361E-17, 0.0500000000000000 ) );
#8669 = DIRECTION( '', ( -9.92957435197164E-17, 0.000000000000000, 1.00000000000000 ) );
#8670 = DIRECTION( '', ( 1.00000000000000, 0.000000000000000, 9.92957435197164E-17 ) );
#8671 = CARTESIAN_POINT( '', ( -2.14650127077938E-16, 0.000000000000000, 4.90000000000000 ) );
#8672 = DIRECTION( '', ( 4.38061483832527E-17, 0.000000000000000, -1.00000000000000 ) );
#8673 = DIRECTION( '', ( -1.00000000000000, 0.000000000000000, -4.38061483832527E-17 ) );
#8674 = CARTESIAN_POINT( '', ( -6.70651271676940E-17, 0.000000000000000, 1.53095238095238 ) );
#8675 = DIRECTION( '', ( -4.38061483832527E-17, 0.000000000000000, 1.00000000000000 ) );
#8676 = DIRECTION( '', ( 1.00000000000000, 0.000000000000000, 4.38061483832527E-17 ) );
#8677 = DIRECTION( '', ( 1.00000000000000, 0.000000000000000, 0.000000000000000 ) );
#8678 = DIRECTION( '', ( -6.37765983815003E-17, -1.00000000000000, 0.000000000000000 ) );
#8679 = CARTESIAN_POINT( '', ( -5.40403612585223E-17, 0.950000000000000, 0.200000000000000 ) );
#8680 = DIRECTION( '', ( 0.000000000000000, 0.000000000000000, -1.00000000000000 ) );
#8681 = DIRECTION( '', ( -1.00000000000000, 0.000000000000000, 0.000000000000000 ) );
#8682 = CARTESIAN_POINT( '', ( 0.000000000000000, 0.000000000000000, 0.500000000000000 ) );
#8683 = DIRECTION( '', ( 0.000000000000000, 0.000000000000000, -1.00000000000000 ) );
#8684 = DIRECTION( '', ( -1.00000000000000, 0.000000000000000, 0.000000000000000 ) );
#8685 = DIRECTION( '', ( 0.000000000000000, 0.000000000000000, -1.00000000000000 ) );
#8686 = DIRECTION( '', ( 0.000000000000000, 0.000000000000000, -1.00000000000000 ) );
#8687 = DIRECTION( '', ( -1.00000000000000, 1.80700362080917E-16, -9.85638338623195E-17 ) );
#8688 = DIRECTION( '', ( 0.000000000000000, -1.00000000000000, 0.000000000000000 ) );
#8689 = CARTESIAN_POINT( '', ( 1.05000000000000, -6.42939569552361E-17, 0.0500000000000000 ) );
#8690 = DIRECTION( '', ( 9.92957435197164E-17, 0.000000000000000, -1.00000000000000 ) );
#8691 = DIRECTION( '', ( 1.00000000000000, 0.000000000000000, 9.92957435197164E-17 ) );
#8692 = CARTESIAN_POINT( '', ( -5.00098941443845E-18, 0.000000000000000, 0.0500000000000000 ) );
#8693 = DIRECTION( '', ( -9.85638338623195E-17, 0.000000000000000, 1.00000000000000 ) );
#8694 = DIRECTION( '', ( 1.00000000000000, 0.000000000000000, 9.85638338623195E-17 ) );
#8695 = CARTESIAN_POINT( '', ( -1.05000000000000, -6.42939569552361E-17, 0.0500000000000000 ) );
#8696 = DIRECTION( '', ( -9.92957435197164E-17, 0.000000000000000, 1.00000000000000 ) );
#8697 = DIRECTION( '', ( 1.00000000000000, 0.000000000000000, 9.92957435197164E-17 ) );
#8698 = DIRECTION( '', ( 0.000000000000000, -1.00000000000000, 0.000000000000000 ) );
#8699 = CARTESIAN_POINT( '', ( -1.05000000000000, -6.42939569552361E-17, 0.0500000000000000 ) );
#8700 = DIRECTION( '', ( -9.92957435197164E-17, 0.000000000000000, 1.00000000000000 ) );
#8701 = DIRECTION( '', ( 1.00000000000000, 0.000000000000000, 9.92957435197164E-17 ) );
#8702 = CARTESIAN_POINT( '', ( -5.00098941443845E-18, 0.000000000000000, 0.0500000000000000 ) );
#8703 = DIRECTION( '', ( -9.85638338623195E-17, 0.000000000000000, 1.00000000000000 ) );
#8704 = DIRECTION( '', ( 1.00000000000000, 0.000000000000000, 9.85638338623195E-17 ) );
#8705 = CARTESIAN_POINT( '', ( 1.05000000000000, -6.42939569552361E-17, 0.0500000000000000 ) );
#8706 = DIRECTION( '', ( 9.92957435197164E-17, 0.000000000000000, -1.00000000000000 ) );
#8707 = DIRECTION( '', ( 1.00000000000000, 0.000000000000000, 9.92957435197164E-17 ) );
#8708 = CARTESIAN_POINT( '', ( 2.20000000000000, 2.20000000000000, 1.60000000000000 ) );
#8709 = DIRECTION( '', ( 0.000000000000000, 0.000000000000000, 1.00000000000000 ) );
#8710 = DIRECTION( '', ( 1.00000000000000, 0.000000000000000, 0.000000000000000 ) );
#8711 = DIRECTION( '', ( 1.00000000000000, 0.000000000000000, 0.000000000000000 ) );
#8712 = DIRECTION( '', ( 0.000000000000000, 1.00000000000000, 0.000000000000000 ) );
#8713 = DIRECTION( '', ( -2.19030741916263E-17, -2.19030741916264E-17, 1.00000000000000 ) );
#8714 = DIRECTION( '', ( -2.19030741916263E-17, -2.19030741916264E-17, 1.00000000000000 ) );
#8715 = DIRECTION( '', ( -3.16019244959105E-16, 1.00000000000000, 0.000000000000000 ) );
#8716 = DIRECTION( '', ( 0.000000000000000, 0.000000000000000, -1.00000000000000 ) );
#8717 = DIRECTION( '', ( -3.16019244959105E-16, 1.00000000000000, 0.000000000000000 ) );
#8718 = DIRECTION( '', ( 6.37765983815003E-17, -1.00000000000000, 0.000000000000000 ) );
#8719 = DIRECTION( '', ( 0.000000000000000, 0.000000000000000, -1.00000000000000 ) );
#8720 = DIRECTION( '', ( 6.37765983815003E-17, -1.00000000000000, 0.000000000000000 ) );
#8721 = DIRECTION( '', ( 0.000000000000000, 0.000000000000000, -1.00000000000000 ) );
#8722 = DIRECTION( '', ( -2.19030741916263E-17, -2.19030741916264E-17, 1.00000000000000 ) );
#8723 = DIRECTION( '', ( -2.19030741916263E-17, -2.19030741916264E-17, 1.00000000000000 ) );
#8724 = DIRECTION( '', ( -2.19030741916263E-17, -2.19030741916264E-17, 1.00000000000000 ) );
#8725 = DIRECTION( '', ( -2.19030741916263E-17, -2.19030741916264E-17, 1.00000000000000 ) );
#8726 = DIRECTION( '', ( -2.19030741916263E-17, -2.19030741916264E-17, 1.00000000000000 ) );
#8727 = DIRECTION( '', ( -2.19030741916263E-17, -2.19030741916264E-17, 1.00000000000000 ) );
#8728 = DIRECTION( '', ( -2.19030741916263E-17, -2.19030741916264E-17, 1.00000000000000 ) );
#8729 = DIRECTION( '', ( 0.000000000000000, -1.00000000000000, 0.000000000000000 ) );
#8730 = DIRECTION( '', ( 0.000000000000000, 1.00000000000000, 0.000000000000000 ) );
#8731 = DIRECTION( '', ( 2.78794844353433E-16, 0.000000000000000, -1.00000000000000 ) );
#8732 = DIRECTION( '', ( 9.85638338623195E-17, 0.000000000000000, -1.00000000000000 ) );
#8733 = CARTESIAN_POINT( '', ( -1.05000000000000, -6.42939569552361E-17, 0.550000000000000 ) );
#8734 = DIRECTION( '', ( -9.92957435197164E-17, 0.000000000000000, 1.00000000000000 ) );
#8735 = DIRECTION( '', ( 1.00000000000000, 0.000000000000000, 9.92957435197164E-17 ) );
#8736 = DIRECTION( '', ( 9.85638338623195E-17, 0.000000000000000, -1.00000000000000 ) );
#8737 = CARTESIAN_POINT( '', ( -1.05000000000000, -6.42939569552361E-17, 0.0500000000000000 ) );
#8738 = DIRECTION( '', ( -9.92957435197164E-17, 0.000000000000000, 1.00000000000000 ) );
#8739 = DIRECTION( '', ( 1.00000000000000, 0.000000000000000, 9.92957435197164E-17 ) );
#8740 = CARTESIAN_POINT( '', ( -1.05000000000000, -6.42939569552361E-17, 0.0500000000000000 ) );
#8741 = DIRECTION( '', ( -9.92957435197164E-17, 0.000000000000000, 1.00000000000000 ) );
#8742 = DIRECTION( '', ( 1.00000000000000, 0.000000000000000, 9.92957435197164E-17 ) );
#8743 = CARTESIAN_POINT( '', ( -2.25601664173751E-16, 0.000000000000000, 5.15000000000000 ) );
#8744 = DIRECTION( '', ( 4.38061483832527E-17, 0.000000000000000, -1.00000000000000 ) );
#8745 = DIRECTION( '', ( -1.00000000000000, 0.000000000000000, -4.38061483832527E-17 ) );
#8746 = CARTESIAN_POINT( '', ( -6.89288469654584E-16, 0.000000000000000, 5.15000000000000 ) );
#8747 = DIRECTION( '', ( 0.000000000000000, 0.000000000000000, -1.00000000000000 ) );
#8748 = DIRECTION( '', ( 1.00000000000000, 0.000000000000000, 0.000000000000000 ) );
#8749 = CARTESIAN_POINT( '', ( 1.05000000000000, -6.42939569552361E-17, 0.550000000000000 ) );
#8750 = DIRECTION( '', ( 9.92957435197164E-17, 0.000000000000000, -1.00000000000000 ) );
#8751 = DIRECTION( '', ( 1.00000000000000, 0.000000000000000, 9.92957435197164E-17 ) );
#8752 = DIRECTION( '', ( 0.000000000000000, 1.00000000000000, 0.000000000000000 ) );
#8753 = DIRECTION( '', ( -0.503548846457894, -0.863966758174714, -2.99527957464748E-17 ) );
#8754 = DIRECTION( '', ( 0.507254689190441, 0.861796194174881, 2.99864230704622E-17 ) );
#8755 = DIRECTION( '', ( 1.00000000000000, 7.21644966006352E-16, 2.19030741916263E-17 ) );
#8756 = DIRECTION( '', ( 0.519661496168013, 0.854372242878022, 3.00955629281231E-17 ) );
#8757 = DIRECTION( '', ( -1.00000000000000, -7.21644966006352E-16, -2.19030741916263E-17 ) );
#8758 = DIRECTION( '', ( 1.00000000000000, 1.38777878078145E-15, 2.19030741916264E-17 ) );
#8759 = DIRECTION( '', ( -1.00000000000000, -1.27675647831893E-15, -2.19030741916264E-17 ) );
#8760 = DIRECTION( '', ( 1.00000000000000, 8.32667268468867E-16, 2.19030741916263E-17 ) );
#8761 = DIRECTION( '', ( -0.0520731194826545, 0.998643274761987, 2.07327963386625E-17 ) );
#8762 = DIRECTION( '', ( 1.00000000000000, 1.38777878078145E-15, 2.19030741916264E-17 ) );
#8763 = DIRECTION( '', ( 0.0472575567111558, -0.998882737529131, -2.08435169380759E-17 ) );
#8764 = DIRECTION( '', ( 0.583264946769652, 0.812281971897564, 3.05667676974635E-17 ) );
#8765 = DIRECTION( '', ( 1.00000000000000, 1.22124532708767E-15, 2.19030741916263E-17 ) );
#8766 = DIRECTION( '', ( 0.512281584109716, 0.858817546736232, 3.00312859869932E-17 ) );
#8767 = DIRECTION( '', ( -0.505523561430525, -0.862812800576462, -2.99707728561391E-17 ) );
#8768 = DIRECTION( '', ( -1.00000000000000, -1.38777878078145E-15, -2.19030741916264E-17 ) );
#8769 = DIRECTION( '', ( -0.141458864167964, 0.989944134660290, 1.85844358300955E-17 ) );
#8770 = DIRECTION( '', ( -0.551256329818762, -0.834335938836838, -3.03487302597075E-17 ) );
#8771 = DIRECTION( '', ( -1.00000000000000, -1.22124532708767E-15, -2.19030741916263E-17 ) );
#8772 = DIRECTION( '', ( -3.16019244959105E-16, -1.00000000000000, 0.000000000000000 ) );
#8773 = DIRECTION( '', ( 0.000000000000000, 0.000000000000000, -1.00000000000000 ) );
#8774 = DIRECTION( '', ( -3.16019244959105E-16, -1.00000000000000, 0.000000000000000 ) );
#8775 = DIRECTION( '', ( 0.000000000000000, 0.000000000000000, -1.00000000000000 ) );
#8776 = DIRECTION( '', ( 9.85638338623195E-17, 0.000000000000000, -1.00000000000000 ) );
#8777 = DIRECTION( '', ( 9.85638338623195E-17, 0.000000000000000, -1.00000000000000 ) );
#8778 = CARTESIAN_POINT( '', ( 1.05000000000000, -6.42939569552361E-17, 0.150000000000000 ) );
#8779 = DIRECTION( '', ( -1.00019788288769E-16, 0.000000000000000, 1.00000000000000 ) );
#8780 = DIRECTION( '', ( 1.00000000000000, 0.000000000000000, 1.00019788288769E-16 ) );
#8781 = DIRECTION( '', ( 9.85638338623195E-17, 0.000000000000000, -1.00000000000000 ) );
#8782 = CARTESIAN_POINT( '', ( 1.05000000000000, -6.42939569552361E-17, 0.550000000000000 ) );
#8783 = DIRECTION( '', ( 9.92957435197164E-17, 0.000000000000000, -1.00000000000000 ) );
#8784 = DIRECTION( '', ( 1.00000000000000, 0.000000000000000, 9.92957435197164E-17 ) );
#8785 = DIRECTION( '', ( -2.19030741916263E-17, -2.19030741916264E-17, 1.00000000000000 ) );
#8786 = DIRECTION( '', ( -0.503548846457894, -0.863966758174714, -2.99527957464748E-17 ) );
#8787 = CARTESIAN_POINT( '', ( -5.00098941443845E-18, 0.000000000000000, 0.0500000000000000 ) );
#8788 = DIRECTION( '', ( -9.85638338623195E-17, 0.000000000000000, 1.00000000000000 ) );
#8789 = DIRECTION( '', ( 1.00000000000000, 0.000000000000000, 9.85638338623195E-17 ) );
#8790 = CARTESIAN_POINT( '', ( -1.50029682433154E-17, 0.000000000000000, 0.150000000000000 ) );
#8791 = DIRECTION( '', ( -1.00019788288769E-16, 0.000000000000000, 1.00000000000000 ) );
#8792 = DIRECTION( '', ( 1.00000000000000, 0.000000000000000, 1.00019788288769E-16 ) );
#8793 = CARTESIAN_POINT( '', ( -5.00098941443845E-18, 0.000000000000000, 0.0500000000000000 ) );
#8794 = DIRECTION( '', ( -9.85638338623195E-17, 0.000000000000000, 1.00000000000000 ) );
#8795 = DIRECTION( '', ( 1.00000000000000, 0.000000000000000, 9.85638338623195E-17 ) );
#8796 = CARTESIAN_POINT( '', ( -1.50029682433154E-17, 0.000000000000000, 0.150000000000000 ) );
#8797 = DIRECTION( '', ( -9.85638338623195E-17, 0.000000000000000, 1.00000000000000 ) );
#8798 = DIRECTION( '', ( 1.00000000000000, 0.000000000000000, 9.85638338623195E-17 ) );
#8799 = DIRECTION( '', ( -2.19030741916263E-17, -2.19030741916264E-17, 1.00000000000000 ) );
#8800 = DIRECTION( '', ( -2.19030741916263E-17, -2.19030741916264E-17, 1.00000000000000 ) );
#8801 = DIRECTION( '', ( 9.85638338623195E-17, 0.000000000000000, -1.00000000000000 ) );
#8802 = CARTESIAN_POINT( '', ( 1.05000000000000, -6.42939569552361E-17, 0.0500000000000000 ) );
#8803 = DIRECTION( '', ( 9.92957435197164E-17, 0.000000000000000, -1.00000000000000 ) );
#8804 = DIRECTION( '', ( 1.00000000000000, 0.000000000000000, 9.92957435197164E-17 ) );
#8805 = CARTESIAN_POINT( '', ( 1.05000000000000, -6.42939569552361E-17, 0.0500000000000000 ) );
#8806 = DIRECTION( '', ( 9.92957435197164E-17, 0.000000000000000, -1.00000000000000 ) );
#8807 = DIRECTION( '', ( 1.00000000000000, 0.000000000000000, 9.92957435197164E-17 ) );
#8808 = DIRECTION( '', ( 9.85638338623195E-17, 0.000000000000000, -1.00000000000000 ) );
#8809 = CARTESIAN_POINT( '', ( -1.50029682433154E-17, 0.000000000000000, 0.150000000000000 ) );
#8810 = DIRECTION( '', ( -9.85638338623195E-17, 0.000000000000000, 1.00000000000000 ) );
#8811 = DIRECTION( '', ( 1.00000000000000, 0.000000000000000, 9.85638338623195E-17 ) );
#8812 = CARTESIAN_POINT( '', ( 1.05000000000000, -6.42939569552361E-17, 0.150000000000000 ) );
#8813 = DIRECTION( '', ( -1.00019788288769E-16, 0.000000000000000, 1.00000000000000 ) );
#8814 = DIRECTION( '', ( 1.00000000000000, 0.000000000000000, 1.00019788288769E-16 ) );
#8815 = CARTESIAN_POINT( '', ( -1.50029682433154E-17, 0.000000000000000, 0.150000000000000 ) );
#8816 = DIRECTION( '', ( -9.85638338623195E-17, 0.000000000000000, 1.00000000000000 ) );
#8817 = DIRECTION( '', ( 1.00000000000000, 0.000000000000000, 9.85638338623195E-17 ) );
#8818 = CARTESIAN_POINT( '', ( -1.05000000000000, -6.42939569552361E-17, 0.150000000000000 ) );
#8819 = DIRECTION( '', ( -1.00019788288769E-16, 0.000000000000000, 1.00000000000000 ) );
#8820 = DIRECTION( '', ( 1.00000000000000, 0.000000000000000, 1.00019788288769E-16 ) );
#8821 = DIRECTION( '', ( -2.19030741916263E-17, -2.19030741916264E-17, 1.00000000000000 ) );
#8822 = DIRECTION( '', ( -2.19030741916263E-17, -2.19030741916264E-17, 1.00000000000000 ) );
#8823 = CARTESIAN_POINT( '', ( 1.65000000000000, -1.45000000000000, -0.0600000000000000 ) );
#8824 = DIRECTION( '', ( 0.000000000000000, 0.000000000000000, -1.00000000000000 ) );
#8825 = DIRECTION( '', ( 1.00000000000000, 0.000000000000000, 0.000000000000000 ) );
#8826 = CARTESIAN_POINT( '', ( 1.65000000000000, -1.45000000000000, 0.000000000000000 ) );
#8827 = DIRECTION( '', ( 0.000000000000000, 0.000000000000000, -1.00000000000000 ) );
#8828 = DIRECTION( '', ( 1.00000000000000, 0.000000000000000, 0.000000000000000 ) );
#8829 = DIRECTION( '', ( 0.000000000000000, 0.000000000000000, -1.00000000000000 ) );
#8830 = DIRECTION( '', ( 0.000000000000000, 1.00000000000000, 0.000000000000000 ) );
#8831 = DIRECTION( '', ( 0.000000000000000, 1.00000000000000, 0.000000000000000 ) );
#8832 = DIRECTION( '', ( 0.000000000000000, 0.000000000000000, -1.00000000000000 ) );
#8833 = DIRECTION( '', ( 0.000000000000000, 1.00000000000000, 0.000000000000000 ) );
#8834 = DIRECTION( '', ( -1.00000000000000, 1.80700362080917E-16, -9.85638338623195E-17 ) );
#8835 = CARTESIAN_POINT( '', ( -5.00098941443845E-18, 0.000000000000000, 0.0500000000000000 ) );
#8836 = DIRECTION( '', ( -9.85638338623195E-17, 0.000000000000000, 1.00000000000000 ) );
#8837 = DIRECTION( '', ( 1.00000000000000, 0.000000000000000, 9.85638338623195E-17 ) );
#8838 = DIRECTION( '', ( 0.000000000000000, 1.00000000000000, 0.000000000000000 ) );
#8839 = CARTESIAN_POINT( '', ( -5.00098941443845E-18, 0.000000000000000, 0.0500000000000000 ) );
#8840 = DIRECTION( '', ( -1.00019788288769E-16, 0.000000000000000, 1.00000000000000 ) );
#8841 = DIRECTION( '', ( 1.00000000000000, 0.000000000000000, 1.00019788288769E-16 ) );
#8842 = DIRECTION( '', ( -2.19030741916263E-17, -2.19030741916264E-17, 1.00000000000000 ) );
#8843 = DIRECTION( '', ( -2.19030741916263E-17, -2.19030741916264E-17, 1.00000000000000 ) );
#8844 = DIRECTION( '', ( 0.000000000000000, 1.00000000000000, 0.000000000000000 ) );
#8845 = CARTESIAN_POINT( '', ( 1.25000000000000, -0.325000000000000, -0.300000000000000 ) );
#8846 = DIRECTION( '', ( 0.000000000000000, -1.00000000000000, 0.000000000000000 ) );
#8847 = DIRECTION( '', ( -1.00000000000000, 0.000000000000000, 1.54886024640787E-16 ) );
#8848 = CARTESIAN_POINT( '', ( 1.25000000000000, 0.325000000000000, -0.300000000000000 ) );
#8849 = DIRECTION( '', ( 0.000000000000000, -1.00000000000000, 0.000000000000000 ) );
#8850 = DIRECTION( '', ( -1.00000000000000, 0.000000000000000, 1.54886024640787E-16 ) );
#8851 = DIRECTION( '', ( -0.707106781186547, -0.707106781186548, 0.000000000000000 ) );
#8852 = DIRECTION( '', ( -0.707106781186547, -0.707106781186548, 0.000000000000000 ) );
#8853 = DIRECTION( '', ( 0.000000000000000, 0.000000000000000, -1.00000000000000 ) );
#8854 = DIRECTION( '', ( -2.19030741916263E-17, -2.19030741916264E-17, 1.00000000000000 ) );
#8855 = DIRECTION( '', ( 0.000000000000000, -1.00000000000000, 0.000000000000000 ) );
#8856 = DIRECTION( '', ( 0.000000000000000, 0.000000000000000, -1.00000000000000 ) );
#8857 = CARTESIAN_POINT( '', ( -6.05170603611861E-17, 0.000000000000000, 1.38147412166284 ) );
#8858 = DIRECTION( '', ( -4.38061483832527E-17, 0.000000000000000, 1.00000000000000 ) );
#8859 = DIRECTION( '', ( 1.00000000000000, 0.000000000000000, 4.38061483832527E-17 ) );
#8860 = DIRECTION( '', ( 1.00000000000000, -6.32038489918211E-16, 0.000000000000000 ) );
#8861 = DIRECTION( '', ( 0.000000000000000, 0.000000000000000, -1.00000000000000 ) );
#8862 = DIRECTION( '', ( 1.00000000000000, -6.32038489918211E-16, 0.000000000000000 ) );
#8863 = DIRECTION( '', ( 0.000000000000000, 0.000000000000000, -1.00000000000000 ) );
#8864 = DIRECTION( '', ( -2.19030741916263E-17, -2.19030741916264E-17, 1.00000000000000 ) );
#8865 = DIRECTION( '', ( -2.19030741916263E-17, -2.19030741916264E-17, 1.00000000000000 ) );
#8866 = DIRECTION( '', ( -2.19030741916263E-17, -2.19030741916264E-17, 1.00000000000000 ) );
#8867 = DIRECTION( '', ( -2.19030741916263E-17, -2.19030741916264E-17, 1.00000000000000 ) );
#8868 = DIRECTION( '', ( -2.19030741916263E-17, -2.19030741916264E-17, 1.00000000000000 ) );
#8869 = DIRECTION( '', ( -2.19030741916263E-17, -2.19030741916264E-17, 1.00000000000000 ) );
#8870 = DIRECTION( '', ( -2.19030741916263E-17, -2.19030741916264E-17, 1.00000000000000 ) );
#8871 = CARTESIAN_POINT( '', ( -5.00098941443845E-18, 0.000000000000000, 0.0500000000000000 ) );
#8872 = DIRECTION( '', ( -9.85638338623195E-17, 0.000000000000000, 1.00000000000000 ) );
#8873 = DIRECTION( '', ( 1.00000000000000, 0.000000000000000, 9.85638338623195E-17 ) );
#8874 = CARTESIAN_POINT( '', ( -1.50029682433154E-17, 0.000000000000000, 0.150000000000000 ) );
#8875 = DIRECTION( '', ( -1.00019788288769E-16, 0.000000000000000, 1.00000000000000 ) );
#8876 = DIRECTION( '', ( 1.00000000000000, 0.000000000000000, 1.00019788288769E-16 ) );
#8877 = CARTESIAN_POINT( '', ( -5.00098941443845E-18, 0.000000000000000, 0.0500000000000000 ) );
#8878 = DIRECTION( '', ( -9.85638338623195E-17, 0.000000000000000, 1.00000000000000 ) );
#8879 = DIRECTION( '', ( 1.00000000000000, 0.000000000000000, 9.85638338623195E-17 ) );
#8880 = CARTESIAN_POINT( '', ( -1.50029682433154E-17, 0.000000000000000, 0.150000000000000 ) );
#8881 = DIRECTION( '', ( -1.00019788288769E-16, 0.000000000000000, 1.00000000000000 ) );
#8882 = DIRECTION( '', ( 1.00000000000000, 0.000000000000000, 1.00019788288769E-16 ) );
#8883 = DIRECTION( '', ( -2.19030741916263E-17, -2.19030741916264E-17, 1.00000000000000 ) );
#8884 = DIRECTION( '', ( -2.19030741916263E-17, -2.19030741916264E-17, 1.00000000000000 ) );
#8885 = DIRECTION( '', ( 0.000000000000000, 1.00000000000000, 0.000000000000000 ) );
#8886 = DIRECTION( '', ( 2.78794844353433E-16, 0.000000000000000, 1.00000000000000 ) );
#8887 = DIRECTION( '', ( 0.000000000000000, -1.00000000000000, 0.000000000000000 ) );
#8888 = DIRECTION( '', ( -2.78794844353433E-16, 1.80700362080917E-16, -1.00000000000000 ) );
#8889 = DIRECTION( '', ( 1.00000000000000, 0.000000000000000, 1.54886024640803E-16 ) );
#8890 = DIRECTION( '', ( -1.00000000000000, 3.16019244959105E-16, 0.000000000000000 ) );
#8891 = DIRECTION( '', ( 0.000000000000000, 0.000000000000000, -1.00000000000000 ) );
#8892 = DIRECTION( '', ( -6.37765983815003E-17, -1.00000000000000, 0.000000000000000 ) );
#8893 = DIRECTION( '', ( 0.000000000000000, 0.000000000000000, -1.00000000000000 ) );
#8894 = DIRECTION( '', ( -2.19030741916263E-17, -2.19030741916264E-17, 1.00000000000000 ) );
#8895 = DIRECTION( '', ( 0.000000000000000, -1.00000000000000, 0.000000000000000 ) );
#8896 = DIRECTION( '', ( 1.00000000000000, 0.000000000000000, 1.23908819712630E-16 ) );
#8897 = DIRECTION( '', ( 1.00000000000000, 1.38777878078145E-15, 2.19030741916264E-17 ) );
#8898 = DIRECTION( '', ( -2.19030741916263E-17, -2.19030741916264E-17, 1.00000000000000 ) );
#8899 = DIRECTION( '', ( -2.19030741916263E-17, -2.19030741916264E-17, 1.00000000000000 ) );
#8900 = DIRECTION( '', ( -0.707106781186547, 0.707106781186548, 0.000000000000000 ) );
#8901 = DIRECTION( '', ( 0.000000000000000, 0.000000000000000, -1.00000000000000 ) );
#8902 = DIRECTION( '', ( -0.707106781186547, 0.707106781186548, 0.000000000000000 ) );
#8903 = DIRECTION( '', ( 0.000000000000000, 0.000000000000000, -1.00000000000000 ) );
#8904 = DIRECTION( '', ( 0.000000000000000, 1.00000000000000, 0.000000000000000 ) );
#8905 = DIRECTION( '', ( 1.00000000000000, 0.000000000000000, 1.23908819712630E-16 ) );
#8906 = DIRECTION( '', ( -1.00019788288769E-16, 0.000000000000000, 1.00000000000000 ) );
#8907 = CARTESIAN_POINT( '', ( -1.50029682433154E-17, 0.000000000000000, 0.150000000000000 ) );
#8908 = DIRECTION( '', ( -9.85638338623195E-17, 0.000000000000000, 1.00000000000000 ) );
#8909 = DIRECTION( '', ( 1.00000000000000, 0.000000000000000, 9.85638338623195E-17 ) );
#8910 = DIRECTION( '', ( -2.19030741916263E-17, -2.19030741916264E-17, 1.00000000000000 ) );
#8911 = DIRECTION( '', ( -2.19030741916263E-17, -2.19030741916264E-17, 1.00000000000000 ) );
#8912 = CARTESIAN_POINT( '', ( -1.09515370958132E-17, 0.000000000000000, 0.250000000000000 ) );
#8913 = DIRECTION( '', ( -4.38061483832527E-17, 0.000000000000000, 1.00000000000000 ) );
#8914 = DIRECTION( '', ( 1.00000000000000, 0.000000000000000, 4.38061483832527E-17 ) );
#8915 = DIRECTION( '', ( 1.00000000000000, -1.26407697983642E-15, 0.000000000000000 ) );
#8916 = DIRECTION( '', ( 1.00000000000000, -1.26407697983642E-15, 0.000000000000000 ) );
#8917 = DIRECTION( '', ( -2.19030741916263E-17, -2.19030741916264E-17, 1.00000000000000 ) );
#8918 = DIRECTION( '', ( -2.19030741916263E-17, -2.19030741916264E-17, 1.00000000000000 ) );
#8919 = DIRECTION( '', ( -2.19030741916263E-17, -2.19030741916264E-17, 1.00000000000000 ) );
#8920 = DIRECTION( '', ( -2.19030741916263E-17, -2.19030741916264E-17, 1.00000000000000 ) );
#8921 = CARTESIAN_POINT( '', ( -1.65000000000000, 1.65000000000000, -0.0600000000000000 ) );
#8922 = DIRECTION( '', ( 0.000000000000000, 0.000000000000000, -1.00000000000000 ) );
#8923 = DIRECTION( '', ( 1.00000000000000, 0.000000000000000, 0.000000000000000 ) );
#8924 = DIRECTION( '', ( 0.000000000000000, 1.00000000000000, 0.000000000000000 ) );
#8925 = DIRECTION( '', ( 0.000000000000000, 1.00000000000000, 0.000000000000000 ) );
#8926 = DIRECTION( '', ( 0.000000000000000, 1.00000000000000, 0.000000000000000 ) );
#8927 = CARTESIAN_POINT( '', ( -1.05000000000000, -6.42939569552361E-17, 0.550000000000000 ) );
#8928 = DIRECTION( '', ( -9.92957435197164E-17, 0.000000000000000, 1.00000000000000 ) );
#8929 = DIRECTION( '', ( 1.00000000000000, 0.000000000000000, 9.92957435197164E-17 ) );
#8930 = CARTESIAN_POINT( '', ( -1.05000000000000, -6.42939569552361E-17, 0.150000000000000 ) );
#8931 = DIRECTION( '', ( -1.00019788288769E-16, 0.000000000000000, 1.00000000000000 ) );
#8932 = DIRECTION( '', ( 1.00000000000000, 0.000000000000000, 1.00019788288769E-16 ) );
#8933 = DIRECTION( '', ( 9.85638338623195E-17, 0.000000000000000, -1.00000000000000 ) );
#8934 = DIRECTION( '', ( -2.19030741916263E-17, -2.19030741916264E-17, 1.00000000000000 ) );
#8935 = CARTESIAN_POINT( '', ( -5.00098941443845E-18, 0.000000000000000, 0.0500000000000000 ) );
#8936 = DIRECTION( '', ( -9.85638338623195E-17, 0.000000000000000, 1.00000000000000 ) );
#8937 = DIRECTION( '', ( 1.00000000000000, 0.000000000000000, 9.85638338623195E-17 ) );
#8938 = DIRECTION( '', ( -1.00000000000000, 0.000000000000000, 0.000000000000000 ) );
#8939 = DIRECTION( '', ( 0.000000000000000, 1.00000000000000, 0.000000000000000 ) );
#8940 = DIRECTION( '', ( 1.00000000000000, 0.000000000000000, 0.000000000000000 ) );
#8941 = CARTESIAN_POINT( '', ( 0.000000000000000, 0.000000000000000, 0.500000000000000 ) );
#8942 = DIRECTION( '', ( 0.000000000000000, 0.000000000000000, -1.00000000000000 ) );
#8943 = DIRECTION( '', ( -1.00000000000000, 0.000000000000000, 0.000000000000000 ) );
#8944 = CARTESIAN_POINT( '', ( -5.40403612585223E-17, 0.950000000000000, 0.500000000000000 ) );
#8945 = DIRECTION( '', ( 0.000000000000000, 0.000000000000000, -1.00000000000000 ) );
#8946 = DIRECTION( '', ( 1.00000000000000, 0.000000000000000, 0.000000000000000 ) );
#8947 = CARTESIAN_POINT( '', ( -5.40403612585223E-17, -0.950000000000000, 0.500000000000000 ) );
#8948 = DIRECTION( '', ( 0.000000000000000, 0.000000000000000, 1.00000000000000 ) );
#8949 = DIRECTION( '', ( 1.00000000000000, 0.000000000000000, 0.000000000000000 ) );
#8950 = DIRECTION( '', ( -1.00000000000000, 1.80700362080917E-16, -1.00019788288769E-16 ) );
#8951 = CARTESIAN_POINT( '', ( -1.50029682433154E-17, 0.000000000000000, 0.150000000000000 ) );
#8952 = DIRECTION( '', ( -1.00019788288769E-16, 0.000000000000000, 1.00000000000000 ) );
#8953 = DIRECTION( '', ( 1.00000000000000, 0.000000000000000, 1.00019788288769E-16 ) );
#8954 = DIRECTION( '', ( -2.19030741916263E-17, -2.19030741916264E-17, 1.00000000000000 ) );
#8955 = DIRECTION( '', ( -2.19030741916263E-17, -2.19030741916264E-17, 1.00000000000000 ) );
#8956 = DIRECTION( '', ( 1.00000000000000, 0.000000000000000, 9.85638338623195E-17 ) );
#8957 = DIRECTION( '', ( -1.00019788288769E-16, 0.000000000000000, 1.00000000000000 ) );
#8958 = DIRECTION( '', ( 1.00000000000000, 0.000000000000000, -1.54886024640803E-16 ) );
#8959 = DIRECTION( '', ( 1.00000000000000, 0.000000000000000, 9.85638338623195E-17 ) );
#8960 = DIRECTION( '', ( 0.000000000000000, 0.000000000000000, -1.00000000000000 ) );
#8961 = DIRECTION( '', ( 1.00000000000000, 0.000000000000000, -1.23908819712630E-16 ) );
#8962 = DIRECTION( '', ( 1.00000000000000, 0.000000000000000, -1.23908819712630E-16 ) );
#8963 = DIRECTION( '', ( -2.19030741916263E-17, -2.19030741916264E-17, 1.00000000000000 ) );
#8964 = DIRECTION( '', ( -2.19030741916263E-17, -2.19030741916264E-17, 1.00000000000000 ) );
#8965 = DIRECTION( '', ( -2.19030741916263E-17, -2.19030741916264E-17, 1.00000000000000 ) );
#8966 = DIRECTION( '', ( 1.00000000000000, 7.21644966006352E-16, 2.19030741916263E-17 ) );
#8967 = DIRECTION( '', ( -2.19030741916263E-17, -2.19030741916264E-17, 1.00000000000000 ) );
#8968 = DIRECTION( '', ( -1.00000000000000, 1.80700362080917E-16, 1.54886024640803E-16 ) );
#8969 = DIRECTION( '', ( -6.37765983815003E-17, 1.00000000000000, 0.000000000000000 ) );
#8970 = DIRECTION( '', ( 0.000000000000000, 0.000000000000000, -1.00000000000000 ) );
#8971 = DIRECTION( '', ( -6.37765983815003E-17, 1.00000000000000, 0.000000000000000 ) );
#8972 = DIRECTION( '', ( 0.000000000000000, 0.000000000000000, -1.00000000000000 ) );
#8973 = DIRECTION( '', ( 9.85638338623195E-17, 0.000000000000000, -1.00000000000000 ) );
#8974 = CARTESIAN_POINT( '', ( 1.05000000000000, -6.42939569552361E-17, 0.0500000000000000 ) );
#8975 = DIRECTION( '', ( 9.92957435197164E-17, 0.000000000000000, -1.00000000000000 ) );
#8976 = DIRECTION( '', ( 1.00000000000000, 0.000000000000000, 9.92957435197164E-17 ) );
#8977 = DIRECTION( '', ( 9.85638338623195E-17, 0.000000000000000, -1.00000000000000 ) );
#8978 = DIRECTION( '', ( 9.85638338623195E-17, 0.000000000000000, -1.00000000000000 ) );
#8979 = DIRECTION( '', ( 9.85638338623195E-17, 0.000000000000000, -1.00000000000000 ) );
#8980 = CARTESIAN_POINT( '', ( 1.05000000000000, -6.42939569552361E-17, 0.550000000000000 ) );
#8981 = DIRECTION( '', ( 9.92957435197164E-17, 0.000000000000000, -1.00000000000000 ) );
#8982 = DIRECTION( '', ( 1.00000000000000, 0.000000000000000, 9.92957435197164E-17 ) );
#8983 = DIRECTION( '', ( -2.19030741916263E-17, -2.19030741916264E-17, 1.00000000000000 ) );
#8984 = DIRECTION( '', ( 0.000000000000000, 0.000000000000000, -1.00000000000000 ) );
#8985 = DIRECTION( '', ( 1.00000000000000, 0.000000000000000, -1.23908819712630E-16 ) );
#8986 = DIRECTION( '', ( 1.00000000000000, 0.000000000000000, -1.23908819712630E-16 ) );
#8987 = DIRECTION( '', ( 0.000000000000000, -1.00000000000000, 0.000000000000000 ) );
#8988 = DIRECTION( '', ( -2.19030741916263E-17, -2.19030741916264E-17, 1.00000000000000 ) );
#8989 = DIRECTION( '', ( -2.19030741916263E-17, -2.19030741916264E-17, 1.00000000000000 ) );
#8990 = CARTESIAN_POINT( '', ( -5.00098941443845E-18, 0.000000000000000, 0.0500000000000000 ) );
#8991 = DIRECTION( '', ( -9.85638338623195E-17, 0.000000000000000, 1.00000000000000 ) );
#8992 = DIRECTION( '', ( 1.00000000000000, 0.000000000000000, 9.85638338623195E-17 ) );
#8993 = DIRECTION( '', ( -1.00019788288769E-16, 0.000000000000000, 1.00000000000000 ) );
#8994 = DIRECTION( '', ( 0.519661496168013, 0.854372242878022, 3.00955629281231E-17 ) );
#8995 = DIRECTION( '', ( -2.19030741916263E-17, -2.19030741916264E-17, 1.00000000000000 ) );
#8996 = DIRECTION( '', ( -2.19030741916263E-17, -2.19030741916264E-17, 1.00000000000000 ) );
#8997 = DIRECTION( '', ( -2.19030741916263E-17, -2.19030741916264E-17, 1.00000000000000 ) );
#8998 = DIRECTION( '', ( 0.000000000000000, 0.000000000000000, -1.00000000000000 ) );
#8999 = CARTESIAN_POINT( '', ( -5.00098941443845E-18, 0.000000000000000, 0.0500000000000000 ) );
#9000 = DIRECTION( '', ( -9.85638338623195E-17, 0.000000000000000, 1.00000000000000 ) );
#9001 = DIRECTION( '', ( 1.00000000000000, 0.000000000000000, 9.85638338623195E-17 ) );
#9002 = DIRECTION( '', ( 9.85638338623195E-17, 0.000000000000000, -1.00000000000000 ) );
#9003 = DIRECTION( '', ( 1.00000000000000, 0.000000000000000, 0.000000000000000 ) );
#9004 = CARTESIAN_POINT( '', ( 2.20000000000000, 2.20000000000000, 0.000000000000000 ) );
#9005 = DIRECTION( '', ( 0.000000000000000, 0.000000000000000, -1.00000000000000 ) );
#9006 = DIRECTION( '', ( -1.00000000000000, 0.000000000000000, 0.000000000000000 ) );
#9007 = DIRECTION( '', ( -1.00000000000000, 0.000000000000000, 0.000000000000000 ) );
#9008 = CARTESIAN_POINT( '', ( -5.40403612585223E-17, -0.950000000000000, 0.000000000000000 ) );
#9009 = DIRECTION( '', ( 0.000000000000000, 0.000000000000000, 1.00000000000000 ) );
#9010 = DIRECTION( '', ( 1.00000000000000, 0.000000000000000, 0.000000000000000 ) );
#9011 = DIRECTION( '', ( -1.00000000000000, 0.000000000000000, 0.000000000000000 ) );
#9012 = DIRECTION( '', ( 1.00000000000000, 0.000000000000000, 0.000000000000000 ) );
#9013 = CARTESIAN_POINT( '', ( -1.65000000000000, 1.65000000000000, 0.000000000000000 ) );
#9014 = DIRECTION( '', ( 0.000000000000000, 0.000000000000000, -1.00000000000000 ) );
#9015 = DIRECTION( '', ( 1.00000000000000, 0.000000000000000, 0.000000000000000 ) );
#9016 = DIRECTION( '', ( -1.00000000000000, 1.05134756119806E-15, 0.000000000000000 ) );
#9017 = DIRECTION( '', ( 0.000000000000000, 0.000000000000000, -1.00000000000000 ) );
#9018 = CARTESIAN_POINT( '', ( -5.40403612585223E-17, -0.950000000000000, 0.200000000000000 ) );
#9019 = DIRECTION( '', ( 0.000000000000000, 0.000000000000000, 1.00000000000000 ) );
#9020 = DIRECTION( '', ( 1.00000000000000, 0.000000000000000, 0.000000000000000 ) );
#9021 = CARTESIAN_POINT( '', ( -5.40403612585223E-17, -0.950000000000000, 0.200000000000000 ) );
#9022 = DIRECTION( '', ( 0.000000000000000, 0.000000000000000, 1.00000000000000 ) );
#9023 = DIRECTION( '', ( 1.00000000000000, 0.000000000000000, 0.000000000000000 ) );
#9024 = DIRECTION( '', ( 1.00000000000000, 0.000000000000000, 0.000000000000000 ) );
#9025 = CARTESIAN_POINT( '', ( -1.50029682433154E-17, 0.000000000000000, 0.150000000000000 ) );
#9026 = DIRECTION( '', ( -1.00019788288769E-16, 0.000000000000000, 1.00000000000000 ) );
#9027 = DIRECTION( '', ( 1.00000000000000, 0.000000000000000, 1.00019788288769E-16 ) );
#9028 = DIRECTION( '', ( 9.85638338623195E-17, 0.000000000000000, -1.00000000000000 ) );
#9029 = DIRECTION( '', ( 9.85638338623195E-17, 0.000000000000000, -1.00000000000000 ) );
#9030 = CARTESIAN_POINT( '', ( -1.05000000000000, -6.42939569552361E-17, 0.550000000000000 ) );
#9031 = DIRECTION( '', ( -9.92957435197164E-17, 0.000000000000000, 1.00000000000000 ) );
#9032 = DIRECTION( '', ( 1.00000000000000, 0.000000000000000, 9.92957435197164E-17 ) );
#9033 = DIRECTION( '', ( 9.85638338623195E-17, 0.000000000000000, -1.00000000000000 ) );
#9034 = CARTESIAN_POINT( '', ( -1.05000000000000, -6.42939569552361E-17, 0.0500000000000000 ) );
#9035 = DIRECTION( '', ( -9.92957435197164E-17, 0.000000000000000, 1.00000000000000 ) );
#9036 = DIRECTION( '', ( 1.00000000000000, 0.000000000000000, 9.92957435197164E-17 ) );
#9037 = DIRECTION( '', ( -2.19030741916263E-17, -2.19030741916264E-17, 1.00000000000000 ) );
#9038 = DIRECTION( '', ( -2.19030741916263E-17, -2.19030741916264E-17, 1.00000000000000 ) );
#9039 = DIRECTION( '', ( 0.507254689190441, 0.861796194174881, 2.99864230704622E-17 ) );
#9040 = DIRECTION( '', ( 0.000000000000000, -1.00000000000000, 0.000000000000000 ) );
#9041 = DIRECTION( '', ( 0.000000000000000, -1.00000000000000, 0.000000000000000 ) );
#9042 = DIRECTION( '', ( 0.000000000000000, 0.000000000000000, 1.00000000000000 ) );
#9043 = DIRECTION( '', ( 0.000000000000000, 1.00000000000000, 0.000000000000000 ) );
#9044 = DIRECTION( '', ( 0.000000000000000, 1.00000000000000, 0.000000000000000 ) );
#9045 = DIRECTION( '', ( -1.00000000000000, -5.25673780599032E-16, 0.000000000000000 ) );
#9046 = DIRECTION( '', ( 0.000000000000000, -1.00000000000000, 0.000000000000000 ) );
#9047 = DIRECTION( '', ( -1.00000000000000, 0.000000000000000, -9.85638338623195E-17 ) );
#9048 = DIRECTION( '', ( -2.19030741916263E-17, -2.19030741916264E-17, 1.00000000000000 ) );
#9049 = DIRECTION( '', ( -2.19030741916263E-17, -2.19030741916264E-17, 1.00000000000000 ) );
#9050 = DIRECTION( '', ( -2.19030741916263E-17, -2.19030741916264E-17, 1.00000000000000 ) );
#9051 = DIRECTION( '', ( 0.000000000000000, -1.00000000000000, 0.000000000000000 ) );
#9052 = CARTESIAN_POINT( '', ( -1.25000000000000, 0.325000000000000, -0.300000000000000 ) );
#9053 = DIRECTION( '', ( 0.000000000000000, -1.00000000000000, 0.000000000000000 ) );
#9054 = DIRECTION( '', ( 0.000000000000000, 0.000000000000000, -1.00000000000000 ) );
#9055 = DIRECTION( '', ( -1.00000000000000, 0.000000000000000, -9.85638338623195E-17 ) );
#9056 = DIRECTION( '', ( 0.000000000000000, 0.000000000000000, 1.00000000000000 ) );
#9057 = CARTESIAN_POINT( '', ( -1.25000000000000, 0.325000000000000, -0.300000000000000 ) );
#9058 = DIRECTION( '', ( 0.000000000000000, -1.00000000000000, 0.000000000000000 ) );
#9059 = DIRECTION( '', ( 0.000000000000000, 0.000000000000000, -1.00000000000000 ) );
#9060 = DIRECTION( '', ( 1.00000000000000, 8.32667268468867E-16, 2.19030741916263E-17 ) );
#9061 = DIRECTION( '', ( -1.00000000000000, -1.27675647831893E-15, -2.19030741916264E-17 ) );
#9062 = DIRECTION( '', ( -1.00000000000000, -7.21644966006352E-16, -2.19030741916263E-17 ) );
#9063 = CARTESIAN_POINT( '', ( 0.000000000000000, 0.000000000000000, 0.900000000000000 ) );
#9064 = DIRECTION( '', ( 0.000000000000000, 0.000000000000000, 1.00000000000000 ) );
#9065 = DIRECTION( '', ( 1.00000000000000, 0.000000000000000, 0.000000000000000 ) );
#9066 = DIRECTION( '', ( 0.000000000000000, 1.00000000000000, 0.000000000000000 ) );
ENDSEC;
END-ISO-10303-21;
