ISO-10303-21;
HEADER;
/****************************************************************
 * Generated by software with PDElib inside                    *
 * PDElib Version v51a, created Fri 09/10/2010                  *
 * ITI Transcendata (http://www.transcendata.com/)              *
 ****************************************************************/
FILE_DESCRIPTION((' '),'2;1');
FILE_NAME('P:\\E-Switch Secure\\3D_MODELS_STP_FORMAT\\500ASSPxSM6xE.stp','2017-07-25T16:21:06',(' '),(' '),' ','ACIS',' ');
FILE_SCHEMA(('CONFIG_CONTROL_DESIGN'));
ENDSEC;
DATA;
#5=APPLICATION_CONTEXT('configuration controlled 3D designs of mechanical parts and assemblies');
#6=APPLICATION_PROTOCOL_DEFINITION('International Standard','config_control_design',1995,#5);
#7=MECHANICAL_CONTEXT('None',#5,'mechanical');
#8=PRODUCT('P:\\E-Switch Secure\\3D_MODELS_STP_FORMAT\\500ASSPxSM6xE.stp','P:\\E-Switch Secure\\3D_MODELS_STP_FORMAT\\500ASSPxSM6xE.stp','None',(#7));
#9=PRODUCT_RELATED_PRODUCT_CATEGORY('detail',$,(#8));
#10=PRODUCT_CATEGORY('part',$);
#11=PRODUCT_CATEGORY_RELATIONSHIP('None','None',#10,#9);
#12=PERSON('PERSON1','None','None',$,$,$);
#13=ORGANIZATION('','None','None');
#14=PERSON_AND_ORGANIZATION(#12,#13);
#15=PERSON_AND_ORGANIZATION_ROLE('design_owner');
#16=CC_DESIGN_PERSON_AND_ORGANIZATION_ASSIGNMENT(#14,#15,(#8));
#17=PRODUCT_DEFINITION_FORMATION_WITH_SPECIFIED_SOURCE('None','None',#8,.NOT_KNOWN.);
#18=PERSON('PERSON2','None','None',$,$,$);
#19=ORGANIZATION('','None','None');
#20=PERSON_AND_ORGANIZATION(#18,#19);
#21=PERSON_AND_ORGANIZATION_ROLE('creator');
#22=CC_DESIGN_PERSON_AND_ORGANIZATION_ASSIGNMENT(#20,#21,(#17));
#23=PERSON('PERSON3','None','None',$,$,$);
#24=ORGANIZATION('','None','None');
#25=PERSON_AND_ORGANIZATION(#23,#24);
#26=PERSON_AND_ORGANIZATION_ROLE('part_supplier');
#27=CC_DESIGN_PERSON_AND_ORGANIZATION_ASSIGNMENT(#25,#26,(#17));
#28=APPROVAL_STATUS('approved');
#29=APPROVAL(#28,'None');
#30=PERSON('PERSON4','None','None',$,$,$);
#31=ORGANIZATION('','None','None');
#32=PERSON_AND_ORGANIZATION(#30,#31);
#33=APPROVAL_ROLE('None');
#34=APPROVAL_PERSON_ORGANIZATION(#32,#29,#33);
#35=CALENDAR_DATE(2017,25,7);
#36=COORDINATED_UNIVERSAL_TIME_OFFSET(0,0,.AHEAD.);
#37=LOCAL_TIME(16,21,6.0,#36);
#38=DATE_AND_TIME(#35,#37);
#39=APPROVAL_DATE_TIME(#38,#29);
#40=CC_DESIGN_APPROVAL(#29,(#17));
#41=SECURITY_CLASSIFICATION_LEVEL('unclassified');
#42=SECURITY_CLASSIFICATION('None','None',#41);
#43=CC_DESIGN_SECURITY_CLASSIFICATION(#42,(#17));
#44=APPROVAL_STATUS('approved');
#45=APPROVAL(#44,'None');
#46=PERSON('PERSON5','None','None',$,$,$);
#47=ORGANIZATION('','None','None');
#48=PERSON_AND_ORGANIZATION(#46,#47);
#49=APPROVAL_ROLE('None');
#50=APPROVAL_PERSON_ORGANIZATION(#48,#45,#49);
#51=CALENDAR_DATE(2017,25,7);
#52=COORDINATED_UNIVERSAL_TIME_OFFSET(0,0,.AHEAD.);
#53=LOCAL_TIME(16,21,6.0,#52);
#54=DATE_AND_TIME(#51,#53);
#55=APPROVAL_DATE_TIME(#54,#45);
#56=CC_DESIGN_APPROVAL(#45,(#42));
#57=PERSON('PERSON6','None','None',$,$,$);
#58=ORGANIZATION('','None','None');
#59=PERSON_AND_ORGANIZATION(#57,#58);
#60=PERSON_AND_ORGANIZATION_ROLE('classification_officer');
#61=CC_DESIGN_PERSON_AND_ORGANIZATION_ASSIGNMENT(#59,#60,(#42));
#62=DATE_TIME_ROLE('classification_date');
#63=CALENDAR_DATE(2017,25,7);
#64=COORDINATED_UNIVERSAL_TIME_OFFSET(0,0,.AHEAD.);
#65=LOCAL_TIME(16,21,6.0,#64);
#66=DATE_AND_TIME(#63,#65);
#67=CC_DESIGN_DATE_AND_TIME_ASSIGNMENT(#66,#62,(#42));
#68=DESIGN_CONTEXT('part definition',#5,'design');
#69=PRODUCT_DEFINITION('None','None',#17,#68);
#70=PERSON('PERSON7','None','None',$,$,$);
#71=ORGANIZATION('','None','None');
#72=PERSON_AND_ORGANIZATION(#70,#71);
#73=PERSON_AND_ORGANIZATION_ROLE('creator');
#74=CC_DESIGN_PERSON_AND_ORGANIZATION_ASSIGNMENT(#72,#73,(#69));
#75=DATE_TIME_ROLE('creation_date');
#76=CALENDAR_DATE(2017,25,7);
#77=COORDINATED_UNIVERSAL_TIME_OFFSET(0,0,.AHEAD.);
#78=LOCAL_TIME(16,21,6.0,#77);
#79=DATE_AND_TIME(#76,#78);
#80=CC_DESIGN_DATE_AND_TIME_ASSIGNMENT(#79,#75,(#69));
#81=APPROVAL_STATUS('approved');
#82=APPROVAL(#81,'None');
#83=PERSON('PERSON8','None','None',$,$,$);
#84=ORGANIZATION('','None','None');
#85=PERSON_AND_ORGANIZATION(#83,#84);
#86=APPROVAL_ROLE('None');
#87=APPROVAL_PERSON_ORGANIZATION(#85,#82,#86);
#88=CALENDAR_DATE(2017,25,7);
#89=COORDINATED_UNIVERSAL_TIME_OFFSET(0,0,.AHEAD.);
#90=LOCAL_TIME(16,21,6.0,#89);
#91=DATE_AND_TIME(#88,#90);
#92=APPROVAL_DATE_TIME(#91,#82);
#93=CC_DESIGN_APPROVAL(#82,(#69));
#99=(NAMED_UNIT(*)PLANE_ANGLE_UNIT()SI_UNIT($,.RADIAN.));
#100=DIMENSIONAL_EXPONENTS(0.0,0.0,0.0,0.0,0.0,0.0,0.0);
#101=PLANE_ANGLE_MEASURE_WITH_UNIT(PLANE_ANGLE_MEASURE(0.0174532925),#99);
#105=(CONVERSION_BASED_UNIT('DEGREE',#101)NAMED_UNIT(#100)PLANE_ANGLE_UNIT());
#109=(NAMED_UNIT(*)SI_UNIT($,.STERADIAN.)SOLID_ANGLE_UNIT());
#113=(LENGTH_UNIT()NAMED_UNIT(*)SI_UNIT(.CENTI.,.METRE.));
#114=DIMENSIONAL_EXPONENTS(1.0,0.0,0.0,0.0,0.0,0.0,0.0);
#115=LENGTH_MEASURE_WITH_UNIT(LENGTH_MEASURE(2.54),#113);
#119=(CONVERSION_BASED_UNIT('INCH',#115)LENGTH_UNIT()NAMED_UNIT(#114));
#121=UNCERTAINTY_MEASURE_WITH_UNIT(LENGTH_MEASURE(0.001),#119,'DISTANCE_ACCURACY_VALUE','');
#123=(GEOMETRIC_REPRESENTATION_CONTEXT(3)GLOBAL_UNCERTAINTY_ASSIGNED_CONTEXT((#121))GLOBAL_UNIT_ASSIGNED_CONTEXT((#105,#109,#119))REPRESENTATION_CONTEXT('None','None'));
#124=AXIS2_PLACEMENT_3D('',#125,#126,#127);
#125=CARTESIAN_POINT('',(0.0,0.0,0.0));
#126=DIRECTION('',(0.0,0.0,1.0));
#127=DIRECTION('',(1.0,0.0,0.0));
#128=SHAPE_REPRESENTATION('',(#124),#123);
#129=PRODUCT_DEFINITION_SHAPE('','',#69);
#130=SHAPE_DEFINITION_REPRESENTATION(#129,#128);
#136=(NAMED_UNIT(*)PLANE_ANGLE_UNIT()SI_UNIT($,.RADIAN.));
#137=DIMENSIONAL_EXPONENTS(0.0,0.0,0.0,0.0,0.0,0.0,0.0);
#138=PLANE_ANGLE_MEASURE_WITH_UNIT(PLANE_ANGLE_MEASURE(0.0174532925),#136);
#142=(CONVERSION_BASED_UNIT('DEGREE',#138)NAMED_UNIT(#137)PLANE_ANGLE_UNIT());
#146=(NAMED_UNIT(*)SI_UNIT($,.STERADIAN.)SOLID_ANGLE_UNIT());
#150=(LENGTH_UNIT()NAMED_UNIT(*)SI_UNIT(.CENTI.,.METRE.));
#152=UNCERTAINTY_MEASURE_WITH_UNIT(LENGTH_MEASURE(0.000001),#150,'DISTANCE_ACCURACY_VALUE','');
#154=(GEOMETRIC_REPRESENTATION_CONTEXT(3)GLOBAL_UNCERTAINTY_ASSIGNED_CONTEXT((#152))GLOBAL_UNIT_ASSIGNED_CONTEXT((#142,#146,#150))REPRESENTATION_CONTEXT('','3D'));
#155=CARTESIAN_POINT('',(0.05998031496063,0.088779527559055,0.336220472440945));
#156=DIRECTION('',(0.0,0.0,-1.0));
#157=DIRECTION('',(-1.0,0.0,0.0));
#158=AXIS2_PLACEMENT_3D('',#155,#156,#157);
#159=PLANE('',#158);
#160=CARTESIAN_POINT('',(0.063779527559055,-0.080708661417323,0.336220472440945));
#161=VERTEX_POINT('',#160);
#162=CARTESIAN_POINT('',(0.063779527559055,0.080708661417323,0.336220472440945));
#163=VERTEX_POINT('',#162);
#164=CARTESIAN_POINT('',(0.063779527559055,-0.080708661417323,0.336220472440945));
#165=DIRECTION('',(0.0,1.0,0.0));
#166=VECTOR('',#165,0.161417322834646);
#167=LINE('',#164,#166);
#168=EDGE_CURVE('',#161,#163,#167,.T.);
#169=ORIENTED_EDGE('',*,*,#168,.T.);
#170=CARTESIAN_POINT('',(0.139763779527559,0.080708661417323,0.336220472440945));
#171=VERTEX_POINT('',#170);
#172=CARTESIAN_POINT('',(0.139763779527559,0.080708661417323,0.336220472440945));
#173=DIRECTION('',(-1.0,0.0,0.0));
#174=VECTOR('',#173,0.075984251968504);
#175=LINE('',#172,#174);
#176=EDGE_CURVE('',#171,#163,#175,.T.);
#177=ORIENTED_EDGE('',*,*,#176,.F.);
#178=CARTESIAN_POINT('',(0.139763779527559,-0.080708661417323,0.336220472440945));
#179=VERTEX_POINT('',#178);
#180=CARTESIAN_POINT('',(0.139763779527559,-0.080708661417323,0.336220472440945));
#181=DIRECTION('',(0.0,1.0,0.0));
#182=VECTOR('',#181,0.161417322834646);
#183=LINE('',#180,#182);
#184=EDGE_CURVE('',#179,#171,#183,.T.);
#185=ORIENTED_EDGE('',*,*,#184,.F.);
#186=CARTESIAN_POINT('',(0.063779527559055,-0.080708661417323,0.336220472440945));
#187=DIRECTION('',(1.0,0.0,0.0));
#188=VECTOR('',#187,0.075984251968504);
#189=LINE('',#186,#188);
#190=EDGE_CURVE('',#161,#179,#189,.T.);
#191=ORIENTED_EDGE('',*,*,#190,.F.);
#192=EDGE_LOOP('',(#169,#177,#185,#191));
#193=FACE_OUTER_BOUND('',#192,.T.);
#194=ADVANCED_FACE('',(#193),#159,.T.);
#195=CARTESIAN_POINT('',(-0.187145669291339,0.088779527559055,0.336220472440945));
#196=DIRECTION('',(0.0,0.0,-1.0));
#197=DIRECTION('',(-1.0,0.0,0.0));
#198=AXIS2_PLACEMENT_3D('',#195,#196,#197);
#199=PLANE('',#198);
#200=CARTESIAN_POINT('',(-0.184251968503937,0.080708661417323,0.336220472440945));
#201=VERTEX_POINT('',#200);
#202=CARTESIAN_POINT('',(-0.184251968503937,-0.080708661417323,0.336220472440945));
#203=VERTEX_POINT('',#202);
#204=CARTESIAN_POINT('',(-0.184251968503937,0.080708661417323,0.336220472440945));
#205=DIRECTION('',(0.0,-1.0,0.0));
#206=VECTOR('',#205,0.161417322834646);
#207=LINE('',#204,#206);
#208=EDGE_CURVE('',#201,#203,#207,.T.);
#209=ORIENTED_EDGE('',*,*,#208,.T.);
#210=CARTESIAN_POINT('',(-0.187007874015748,-0.080708661417323,0.336220472440945));
#211=VERTEX_POINT('',#210);
#212=CARTESIAN_POINT('',(-0.187007874015748,-0.080708661417323,0.336220472440945));
#213=DIRECTION('',(1.0,0.0,0.0));
#214=VECTOR('',#213,0.002755905511811);
#215=LINE('',#212,#214);
#216=EDGE_CURVE('',#211,#203,#215,.T.);
#217=ORIENTED_EDGE('',*,*,#216,.F.);
#218=CARTESIAN_POINT('',(-0.187007874015748,0.080708661417323,0.336220472440945));
#219=VERTEX_POINT('',#218);
#220=CARTESIAN_POINT('',(-0.187007874015748,0.080708661417323,0.336220472440945));
#221=DIRECTION('',(0.0,-1.0,0.0));
#222=VECTOR('',#221,0.161417322834646);
#223=LINE('',#220,#222);
#224=EDGE_CURVE('',#219,#211,#223,.T.);
#225=ORIENTED_EDGE('',*,*,#224,.F.);
#226=CARTESIAN_POINT('',(-0.184251968503937,0.080708661417323,0.336220472440945));
#227=DIRECTION('',(-1.0,0.0,0.0));
#228=VECTOR('',#227,0.002755905511811);
#229=LINE('',#226,#228);
#230=EDGE_CURVE('',#201,#219,#229,.T.);
#231=ORIENTED_EDGE('',*,*,#230,.F.);
#232=EDGE_LOOP('',(#209,#217,#225,#231));
#233=FACE_OUTER_BOUND('',#232,.T.);
#234=ADVANCED_FACE('',(#233),#199,.T.);
#235=CARTESIAN_POINT('',(0.062992125984252,0.054133858267717,0.335826771653543));
#236=DIRECTION('',(1.0,0.0,0.0));
#237=DIRECTION('',(0.0,0.0,-1.0));
#238=AXIS2_PLACEMENT_3D('',#235,#236,#237);
#239=PLANE('',#238);
#240=CARTESIAN_POINT('',(0.062992125984252,-0.049212598425197,0.336220472440945));
#241=VERTEX_POINT('',#240);
#242=CARTESIAN_POINT('',(0.062992125984252,0.049212598425197,0.336220472440945));
#243=VERTEX_POINT('',#242);
#244=CARTESIAN_POINT('',(0.062992125984252,-0.049212598425197,0.336220472440945));
#245=DIRECTION('',(0.0,1.0,0.0));
#246=VECTOR('',#245,0.098425196850394);
#247=LINE('',#244,#246);
#248=EDGE_CURVE('',#241,#243,#247,.T.);
#249=ORIENTED_EDGE('',*,*,#248,.F.);
#250=CARTESIAN_POINT('',(0.062992125984252,-0.049212598425197,0.344094488188976));
#251=VERTEX_POINT('',#250);
#252=CARTESIAN_POINT('',(0.062992125984252,-0.049212598425197,0.344094488188976));
#253=DIRECTION('',(0.0,0.0,-1.0));
#254=VECTOR('',#253,0.007874015748031);
#255=LINE('',#252,#254);
#256=EDGE_CURVE('',#251,#241,#255,.T.);
#257=ORIENTED_EDGE('',*,*,#256,.F.);
#258=CARTESIAN_POINT('',(0.062992125984252,0.049212598425197,0.344094488188976));
#259=VERTEX_POINT('',#258);
#260=CARTESIAN_POINT('',(0.062992125984252,0.049212598425197,0.344094488188976));
#261=DIRECTION('',(0.0,-1.0,0.0));
#262=VECTOR('',#261,0.098425196850394);
#263=LINE('',#260,#262);
#264=EDGE_CURVE('',#259,#251,#263,.T.);
#265=ORIENTED_EDGE('',*,*,#264,.F.);
#266=CARTESIAN_POINT('',(0.062992125984252,0.049212598425197,0.344094488188976));
#267=DIRECTION('',(0.0,0.0,-1.0));
#268=VECTOR('',#267,0.007874015748031);
#269=LINE('',#266,#268);
#270=EDGE_CURVE('',#259,#243,#269,.T.);
#271=ORIENTED_EDGE('',*,*,#270,.T.);
#272=EDGE_LOOP('',(#249,#257,#265,#271));
#273=FACE_OUTER_BOUND('',#272,.T.);
#274=ADVANCED_FACE('',(#273),#239,.F.);
#275=CARTESIAN_POINT('',(-0.118897637795276,0.049212598425197,0.335826771653543));
#276=DIRECTION('',(0.0,1.0,0.0));
#277=DIRECTION('',(0.0,0.0,1.0));
#278=AXIS2_PLACEMENT_3D('',#275,#276,#277);
#279=PLANE('',#278);
#280=CARTESIAN_POINT('',(-0.110236220472441,0.049212598425197,0.336220472440945));
#281=VERTEX_POINT('',#280);
#282=CARTESIAN_POINT('',(0.062992125984252,0.049212598425197,0.336220472440945));
#283=DIRECTION('',(-1.0,0.0,0.0));
#284=VECTOR('',#283,0.173228346456693);
#285=LINE('',#282,#284);
#286=EDGE_CURVE('',#243,#281,#285,.T.);
#287=ORIENTED_EDGE('',*,*,#286,.F.);
#288=ORIENTED_EDGE('',*,*,#270,.F.);
#289=CARTESIAN_POINT('',(-0.110236220472441,0.049212598425197,0.344094488188976));
#290=VERTEX_POINT('',#289);
#291=CARTESIAN_POINT('',(-0.110236220472441,0.049212598425197,0.344094488188976));
#292=DIRECTION('',(1.0,0.0,0.0));
#293=VECTOR('',#292,0.173228346456693);
#294=LINE('',#291,#293);
#295=EDGE_CURVE('',#290,#259,#294,.T.);
#296=ORIENTED_EDGE('',*,*,#295,.F.);
#297=CARTESIAN_POINT('',(-0.110236220472441,0.049212598425197,0.344094488188976));
#298=DIRECTION('',(0.0,0.0,-1.0));
#299=VECTOR('',#298,0.007874015748031);
#300=LINE('',#297,#299);
#301=EDGE_CURVE('',#290,#281,#300,.T.);
#302=ORIENTED_EDGE('',*,*,#301,.T.);
#303=EDGE_LOOP('',(#287,#288,#296,#302));
#304=FACE_OUTER_BOUND('',#303,.T.);
#305=ADVANCED_FACE('',(#304),#279,.F.);
#306=CARTESIAN_POINT('',(-0.118897637795276,-0.049212598425197,0.344488188976378));
#307=DIRECTION('',(0.0,-1.0,0.0));
#308=DIRECTION('',(0.0,0.0,-1.0));
#309=AXIS2_PLACEMENT_3D('',#306,#307,#308);
#310=PLANE('',#309);
#311=CARTESIAN_POINT('',(-0.110236220472441,-0.049212598425197,0.336220472440945));
#312=VERTEX_POINT('',#311);
#313=CARTESIAN_POINT('',(-0.110236220472441,-0.049212598425197,0.336220472440945));
#314=DIRECTION('',(1.0,0.0,0.0));
#315=VECTOR('',#314,0.173228346456693);
#316=LINE('',#313,#315);
#317=EDGE_CURVE('',#312,#241,#316,.T.);
#318=ORIENTED_EDGE('',*,*,#317,.F.);
#319=CARTESIAN_POINT('',(-0.110236220472441,-0.049212598425197,0.344094488188976));
#320=VERTEX_POINT('',#319);
#321=CARTESIAN_POINT('',(-0.110236220472441,-0.049212598425197,0.344094488188976));
#322=DIRECTION('',(0.0,0.0,-1.0));
#323=VECTOR('',#322,0.007874015748031);
#324=LINE('',#321,#323);
#325=EDGE_CURVE('',#320,#312,#324,.T.);
#326=ORIENTED_EDGE('',*,*,#325,.F.);
#327=CARTESIAN_POINT('',(0.062992125984252,-0.049212598425197,0.344094488188976));
#328=DIRECTION('',(-1.0,0.0,0.0));
#329=VECTOR('',#328,0.173228346456693);
#330=LINE('',#327,#329);
#331=EDGE_CURVE('',#251,#320,#330,.T.);
#332=ORIENTED_EDGE('',*,*,#331,.F.);
#333=ORIENTED_EDGE('',*,*,#256,.T.);
#334=EDGE_LOOP('',(#318,#326,#332,#333));
#335=FACE_OUTER_BOUND('',#334,.T.);
#336=ADVANCED_FACE('',(#335),#310,.F.);
#337=CARTESIAN_POINT('',(0.139763779527559,0.088779527559055,0.335826771653543));
#338=DIRECTION('',(1.0,0.0,0.0));
#339=DIRECTION('',(0.0,0.0,-1.0));
#340=AXIS2_PLACEMENT_3D('',#337,#338,#339);
#341=PLANE('',#340);
#342=ORIENTED_EDGE('',*,*,#184,.T.);
#343=CARTESIAN_POINT('',(0.139763779527559,0.080708661417323,0.344094488188976));
#344=VERTEX_POINT('',#343);
#345=CARTESIAN_POINT('',(0.139763779527559,0.080708661417323,0.344094488188976));
#346=DIRECTION('',(0.0,0.0,-1.0));
#347=VECTOR('',#346,0.007874015748031);
#348=LINE('',#345,#347);
#349=EDGE_CURVE('',#344,#171,#348,.T.);
#350=ORIENTED_EDGE('',*,*,#349,.F.);
#351=CARTESIAN_POINT('',(0.139763779527559,-0.080708661417323,0.344094488188976));
#352=VERTEX_POINT('',#351);
#353=CARTESIAN_POINT('',(0.139763779527559,-0.080708661417323,0.344094488188976));
#354=DIRECTION('',(0.0,1.0,0.0));
#355=VECTOR('',#354,0.161417322834646);
#356=LINE('',#353,#355);
#357=EDGE_CURVE('',#352,#344,#356,.T.);
#358=ORIENTED_EDGE('',*,*,#357,.F.);
#359=CARTESIAN_POINT('',(0.139763779527559,-0.080708661417323,0.344094488188976));
#360=DIRECTION('',(0.0,0.0,-1.0));
#361=VECTOR('',#360,0.007874015748031);
#362=LINE('',#359,#361);
#363=EDGE_CURVE('',#352,#179,#362,.T.);
#364=ORIENTED_EDGE('',*,*,#363,.T.);
#365=EDGE_LOOP('',(#342,#350,#358,#364));
#366=FACE_OUTER_BOUND('',#365,.T.);
#367=ADVANCED_FACE('',(#366),#341,.T.);
#368=CARTESIAN_POINT('',(-0.203346456692913,0.080708661417323,0.335826771653543));
#369=DIRECTION('',(0.0,1.0,0.0));
#370=DIRECTION('',(0.0,0.0,1.0));
#371=AXIS2_PLACEMENT_3D('',#368,#369,#370);
#372=PLANE('',#371);
#373=ORIENTED_EDGE('',*,*,#176,.T.);
#374=CARTESIAN_POINT('',(-0.184251968503937,0.080708661417323,0.336220472440945));
#375=DIRECTION('',(1.0,0.0,0.0));
#376=VECTOR('',#375,0.248031496062992);
#377=LINE('',#374,#376);
#378=EDGE_CURVE('',#201,#163,#377,.T.);
#379=ORIENTED_EDGE('',*,*,#378,.F.);
#380=ORIENTED_EDGE('',*,*,#230,.T.);
#381=CARTESIAN_POINT('',(-0.187007874015748,0.080708661417323,0.344094488188976));
#382=VERTEX_POINT('',#381);
#383=CARTESIAN_POINT('',(-0.187007874015748,0.080708661417323,0.344094488188976));
#384=DIRECTION('',(0.0,0.0,-1.0));
#385=VECTOR('',#384,0.007874015748031);
#386=LINE('',#383,#385);
#387=EDGE_CURVE('',#382,#219,#386,.T.);
#388=ORIENTED_EDGE('',*,*,#387,.F.);
#389=CARTESIAN_POINT('',(0.139763779527559,0.080708661417323,0.344094488188976));
#390=DIRECTION('',(-1.0,0.0,0.0));
#391=VECTOR('',#390,0.326771653543307);
#392=LINE('',#389,#391);
#393=EDGE_CURVE('',#344,#382,#392,.T.);
#394=ORIENTED_EDGE('',*,*,#393,.F.);
#395=ORIENTED_EDGE('',*,*,#349,.T.);
#396=EDGE_LOOP('',(#373,#379,#380,#388,#394,#395));
#397=FACE_OUTER_BOUND('',#396,.T.);
#398=ADVANCED_FACE('',(#397),#372,.T.);
#399=CARTESIAN_POINT('',(-0.187007874015748,0.088779527559055,0.344488188976378));
#400=DIRECTION('',(-1.0,0.0,0.0));
#401=DIRECTION('',(0.0,0.0,1.0));
#402=AXIS2_PLACEMENT_3D('',#399,#400,#401);
#403=PLANE('',#402);
#404=ORIENTED_EDGE('',*,*,#224,.T.);
#405=CARTESIAN_POINT('',(-0.187007874015748,-0.080708661417323,0.344094488188976));
#406=VERTEX_POINT('',#405);
#407=CARTESIAN_POINT('',(-0.187007874015748,-0.080708661417323,0.344094488188976));
#408=DIRECTION('',(0.0,0.0,-1.0));
#409=VECTOR('',#408,0.007874015748031);
#410=LINE('',#407,#409);
#411=EDGE_CURVE('',#406,#211,#410,.T.);
#412=ORIENTED_EDGE('',*,*,#411,.F.);
#413=CARTESIAN_POINT('',(-0.187007874015748,0.080708661417323,0.344094488188976));
#414=DIRECTION('',(0.0,-1.0,0.0));
#415=VECTOR('',#414,0.161417322834646);
#416=LINE('',#413,#415);
#417=EDGE_CURVE('',#382,#406,#416,.T.);
#418=ORIENTED_EDGE('',*,*,#417,.F.);
#419=ORIENTED_EDGE('',*,*,#387,.T.);
#420=EDGE_LOOP('',(#404,#412,#418,#419));
#421=FACE_OUTER_BOUND('',#420,.T.);
#422=ADVANCED_FACE('',(#421),#403,.T.);
#423=CARTESIAN_POINT('',(-0.203346456692913,-0.080708661417323,0.344488188976378));
#424=DIRECTION('',(0.0,-1.0,0.0));
#425=DIRECTION('',(0.0,0.0,-1.0));
#426=AXIS2_PLACEMENT_3D('',#423,#424,#425);
#427=PLANE('',#426);
#428=ORIENTED_EDGE('',*,*,#216,.T.);
#429=CARTESIAN_POINT('',(0.063779527559055,-0.080708661417323,0.336220472440945));
#430=DIRECTION('',(-1.0,0.0,0.0));
#431=VECTOR('',#430,0.248031496062992);
#432=LINE('',#429,#431);
#433=EDGE_CURVE('',#161,#203,#432,.T.);
#434=ORIENTED_EDGE('',*,*,#433,.F.);
#435=ORIENTED_EDGE('',*,*,#190,.T.);
#436=ORIENTED_EDGE('',*,*,#363,.F.);
#437=CARTESIAN_POINT('',(-0.187007874015748,-0.080708661417323,0.344094488188976));
#438=DIRECTION('',(1.0,0.0,0.0));
#439=VECTOR('',#438,0.326771653543307);
#440=LINE('',#437,#439);
#441=EDGE_CURVE('',#406,#352,#440,.T.);
#442=ORIENTED_EDGE('',*,*,#441,.F.);
#443=ORIENTED_EDGE('',*,*,#411,.T.);
#444=EDGE_LOOP('',(#428,#434,#435,#436,#442,#443));
#445=FACE_OUTER_BOUND('',#444,.T.);
#446=ADVANCED_FACE('',(#445),#427,.T.);
#447=CARTESIAN_POINT('',(-0.121259842519685,0.056299212598426,0.344094488188976));
#448=DIRECTION('',(0.0,0.0,-1.0));
#449=DIRECTION('',(-1.0,0.0,0.0));
#450=AXIS2_PLACEMENT_3D('',#447,#448,#449);
#451=PLANE('',#450);
#452=CARTESIAN_POINT('',(-0.110236220472441,0.051181102362205,0.344094488188976));
#453=VERTEX_POINT('',#452);
#454=CARTESIAN_POINT('',(-0.110236220472441,0.049212598425197,0.344094488188976));
#455=DIRECTION('',(0.0,1.0,0.0));
#456=VECTOR('',#455,0.001968503937008);
#457=LINE('',#454,#456);
#458=EDGE_CURVE('',#290,#453,#457,.T.);
#459=ORIENTED_EDGE('',*,*,#458,.F.);
#460=ORIENTED_EDGE('',*,*,#295,.T.);
#461=ORIENTED_EDGE('',*,*,#264,.T.);
#462=ORIENTED_EDGE('',*,*,#331,.T.);
#463=CARTESIAN_POINT('',(-0.110236220472441,-0.051181102362205,0.344094488188976));
#464=VERTEX_POINT('',#463);
#465=CARTESIAN_POINT('',(-0.110236220472441,-0.051181102362205,0.344094488188976));
#466=DIRECTION('',(0.0,1.0,0.0));
#467=VECTOR('',#466,0.001968503937008);
#468=LINE('',#465,#467);
#469=EDGE_CURVE('',#464,#320,#468,.T.);
#470=ORIENTED_EDGE('',*,*,#469,.F.);
#471=CARTESIAN_POINT('',(0.110236220472441,-0.051181102362205,0.344094488188976));
#472=VERTEX_POINT('',#471);
#473=CARTESIAN_POINT('',(0.110236220472441,-0.051181102362205,0.344094488188976));
#474=DIRECTION('',(-1.0,0.0,0.0));
#475=VECTOR('',#474,0.220472440944882);
#476=LINE('',#473,#475);
#477=EDGE_CURVE('',#472,#464,#476,.T.);
#478=ORIENTED_EDGE('',*,*,#477,.F.);
#479=CARTESIAN_POINT('',(0.110236220472441,0.051181102362205,0.344094488188976));
#480=VERTEX_POINT('',#479);
#481=CARTESIAN_POINT('',(0.110236220472441,0.051181102362205,0.344094488188976));
#482=DIRECTION('',(0.0,-1.0,0.0));
#483=VECTOR('',#482,0.10236220472441);
#484=LINE('',#481,#483);
#485=EDGE_CURVE('',#480,#472,#484,.T.);
#486=ORIENTED_EDGE('',*,*,#485,.F.);
#487=CARTESIAN_POINT('',(-0.110236220472441,0.051181102362205,0.344094488188976));
#488=DIRECTION('',(1.0,0.0,0.0));
#489=VECTOR('',#488,0.220472440944882);
#490=LINE('',#487,#489);
#491=EDGE_CURVE('',#453,#480,#490,.T.);
#492=ORIENTED_EDGE('',*,*,#491,.F.);
#493=EDGE_LOOP('',(#459,#460,#461,#462,#470,#478,#486,#492));
#494=FACE_OUTER_BOUND('',#493,.T.);
#495=ADVANCED_FACE('',(#494),#451,.F.);
#496=CARTESIAN_POINT('',(-0.196653543307087,-0.082775590551181,0.336220472440945));
#497=DIRECTION('',(0.0,0.0,1.0));
#498=DIRECTION('',(1.0,0.0,0.0));
#499=AXIS2_PLACEMENT_3D('',#496,#497,#498);
#500=PLANE('',#499);
#501=ORIENTED_EDGE('',*,*,#433,.T.);
#502=CARTESIAN_POINT('',(-0.184251968503937,-0.082677165354331,0.336220472440945));
#503=VERTEX_POINT('',#502);
#504=CARTESIAN_POINT('',(-0.184251968503937,-0.080708661417323,0.336220472440945));
#505=DIRECTION('',(0.0,-1.0,0.0));
#506=VECTOR('',#505,0.001968503937008);
#507=LINE('',#504,#506);
#508=EDGE_CURVE('',#203,#503,#507,.T.);
#509=ORIENTED_EDGE('',*,*,#508,.T.);
#510=CARTESIAN_POINT('',(0.063779527559055,-0.082677165354331,0.336220472440945));
#511=VERTEX_POINT('',#510);
#512=CARTESIAN_POINT('',(-0.184251968503937,-0.082677165354331,0.336220472440945));
#513=DIRECTION('',(1.0,0.0,0.0));
#514=VECTOR('',#513,0.248031496062992);
#515=LINE('',#512,#514);
#516=EDGE_CURVE('',#503,#511,#515,.T.);
#517=ORIENTED_EDGE('',*,*,#516,.T.);
#518=CARTESIAN_POINT('',(0.063779527559055,-0.082677165354331,0.336220472440945));
#519=DIRECTION('',(0.0,1.0,0.0));
#520=VECTOR('',#519,0.001968503937008);
#521=LINE('',#518,#520);
#522=EDGE_CURVE('',#511,#161,#521,.T.);
#523=ORIENTED_EDGE('',*,*,#522,.T.);
#524=EDGE_LOOP('',(#501,#509,#517,#523));
#525=FACE_OUTER_BOUND('',#524,.T.);
#526=ADVANCED_FACE('',(#525),#500,.T.);
#527=CARTESIAN_POINT('',(-0.196653543307087,0.080610236220473,0.336220472440945));
#528=DIRECTION('',(0.0,0.0,1.0));
#529=DIRECTION('',(1.0,0.0,0.0));
#530=AXIS2_PLACEMENT_3D('',#527,#528,#529);
#531=PLANE('',#530);
#532=ORIENTED_EDGE('',*,*,#378,.T.);
#533=CARTESIAN_POINT('',(0.063779527559055,0.082677165354331,0.336220472440945));
#534=VERTEX_POINT('',#533);
#535=CARTESIAN_POINT('',(0.063779527559055,0.080708661417323,0.336220472440945));
#536=DIRECTION('',(0.0,1.0,0.0));
#537=VECTOR('',#536,0.001968503937008);
#538=LINE('',#535,#537);
#539=EDGE_CURVE('',#163,#534,#538,.T.);
#540=ORIENTED_EDGE('',*,*,#539,.T.);
#541=CARTESIAN_POINT('',(-0.184251968503937,0.082677165354331,0.336220472440945));
#542=VERTEX_POINT('',#541);
#543=CARTESIAN_POINT('',(0.063779527559055,0.082677165354331,0.336220472440945));
#544=DIRECTION('',(-1.0,0.0,0.0));
#545=VECTOR('',#544,0.248031496062992);
#546=LINE('',#543,#545);
#547=EDGE_CURVE('',#534,#542,#546,.T.);
#548=ORIENTED_EDGE('',*,*,#547,.T.);
#549=CARTESIAN_POINT('',(-0.184251968503937,0.082677165354331,0.336220472440945));
#550=DIRECTION('',(0.0,-1.0,0.0));
#551=VECTOR('',#550,0.001968503937008);
#552=LINE('',#549,#551);
#553=EDGE_CURVE('',#542,#201,#552,.T.);
#554=ORIENTED_EDGE('',*,*,#553,.T.);
#555=EDGE_LOOP('',(#532,#540,#548,#554));
#556=FACE_OUTER_BOUND('',#555,.T.);
#557=ADVANCED_FACE('',(#556),#531,.T.);
#558=CARTESIAN_POINT('',(-0.250364173228346,-0.141830708661418,0.265354330708661));
#559=DIRECTION('',(0.0,0.0,1.0));
#560=DIRECTION('',(1.0,0.0,0.0));
#561=AXIS2_PLACEMENT_3D('',#558,#559,#560);
#562=PLANE('',#561);
#563=CARTESIAN_POINT('',(-0.16003937007874,-0.1,0.265354330708661));
#564=VERTEX_POINT('',#563);
#565=CARTESIAN_POINT('',(-0.16003937007874,-0.090157480314961,0.265354330708661));
#566=VERTEX_POINT('',#565);
#567=CARTESIAN_POINT('',(-0.16003937007874,-0.1,0.265354330708661));
#568=DIRECTION('',(0.0,1.0,0.0));
#569=VECTOR('',#568,0.009842519685039);
#570=LINE('',#567,#569);
#571=EDGE_CURVE('',#564,#566,#570,.T.);
#572=ORIENTED_EDGE('',*,*,#571,.F.);
#573=CARTESIAN_POINT('',(-0.192125984251969,-0.1,0.265354330708661));
#574=VERTEX_POINT('',#573);
#575=CARTESIAN_POINT('',(-0.192125984251969,-0.1,0.265354330708661));
#576=DIRECTION('',(1.0,0.0,0.0));
#577=VECTOR('',#576,0.032086614173229);
#578=LINE('',#575,#577);
#579=EDGE_CURVE('',#574,#564,#578,.T.);
#580=ORIENTED_EDGE('',*,*,#579,.F.);
#581=CARTESIAN_POINT('',(-0.201968503937008,-0.109842519685039,0.265354330708661));
#582=VERTEX_POINT('',#581);
#583=CARTESIAN_POINT('',(-0.192125984251969,-0.109842519685039,0.265354330708661));
#584=DIRECTION('',(0.0,0.0,-1.0));
#585=DIRECTION('',(-0.707106781186549,0.707106781186546,0.0));
#586=AXIS2_PLACEMENT_3D('',#583,#584,#585);
#587=CIRCLE('',#586,0.009842519685039);
#588=EDGE_CURVE('',#582,#574,#587,.T.);
#589=ORIENTED_EDGE('',*,*,#588,.F.);
#590=CARTESIAN_POINT('',(-0.201968503937008,-0.119685039370079,0.265354330708661));
#591=VERTEX_POINT('',#590);
#592=CARTESIAN_POINT('',(-0.201968503937008,-0.109842519685039,0.265354330708661));
#593=DIRECTION('',(0.0,-1.0,0.0));
#594=VECTOR('',#593,0.00984251968504);
#595=LINE('',#592,#594);
#596=EDGE_CURVE('',#582,#591,#595,.T.);
#597=ORIENTED_EDGE('',*,*,#596,.T.);
#598=CARTESIAN_POINT('',(-0.221653543307087,-0.139370078740157,0.265354330708661));
#599=VERTEX_POINT('',#598);
#600=CARTESIAN_POINT('',(-0.221653543307087,-0.119685039370079,0.265354330708661));
#601=DIRECTION('',(0.0,0.0,1.0));
#602=DIRECTION('',(0.707106781186547,-0.707106781186547,0.0));
#603=AXIS2_PLACEMENT_3D('',#600,#601,#602);
#604=CIRCLE('',#603,0.019685039370079);
#605=EDGE_CURVE('',#599,#591,#604,.T.);
#606=ORIENTED_EDGE('',*,*,#605,.F.);
#607=CARTESIAN_POINT('',(-0.246062992125984,-0.139370078740157,0.265354330708661));
#608=VERTEX_POINT('',#607);
#609=CARTESIAN_POINT('',(-0.246062992125984,-0.139370078740157,0.265354330708661));
#610=DIRECTION('',(1.0,0.0,0.0));
#611=VECTOR('',#610,0.024409448818897);
#612=LINE('',#609,#611);
#613=EDGE_CURVE('',#608,#599,#612,.T.);
#614=ORIENTED_EDGE('',*,*,#613,.F.);
#615=CARTESIAN_POINT('',(-0.246062992125984,-0.129527559055118,0.265354330708661));
#616=VERTEX_POINT('',#615);
#617=CARTESIAN_POINT('',(-0.246062992125984,-0.129527559055118,0.265354330708661));
#618=DIRECTION('',(0.0,-1.0,0.0));
#619=VECTOR('',#618,0.009842519685039);
#620=LINE('',#617,#619);
#621=EDGE_CURVE('',#616,#608,#620,.T.);
#622=ORIENTED_EDGE('',*,*,#621,.F.);
#623=CARTESIAN_POINT('',(-0.221653543307087,-0.129527559055118,0.265354330708661));
#624=VERTEX_POINT('',#623);
#625=CARTESIAN_POINT('',(-0.221653543307087,-0.129527559055118,0.265354330708661));
#626=DIRECTION('',(-1.0,0.0,0.0));
#627=VECTOR('',#626,0.024409448818897);
#628=LINE('',#625,#627);
#629=EDGE_CURVE('',#624,#616,#628,.T.);
#630=ORIENTED_EDGE('',*,*,#629,.F.);
#631=CARTESIAN_POINT('',(-0.211811023622047,-0.119685039370079,0.265354330708661));
#632=VERTEX_POINT('',#631);
#633=CARTESIAN_POINT('',(-0.221653543307087,-0.119685039370079,0.265354330708661));
#634=DIRECTION('',(0.0,0.0,-1.0));
#635=DIRECTION('',(0.707106781186551,-0.707106781186544,0.0));
#636=AXIS2_PLACEMENT_3D('',#633,#634,#635);
#637=CIRCLE('',#636,0.009842519685039);
#638=EDGE_CURVE('',#632,#624,#637,.T.);
#639=ORIENTED_EDGE('',*,*,#638,.F.);
#640=CARTESIAN_POINT('',(-0.211811023622047,-0.109842519685039,0.265354330708661));
#641=VERTEX_POINT('',#640);
#642=CARTESIAN_POINT('',(-0.211811023622047,-0.109842519685039,0.265354330708661));
#643=DIRECTION('',(0.0,-1.0,0.0));
#644=VECTOR('',#643,0.00984251968504);
#645=LINE('',#642,#644);
#646=EDGE_CURVE('',#641,#632,#645,.T.);
#647=ORIENTED_EDGE('',*,*,#646,.F.);
#648=CARTESIAN_POINT('',(-0.192125984251969,-0.090157480314961,0.265354330708661));
#649=VERTEX_POINT('',#648);
#650=CARTESIAN_POINT('',(-0.192125984251969,-0.109842519685039,0.265354330708661));
#651=DIRECTION('',(0.0,0.0,1.0));
#652=DIRECTION('',(-0.707106781186548,0.707106781186547,0.0));
#653=AXIS2_PLACEMENT_3D('',#650,#651,#652);
#654=CIRCLE('',#653,0.019685039370079);
#655=EDGE_CURVE('',#649,#641,#654,.T.);
#656=ORIENTED_EDGE('',*,*,#655,.F.);
#657=CARTESIAN_POINT('',(-0.192125984251969,-0.090157480314961,0.265354330708661));
#658=DIRECTION('',(1.0,0.0,0.0));
#659=VECTOR('',#658,0.032086614173229);
#660=LINE('',#657,#659);
#661=EDGE_CURVE('',#649,#566,#660,.T.);
#662=ORIENTED_EDGE('',*,*,#661,.T.);
#663=EDGE_LOOP('',(#572,#580,#589,#597,#606,#614,#622,#630,#639,#647,#656,#662));
#664=FACE_OUTER_BOUND('',#663,.T.);
#665=ADVANCED_FACE('',(#664),#562,.F.);
#666=CARTESIAN_POINT('',(0.14015748031496,-0.100492125984252,0.265354330708661));
#667=DIRECTION('',(0.0,0.0,1.0));
#668=DIRECTION('',(1.0,0.0,0.0));
#669=AXIS2_PLACEMENT_3D('',#666,#667,#668);
#670=PLANE('',#669);
#671=CARTESIAN_POINT('',(0.144291338582677,-0.090157480314961,0.265354330708661));
#672=VERTEX_POINT('',#671);
#673=CARTESIAN_POINT('',(0.144291338582677,-0.1,0.265354330708661));
#674=VERTEX_POINT('',#673);
#675=CARTESIAN_POINT('',(0.144291338582677,-0.090157480314961,0.265354330708661));
#676=DIRECTION('',(0.0,-1.0,0.0));
#677=VECTOR('',#676,0.009842519685039);
#678=LINE('',#675,#677);
#679=EDGE_CURVE('',#672,#674,#678,.T.);
#680=ORIENTED_EDGE('',*,*,#679,.T.);
#681=CARTESIAN_POINT('',(0.140354330708661,-0.1,0.265354330708661));
#682=VERTEX_POINT('',#681);
#683=CARTESIAN_POINT('',(0.140354330708661,-0.1,0.265354330708661));
#684=DIRECTION('',(1.0,0.0,0.0));
#685=VECTOR('',#684,0.003937007874016);
#686=LINE('',#683,#685);
#687=EDGE_CURVE('',#682,#674,#686,.T.);
#688=ORIENTED_EDGE('',*,*,#687,.F.);
#689=CARTESIAN_POINT('',(0.140354330708661,-0.090157480314961,0.265354330708661));
#690=VERTEX_POINT('',#689);
#691=CARTESIAN_POINT('',(0.140354330708661,-0.1,0.265354330708661));
#692=DIRECTION('',(0.0,1.0,0.0));
#693=VECTOR('',#692,0.009842519685039);
#694=LINE('',#691,#693);
#695=EDGE_CURVE('',#682,#690,#694,.T.);
#696=ORIENTED_EDGE('',*,*,#695,.T.);
#697=CARTESIAN_POINT('',(0.140354330708661,-0.090157480314961,0.265354330708661));
#698=DIRECTION('',(1.0,0.0,0.0));
#699=VECTOR('',#698,0.003937007874016);
#700=LINE('',#697,#699);
#701=EDGE_CURVE('',#690,#672,#700,.T.);
#702=ORIENTED_EDGE('',*,*,#701,.T.);
#703=EDGE_LOOP('',(#680,#688,#696,#702));
#704=FACE_OUTER_BOUND('',#703,.T.);
#705=ADVANCED_FACE('',(#704),#670,.F.);
#706=CARTESIAN_POINT('',(0.081299212598425,-0.100492125984252,0.115439669441246));
#707=DIRECTION('',(1.0,0.0,0.0));
#708=DIRECTION('',(0.0,0.0,-1.0));
#709=AXIS2_PLACEMENT_3D('',#706,#707,#708);
#710=PLANE('',#709);
#711=CARTESIAN_POINT('',(0.081299212598425,-0.1,0.088844406450675));
#712=VERTEX_POINT('',#711);
#713=CARTESIAN_POINT('',(0.081299212598425,-0.090157480314961,0.109951758030493));
#714=VERTEX_POINT('',#713);
#715=CARTESIAN_POINT('',(0.081299212598425,-0.1,0.088844406450675));
#716=DIRECTION('',(0.0,0.422618261740698,0.90630778703665));
#717=VECTOR('',#716,0.023289385660949);
#718=LINE('',#715,#717);
#719=EDGE_CURVE('',#712,#714,#718,.T.);
#720=ORIENTED_EDGE('',*,*,#719,.F.);
#721=CARTESIAN_POINT('',(0.081299212598425,-0.1,0.114173228346457));
#722=VERTEX_POINT('',#721);
#723=CARTESIAN_POINT('',(0.081299212598425,-0.1,0.114173228346457));
#724=DIRECTION('',(0.0,0.0,-1.0));
#725=VECTOR('',#724,0.025328821895782);
#726=LINE('',#723,#725);
#727=EDGE_CURVE('',#722,#712,#726,.T.);
#728=ORIENTED_EDGE('',*,*,#727,.F.);
#729=CARTESIAN_POINT('',(0.081299212598425,-0.090157480314961,0.114173228346457));
#730=VERTEX_POINT('',#729);
#731=CARTESIAN_POINT('',(0.081299212598425,-0.1,0.114173228346457));
#732=DIRECTION('',(0.0,1.0,0.0));
#733=VECTOR('',#732,0.009842519685039);
#734=LINE('',#731,#733);
#735=EDGE_CURVE('',#722,#730,#734,.T.);
#736=ORIENTED_EDGE('',*,*,#735,.T.);
#737=CARTESIAN_POINT('',(0.081299212598425,-0.090157480314961,0.109951758030493));
#738=DIRECTION('',(0.0,0.0,1.0));
#739=VECTOR('',#738,0.004221470315964);
#740=LINE('',#737,#739);
#741=EDGE_CURVE('',#714,#730,#740,.T.);
#742=ORIENTED_EDGE('',*,*,#741,.F.);
#743=EDGE_LOOP('',(#720,#728,#736,#742));
#744=FACE_OUTER_BOUND('',#743,.T.);
#745=ADVANCED_FACE('',(#744),#710,.F.);
#746=CARTESIAN_POINT('',(-0.081299212598425,0.089665354330709,0.087577965355886));
#747=DIRECTION('',(-1.0,0.0,0.0));
#748=DIRECTION('',(0.0,0.0,1.0));
#749=AXIS2_PLACEMENT_3D('',#746,#747,#748);
#750=PLANE('',#749);
#751=CARTESIAN_POINT('',(-0.081299212598425,0.1,0.088844406450675));
#752=VERTEX_POINT('',#751);
#753=CARTESIAN_POINT('',(-0.081299212598425,0.090157480314961,0.109951758030493));
#754=VERTEX_POINT('',#753);
#755=CARTESIAN_POINT('',(-0.081299212598425,0.1,0.088844406450675));
#756=DIRECTION('',(0.0,-0.422618261740698,0.906307787036651));
#757=VECTOR('',#756,0.023289385660949);
#758=LINE('',#755,#757);
#759=EDGE_CURVE('',#752,#754,#758,.T.);
#760=ORIENTED_EDGE('',*,*,#759,.F.);
#761=CARTESIAN_POINT('',(-0.081299212598425,0.1,0.114173228346457));
#762=VERTEX_POINT('',#761);
#763=CARTESIAN_POINT('',(-0.081299212598425,0.1,0.114173228346457));
#764=DIRECTION('',(0.0,0.0,-1.0));
#765=VECTOR('',#764,0.025328821895782);
#766=LINE('',#763,#765);
#767=EDGE_CURVE('',#762,#752,#766,.T.);
#768=ORIENTED_EDGE('',*,*,#767,.F.);
#769=CARTESIAN_POINT('',(-0.081299212598425,0.090157480314961,0.114173228346457));
#770=VERTEX_POINT('',#769);
#771=CARTESIAN_POINT('',(-0.081299212598425,0.090157480314961,0.114173228346457));
#772=DIRECTION('',(0.0,1.0,0.0));
#773=VECTOR('',#772,0.009842519685039);
#774=LINE('',#771,#773);
#775=EDGE_CURVE('',#770,#762,#774,.T.);
#776=ORIENTED_EDGE('',*,*,#775,.F.);
#777=CARTESIAN_POINT('',(-0.081299212598425,0.090157480314961,0.109951758030493));
#778=DIRECTION('',(0.0,0.0,1.0));
#779=VECTOR('',#778,0.004221470315964);
#780=LINE('',#777,#779);
#781=EDGE_CURVE('',#754,#770,#780,.T.);
#782=ORIENTED_EDGE('',*,*,#781,.F.);
#783=EDGE_LOOP('',(#760,#768,#776,#782));
#784=FACE_OUTER_BOUND('',#783,.T.);
#785=ADVANCED_FACE('',(#784),#750,.F.);
#786=CARTESIAN_POINT('',(0.0,1.539769E-017,0.265354330708661));
#787=DIRECTION('',(0.0,0.0,1.0));
#788=DIRECTION('',(1.0,0.0,0.0));
#789=AXIS2_PLACEMENT_3D('',#786,#787,#788);
#790=PLANE('',#789);
#791=CARTESIAN_POINT('',(0.16003937007874,0.1,0.265354330708661));
#792=VERTEX_POINT('',#791);
#793=CARTESIAN_POINT('',(0.16003937007874,0.090157480314961,0.265354330708661));
#794=VERTEX_POINT('',#793);
#795=CARTESIAN_POINT('',(0.16003937007874,0.1,0.265354330708661));
#796=DIRECTION('',(0.0,-1.0,0.0));
#797=VECTOR('',#796,0.009842519685039);
#798=LINE('',#795,#797);
#799=EDGE_CURVE('',#792,#794,#798,.T.);
#800=ORIENTED_EDGE('',*,*,#799,.F.);
#801=CARTESIAN_POINT('',(0.2,0.1,0.265354330708661));
#802=VERTEX_POINT('',#801);
#803=CARTESIAN_POINT('',(0.2,0.1,0.265354330708661));
#804=DIRECTION('',(-1.0,0.0,0.0));
#805=VECTOR('',#804,0.03996062992126);
#806=LINE('',#803,#805);
#807=EDGE_CURVE('',#802,#792,#806,.T.);
#808=ORIENTED_EDGE('',*,*,#807,.F.);
#809=CARTESIAN_POINT('',(0.2,0.090157480314961,0.265354330708661));
#810=VERTEX_POINT('',#809);
#811=CARTESIAN_POINT('',(0.2,0.090157480314961,0.265354330708661));
#812=DIRECTION('',(0.0,1.0,0.0));
#813=VECTOR('',#812,0.009842519685039);
#814=LINE('',#811,#813);
#815=EDGE_CURVE('',#810,#802,#814,.T.);
#816=ORIENTED_EDGE('',*,*,#815,.F.);
#817=CARTESIAN_POINT('',(0.2,0.090157480314961,0.265354330708661));
#818=DIRECTION('',(-1.0,0.0,0.0));
#819=VECTOR('',#818,0.03996062992126);
#820=LINE('',#817,#819);
#821=EDGE_CURVE('',#810,#794,#820,.T.);
#822=ORIENTED_EDGE('',*,*,#821,.T.);
#823=EDGE_LOOP('',(#800,#808,#816,#822));
#824=FACE_OUTER_BOUND('',#823,.T.);
#825=ADVANCED_FACE('',(#824),#790,.F.);
#826=CARTESIAN_POINT('',(-0.144488188976378,0.089665354330709,0.265354330708661));
#827=DIRECTION('',(0.0,0.0,1.0));
#828=DIRECTION('',(1.0,0.0,0.0));
#829=AXIS2_PLACEMENT_3D('',#826,#827,#828);
#830=PLANE('',#829);
#831=CARTESIAN_POINT('',(-0.144291338582677,0.090157480314961,0.265354330708661));
#832=VERTEX_POINT('',#831);
#833=CARTESIAN_POINT('',(-0.144291338582677,0.1,0.265354330708661));
#834=VERTEX_POINT('',#833);
#835=CARTESIAN_POINT('',(-0.144291338582677,0.090157480314961,0.265354330708661));
#836=DIRECTION('',(0.0,1.0,0.0));
#837=VECTOR('',#836,0.009842519685039);
#838=LINE('',#835,#837);
#839=EDGE_CURVE('',#832,#834,#838,.T.);
#840=ORIENTED_EDGE('',*,*,#839,.T.);
#841=CARTESIAN_POINT('',(-0.140354330708661,0.1,0.265354330708661));
#842=VERTEX_POINT('',#841);
#843=CARTESIAN_POINT('',(-0.140354330708661,0.1,0.265354330708661));
#844=DIRECTION('',(-1.0,0.0,0.0));
#845=VECTOR('',#844,0.003937007874016);
#846=LINE('',#843,#845);
#847=EDGE_CURVE('',#842,#834,#846,.T.);
#848=ORIENTED_EDGE('',*,*,#847,.F.);
#849=CARTESIAN_POINT('',(-0.140354330708661,0.090157480314961,0.265354330708661));
#850=VERTEX_POINT('',#849);
#851=CARTESIAN_POINT('',(-0.140354330708661,0.1,0.265354330708661));
#852=DIRECTION('',(0.0,-1.0,0.0));
#853=VECTOR('',#852,0.009842519685039);
#854=LINE('',#851,#853);
#855=EDGE_CURVE('',#842,#850,#854,.T.);
#856=ORIENTED_EDGE('',*,*,#855,.T.);
#857=CARTESIAN_POINT('',(-0.140354330708661,0.090157480314961,0.265354330708661));
#858=DIRECTION('',(-1.0,0.0,0.0));
#859=VECTOR('',#858,0.003937007874016);
#860=LINE('',#857,#859);
#861=EDGE_CURVE('',#850,#832,#860,.T.);
#862=ORIENTED_EDGE('',*,*,#861,.T.);
#863=EDGE_LOOP('',(#840,#848,#856,#862));
#864=FACE_OUTER_BOUND('',#863,.T.);
#865=ADVANCED_FACE('',(#864),#830,.F.);
#866=CARTESIAN_POINT('',(-0.110236220472441,-0.05128937007874,0.33492125984252));
#867=DIRECTION('',(-1.0,0.0,0.0));
#868=DIRECTION('',(0.0,0.0,1.0));
#869=AXIS2_PLACEMENT_3D('',#866,#867,#868);
#870=PLANE('',#869);
#871=CARTESIAN_POINT('',(-0.110236220472441,-0.049015748031496,0.336220472440945));
#872=VERTEX_POINT('',#871);
#873=CARTESIAN_POINT('',(-0.110236220472441,-0.049015748031496,0.362204724409449));
#874=VERTEX_POINT('',#873);
#875=CARTESIAN_POINT('',(-0.110236220472441,-0.049015748031496,0.336220472440945));
#876=DIRECTION('',(0.0,0.0,1.0));
#877=VECTOR('',#876,0.025984251968504);
#878=LINE('',#875,#877);
#879=EDGE_CURVE('',#872,#874,#878,.T.);
#880=ORIENTED_EDGE('',*,*,#879,.T.);
#881=CARTESIAN_POINT('',(-0.110236220472441,-0.051181102362205,0.362204724409449));
#882=VERTEX_POINT('',#881);
#883=CARTESIAN_POINT('',(-0.110236220472441,-0.051181102362205,0.362204724409449));
#884=DIRECTION('',(0.0,1.0,0.0));
#885=VECTOR('',#884,0.002165354330709);
#886=LINE('',#883,#885);
#887=EDGE_CURVE('',#882,#874,#886,.T.);
#888=ORIENTED_EDGE('',*,*,#887,.F.);
#889=CARTESIAN_POINT('',(-0.110236220472441,-0.051181102362205,0.362204724409449));
#890=DIRECTION('',(0.0,0.0,-1.0));
#891=VECTOR('',#890,0.018110236220473);
#892=LINE('',#889,#891);
#893=EDGE_CURVE('',#882,#464,#892,.T.);
#894=ORIENTED_EDGE('',*,*,#893,.T.);
#895=ORIENTED_EDGE('',*,*,#469,.T.);
#896=ORIENTED_EDGE('',*,*,#325,.T.);
#897=CARTESIAN_POINT('',(-0.110236220472441,-0.049015748031496,0.336220472440945));
#898=DIRECTION('',(0.0,-1.0,0.0));
#899=VECTOR('',#898,0.000196850393701);
#900=LINE('',#897,#899);
#901=EDGE_CURVE('',#872,#312,#900,.T.);
#902=ORIENTED_EDGE('',*,*,#901,.F.);
#903=EDGE_LOOP('',(#880,#888,#894,#895,#896,#902));
#904=FACE_OUTER_BOUND('',#903,.T.);
#905=ADVANCED_FACE('',(#904),#870,.F.);
#906=CARTESIAN_POINT('',(-0.110236220472441,0.048907480314961,0.33492125984252));
#907=DIRECTION('',(-1.0,0.0,0.0));
#908=DIRECTION('',(0.0,0.0,1.0));
#909=AXIS2_PLACEMENT_3D('',#906,#907,#908);
#910=PLANE('',#909);
#911=CARTESIAN_POINT('',(-0.110236220472441,0.049015748031496,0.336220472440945));
#912=VERTEX_POINT('',#911);
#913=CARTESIAN_POINT('',(-0.110236220472441,0.049015748031496,0.362204724409449));
#914=VERTEX_POINT('',#913);
#915=CARTESIAN_POINT('',(-0.110236220472441,0.049015748031496,0.336220472440945));
#916=DIRECTION('',(0.0,0.0,1.0));
#917=VECTOR('',#916,0.025984251968504);
#918=LINE('',#915,#917);
#919=EDGE_CURVE('',#912,#914,#918,.T.);
#920=ORIENTED_EDGE('',*,*,#919,.F.);
#921=CARTESIAN_POINT('',(-0.110236220472441,0.049212598425197,0.336220472440945));
#922=DIRECTION('',(0.0,-1.0,0.0));
#923=VECTOR('',#922,0.000196850393701);
#924=LINE('',#921,#923);
#925=EDGE_CURVE('',#281,#912,#924,.T.);
#926=ORIENTED_EDGE('',*,*,#925,.F.);
#927=ORIENTED_EDGE('',*,*,#301,.F.);
#928=ORIENTED_EDGE('',*,*,#458,.T.);
#929=CARTESIAN_POINT('',(-0.110236220472441,0.051181102362205,0.362204724409449));
#930=VERTEX_POINT('',#929);
#931=CARTESIAN_POINT('',(-0.110236220472441,0.051181102362205,0.362204724409449));
#932=DIRECTION('',(0.0,0.0,-1.0));
#933=VECTOR('',#932,0.018110236220473);
#934=LINE('',#931,#933);
#935=EDGE_CURVE('',#930,#453,#934,.T.);
#936=ORIENTED_EDGE('',*,*,#935,.F.);
#937=CARTESIAN_POINT('',(-0.110236220472441,0.049015748031496,0.362204724409449));
#938=DIRECTION('',(0.0,1.0,0.0));
#939=VECTOR('',#938,0.002165354330709);
#940=LINE('',#937,#939);
#941=EDGE_CURVE('',#914,#930,#940,.T.);
#942=ORIENTED_EDGE('',*,*,#941,.F.);
#943=EDGE_LOOP('',(#920,#926,#927,#928,#936,#942));
#944=FACE_OUTER_BOUND('',#943,.T.);
#945=ADVANCED_FACE('',(#944),#910,.F.);
#946=CARTESIAN_POINT('',(-0.221653543307087,-0.119685039370079,0.348031496062992));
#947=DIRECTION('',(0.0,0.0,-1.0));
#948=DIRECTION('',(-0.707106781186547,0.707106781186548,0.0));
#949=AXIS2_PLACEMENT_3D('',#946,#947,#948);
#950=CYLINDRICAL_SURFACE('',#949,0.009842519685039);
#951=CARTESIAN_POINT('',(-0.221653543307087,-0.129527559055118,0.344094488188976));
#952=VERTEX_POINT('',#951);
#953=CARTESIAN_POINT('',(-0.211811023622047,-0.119685039370079,0.344094488188976));
#954=VERTEX_POINT('',#953);
#955=CARTESIAN_POINT('',(-0.221653543307087,-0.119685039370079,0.344094488188976));
#956=DIRECTION('',(0.0,0.0,1.0));
#957=DIRECTION('',(0.707106781186551,-0.707106781186544,0.0));
#958=AXIS2_PLACEMENT_3D('',#955,#956,#957);
#959=CIRCLE('',#958,0.009842519685039);
#960=EDGE_CURVE('',#952,#954,#959,.T.);
#961=ORIENTED_EDGE('',*,*,#960,.T.);
#962=CARTESIAN_POINT('',(-0.211811023622047,-0.119685039370079,0.344094488188976));
#963=DIRECTION('',(0.0,0.0,-1.0));
#964=VECTOR('',#963,0.078740157480315);
#965=LINE('',#962,#964);
#966=EDGE_CURVE('',#954,#632,#965,.T.);
#967=ORIENTED_EDGE('',*,*,#966,.T.);
#968=ORIENTED_EDGE('',*,*,#638,.T.);
#969=CARTESIAN_POINT('',(-0.221653543307087,-0.129527559055118,0.265354330708661));
#970=DIRECTION('',(0.0,0.0,1.0));
#971=VECTOR('',#970,0.078740157480315);
#972=LINE('',#969,#971);
#973=EDGE_CURVE('',#624,#952,#972,.T.);
#974=ORIENTED_EDGE('',*,*,#973,.T.);
#975=EDGE_LOOP('',(#961,#967,#968,#974));
#976=FACE_OUTER_BOUND('',#975,.T.);
#977=ADVANCED_FACE('',(#976),#950,.F.);
#978=CARTESIAN_POINT('',(-0.211811023622047,-0.120177165354331,0.261417322834645));
#979=DIRECTION('',(-1.0,0.0,0.0));
#980=DIRECTION('',(0.0,0.0,1.0));
#981=AXIS2_PLACEMENT_3D('',#978,#979,#980);
#982=PLANE('',#981);
#983=ORIENTED_EDGE('',*,*,#966,.F.);
#984=CARTESIAN_POINT('',(-0.211811023622047,-0.109842519685039,0.344094488188976));
#985=VERTEX_POINT('',#984);
#986=CARTESIAN_POINT('',(-0.211811023622047,-0.119685039370079,0.344094488188976));
#987=DIRECTION('',(0.0,1.0,0.0));
#988=VECTOR('',#987,0.00984251968504);
#989=LINE('',#986,#988);
#990=EDGE_CURVE('',#954,#985,#989,.T.);
#991=ORIENTED_EDGE('',*,*,#990,.T.);
#992=CARTESIAN_POINT('',(-0.211811023622047,-0.109842519685039,0.265354330708661));
#993=DIRECTION('',(0.0,0.0,1.0));
#994=VECTOR('',#993,0.078740157480315);
#995=LINE('',#992,#994);
#996=EDGE_CURVE('',#641,#985,#995,.T.);
#997=ORIENTED_EDGE('',*,*,#996,.F.);
#998=ORIENTED_EDGE('',*,*,#646,.T.);
#999=EDGE_LOOP('',(#983,#991,#997,#998));
#1000=FACE_OUTER_BOUND('',#999,.T.);
#1001=ADVANCED_FACE('',(#1000),#982,.T.);
#1002=CARTESIAN_POINT('',(-0.192125984251969,-0.109842519685039,0.348031496062992));
#1003=DIRECTION('',(0.0,0.0,-1.0));
#1004=DIRECTION('',(0.707106781186548,-0.707106781186547,0.0));
#1005=AXIS2_PLACEMENT_3D('',#1002,#1003,#1004);
#1006=CYLINDRICAL_SURFACE('',#1005,0.019685039370079);
#1007=ORIENTED_EDGE('',*,*,#655,.T.);
#1008=ORIENTED_EDGE('',*,*,#996,.T.);
#1009=CARTESIAN_POINT('',(-0.2,-0.091800883090725,0.344094488188976));
#1010=VERTEX_POINT('',#1009);
#1011=CARTESIAN_POINT('',(-0.192125984251969,-0.109842519685039,0.344094488188976));
#1012=DIRECTION('',(0.0,0.0,-1.0));
#1013=DIRECTION('',(-0.707106781186548,0.707106781186547,0.0));
#1014=AXIS2_PLACEMENT_3D('',#1011,#1012,#1013);
#1015=CIRCLE('',#1014,0.019685039370079);
#1016=EDGE_CURVE('',#985,#1010,#1015,.T.);
#1017=ORIENTED_EDGE('',*,*,#1016,.T.);
#1018=CARTESIAN_POINT('',(-0.192125984251969,-0.090157480314961,0.344094488188976));
#1019=VERTEX_POINT('',#1018);
#1020=CARTESIAN_POINT('',(-0.192125984251969,-0.109842519685039,0.344094488188976));
#1021=DIRECTION('',(0.0,0.0,1.0));
#1022=DIRECTION('',(-0.707106781186548,0.707106781186547,0.0));
#1023=AXIS2_PLACEMENT_3D('',#1020,#1021,#1022);
#1024=CIRCLE('',#1023,0.019685039370079);
#1025=EDGE_CURVE('',#1019,#1010,#1024,.T.);
#1026=ORIENTED_EDGE('',*,*,#1025,.F.);
#1027=CARTESIAN_POINT('',(-0.192125984251969,-0.090157480314961,0.344094488188976));
#1028=DIRECTION('',(0.0,0.0,-1.0));
#1029=VECTOR('',#1028,0.078740157480315);
#1030=LINE('',#1027,#1029);
#1031=EDGE_CURVE('',#1019,#649,#1030,.T.);
#1032=ORIENTED_EDGE('',*,*,#1031,.T.);
#1033=EDGE_LOOP('',(#1007,#1008,#1017,#1026,#1032));
#1034=FACE_OUTER_BOUND('',#1033,.T.);
#1035=ADVANCED_FACE('',(#1034),#1006,.T.);
#1036=CARTESIAN_POINT('',(-0.248759842519685,-0.14174853852263,0.344094488188976));
#1037=DIRECTION('',(0.0,0.0,1.0));
#1038=DIRECTION('',(1.0,0.0,0.0));
#1039=AXIS2_PLACEMENT_3D('',#1036,#1037,#1038);
#1040=PLANE('',#1039);
#1041=ORIENTED_EDGE('',*,*,#1016,.F.);
#1042=ORIENTED_EDGE('',*,*,#990,.F.);
#1043=ORIENTED_EDGE('',*,*,#960,.F.);
#1044=CARTESIAN_POINT('',(-0.246062992125984,-0.129527559055118,0.344094488188976));
#1045=VERTEX_POINT('',#1044);
#1046=CARTESIAN_POINT('',(-0.221653543307087,-0.129527559055118,0.344094488188976));
#1047=DIRECTION('',(-1.0,0.0,0.0));
#1048=VECTOR('',#1047,0.024409448818897);
#1049=LINE('',#1046,#1048);
#1050=EDGE_CURVE('',#952,#1045,#1049,.T.);
#1051=ORIENTED_EDGE('',*,*,#1050,.T.);
#1052=CARTESIAN_POINT('',(-0.246062992125984,-0.139370078740157,0.344094488188976));
#1053=VERTEX_POINT('',#1052);
#1054=CARTESIAN_POINT('',(-0.246062992125984,-0.139370078740157,0.344094488188976));
#1055=DIRECTION('',(0.0,1.0,0.0));
#1056=VECTOR('',#1055,0.009842519685039);
#1057=LINE('',#1054,#1056);
#1058=EDGE_CURVE('',#1053,#1045,#1057,.T.);
#1059=ORIENTED_EDGE('',*,*,#1058,.F.);
#1060=CARTESIAN_POINT('',(-0.221653543307087,-0.139370078740157,0.344094488188976));
#1061=VERTEX_POINT('',#1060);
#1062=CARTESIAN_POINT('',(-0.221653543307087,-0.139370078740157,0.344094488188976));
#1063=DIRECTION('',(-1.0,0.0,0.0));
#1064=VECTOR('',#1063,0.024409448818897);
#1065=LINE('',#1062,#1064);
#1066=EDGE_CURVE('',#1061,#1053,#1065,.T.);
#1067=ORIENTED_EDGE('',*,*,#1066,.F.);
#1068=CARTESIAN_POINT('',(-0.201968503937008,-0.119685039370079,0.344094488188976));
#1069=VERTEX_POINT('',#1068);
#1070=CARTESIAN_POINT('',(-0.221653543307087,-0.119685039370079,0.344094488188976));
#1071=DIRECTION('',(0.0,0.0,-1.0));
#1072=DIRECTION('',(0.707106781186547,-0.707106781186547,0.0));
#1073=AXIS2_PLACEMENT_3D('',#1070,#1071,#1072);
#1074=CIRCLE('',#1073,0.019685039370079);
#1075=EDGE_CURVE('',#1069,#1061,#1074,.T.);
#1076=ORIENTED_EDGE('',*,*,#1075,.F.);
#1077=CARTESIAN_POINT('',(-0.201968503937008,-0.109842519685039,0.344094488188976));
#1078=VERTEX_POINT('',#1077);
#1079=CARTESIAN_POINT('',(-0.201968503937008,-0.109842519685039,0.344094488188976));
#1080=DIRECTION('',(0.0,-1.0,0.0));
#1081=VECTOR('',#1080,0.00984251968504);
#1082=LINE('',#1079,#1081);
#1083=EDGE_CURVE('',#1078,#1069,#1082,.T.);
#1084=ORIENTED_EDGE('',*,*,#1083,.F.);
#1085=CARTESIAN_POINT('',(-0.192125984251969,-0.1,0.344094488188976));
#1086=VERTEX_POINT('',#1085);
#1087=CARTESIAN_POINT('',(-0.192125984251969,-0.109842519685039,0.344094488188976));
#1088=DIRECTION('',(0.0,0.0,1.0));
#1089=DIRECTION('',(-0.707106781186549,0.707106781186546,0.0));
#1090=AXIS2_PLACEMENT_3D('',#1087,#1088,#1089);
#1091=CIRCLE('',#1090,0.009842519685039);
#1092=EDGE_CURVE('',#1086,#1078,#1091,.T.);
#1093=ORIENTED_EDGE('',*,*,#1092,.F.);
#1094=CARTESIAN_POINT('',(-0.2,-0.1,0.344094488188976));
#1095=VERTEX_POINT('',#1094);
#1096=CARTESIAN_POINT('',(-0.2,-0.1,0.344094488188976));
#1097=DIRECTION('',(1.0,0.0,0.0));
#1098=VECTOR('',#1097,0.007874015748031);
#1099=LINE('',#1096,#1098);
#1100=EDGE_CURVE('',#1095,#1086,#1099,.T.);
#1101=ORIENTED_EDGE('',*,*,#1100,.F.);
#1102=CARTESIAN_POINT('',(-0.2,-0.091800883090725,0.344094488188976));
#1103=DIRECTION('',(0.0,-1.0,0.0));
#1104=VECTOR('',#1103,0.008199116909275);
#1105=LINE('',#1102,#1104);
#1106=EDGE_CURVE('',#1010,#1095,#1105,.T.);
#1107=ORIENTED_EDGE('',*,*,#1106,.F.);
#1108=EDGE_LOOP('',(#1041,#1042,#1043,#1051,#1059,#1067,#1076,#1084,#1093,#1101,#1107));
#1109=FACE_OUTER_BOUND('',#1108,.T.);
#1110=ADVANCED_FACE('',(#1109),#1040,.T.);
#1111=CARTESIAN_POINT('',(-0.144488188976378,-0.100492125984252,0.265354330708661));
#1112=DIRECTION('',(0.0,0.0,1.0));
#1113=DIRECTION('',(1.0,0.0,0.0));
#1114=AXIS2_PLACEMENT_3D('',#1111,#1112,#1113);
#1115=PLANE('',#1114);
#1116=CARTESIAN_POINT('',(-0.144291338582677,-0.1,0.265354330708661));
#1117=VERTEX_POINT('',#1116);
#1118=CARTESIAN_POINT('',(-0.144291338582677,-0.090157480314961,0.265354330708661));
#1119=VERTEX_POINT('',#1118);
#1120=CARTESIAN_POINT('',(-0.144291338582677,-0.1,0.265354330708661));
#1121=DIRECTION('',(0.0,1.0,0.0));
#1122=VECTOR('',#1121,0.009842519685039);
#1123=LINE('',#1120,#1122);
#1124=EDGE_CURVE('',#1117,#1119,#1123,.T.);
#1125=ORIENTED_EDGE('',*,*,#1124,.T.);
#1126=CARTESIAN_POINT('',(-0.140354330708661,-0.090157480314961,0.265354330708661));
#1127=VERTEX_POINT('',#1126);
#1128=CARTESIAN_POINT('',(-0.144291338582677,-0.090157480314961,0.265354330708661));
#1129=DIRECTION('',(1.0,0.0,0.0));
#1130=VECTOR('',#1129,0.003937007874016);
#1131=LINE('',#1128,#1130);
#1132=EDGE_CURVE('',#1119,#1127,#1131,.T.);
#1133=ORIENTED_EDGE('',*,*,#1132,.T.);
#1134=CARTESIAN_POINT('',(-0.140354330708661,-0.1,0.265354330708661));
#1135=VERTEX_POINT('',#1134);
#1136=CARTESIAN_POINT('',(-0.140354330708661,-0.090157480314961,0.265354330708661));
#1137=DIRECTION('',(0.0,-1.0,0.0));
#1138=VECTOR('',#1137,0.009842519685039);
#1139=LINE('',#1136,#1138);
#1140=EDGE_CURVE('',#1127,#1135,#1139,.T.);
#1141=ORIENTED_EDGE('',*,*,#1140,.T.);
#1142=CARTESIAN_POINT('',(-0.144291338582677,-0.1,0.265354330708661));
#1143=DIRECTION('',(1.0,0.0,0.0));
#1144=VECTOR('',#1143,0.003937007874016);
#1145=LINE('',#1142,#1144);
#1146=EDGE_CURVE('',#1117,#1135,#1145,.T.);
#1147=ORIENTED_EDGE('',*,*,#1146,.F.);
#1148=EDGE_LOOP('',(#1125,#1133,#1141,#1147));
#1149=FACE_OUTER_BOUND('',#1148,.T.);
#1150=ADVANCED_FACE('',(#1149),#1115,.F.);
#1151=CARTESIAN_POINT('',(-0.221653543307087,-0.119685039370079,0.261417322834645));
#1152=DIRECTION('',(0.0,0.0,1.0));
#1153=DIRECTION('',(-0.707106781186547,0.707106781186548,0.0));
#1154=AXIS2_PLACEMENT_3D('',#1151,#1152,#1153);
#1155=CYLINDRICAL_SURFACE('',#1154,0.019685039370079);
#1156=ORIENTED_EDGE('',*,*,#1075,.T.);
#1157=CARTESIAN_POINT('',(-0.221653543307087,-0.139370078740157,0.344094488188976));
#1158=DIRECTION('',(0.0,0.0,-1.0));
#1159=VECTOR('',#1158,0.078740157480315);
#1160=LINE('',#1157,#1159);
#1161=EDGE_CURVE('',#1061,#599,#1160,.T.);
#1162=ORIENTED_EDGE('',*,*,#1161,.T.);
#1163=ORIENTED_EDGE('',*,*,#605,.T.);
#1164=CARTESIAN_POINT('',(-0.201968503937008,-0.119685039370079,0.265354330708661));
#1165=DIRECTION('',(0.0,0.0,1.0));
#1166=VECTOR('',#1165,0.078740157480315);
#1167=LINE('',#1164,#1166);
#1168=EDGE_CURVE('',#591,#1069,#1167,.T.);
#1169=ORIENTED_EDGE('',*,*,#1168,.T.);
#1170=EDGE_LOOP('',(#1156,#1162,#1163,#1169));
#1171=FACE_OUTER_BOUND('',#1170,.T.);
#1172=ADVANCED_FACE('',(#1171),#1155,.T.);
#1173=CARTESIAN_POINT('',(-0.247283464566929,-0.139370078740157,0.261417322834645));
#1174=DIRECTION('',(0.0,1.0,0.0));
#1175=DIRECTION('',(0.0,0.0,1.0));
#1176=AXIS2_PLACEMENT_3D('',#1173,#1174,#1175);
#1177=PLANE('',#1176);
#1178=ORIENTED_EDGE('',*,*,#1161,.F.);
#1179=ORIENTED_EDGE('',*,*,#1066,.T.);
#1180=CARTESIAN_POINT('',(-0.246062992125984,-0.139370078740157,0.265354330708661));
#1181=DIRECTION('',(0.0,0.0,1.0));
#1182=VECTOR('',#1181,0.078740157480315);
#1183=LINE('',#1180,#1182);
#1184=EDGE_CURVE('',#608,#1053,#1183,.T.);
#1185=ORIENTED_EDGE('',*,*,#1184,.F.);
#1186=ORIENTED_EDGE('',*,*,#613,.T.);
#1187=EDGE_LOOP('',(#1178,#1179,#1185,#1186));
#1188=FACE_OUTER_BOUND('',#1187,.T.);
#1189=ADVANCED_FACE('',(#1188),#1177,.F.);
#1190=CARTESIAN_POINT('',(-0.192125984251969,-0.109842519685039,0.261417322834645));
#1191=DIRECTION('',(0.0,0.0,1.0));
#1192=DIRECTION('',(0.707106781186547,-0.707106781186548,0.0));
#1193=AXIS2_PLACEMENT_3D('',#1190,#1191,#1192);
#1194=CYLINDRICAL_SURFACE('',#1193,0.009842519685039);
#1195=ORIENTED_EDGE('',*,*,#1092,.T.);
#1196=CARTESIAN_POINT('',(-0.201968503937008,-0.109842519685039,0.344094488188976));
#1197=DIRECTION('',(0.0,0.0,-1.0));
#1198=VECTOR('',#1197,0.078740157480315);
#1199=LINE('',#1196,#1198);
#1200=EDGE_CURVE('',#1078,#582,#1199,.T.);
#1201=ORIENTED_EDGE('',*,*,#1200,.T.);
#1202=ORIENTED_EDGE('',*,*,#588,.T.);
#1203=CARTESIAN_POINT('',(-0.192125984251969,-0.1,0.265354330708661));
#1204=DIRECTION('',(0.0,0.0,1.0));
#1205=VECTOR('',#1204,0.078740157480315);
#1206=LINE('',#1203,#1205);
#1207=EDGE_CURVE('',#574,#1086,#1206,.T.);
#1208=ORIENTED_EDGE('',*,*,#1207,.T.);
#1209=EDGE_LOOP('',(#1195,#1201,#1202,#1208));
#1210=FACE_OUTER_BOUND('',#1209,.T.);
#1211=ADVANCED_FACE('',(#1210),#1194,.F.);
#1212=CARTESIAN_POINT('',(-0.247283464566929,-0.129527559055118,0.261417322834645));
#1213=DIRECTION('',(0.0,1.0,0.0));
#1214=DIRECTION('',(0.0,0.0,1.0));
#1215=AXIS2_PLACEMENT_3D('',#1212,#1213,#1214);
#1216=PLANE('',#1215);
#1217=ORIENTED_EDGE('',*,*,#973,.F.);
#1218=ORIENTED_EDGE('',*,*,#629,.T.);
#1219=CARTESIAN_POINT('',(-0.246062992125984,-0.129527559055118,0.344094488188976));
#1220=DIRECTION('',(0.0,0.0,-1.0));
#1221=VECTOR('',#1220,0.078740157480315);
#1222=LINE('',#1219,#1221);
#1223=EDGE_CURVE('',#1045,#616,#1222,.T.);
#1224=ORIENTED_EDGE('',*,*,#1223,.F.);
#1225=ORIENTED_EDGE('',*,*,#1050,.F.);
#1226=EDGE_LOOP('',(#1217,#1218,#1224,#1225));
#1227=FACE_OUTER_BOUND('',#1226,.T.);
#1228=ADVANCED_FACE('',(#1227),#1216,.T.);
#1229=CARTESIAN_POINT('',(-0.246062992125984,-0.139862204724409,0.261417322834645));
#1230=DIRECTION('',(-1.0,0.0,0.0));
#1231=DIRECTION('',(0.0,0.0,1.0));
#1232=AXIS2_PLACEMENT_3D('',#1229,#1230,#1231);
#1233=PLANE('',#1232);
#1234=ORIENTED_EDGE('',*,*,#1058,.T.);
#1235=ORIENTED_EDGE('',*,*,#1223,.T.);
#1236=ORIENTED_EDGE('',*,*,#621,.T.);
#1237=ORIENTED_EDGE('',*,*,#1184,.T.);
#1238=EDGE_LOOP('',(#1234,#1235,#1236,#1237));
#1239=FACE_OUTER_BOUND('',#1238,.T.);
#1240=ADVANCED_FACE('',(#1239),#1233,.T.);
#1241=CARTESIAN_POINT('',(-0.201968503937008,-0.120177165354331,0.348031496062992));
#1242=DIRECTION('',(1.0,0.0,0.0));
#1243=DIRECTION('',(0.0,0.0,-1.0));
#1244=AXIS2_PLACEMENT_3D('',#1241,#1242,#1243);
#1245=PLANE('',#1244);
#1246=ORIENTED_EDGE('',*,*,#1168,.F.);
#1247=ORIENTED_EDGE('',*,*,#596,.F.);
#1248=ORIENTED_EDGE('',*,*,#1200,.F.);
#1249=ORIENTED_EDGE('',*,*,#1083,.T.);
#1250=EDGE_LOOP('',(#1246,#1247,#1248,#1249));
#1251=FACE_OUTER_BOUND('',#1250,.T.);
#1252=ADVANCED_FACE('',(#1251),#1245,.T.);
#1253=CARTESIAN_POINT('',(0.221653543307087,-0.119685039370079,0.348031496062992));
#1254=DIRECTION('',(0.0,0.0,-1.0));
#1255=DIRECTION('',(0.707106781186547,0.707106781186548,0.0));
#1256=AXIS2_PLACEMENT_3D('',#1253,#1254,#1255);
#1257=CYLINDRICAL_SURFACE('',#1256,0.009842519685039);
#1258=CARTESIAN_POINT('',(0.211811023622047,-0.119685039370079,0.344094488188976));
#1259=VERTEX_POINT('',#1258);
#1260=CARTESIAN_POINT('',(0.221653543307087,-0.129527559055118,0.344094488188976));
#1261=VERTEX_POINT('',#1260);
#1262=CARTESIAN_POINT('',(0.221653543307087,-0.119685039370079,0.344094488188976));
#1263=DIRECTION('',(0.0,0.0,1.0));
#1264=DIRECTION('',(-0.707106781186546,-0.707106781186549,0.0));
#1265=AXIS2_PLACEMENT_3D('',#1262,#1263,#1264);
#1266=CIRCLE('',#1265,0.009842519685039);
#1267=EDGE_CURVE('',#1259,#1261,#1266,.T.);
#1268=ORIENTED_EDGE('',*,*,#1267,.T.);
#1269=CARTESIAN_POINT('',(0.221653543307087,-0.129527559055118,0.265354330708661));
#1270=VERTEX_POINT('',#1269);
#1271=CARTESIAN_POINT('',(0.221653543307087,-0.129527559055118,0.344094488188976));
#1272=DIRECTION('',(0.0,0.0,-1.0));
#1273=VECTOR('',#1272,0.078740157480315);
#1274=LINE('',#1271,#1273);
#1275=EDGE_CURVE('',#1261,#1270,#1274,.T.);
#1276=ORIENTED_EDGE('',*,*,#1275,.T.);
#1277=CARTESIAN_POINT('',(0.211811023622047,-0.119685039370079,0.265354330708661));
#1278=VERTEX_POINT('',#1277);
#1279=CARTESIAN_POINT('',(0.221653543307087,-0.119685039370079,0.265354330708661));
#1280=DIRECTION('',(0.0,0.0,-1.0));
#1281=DIRECTION('',(-0.707106781186546,-0.707106781186549,0.0));
#1282=AXIS2_PLACEMENT_3D('',#1279,#1280,#1281);
#1283=CIRCLE('',#1282,0.009842519685039);
#1284=EDGE_CURVE('',#1270,#1278,#1283,.T.);
#1285=ORIENTED_EDGE('',*,*,#1284,.T.);
#1286=CARTESIAN_POINT('',(0.211811023622047,-0.119685039370079,0.265354330708661));
#1287=DIRECTION('',(0.0,0.0,1.0));
#1288=VECTOR('',#1287,0.078740157480315);
#1289=LINE('',#1286,#1288);
#1290=EDGE_CURVE('',#1278,#1259,#1289,.T.);
#1291=ORIENTED_EDGE('',*,*,#1290,.T.);
#1292=EDGE_LOOP('',(#1268,#1276,#1285,#1291));
#1293=FACE_OUTER_BOUND('',#1292,.T.);
#1294=ADVANCED_FACE('',(#1293),#1257,.F.);
#1295=CARTESIAN_POINT('',(0.220433070866142,-0.129527559055118,0.261417322834645));
#1296=DIRECTION('',(0.0,1.0,0.0));
#1297=DIRECTION('',(0.0,0.0,1.0));
#1298=AXIS2_PLACEMENT_3D('',#1295,#1296,#1297);
#1299=PLANE('',#1298);
#1300=ORIENTED_EDGE('',*,*,#1275,.F.);
#1301=CARTESIAN_POINT('',(0.246062992125984,-0.129527559055118,0.344094488188976));
#1302=VERTEX_POINT('',#1301);
#1303=CARTESIAN_POINT('',(0.221653543307087,-0.129527559055118,0.344094488188976));
#1304=DIRECTION('',(1.0,0.0,0.0));
#1305=VECTOR('',#1304,0.024409448818897);
#1306=LINE('',#1303,#1305);
#1307=EDGE_CURVE('',#1261,#1302,#1306,.T.);
#1308=ORIENTED_EDGE('',*,*,#1307,.T.);
#1309=CARTESIAN_POINT('',(0.246062992125984,-0.129527559055118,0.265354330708661));
#1310=VERTEX_POINT('',#1309);
#1311=CARTESIAN_POINT('',(0.246062992125984,-0.129527559055118,0.344094488188976));
#1312=DIRECTION('',(0.0,0.0,-1.0));
#1313=VECTOR('',#1312,0.078740157480315);
#1314=LINE('',#1311,#1313);
#1315=EDGE_CURVE('',#1302,#1310,#1314,.T.);
#1316=ORIENTED_EDGE('',*,*,#1315,.T.);
#1317=CARTESIAN_POINT('',(0.221653543307087,-0.129527559055118,0.265354330708661));
#1318=DIRECTION('',(1.0,0.0,0.0));
#1319=VECTOR('',#1318,0.024409448818897);
#1320=LINE('',#1317,#1319);
#1321=EDGE_CURVE('',#1270,#1310,#1320,.T.);
#1322=ORIENTED_EDGE('',*,*,#1321,.F.);
#1323=EDGE_LOOP('',(#1300,#1308,#1316,#1322));
#1324=FACE_OUTER_BOUND('',#1323,.T.);
#1325=ADVANCED_FACE('',(#1324),#1299,.T.);
#1326=CARTESIAN_POINT('',(0.192125984251969,-0.109842519685039,0.348031496062992));
#1327=DIRECTION('',(0.0,0.0,-1.0));
#1328=DIRECTION('',(-0.707106781186546,-0.707106781186549,0.0));
#1329=AXIS2_PLACEMENT_3D('',#1326,#1327,#1328);
#1330=CYLINDRICAL_SURFACE('',#1329,0.019685039370079);
#1331=CARTESIAN_POINT('',(0.211811023622047,-0.109842519685039,0.265354330708661));
#1332=VERTEX_POINT('',#1331);
#1333=CARTESIAN_POINT('',(0.192125984251969,-0.090157480314961,0.265354330708661));
#1334=VERTEX_POINT('',#1333);
#1335=CARTESIAN_POINT('',(0.192125984251969,-0.109842519685039,0.265354330708661));
#1336=DIRECTION('',(0.0,0.0,1.0));
#1337=DIRECTION('',(0.707106781186547,0.707106781186547,0.0));
#1338=AXIS2_PLACEMENT_3D('',#1335,#1336,#1337);
#1339=CIRCLE('',#1338,0.019685039370079);
#1340=EDGE_CURVE('',#1332,#1334,#1339,.T.);
#1341=ORIENTED_EDGE('',*,*,#1340,.T.);
#1342=CARTESIAN_POINT('',(0.192125984251969,-0.090157480314961,0.344094488188976));
#1343=VERTEX_POINT('',#1342);
#1344=CARTESIAN_POINT('',(0.192125984251969,-0.090157480314961,0.265354330708661));
#1345=DIRECTION('',(0.0,0.0,1.0));
#1346=VECTOR('',#1345,0.078740157480315);
#1347=LINE('',#1344,#1346);
#1348=EDGE_CURVE('',#1334,#1343,#1347,.T.);
#1349=ORIENTED_EDGE('',*,*,#1348,.T.);
#1350=CARTESIAN_POINT('',(0.2,-0.091800883090725,0.344094488188976));
#1351=VERTEX_POINT('',#1350);
#1352=CARTESIAN_POINT('',(0.192125984251969,-0.109842519685039,0.344094488188976));
#1353=DIRECTION('',(0.0,0.0,-1.0));
#1354=DIRECTION('',(0.707106781186547,0.707106781186547,0.0));
#1355=AXIS2_PLACEMENT_3D('',#1352,#1353,#1354);
#1356=CIRCLE('',#1355,0.019685039370079);
#1357=EDGE_CURVE('',#1343,#1351,#1356,.T.);
#1358=ORIENTED_EDGE('',*,*,#1357,.T.);
#1359=CARTESIAN_POINT('',(0.211811023622047,-0.109842519685039,0.344094488188976));
#1360=VERTEX_POINT('',#1359);
#1361=CARTESIAN_POINT('',(0.192125984251969,-0.109842519685039,0.344094488188976));
#1362=DIRECTION('',(0.0,0.0,-1.0));
#1363=DIRECTION('',(0.707106781186547,0.707106781186547,0.0));
#1364=AXIS2_PLACEMENT_3D('',#1361,#1362,#1363);
#1365=CIRCLE('',#1364,0.019685039370079);
#1366=EDGE_CURVE('',#1351,#1360,#1365,.T.);
#1367=ORIENTED_EDGE('',*,*,#1366,.T.);
#1368=CARTESIAN_POINT('',(0.211811023622047,-0.109842519685039,0.344094488188976));
#1369=DIRECTION('',(0.0,0.0,-1.0));
#1370=VECTOR('',#1369,0.078740157480315);
#1371=LINE('',#1368,#1370);
#1372=EDGE_CURVE('',#1360,#1332,#1371,.T.);
#1373=ORIENTED_EDGE('',*,*,#1372,.T.);
#1374=EDGE_LOOP('',(#1341,#1349,#1358,#1367,#1373));
#1375=FACE_OUTER_BOUND('',#1374,.T.);
#1376=ADVANCED_FACE('',(#1375),#1330,.T.);
#1377=CARTESIAN_POINT('',(0.155738188976378,-0.141830708661418,0.265354330708661));
#1378=DIRECTION('',(0.0,0.0,1.0));
#1379=DIRECTION('',(1.0,0.0,0.0));
#1380=AXIS2_PLACEMENT_3D('',#1377,#1378,#1379);
#1381=PLANE('',#1380);
#1382=CARTESIAN_POINT('',(0.16003937007874,-0.090157480314961,0.265354330708661));
#1383=VERTEX_POINT('',#1382);
#1384=CARTESIAN_POINT('',(0.16003937007874,-0.1,0.265354330708661));
#1385=VERTEX_POINT('',#1384);
#1386=CARTESIAN_POINT('',(0.16003937007874,-0.090157480314961,0.265354330708661));
#1387=DIRECTION('',(0.0,-1.0,0.0));
#1388=VECTOR('',#1387,0.009842519685039);
#1389=LINE('',#1386,#1388);
#1390=EDGE_CURVE('',#1383,#1385,#1389,.T.);
#1391=ORIENTED_EDGE('',*,*,#1390,.F.);
#1392=CARTESIAN_POINT('',(0.16003937007874,-0.090157480314961,0.265354330708661));
#1393=DIRECTION('',(1.0,0.0,0.0));
#1394=VECTOR('',#1393,0.032086614173229);
#1395=LINE('',#1392,#1394);
#1396=EDGE_CURVE('',#1383,#1334,#1395,.T.);
#1397=ORIENTED_EDGE('',*,*,#1396,.T.);
#1398=ORIENTED_EDGE('',*,*,#1340,.F.);
#1399=CARTESIAN_POINT('',(0.211811023622047,-0.109842519685039,0.265354330708661));
#1400=DIRECTION('',(0.0,-1.0,0.0));
#1401=VECTOR('',#1400,0.00984251968504);
#1402=LINE('',#1399,#1401);
#1403=EDGE_CURVE('',#1332,#1278,#1402,.T.);
#1404=ORIENTED_EDGE('',*,*,#1403,.T.);
#1405=ORIENTED_EDGE('',*,*,#1284,.F.);
#1406=ORIENTED_EDGE('',*,*,#1321,.T.);
#1407=CARTESIAN_POINT('',(0.246062992125984,-0.139370078740157,0.265354330708661));
#1408=VERTEX_POINT('',#1407);
#1409=CARTESIAN_POINT('',(0.246062992125984,-0.129527559055118,0.265354330708661));
#1410=DIRECTION('',(0.0,-1.0,0.0));
#1411=VECTOR('',#1410,0.009842519685039);
#1412=LINE('',#1409,#1411);
#1413=EDGE_CURVE('',#1310,#1408,#1412,.T.);
#1414=ORIENTED_EDGE('',*,*,#1413,.T.);
#1415=CARTESIAN_POINT('',(0.221653543307087,-0.139370078740157,0.265354330708661));
#1416=VERTEX_POINT('',#1415);
#1417=CARTESIAN_POINT('',(0.246062992125984,-0.139370078740157,0.265354330708661));
#1418=DIRECTION('',(-1.0,0.0,0.0));
#1419=VECTOR('',#1418,0.024409448818897);
#1420=LINE('',#1417,#1419);
#1421=EDGE_CURVE('',#1408,#1416,#1420,.T.);
#1422=ORIENTED_EDGE('',*,*,#1421,.T.);
#1423=CARTESIAN_POINT('',(0.201968503937008,-0.119685039370079,0.265354330708661));
#1424=VERTEX_POINT('',#1423);
#1425=CARTESIAN_POINT('',(0.221653543307087,-0.119685039370079,0.265354330708661));
#1426=DIRECTION('',(0.0,0.0,1.0));
#1427=DIRECTION('',(-0.707106781186547,-0.707106781186547,0.0));
#1428=AXIS2_PLACEMENT_3D('',#1425,#1426,#1427);
#1429=CIRCLE('',#1428,0.019685039370079);
#1430=EDGE_CURVE('',#1424,#1416,#1429,.T.);
#1431=ORIENTED_EDGE('',*,*,#1430,.F.);
#1432=CARTESIAN_POINT('',(0.201968503937008,-0.109842519685039,0.265354330708661));
#1433=VERTEX_POINT('',#1432);
#1434=CARTESIAN_POINT('',(0.201968503937008,-0.109842519685039,0.265354330708661));
#1435=DIRECTION('',(0.0,-1.0,0.0));
#1436=VECTOR('',#1435,0.00984251968504);
#1437=LINE('',#1434,#1436);
#1438=EDGE_CURVE('',#1433,#1424,#1437,.T.);
#1439=ORIENTED_EDGE('',*,*,#1438,.F.);
#1440=CARTESIAN_POINT('',(0.192125984251969,-0.1,0.265354330708661));
#1441=VERTEX_POINT('',#1440);
#1442=CARTESIAN_POINT('',(0.192125984251969,-0.109842519685039,0.265354330708661));
#1443=DIRECTION('',(0.0,0.0,-1.0));
#1444=DIRECTION('',(0.707106781186549,0.707106781186546,0.0));
#1445=AXIS2_PLACEMENT_3D('',#1442,#1443,#1444);
#1446=CIRCLE('',#1445,0.009842519685039);
#1447=EDGE_CURVE('',#1441,#1433,#1446,.T.);
#1448=ORIENTED_EDGE('',*,*,#1447,.F.);
#1449=CARTESIAN_POINT('',(0.16003937007874,-0.1,0.265354330708661));
#1450=DIRECTION('',(1.0,0.0,0.0));
#1451=VECTOR('',#1450,0.032086614173229);
#1452=LINE('',#1449,#1451);
#1453=EDGE_CURVE('',#1385,#1441,#1452,.T.);
#1454=ORIENTED_EDGE('',*,*,#1453,.F.);
#1455=EDGE_LOOP('',(#1391,#1397,#1398,#1404,#1405,#1406,#1414,#1422,#1431,#1439,#1448,#1454));
#1456=FACE_OUTER_BOUND('',#1455,.T.);
#1457=ADVANCED_FACE('',(#1456),#1381,.F.);
#1458=CARTESIAN_POINT('',(0.211811023622047,-0.120177165354331,0.348031496062992));
#1459=DIRECTION('',(1.0,0.0,0.0));
#1460=DIRECTION('',(0.0,0.0,-1.0));
#1461=AXIS2_PLACEMENT_3D('',#1458,#1459,#1460);
#1462=PLANE('',#1461);
#1463=ORIENTED_EDGE('',*,*,#1290,.F.);
#1464=ORIENTED_EDGE('',*,*,#1403,.F.);
#1465=ORIENTED_EDGE('',*,*,#1372,.F.);
#1466=CARTESIAN_POINT('',(0.211811023622047,-0.119685039370079,0.344094488188976));
#1467=DIRECTION('',(0.0,1.0,0.0));
#1468=VECTOR('',#1467,0.00984251968504);
#1469=LINE('',#1466,#1468);
#1470=EDGE_CURVE('',#1259,#1360,#1469,.T.);
#1471=ORIENTED_EDGE('',*,*,#1470,.F.);
#1472=EDGE_LOOP('',(#1463,#1464,#1465,#1471));
#1473=FACE_OUTER_BOUND('',#1472,.T.);
#1474=ADVANCED_FACE('',(#1473),#1462,.T.);
#1475=CARTESIAN_POINT('',(0.189429133858268,-0.14174853852263,0.344094488188976));
#1476=DIRECTION('',(0.0,0.0,1.0));
#1477=DIRECTION('',(1.0,0.0,0.0));
#1478=AXIS2_PLACEMENT_3D('',#1475,#1476,#1477);
#1479=PLANE('',#1478);
#1480=ORIENTED_EDGE('',*,*,#1366,.F.);
#1481=CARTESIAN_POINT('',(0.2,-0.1,0.344094488188976));
#1482=VERTEX_POINT('',#1481);
#1483=CARTESIAN_POINT('',(0.2,-0.1,0.344094488188976));
#1484=DIRECTION('',(0.0,1.0,0.0));
#1485=VECTOR('',#1484,0.008199116909275);
#1486=LINE('',#1483,#1485);
#1487=EDGE_CURVE('',#1482,#1351,#1486,.T.);
#1488=ORIENTED_EDGE('',*,*,#1487,.F.);
#1489=CARTESIAN_POINT('',(0.192125984251969,-0.1,0.344094488188976));
#1490=VERTEX_POINT('',#1489);
#1491=CARTESIAN_POINT('',(0.192125984251969,-0.1,0.344094488188976));
#1492=DIRECTION('',(1.0,0.0,0.0));
#1493=VECTOR('',#1492,0.007874015748031);
#1494=LINE('',#1491,#1493);
#1495=EDGE_CURVE('',#1490,#1482,#1494,.T.);
#1496=ORIENTED_EDGE('',*,*,#1495,.F.);
#1497=CARTESIAN_POINT('',(0.201968503937008,-0.109842519685039,0.344094488188976));
#1498=VERTEX_POINT('',#1497);
#1499=CARTESIAN_POINT('',(0.192125984251969,-0.109842519685039,0.344094488188976));
#1500=DIRECTION('',(0.0,0.0,-1.0));
#1501=DIRECTION('',(0.707106781186549,0.707106781186546,0.0));
#1502=AXIS2_PLACEMENT_3D('',#1499,#1500,#1501);
#1503=CIRCLE('',#1502,0.009842519685039);
#1504=EDGE_CURVE('',#1490,#1498,#1503,.T.);
#1505=ORIENTED_EDGE('',*,*,#1504,.T.);
#1506=CARTESIAN_POINT('',(0.201968503937008,-0.119685039370079,0.344094488188976));
#1507=VERTEX_POINT('',#1506);
#1508=CARTESIAN_POINT('',(0.201968503937008,-0.109842519685039,0.344094488188976));
#1509=DIRECTION('',(0.0,-1.0,0.0));
#1510=VECTOR('',#1509,0.00984251968504);
#1511=LINE('',#1508,#1510);
#1512=EDGE_CURVE('',#1498,#1507,#1511,.T.);
#1513=ORIENTED_EDGE('',*,*,#1512,.T.);
#1514=CARTESIAN_POINT('',(0.221653543307087,-0.139370078740157,0.344094488188976));
#1515=VERTEX_POINT('',#1514);
#1516=CARTESIAN_POINT('',(0.221653543307087,-0.119685039370079,0.344094488188976));
#1517=DIRECTION('',(0.0,0.0,-1.0));
#1518=DIRECTION('',(-0.707106781186547,-0.707106781186547,0.0));
#1519=AXIS2_PLACEMENT_3D('',#1516,#1517,#1518);
#1520=CIRCLE('',#1519,0.019685039370079);
#1521=EDGE_CURVE('',#1515,#1507,#1520,.T.);
#1522=ORIENTED_EDGE('',*,*,#1521,.F.);
#1523=CARTESIAN_POINT('',(0.246062992125984,-0.139370078740157,0.344094488188976));
#1524=VERTEX_POINT('',#1523);
#1525=CARTESIAN_POINT('',(0.221653543307087,-0.139370078740157,0.344094488188976));
#1526=DIRECTION('',(1.0,0.0,0.0));
#1527=VECTOR('',#1526,0.024409448818897);
#1528=LINE('',#1525,#1527);
#1529=EDGE_CURVE('',#1515,#1524,#1528,.T.);
#1530=ORIENTED_EDGE('',*,*,#1529,.T.);
#1531=CARTESIAN_POINT('',(0.246062992125984,-0.139370078740157,0.344094488188976));
#1532=DIRECTION('',(0.0,1.0,0.0));
#1533=VECTOR('',#1532,0.009842519685039);
#1534=LINE('',#1531,#1533);
#1535=EDGE_CURVE('',#1524,#1302,#1534,.T.);
#1536=ORIENTED_EDGE('',*,*,#1535,.T.);
#1537=ORIENTED_EDGE('',*,*,#1307,.F.);
#1538=ORIENTED_EDGE('',*,*,#1267,.F.);
#1539=ORIENTED_EDGE('',*,*,#1470,.T.);
#1540=EDGE_LOOP('',(#1480,#1488,#1496,#1505,#1513,#1522,#1530,#1536,#1537,#1538,#1539));
#1541=FACE_OUTER_BOUND('',#1540,.T.);
#1542=ADVANCED_FACE('',(#1541),#1479,.T.);
#1543=CARTESIAN_POINT('',(0.221653543307087,-0.119685039370079,0.261417322834645));
#1544=DIRECTION('',(0.0,0.0,1.0));
#1545=DIRECTION('',(0.707106781186548,0.707106781186547,0.0));
#1546=AXIS2_PLACEMENT_3D('',#1543,#1544,#1545);
#1547=CYLINDRICAL_SURFACE('',#1546,0.019685039370079);
#1548=ORIENTED_EDGE('',*,*,#1521,.T.);
#1549=CARTESIAN_POINT('',(0.201968503937008,-0.119685039370079,0.344094488188976));
#1550=DIRECTION('',(0.0,0.0,-1.0));
#1551=VECTOR('',#1550,0.078740157480315);
#1552=LINE('',#1549,#1551);
#1553=EDGE_CURVE('',#1507,#1424,#1552,.T.);
#1554=ORIENTED_EDGE('',*,*,#1553,.T.);
#1555=ORIENTED_EDGE('',*,*,#1430,.T.);
#1556=CARTESIAN_POINT('',(0.221653543307087,-0.139370078740157,0.265354330708661));
#1557=DIRECTION('',(0.0,0.0,1.0));
#1558=VECTOR('',#1557,0.078740157480315);
#1559=LINE('',#1556,#1558);
#1560=EDGE_CURVE('',#1416,#1515,#1559,.T.);
#1561=ORIENTED_EDGE('',*,*,#1560,.T.);
#1562=EDGE_LOOP('',(#1548,#1554,#1555,#1561));
#1563=FACE_OUTER_BOUND('',#1562,.T.);
#1564=ADVANCED_FACE('',(#1563),#1547,.T.);
#1565=CARTESIAN_POINT('',(0.220433070866142,-0.139370078740157,0.261417322834645));
#1566=DIRECTION('',(0.0,1.0,0.0));
#1567=DIRECTION('',(0.0,0.0,1.0));
#1568=AXIS2_PLACEMENT_3D('',#1565,#1566,#1567);
#1569=PLANE('',#1568);
#1570=ORIENTED_EDGE('',*,*,#1560,.F.);
#1571=ORIENTED_EDGE('',*,*,#1421,.F.);
#1572=CARTESIAN_POINT('',(0.246062992125984,-0.139370078740157,0.265354330708661));
#1573=DIRECTION('',(0.0,0.0,1.0));
#1574=VECTOR('',#1573,0.078740157480315);
#1575=LINE('',#1572,#1574);
#1576=EDGE_CURVE('',#1408,#1524,#1575,.T.);
#1577=ORIENTED_EDGE('',*,*,#1576,.T.);
#1578=ORIENTED_EDGE('',*,*,#1529,.F.);
#1579=EDGE_LOOP('',(#1570,#1571,#1577,#1578));
#1580=FACE_OUTER_BOUND('',#1579,.T.);
#1581=ADVANCED_FACE('',(#1580),#1569,.F.);
#1582=CARTESIAN_POINT('',(0.192125984251969,-0.109842519685039,0.261417322834645));
#1583=DIRECTION('',(0.0,0.0,1.0));
#1584=DIRECTION('',(-0.707106781186547,-0.707106781186548,0.0));
#1585=AXIS2_PLACEMENT_3D('',#1582,#1583,#1584);
#1586=CYLINDRICAL_SURFACE('',#1585,0.009842519685039);
#1587=ORIENTED_EDGE('',*,*,#1504,.F.);
#1588=CARTESIAN_POINT('',(0.192125984251969,-0.1,0.344094488188976));
#1589=DIRECTION('',(0.0,0.0,-1.0));
#1590=VECTOR('',#1589,0.078740157480315);
#1591=LINE('',#1588,#1590);
#1592=EDGE_CURVE('',#1490,#1441,#1591,.T.);
#1593=ORIENTED_EDGE('',*,*,#1592,.T.);
#1594=ORIENTED_EDGE('',*,*,#1447,.T.);
#1595=CARTESIAN_POINT('',(0.201968503937008,-0.109842519685039,0.265354330708661));
#1596=DIRECTION('',(0.0,0.0,1.0));
#1597=VECTOR('',#1596,0.078740157480315);
#1598=LINE('',#1595,#1597);
#1599=EDGE_CURVE('',#1433,#1498,#1598,.T.);
#1600=ORIENTED_EDGE('',*,*,#1599,.T.);
#1601=EDGE_LOOP('',(#1587,#1593,#1594,#1600));
#1602=FACE_OUTER_BOUND('',#1601,.T.);
#1603=ADVANCED_FACE('',(#1602),#1586,.F.);
#1604=CARTESIAN_POINT('',(0.201968503937008,-0.120177165354331,0.261417322834645));
#1605=DIRECTION('',(-1.0,0.0,0.0));
#1606=DIRECTION('',(0.0,0.0,1.0));
#1607=AXIS2_PLACEMENT_3D('',#1604,#1605,#1606);
#1608=PLANE('',#1607);
#1609=ORIENTED_EDGE('',*,*,#1553,.F.);
#1610=ORIENTED_EDGE('',*,*,#1512,.F.);
#1611=ORIENTED_EDGE('',*,*,#1599,.F.);
#1612=ORIENTED_EDGE('',*,*,#1438,.T.);
#1613=EDGE_LOOP('',(#1609,#1610,#1611,#1612));
#1614=FACE_OUTER_BOUND('',#1613,.T.);
#1615=ADVANCED_FACE('',(#1614),#1608,.T.);
#1616=CARTESIAN_POINT('',(0.246062992125984,-0.139862204724409,0.348031496062992));
#1617=DIRECTION('',(1.0,0.0,0.0));
#1618=DIRECTION('',(0.0,0.0,-1.0));
#1619=AXIS2_PLACEMENT_3D('',#1616,#1617,#1618);
#1620=PLANE('',#1619);
#1621=ORIENTED_EDGE('',*,*,#1535,.F.);
#1622=ORIENTED_EDGE('',*,*,#1576,.F.);
#1623=ORIENTED_EDGE('',*,*,#1413,.F.);
#1624=ORIENTED_EDGE('',*,*,#1315,.F.);
#1625=EDGE_LOOP('',(#1621,#1622,#1623,#1624));
#1626=FACE_OUTER_BOUND('',#1625,.T.);
#1627=ADVANCED_FACE('',(#1626),#1620,.T.);
#1628=CARTESIAN_POINT('',(0.081299212598425,0.089665354330709,0.115439669441246));
#1629=DIRECTION('',(1.0,0.0,0.0));
#1630=DIRECTION('',(0.0,0.0,-1.0));
#1631=AXIS2_PLACEMENT_3D('',#1628,#1629,#1630);
#1632=PLANE('',#1631);
#1633=CARTESIAN_POINT('',(0.081299212598425,0.090157480314961,0.109951758030493));
#1634=VERTEX_POINT('',#1633);
#1635=CARTESIAN_POINT('',(0.081299212598425,0.1,0.088844406450675));
#1636=VERTEX_POINT('',#1635);
#1637=CARTESIAN_POINT('',(0.081299212598425,0.090157480314961,0.109951758030493));
#1638=DIRECTION('',(0.0,0.422618261740699,-0.90630778703665));
#1639=VECTOR('',#1638,0.023289385660949);
#1640=LINE('',#1637,#1639);
#1641=EDGE_CURVE('',#1634,#1636,#1640,.T.);
#1642=ORIENTED_EDGE('',*,*,#1641,.F.);
#1643=CARTESIAN_POINT('',(0.081299212598425,0.090157480314961,0.114173228346457));
#1644=VERTEX_POINT('',#1643);
#1645=CARTESIAN_POINT('',(0.081299212598425,0.090157480314961,0.114173228346457));
#1646=DIRECTION('',(0.0,0.0,-1.0));
#1647=VECTOR('',#1646,0.004221470315964);
#1648=LINE('',#1645,#1647);
#1649=EDGE_CURVE('',#1644,#1634,#1648,.T.);
#1650=ORIENTED_EDGE('',*,*,#1649,.F.);
#1651=CARTESIAN_POINT('',(0.081299212598425,0.1,0.114173228346457));
#1652=VERTEX_POINT('',#1651);
#1653=CARTESIAN_POINT('',(0.081299212598425,0.090157480314961,0.114173228346457));
#1654=DIRECTION('',(0.0,1.0,0.0));
#1655=VECTOR('',#1654,0.009842519685039);
#1656=LINE('',#1653,#1655);
#1657=EDGE_CURVE('',#1644,#1652,#1656,.T.);
#1658=ORIENTED_EDGE('',*,*,#1657,.T.);
#1659=CARTESIAN_POINT('',(0.081299212598425,0.1,0.088844406450675));
#1660=DIRECTION('',(0.0,0.0,1.0));
#1661=VECTOR('',#1660,0.025328821895782);
#1662=LINE('',#1659,#1661);
#1663=EDGE_CURVE('',#1636,#1652,#1662,.T.);
#1664=ORIENTED_EDGE('',*,*,#1663,.F.);
#1665=EDGE_LOOP('',(#1642,#1650,#1658,#1664));
#1666=FACE_OUTER_BOUND('',#1665,.T.);
#1667=ADVANCED_FACE('',(#1666),#1632,.F.);
#1668=CARTESIAN_POINT('',(-0.089429133858267,-0.100492125984252,0.114173228346457));
#1669=DIRECTION('',(0.0,0.0,1.0));
#1670=DIRECTION('',(1.0,0.0,0.0));
#1671=AXIS2_PLACEMENT_3D('',#1668,#1669,#1670);
#1672=PLANE('',#1671);
#1673=CARTESIAN_POINT('',(-0.081299212598425,-0.090157480314961,0.114173228346457));
#1674=VERTEX_POINT('',#1673);
#1675=CARTESIAN_POINT('',(0.081299212598425,-0.090157480314961,0.114173228346457));
#1676=DIRECTION('',(-1.0,0.0,0.0));
#1677=VECTOR('',#1676,0.16259842519685);
#1678=LINE('',#1675,#1677);
#1679=EDGE_CURVE('',#730,#1674,#1678,.T.);
#1680=ORIENTED_EDGE('',*,*,#1679,.F.);
#1681=ORIENTED_EDGE('',*,*,#735,.F.);
#1682=CARTESIAN_POINT('',(-0.081299212598425,-0.1,0.114173228346457));
#1683=VERTEX_POINT('',#1682);
#1684=CARTESIAN_POINT('',(-0.081299212598425,-0.1,0.114173228346457));
#1685=DIRECTION('',(1.0,0.0,0.0));
#1686=VECTOR('',#1685,0.16259842519685);
#1687=LINE('',#1684,#1686);
#1688=EDGE_CURVE('',#1683,#722,#1687,.T.);
#1689=ORIENTED_EDGE('',*,*,#1688,.F.);
#1690=CARTESIAN_POINT('',(-0.081299212598425,-0.1,0.114173228346457));
#1691=DIRECTION('',(0.0,1.0,0.0));
#1692=VECTOR('',#1691,0.009842519685039);
#1693=LINE('',#1690,#1692);
#1694=EDGE_CURVE('',#1683,#1674,#1693,.T.);
#1695=ORIENTED_EDGE('',*,*,#1694,.T.);
#1696=EDGE_LOOP('',(#1680,#1681,#1689,#1695));
#1697=FACE_OUTER_BOUND('',#1696,.T.);
#1698=ADVANCED_FACE('',(#1697),#1672,.F.);
#1699=CARTESIAN_POINT('',(-0.089429133858267,0.089665354330709,0.114173228346457));
#1700=DIRECTION('',(0.0,0.0,1.0));
#1701=DIRECTION('',(1.0,0.0,0.0));
#1702=AXIS2_PLACEMENT_3D('',#1699,#1700,#1701);
#1703=PLANE('',#1702);
#1704=CARTESIAN_POINT('',(0.081299212598425,0.1,0.114173228346457));
#1705=DIRECTION('',(-1.0,0.0,0.0));
#1706=VECTOR('',#1705,0.16259842519685);
#1707=LINE('',#1704,#1706);
#1708=EDGE_CURVE('',#1652,#762,#1707,.T.);
#1709=ORIENTED_EDGE('',*,*,#1708,.F.);
#1710=ORIENTED_EDGE('',*,*,#1657,.F.);
#1711=CARTESIAN_POINT('',(-0.081299212598425,0.090157480314961,0.114173228346457));
#1712=DIRECTION('',(1.0,0.0,0.0));
#1713=VECTOR('',#1712,0.16259842519685);
#1714=LINE('',#1711,#1713);
#1715=EDGE_CURVE('',#770,#1644,#1714,.T.);
#1716=ORIENTED_EDGE('',*,*,#1715,.F.);
#1717=ORIENTED_EDGE('',*,*,#775,.T.);
#1718=EDGE_LOOP('',(#1709,#1710,#1716,#1717));
#1719=FACE_OUTER_BOUND('',#1718,.T.);
#1720=ADVANCED_FACE('',(#1719),#1703,.F.);
#1721=CARTESIAN_POINT('',(-0.081299212598425,-0.100492125984252,0.087577965355886));
#1722=DIRECTION('',(-1.0,0.0,0.0));
#1723=DIRECTION('',(0.0,0.0,1.0));
#1724=AXIS2_PLACEMENT_3D('',#1721,#1722,#1723);
#1725=PLANE('',#1724);
#1726=CARTESIAN_POINT('',(-0.081299212598425,-0.090157480314961,0.109951758030493));
#1727=VERTEX_POINT('',#1726);
#1728=CARTESIAN_POINT('',(-0.081299212598425,-0.1,0.088844406450675));
#1729=VERTEX_POINT('',#1728);
#1730=CARTESIAN_POINT('',(-0.081299212598425,-0.090157480314961,0.109951758030493));
#1731=DIRECTION('',(0.0,-0.422618261740698,-0.90630778703665));
#1732=VECTOR('',#1731,0.023289385660949);
#1733=LINE('',#1730,#1732);
#1734=EDGE_CURVE('',#1727,#1729,#1733,.T.);
#1735=ORIENTED_EDGE('',*,*,#1734,.F.);
#1736=CARTESIAN_POINT('',(-0.081299212598425,-0.090157480314961,0.114173228346457));
#1737=DIRECTION('',(0.0,0.0,-1.0));
#1738=VECTOR('',#1737,0.004221470315964);
#1739=LINE('',#1736,#1738);
#1740=EDGE_CURVE('',#1674,#1727,#1739,.T.);
#1741=ORIENTED_EDGE('',*,*,#1740,.F.);
#1742=ORIENTED_EDGE('',*,*,#1694,.F.);
#1743=CARTESIAN_POINT('',(-0.081299212598425,-0.1,0.088844406450675));
#1744=DIRECTION('',(0.0,0.0,1.0));
#1745=VECTOR('',#1744,0.025328821895782);
#1746=LINE('',#1743,#1745);
#1747=EDGE_CURVE('',#1729,#1683,#1746,.T.);
#1748=ORIENTED_EDGE('',*,*,#1747,.F.);
#1749=EDGE_LOOP('',(#1735,#1741,#1742,#1748));
#1750=FACE_OUTER_BOUND('',#1749,.T.);
#1751=ADVANCED_FACE('',(#1750),#1725,.F.);
#1752=CARTESIAN_POINT('',(0.192125984251969,-0.081850393700788,0.273228346456693));
#1753=DIRECTION('',(0.0,1.0,0.0));
#1754=DIRECTION('',(-0.707106781186548,0.0,0.707106781186547));
#1755=AXIS2_PLACEMENT_3D('',#1752,#1753,#1754);
#1756=CYLINDRICAL_SURFACE('',#1755,0.007874015748031);
#1757=CARTESIAN_POINT('',(0.192125984251969,0.074409448818898,0.265354330708661));
#1758=VERTEX_POINT('',#1757);
#1759=CARTESIAN_POINT('',(0.2,0.074409448818898,0.273228346456693));
#1760=VERTEX_POINT('',#1759);
#1761=CARTESIAN_POINT('',(0.192125984251969,0.074409448818898,0.273228346456693));
#1762=DIRECTION('',(0.0,-1.0,0.0));
#1763=DIRECTION('',(0.707106781186547,0.0,-0.707106781186547));
#1764=AXIS2_PLACEMENT_3D('',#1761,#1762,#1763);
#1765=CIRCLE('',#1764,0.007874015748031);
#1766=EDGE_CURVE('',#1758,#1760,#1765,.T.);
#1767=ORIENTED_EDGE('',*,*,#1766,.T.);
#1768=CARTESIAN_POINT('',(0.2,-0.074409448818898,0.273228346456693));
#1769=VERTEX_POINT('',#1768);
#1770=CARTESIAN_POINT('',(0.2,0.074409448818898,0.273228346456693));
#1771=DIRECTION('',(0.0,-1.0,0.0));
#1772=VECTOR('',#1771,0.148818897637796);
#1773=LINE('',#1770,#1772);
#1774=EDGE_CURVE('',#1760,#1769,#1773,.T.);
#1775=ORIENTED_EDGE('',*,*,#1774,.T.);
#1776=CARTESIAN_POINT('',(0.192125984251969,-0.074409448818898,0.265354330708661));
#1777=VERTEX_POINT('',#1776);
#1778=CARTESIAN_POINT('',(0.192125984251969,-0.074409448818898,0.273228346456693));
#1779=DIRECTION('',(0.0,1.0,0.0));
#1780=DIRECTION('',(0.707106781186547,0.0,-0.707106781186547));
#1781=AXIS2_PLACEMENT_3D('',#1778,#1779,#1780);
#1782=CIRCLE('',#1781,0.007874015748031);
#1783=EDGE_CURVE('',#1769,#1777,#1782,.T.);
#1784=ORIENTED_EDGE('',*,*,#1783,.T.);
#1785=CARTESIAN_POINT('',(0.192125984251969,-0.074409448818898,0.265354330708661));
#1786=DIRECTION('',(0.0,1.0,0.0));
#1787=VECTOR('',#1786,0.148818897637796);
#1788=LINE('',#1785,#1787);
#1789=EDGE_CURVE('',#1777,#1758,#1788,.T.);
#1790=ORIENTED_EDGE('',*,*,#1789,.T.);
#1791=EDGE_LOOP('',(#1767,#1775,#1784,#1790));
#1792=FACE_OUTER_BOUND('',#1791,.T.);
#1793=ADVANCED_FACE('',(#1792),#1756,.T.);
#1794=CARTESIAN_POINT('',(0.144192913385826,-0.074409448818898,0.261417322834645));
#1795=DIRECTION('',(0.0,1.0,0.0));
#1796=DIRECTION('',(0.0,0.0,1.0));
#1797=AXIS2_PLACEMENT_3D('',#1794,#1795,#1796);
#1798=PLANE('',#1797);
#1799=ORIENTED_EDGE('',*,*,#1783,.F.);
#1800=CARTESIAN_POINT('',(0.2,-0.074409448818898,0.344094488188976));
#1801=VERTEX_POINT('',#1800);
#1802=CARTESIAN_POINT('',(0.2,-0.074409448818898,0.344094488188976));
#1803=DIRECTION('',(0.0,0.0,-1.0));
#1804=VECTOR('',#1803,0.070866141732283);
#1805=LINE('',#1802,#1804);
#1806=EDGE_CURVE('',#1801,#1769,#1805,.T.);
#1807=ORIENTED_EDGE('',*,*,#1806,.F.);
#1808=CARTESIAN_POINT('',(0.190157480314961,-0.074409448818898,0.344094488188976));
#1809=VERTEX_POINT('',#1808);
#1810=CARTESIAN_POINT('',(0.190157480314961,-0.074409448818898,0.344094488188976));
#1811=DIRECTION('',(1.0,0.0,0.0));
#1812=VECTOR('',#1811,0.009842519685039);
#1813=LINE('',#1810,#1812);
#1814=EDGE_CURVE('',#1809,#1801,#1813,.T.);
#1815=ORIENTED_EDGE('',*,*,#1814,.F.);
#1816=CARTESIAN_POINT('',(0.190157480314961,-0.074409448818898,0.275196850393701));
#1817=VERTEX_POINT('',#1816);
#1818=CARTESIAN_POINT('',(0.190157480314961,-0.074409448818898,0.275196850393701));
#1819=DIRECTION('',(0.0,0.0,1.0));
#1820=VECTOR('',#1819,0.068897637795275);
#1821=LINE('',#1818,#1820);
#1822=EDGE_CURVE('',#1817,#1809,#1821,.T.);
#1823=ORIENTED_EDGE('',*,*,#1822,.F.);
#1824=CARTESIAN_POINT('',(0.146850393700787,-0.074409448818898,0.275196850393701));
#1825=VERTEX_POINT('',#1824);
#1826=CARTESIAN_POINT('',(0.190157480314961,-0.074409448818898,0.275196850393701));
#1827=DIRECTION('',(-1.0,0.0,0.0));
#1828=VECTOR('',#1827,0.043307086614174);
#1829=LINE('',#1826,#1828);
#1830=EDGE_CURVE('',#1817,#1825,#1829,.T.);
#1831=ORIENTED_EDGE('',*,*,#1830,.T.);
#1832=CARTESIAN_POINT('',(0.146850393700787,-0.074409448818898,0.265354330708661));
#1833=VERTEX_POINT('',#1832);
#1834=CARTESIAN_POINT('',(0.146850393700787,-0.074409448818898,0.275196850393701));
#1835=DIRECTION('',(0.0,0.0,-1.0));
#1836=VECTOR('',#1835,0.00984251968504);
#1837=LINE('',#1834,#1836);
#1838=EDGE_CURVE('',#1825,#1833,#1837,.T.);
#1839=ORIENTED_EDGE('',*,*,#1838,.T.);
#1840=CARTESIAN_POINT('',(0.16003937007874,-0.074409448818898,0.265354330708661));
#1841=VERTEX_POINT('',#1840);
#1842=CARTESIAN_POINT('',(0.16003937007874,-0.074409448818898,0.265354330708661));
#1843=DIRECTION('',(-1.0,0.0,0.0));
#1844=VECTOR('',#1843,0.013188976377953);
#1845=LINE('',#1842,#1844);
#1846=EDGE_CURVE('',#1841,#1833,#1845,.T.);
#1847=ORIENTED_EDGE('',*,*,#1846,.F.);
#1848=CARTESIAN_POINT('',(0.192125984251969,-0.074409448818898,0.265354330708661));
#1849=DIRECTION('',(-1.0,0.0,0.0));
#1850=VECTOR('',#1849,0.032086614173229);
#1851=LINE('',#1848,#1850);
#1852=EDGE_CURVE('',#1777,#1841,#1851,.T.);
#1853=ORIENTED_EDGE('',*,*,#1852,.F.);
#1854=EDGE_LOOP('',(#1799,#1807,#1815,#1823,#1831,#1839,#1847,#1853));
#1855=FACE_OUTER_BOUND('',#1854,.T.);
#1856=ADVANCED_FACE('',(#1855),#1798,.F.);
#1857=CARTESIAN_POINT('',(0.2,-0.11,0.358779527559055));
#1858=DIRECTION('',(1.0,0.0,0.0));
#1859=DIRECTION('',(0.0,0.0,-1.0));
#1860=AXIS2_PLACEMENT_3D('',#1857,#1858,#1859);
#1861=PLANE('',#1860);
#1862=ORIENTED_EDGE('',*,*,#1487,.T.);
#1863=CARTESIAN_POINT('',(0.2,-0.090157480314961,0.344094488188976));
#1864=VERTEX_POINT('',#1863);
#1865=CARTESIAN_POINT('',(0.2,-0.091800883090725,0.344094488188976));
#1866=DIRECTION('',(0.0,1.0,0.0));
#1867=VECTOR('',#1866,0.001643402775764);
#1868=LINE('',#1865,#1867);
#1869=EDGE_CURVE('',#1351,#1864,#1868,.T.);
#1870=ORIENTED_EDGE('',*,*,#1869,.T.);
#1871=CARTESIAN_POINT('',(0.2,-0.090157480314961,0.353937007874016));
#1872=VERTEX_POINT('',#1871);
#1873=CARTESIAN_POINT('',(0.2,-0.090157480314961,0.344094488188976));
#1874=DIRECTION('',(0.0,0.0,1.0));
#1875=VECTOR('',#1874,0.00984251968504);
#1876=LINE('',#1873,#1875);
#1877=EDGE_CURVE('',#1864,#1872,#1876,.T.);
#1878=ORIENTED_EDGE('',*,*,#1877,.T.);
#1879=CARTESIAN_POINT('',(0.2,-0.074409448818898,0.353937007874016));
#1880=VERTEX_POINT('',#1879);
#1881=CARTESIAN_POINT('',(0.2,-0.090157480314961,0.353937007874016));
#1882=DIRECTION('',(0.0,1.0,0.0));
#1883=VECTOR('',#1882,0.015748031496063);
#1884=LINE('',#1881,#1883);
#1885=EDGE_CURVE('',#1872,#1880,#1884,.T.);
#1886=ORIENTED_EDGE('',*,*,#1885,.T.);
#1887=CARTESIAN_POINT('',(0.2,-0.074409448818898,0.353937007874016));
#1888=DIRECTION('',(0.0,0.0,-1.0));
#1889=VECTOR('',#1888,0.00984251968504);
#1890=LINE('',#1887,#1889);
#1891=EDGE_CURVE('',#1880,#1801,#1890,.T.);
#1892=ORIENTED_EDGE('',*,*,#1891,.T.);
#1893=ORIENTED_EDGE('',*,*,#1806,.T.);
#1894=ORIENTED_EDGE('',*,*,#1774,.F.);
#1895=CARTESIAN_POINT('',(0.2,0.074409448818898,0.344094488188976));
#1896=VERTEX_POINT('',#1895);
#1897=CARTESIAN_POINT('',(0.2,0.074409448818898,0.273228346456693));
#1898=DIRECTION('',(0.0,0.0,1.0));
#1899=VECTOR('',#1898,0.070866141732283);
#1900=LINE('',#1897,#1899);
#1901=EDGE_CURVE('',#1760,#1896,#1900,.T.);
#1902=ORIENTED_EDGE('',*,*,#1901,.T.);
#1903=CARTESIAN_POINT('',(0.2,0.074409448818898,0.353937007874016));
#1904=VERTEX_POINT('',#1903);
#1905=CARTESIAN_POINT('',(0.2,0.074409448818898,0.344094488188976));
#1906=DIRECTION('',(0.0,0.0,1.0));
#1907=VECTOR('',#1906,0.00984251968504);
#1908=LINE('',#1905,#1907);
#1909=EDGE_CURVE('',#1896,#1904,#1908,.T.);
#1910=ORIENTED_EDGE('',*,*,#1909,.T.);
#1911=CARTESIAN_POINT('',(0.2,0.090157480314961,0.353937007874016));
#1912=VERTEX_POINT('',#1911);
#1913=CARTESIAN_POINT('',(0.2,0.074409448818898,0.353937007874016));
#1914=DIRECTION('',(0.0,1.0,0.0));
#1915=VECTOR('',#1914,0.015748031496063);
#1916=LINE('',#1913,#1915);
#1917=EDGE_CURVE('',#1904,#1912,#1916,.T.);
#1918=ORIENTED_EDGE('',*,*,#1917,.T.);
#1919=CARTESIAN_POINT('',(0.2,0.090157480314961,0.344094488188976));
#1920=VERTEX_POINT('',#1919);
#1921=CARTESIAN_POINT('',(0.2,0.090157480314961,0.353937007874016));
#1922=DIRECTION('',(0.0,0.0,-1.0));
#1923=VECTOR('',#1922,0.00984251968504);
#1924=LINE('',#1921,#1923);
#1925=EDGE_CURVE('',#1912,#1920,#1924,.T.);
#1926=ORIENTED_EDGE('',*,*,#1925,.T.);
#1927=CARTESIAN_POINT('',(0.2,0.090157480314961,0.344094488188976));
#1928=DIRECTION('',(0.0,0.0,-1.0));
#1929=VECTOR('',#1928,0.078740157480315);
#1930=LINE('',#1927,#1929);
#1931=EDGE_CURVE('',#1920,#810,#1930,.T.);
#1932=ORIENTED_EDGE('',*,*,#1931,.T.);
#1933=ORIENTED_EDGE('',*,*,#815,.T.);
#1934=CARTESIAN_POINT('',(0.2,0.1,0.354330708753302));
#1935=VERTEX_POINT('',#1934);
#1936=CARTESIAN_POINT('',(0.2,0.1,0.354330708753302));
#1937=DIRECTION('',(0.0,0.0,-1.0));
#1938=VECTOR('',#1937,0.088976378044641);
#1939=LINE('',#1936,#1938);
#1940=EDGE_CURVE('',#1935,#802,#1939,.T.);
#1941=ORIENTED_EDGE('',*,*,#1940,.F.);
#1942=CARTESIAN_POINT('',(0.2,-0.1,0.354330708661417));
#1943=VERTEX_POINT('',#1942);
#1944=CARTESIAN_POINT('',(0.2,-0.1,0.354330708661417));
#1945=DIRECTION('',(0.0,1.0,0.0));
#1946=VECTOR('',#1945,0.2);
#1947=LINE('',#1944,#1946);
#1948=EDGE_CURVE('',#1943,#1935,#1947,.T.);
#1949=ORIENTED_EDGE('',*,*,#1948,.F.);
#1950=CARTESIAN_POINT('',(0.2,-0.1,0.354330708661417));
#1951=DIRECTION('',(0.0,0.0,-1.0));
#1952=VECTOR('',#1951,0.010236220472441);
#1953=LINE('',#1950,#1952);
#1954=EDGE_CURVE('',#1943,#1482,#1953,.T.);
#1955=ORIENTED_EDGE('',*,*,#1954,.T.);
#1956=EDGE_LOOP('',(#1862,#1870,#1878,#1886,#1892,#1893,#1894,#1902,#1910,#1918,#1926,#1932,#1933,#1941,#1949,#1955));
#1957=FACE_OUTER_BOUND('',#1956,.T.);
#1958=ADVANCED_FACE('',(#1957),#1861,.T.);
#1959=CARTESIAN_POINT('',(-0.192125984251969,0.081850393700788,0.273228346456693));
#1960=DIRECTION('',(0.0,-1.0,0.0));
#1961=DIRECTION('',(0.707106781186548,0.0,0.707106781186547));
#1962=AXIS2_PLACEMENT_3D('',#1959,#1960,#1961);
#1963=CYLINDRICAL_SURFACE('',#1962,0.007874015748031);
#1964=CARTESIAN_POINT('',(-0.192125984251969,-0.074409448818898,0.265354330708661));
#1965=VERTEX_POINT('',#1964);
#1966=CARTESIAN_POINT('',(-0.2,-0.074409448818898,0.273228346456693));
#1967=VERTEX_POINT('',#1966);
#1968=CARTESIAN_POINT('',(-0.192125984251969,-0.074409448818898,0.273228346456693));
#1969=DIRECTION('',(0.0,1.0,0.0));
#1970=DIRECTION('',(-0.707106781186547,0.0,-0.707106781186547));
#1971=AXIS2_PLACEMENT_3D('',#1968,#1969,#1970);
#1972=CIRCLE('',#1971,0.007874015748031);
#1973=EDGE_CURVE('',#1965,#1967,#1972,.T.);
#1974=ORIENTED_EDGE('',*,*,#1973,.T.);
#1975=CARTESIAN_POINT('',(-0.2,0.074409448818898,0.273228346456693));
#1976=VERTEX_POINT('',#1975);
#1977=CARTESIAN_POINT('',(-0.2,-0.074409448818898,0.273228346456693));
#1978=DIRECTION('',(0.0,1.0,0.0));
#1979=VECTOR('',#1978,0.148818897637796);
#1980=LINE('',#1977,#1979);
#1981=EDGE_CURVE('',#1967,#1976,#1980,.T.);
#1982=ORIENTED_EDGE('',*,*,#1981,.T.);
#1983=CARTESIAN_POINT('',(-0.192125984251969,0.074409448818898,0.265354330708661));
#1984=VERTEX_POINT('',#1983);
#1985=CARTESIAN_POINT('',(-0.192125984251969,0.074409448818898,0.273228346456693));
#1986=DIRECTION('',(0.0,-1.0,0.0));
#1987=DIRECTION('',(-0.707106781186547,0.0,-0.707106781186547));
#1988=AXIS2_PLACEMENT_3D('',#1985,#1986,#1987);
#1989=CIRCLE('',#1988,0.007874015748031);
#1990=EDGE_CURVE('',#1976,#1984,#1989,.T.);
#1991=ORIENTED_EDGE('',*,*,#1990,.T.);
#1992=CARTESIAN_POINT('',(-0.192125984251969,0.074409448818898,0.265354330708661));
#1993=DIRECTION('',(0.0,-1.0,0.0));
#1994=VECTOR('',#1993,0.148818897637796);
#1995=LINE('',#1992,#1994);
#1996=EDGE_CURVE('',#1984,#1965,#1995,.T.);
#1997=ORIENTED_EDGE('',*,*,#1996,.T.);
#1998=EDGE_LOOP('',(#1974,#1982,#1991,#1997));
#1999=FACE_OUTER_BOUND('',#1998,.T.);
#2000=ADVANCED_FACE('',(#1999),#1963,.T.);
#2001=CARTESIAN_POINT('',(-0.202657480314961,0.074409448818898,0.348031496062992));
#2002=DIRECTION('',(0.0,-1.0,0.0));
#2003=DIRECTION('',(0.0,0.0,-1.0));
#2004=AXIS2_PLACEMENT_3D('',#2001,#2002,#2003);
#2005=PLANE('',#2004);
#2006=ORIENTED_EDGE('',*,*,#1990,.F.);
#2007=CARTESIAN_POINT('',(-0.2,0.074409448818898,0.344094488188976));
#2008=VERTEX_POINT('',#2007);
#2009=CARTESIAN_POINT('',(-0.2,0.074409448818898,0.344094488188976));
#2010=DIRECTION('',(0.0,0.0,-1.0));
#2011=VECTOR('',#2010,0.070866141732283);
#2012=LINE('',#2009,#2011);
#2013=EDGE_CURVE('',#2008,#1976,#2012,.T.);
#2014=ORIENTED_EDGE('',*,*,#2013,.F.);
#2015=CARTESIAN_POINT('',(-0.190157480314961,0.074409448818898,0.344094488188976));
#2016=VERTEX_POINT('',#2015);
#2017=CARTESIAN_POINT('',(-0.190157480314961,0.074409448818898,0.344094488188976));
#2018=DIRECTION('',(-1.0,0.0,0.0));
#2019=VECTOR('',#2018,0.009842519685039);
#2020=LINE('',#2017,#2019);
#2021=EDGE_CURVE('',#2016,#2008,#2020,.T.);
#2022=ORIENTED_EDGE('',*,*,#2021,.F.);
#2023=CARTESIAN_POINT('',(-0.190157480314961,0.074409448818898,0.275196850393701));
#2024=VERTEX_POINT('',#2023);
#2025=CARTESIAN_POINT('',(-0.190157480314961,0.074409448818898,0.275196850393701));
#2026=DIRECTION('',(0.0,0.0,1.0));
#2027=VECTOR('',#2026,0.068897637795275);
#2028=LINE('',#2025,#2027);
#2029=EDGE_CURVE('',#2024,#2016,#2028,.T.);
#2030=ORIENTED_EDGE('',*,*,#2029,.F.);
#2031=CARTESIAN_POINT('',(-0.146850393700787,0.074409448818898,0.275196850393701));
#2032=VERTEX_POINT('',#2031);
#2033=CARTESIAN_POINT('',(-0.190157480314961,0.074409448818898,0.275196850393701));
#2034=DIRECTION('',(1.0,0.0,0.0));
#2035=VECTOR('',#2034,0.043307086614174);
#2036=LINE('',#2033,#2035);
#2037=EDGE_CURVE('',#2024,#2032,#2036,.T.);
#2038=ORIENTED_EDGE('',*,*,#2037,.T.);
#2039=CARTESIAN_POINT('',(-0.146850393700787,0.074409448818898,0.265354330708661));
#2040=VERTEX_POINT('',#2039);
#2041=CARTESIAN_POINT('',(-0.146850393700787,0.074409448818898,0.265354330708661));
#2042=DIRECTION('',(0.0,0.0,1.0));
#2043=VECTOR('',#2042,0.00984251968504);
#2044=LINE('',#2041,#2043);
#2045=EDGE_CURVE('',#2040,#2032,#2044,.T.);
#2046=ORIENTED_EDGE('',*,*,#2045,.F.);
#2047=CARTESIAN_POINT('',(-0.16003937007874,0.074409448818898,0.265354330708661));
#2048=VERTEX_POINT('',#2047);
#2049=CARTESIAN_POINT('',(-0.16003937007874,0.074409448818898,0.265354330708661));
#2050=DIRECTION('',(1.0,0.0,0.0));
#2051=VECTOR('',#2050,0.013188976377953);
#2052=LINE('',#2049,#2051);
#2053=EDGE_CURVE('',#2048,#2040,#2052,.T.);
#2054=ORIENTED_EDGE('',*,*,#2053,.F.);
#2055=CARTESIAN_POINT('',(-0.192125984251969,0.074409448818898,0.265354330708661));
#2056=DIRECTION('',(1.0,0.0,0.0));
#2057=VECTOR('',#2056,0.032086614173229);
#2058=LINE('',#2055,#2057);
#2059=EDGE_CURVE('',#1984,#2048,#2058,.T.);
#2060=ORIENTED_EDGE('',*,*,#2059,.F.);
#2061=EDGE_LOOP('',(#2006,#2014,#2022,#2030,#2038,#2046,#2054,#2060));
#2062=FACE_OUTER_BOUND('',#2061,.T.);
#2063=ADVANCED_FACE('',(#2062),#2005,.F.);
#2064=CARTESIAN_POINT('',(-0.2,-0.11,0.260905511811023));
#2065=DIRECTION('',(-1.0,0.0,0.0));
#2066=DIRECTION('',(0.0,0.0,1.0));
#2067=AXIS2_PLACEMENT_3D('',#2064,#2065,#2066);
#2068=PLANE('',#2067);
#2069=CARTESIAN_POINT('',(-0.2,-0.090157480314961,0.344094488188976));
#2070=VERTEX_POINT('',#2069);
#2071=CARTESIAN_POINT('',(-0.2,-0.090157480314961,0.344094488188976));
#2072=DIRECTION('',(0.0,-1.0,0.0));
#2073=VECTOR('',#2072,0.001643402775764);
#2074=LINE('',#2071,#2073);
#2075=EDGE_CURVE('',#2070,#1010,#2074,.T.);
#2076=ORIENTED_EDGE('',*,*,#2075,.T.);
#2077=ORIENTED_EDGE('',*,*,#1106,.T.);
#2078=CARTESIAN_POINT('',(-0.2,-0.1,0.354330708753302));
#2079=VERTEX_POINT('',#2078);
#2080=CARTESIAN_POINT('',(-0.2,-0.1,0.354330708753302));
#2081=DIRECTION('',(0.0,0.0,-1.0));
#2082=VECTOR('',#2081,0.010236220564326);
#2083=LINE('',#2080,#2082);
#2084=EDGE_CURVE('',#2079,#1095,#2083,.T.);
#2085=ORIENTED_EDGE('',*,*,#2084,.F.);
#2086=CARTESIAN_POINT('',(-0.2,0.1,0.354330708661417));
#2087=VERTEX_POINT('',#2086);
#2088=CARTESIAN_POINT('',(-0.2,0.1,0.354330708661417));
#2089=DIRECTION('',(0.0,-1.0,0.0));
#2090=VECTOR('',#2089,0.2);
#2091=LINE('',#2088,#2090);
#2092=EDGE_CURVE('',#2087,#2079,#2091,.T.);
#2093=ORIENTED_EDGE('',*,*,#2092,.F.);
#2094=CARTESIAN_POINT('',(-0.2,0.1,0.265354330708661));
#2095=VERTEX_POINT('',#2094);
#2096=CARTESIAN_POINT('',(-0.2,0.1,0.354330708661417));
#2097=DIRECTION('',(0.0,0.0,-1.0));
#2098=VECTOR('',#2097,0.088976377952756);
#2099=LINE('',#2096,#2098);
#2100=EDGE_CURVE('',#2087,#2095,#2099,.T.);
#2101=ORIENTED_EDGE('',*,*,#2100,.T.);
#2102=CARTESIAN_POINT('',(-0.2,0.090157480314961,0.265354330708661));
#2103=VERTEX_POINT('',#2102);
#2104=CARTESIAN_POINT('',(-0.2,0.1,0.265354330708661));
#2105=DIRECTION('',(0.0,-1.0,0.0));
#2106=VECTOR('',#2105,0.009842519685039);
#2107=LINE('',#2104,#2106);
#2108=EDGE_CURVE('',#2095,#2103,#2107,.T.);
#2109=ORIENTED_EDGE('',*,*,#2108,.T.);
#2110=CARTESIAN_POINT('',(-0.2,0.090157480314961,0.344094488188976));
#2111=VERTEX_POINT('',#2110);
#2112=CARTESIAN_POINT('',(-0.2,0.090157480314961,0.265354330708661));
#2113=DIRECTION('',(0.0,0.0,1.0));
#2114=VECTOR('',#2113,0.078740157480315);
#2115=LINE('',#2112,#2114);
#2116=EDGE_CURVE('',#2103,#2111,#2115,.T.);
#2117=ORIENTED_EDGE('',*,*,#2116,.T.);
#2118=CARTESIAN_POINT('',(-0.2,0.090157480314961,0.353937007874016));
#2119=VERTEX_POINT('',#2118);
#2120=CARTESIAN_POINT('',(-0.2,0.090157480314961,0.344094488188976));
#2121=DIRECTION('',(0.0,0.0,1.0));
#2122=VECTOR('',#2121,0.00984251968504);
#2123=LINE('',#2120,#2122);
#2124=EDGE_CURVE('',#2111,#2119,#2123,.T.);
#2125=ORIENTED_EDGE('',*,*,#2124,.T.);
#2126=CARTESIAN_POINT('',(-0.2,0.074409448818898,0.353937007874016));
#2127=VERTEX_POINT('',#2126);
#2128=CARTESIAN_POINT('',(-0.2,0.090157480314961,0.353937007874016));
#2129=DIRECTION('',(0.0,-1.0,0.0));
#2130=VECTOR('',#2129,0.015748031496063);
#2131=LINE('',#2128,#2130);
#2132=EDGE_CURVE('',#2119,#2127,#2131,.T.);
#2133=ORIENTED_EDGE('',*,*,#2132,.T.);
#2134=CARTESIAN_POINT('',(-0.2,0.074409448818898,0.353937007874016));
#2135=DIRECTION('',(0.0,0.0,-1.0));
#2136=VECTOR('',#2135,0.00984251968504);
#2137=LINE('',#2134,#2136);
#2138=EDGE_CURVE('',#2127,#2008,#2137,.T.);
#2139=ORIENTED_EDGE('',*,*,#2138,.T.);
#2140=ORIENTED_EDGE('',*,*,#2013,.T.);
#2141=ORIENTED_EDGE('',*,*,#1981,.F.);
#2142=CARTESIAN_POINT('',(-0.2,-0.074409448818898,0.344094488188976));
#2143=VERTEX_POINT('',#2142);
#2144=CARTESIAN_POINT('',(-0.2,-0.074409448818898,0.273228346456693));
#2145=DIRECTION('',(0.0,0.0,1.0));
#2146=VECTOR('',#2145,0.070866141732283);
#2147=LINE('',#2144,#2146);
#2148=EDGE_CURVE('',#1967,#2143,#2147,.T.);
#2149=ORIENTED_EDGE('',*,*,#2148,.T.);
#2150=CARTESIAN_POINT('',(-0.2,-0.074409448818898,0.353937007874016));
#2151=VERTEX_POINT('',#2150);
#2152=CARTESIAN_POINT('',(-0.2,-0.074409448818898,0.344094488188976));
#2153=DIRECTION('',(0.0,0.0,1.0));
#2154=VECTOR('',#2153,0.00984251968504);
#2155=LINE('',#2152,#2154);
#2156=EDGE_CURVE('',#2143,#2151,#2155,.T.);
#2157=ORIENTED_EDGE('',*,*,#2156,.T.);
#2158=CARTESIAN_POINT('',(-0.2,-0.090157480314961,0.353937007874016));
#2159=VERTEX_POINT('',#2158);
#2160=CARTESIAN_POINT('',(-0.2,-0.074409448818898,0.353937007874016));
#2161=DIRECTION('',(0.0,-1.0,0.0));
#2162=VECTOR('',#2161,0.015748031496063);
#2163=LINE('',#2160,#2162);
#2164=EDGE_CURVE('',#2151,#2159,#2163,.T.);
#2165=ORIENTED_EDGE('',*,*,#2164,.T.);
#2166=CARTESIAN_POINT('',(-0.2,-0.090157480314961,0.353937007874016));
#2167=DIRECTION('',(0.0,0.0,-1.0));
#2168=VECTOR('',#2167,0.00984251968504);
#2169=LINE('',#2166,#2168);
#2170=EDGE_CURVE('',#2159,#2070,#2169,.T.);
#2171=ORIENTED_EDGE('',*,*,#2170,.T.);
#2172=EDGE_LOOP('',(#2076,#2077,#2085,#2093,#2101,#2109,#2117,#2125,#2133,#2139,#2140,#2141,#2149,#2157,#2165,#2171));
#2173=FACE_OUTER_BOUND('',#2172,.T.);
#2174=ADVANCED_FACE('',(#2173),#2068,.T.);
#2175=CARTESIAN_POINT('',(-0.22,0.092125984251969,0.354330708661417));
#2176=DIRECTION('',(1.0,0.0,0.0));
#2177=DIRECTION('',(0.0,-0.70710678118655,-0.707106781186545));
#2178=AXIS2_PLACEMENT_3D('',#2175,#2176,#2177);
#2179=CYLINDRICAL_SURFACE('',#2178,0.007874015748031);
#2180=CARTESIAN_POINT('',(-0.192125984251969,0.092125984251969,0.362204724409449));
#2181=VERTEX_POINT('',#2180);
#2182=CARTESIAN_POINT('',(0.192125984251969,0.092125984251969,0.362204724409449));
#2183=VERTEX_POINT('',#2182);
#2184=CARTESIAN_POINT('',(-0.192125984251969,0.092125984251969,0.362204724409449));
#2185=DIRECTION('',(1.0,0.0,0.0));
#2186=VECTOR('',#2185,0.384251968503938);
#2187=LINE('',#2184,#2186);
#2188=EDGE_CURVE('',#2181,#2183,#2187,.T.);
#2189=ORIENTED_EDGE('',*,*,#2188,.T.);
#2190=CARTESIAN_POINT('',(0.192125984251969,0.092125984251969,0.354330708661417));
#2191=DIRECTION('',(-0.707106781186547,0.707106781186547,-9.813078E-016));
#2192=DIRECTION('',(-0.707106781186547,-0.707106781186547,9.813078E-016));
#2193=AXIS2_PLACEMENT_3D('',#2190,#2191,#2192);
#2194=ELLIPSE('',#2193,0.011135539861205,0.007874015748031);
#2195=EDGE_CURVE('',#2183,#1935,#2194,.T.);
#2196=ORIENTED_EDGE('',*,*,#2195,.T.);
#2197=CARTESIAN_POINT('',(0.2,0.1,0.354330708661417));
#2198=DIRECTION('',(-1.0,0.0,0.0));
#2199=VECTOR('',#2198,0.4);
#2200=LINE('',#2197,#2199);
#2201=EDGE_CURVE('',#1935,#2087,#2200,.T.);
#2202=ORIENTED_EDGE('',*,*,#2201,.T.);
#2203=CARTESIAN_POINT('',(-0.192125984251969,0.092125984251969,0.354330708661417));
#2204=DIRECTION('',(0.707106781186547,0.707106781186548,0.0));
#2205=DIRECTION('',(-0.707106781186548,0.707106781186547,0.0));
#2206=AXIS2_PLACEMENT_3D('',#2203,#2204,#2205);
#2207=ELLIPSE('',#2206,0.011135539861205,0.007874015748031);
#2208=EDGE_CURVE('',#2087,#2181,#2207,.T.);
#2209=ORIENTED_EDGE('',*,*,#2208,.T.);
#2210=EDGE_LOOP('',(#2189,#2196,#2202,#2209));
#2211=FACE_OUTER_BOUND('',#2210,.T.);
#2212=ADVANCED_FACE('',(#2211),#2179,.T.);
#2213=CARTESIAN_POINT('',(0.192125984251969,0.11,0.354330708661417));
#2214=DIRECTION('',(0.0,-1.0,0.0));
#2215=DIRECTION('',(-0.707106781186547,0.0,-0.707106781186548));
#2216=AXIS2_PLACEMENT_3D('',#2213,#2214,#2215);
#2217=CYLINDRICAL_SURFACE('',#2216,0.007874015748031);
#2218=CARTESIAN_POINT('',(0.192125984251969,-0.092125984251968,0.362204724409449));
#2219=VERTEX_POINT('',#2218);
#2220=CARTESIAN_POINT('',(0.192125984251969,0.092125984251969,0.362204724409449));
#2221=DIRECTION('',(0.0,-1.0,0.0));
#2222=VECTOR('',#2221,0.184251968503937);
#2223=LINE('',#2220,#2222);
#2224=EDGE_CURVE('',#2183,#2219,#2223,.T.);
#2225=ORIENTED_EDGE('',*,*,#2224,.T.);
#2226=CARTESIAN_POINT('',(0.192125984251969,-0.092125984251968,0.354330708661417));
#2227=DIRECTION('',(0.707106781186547,0.707106781186547,0.0));
#2228=DIRECTION('',(-0.707106781186547,0.707106781186547,0.0));
#2229=AXIS2_PLACEMENT_3D('',#2226,#2227,#2228);
#2230=ELLIPSE('',#2229,0.011135539861205,0.007874015748031);
#2231=EDGE_CURVE('',#2219,#1943,#2230,.T.);
#2232=ORIENTED_EDGE('',*,*,#2231,.T.);
#2233=ORIENTED_EDGE('',*,*,#1948,.T.);
#2234=ORIENTED_EDGE('',*,*,#2195,.F.);
#2235=EDGE_LOOP('',(#2225,#2232,#2233,#2234));
#2236=FACE_OUTER_BOUND('',#2235,.T.);
#2237=ADVANCED_FACE('',(#2236),#2217,.T.);
#2238=CARTESIAN_POINT('',(0.22,-0.092125984251968,0.354330708661417));
#2239=DIRECTION('',(-1.0,0.0,0.0));
#2240=DIRECTION('',(0.0,0.707106781186551,-0.707106781186544));
#2241=AXIS2_PLACEMENT_3D('',#2238,#2239,#2240);
#2242=CYLINDRICAL_SURFACE('',#2241,0.007874015748031);
#2243=CARTESIAN_POINT('',(-0.192125984251969,-0.092125984251968,0.362204724409449));
#2244=VERTEX_POINT('',#2243);
#2245=CARTESIAN_POINT('',(0.192125984251969,-0.092125984251968,0.362204724409449));
#2246=DIRECTION('',(-1.0,0.0,0.0));
#2247=VECTOR('',#2246,0.384251968503938);
#2248=LINE('',#2245,#2247);
#2249=EDGE_CURVE('',#2219,#2244,#2248,.T.);
#2250=ORIENTED_EDGE('',*,*,#2249,.T.);
#2251=CARTESIAN_POINT('',(-0.192125984251969,-0.092125984251969,0.354330708661417));
#2252=DIRECTION('',(0.707106781186547,-0.707106781186547,9.813078E-016));
#2253=DIRECTION('',(0.707106781186547,0.707106781186547,-9.813078E-016));
#2254=AXIS2_PLACEMENT_3D('',#2251,#2252,#2253);
#2255=ELLIPSE('',#2254,0.011135539861205,0.007874015748031);
#2256=EDGE_CURVE('',#2244,#2079,#2255,.T.);
#2257=ORIENTED_EDGE('',*,*,#2256,.T.);
#2258=CARTESIAN_POINT('',(-0.2,-0.1,0.354330708661417));
#2259=DIRECTION('',(1.0,0.0,0.0));
#2260=VECTOR('',#2259,0.4);
#2261=LINE('',#2258,#2260);
#2262=EDGE_CURVE('',#2079,#1943,#2261,.T.);
#2263=ORIENTED_EDGE('',*,*,#2262,.T.);
#2264=ORIENTED_EDGE('',*,*,#2231,.F.);
#2265=EDGE_LOOP('',(#2250,#2257,#2263,#2264));
#2266=FACE_OUTER_BOUND('',#2265,.T.);
#2267=ADVANCED_FACE('',(#2266),#2242,.T.);
#2268=CARTESIAN_POINT('',(-0.192125984251969,-0.11,0.354330708661417));
#2269=DIRECTION('',(0.0,1.0,0.0));
#2270=DIRECTION('',(0.707106781186547,0.0,-0.707106781186548));
#2271=AXIS2_PLACEMENT_3D('',#2268,#2269,#2270);
#2272=CYLINDRICAL_SURFACE('',#2271,0.007874015748031);
#2273=CARTESIAN_POINT('',(-0.192125984251969,-0.092125984251968,0.362204724409449));
#2274=DIRECTION('',(0.0,1.0,0.0));
#2275=VECTOR('',#2274,0.184251968503937);
#2276=LINE('',#2273,#2275);
#2277=EDGE_CURVE('',#2244,#2181,#2276,.T.);
#2278=ORIENTED_EDGE('',*,*,#2277,.T.);
#2279=ORIENTED_EDGE('',*,*,#2208,.F.);
#2280=ORIENTED_EDGE('',*,*,#2092,.T.);
#2281=ORIENTED_EDGE('',*,*,#2256,.F.);
#2282=EDGE_LOOP('',(#2278,#2279,#2280,#2281));
#2283=FACE_OUTER_BOUND('',#2282,.T.);
#2284=ADVANCED_FACE('',(#2283),#2272,.T.);
#2285=CARTESIAN_POINT('',(-0.211338582677166,-0.101338582677165,0.362204724409449));
#2286=DIRECTION('',(0.0,0.0,1.0));
#2287=DIRECTION('',(1.0,0.0,0.0));
#2288=AXIS2_PLACEMENT_3D('',#2285,#2286,#2287);
#2289=PLANE('',#2288);
#2290=ORIENTED_EDGE('',*,*,#2188,.F.);
#2291=ORIENTED_EDGE('',*,*,#2277,.F.);
#2292=ORIENTED_EDGE('',*,*,#2249,.F.);
#2293=ORIENTED_EDGE('',*,*,#2224,.F.);
#2294=EDGE_LOOP('',(#2290,#2291,#2292,#2293));
#2295=FACE_OUTER_BOUND('',#2294,.T.);
#2296=ORIENTED_EDGE('',*,*,#887,.T.);
#2297=CARTESIAN_POINT('',(-0.110236220472441,0.049015748031496,0.362204724409449));
#2298=DIRECTION('',(0.0,-1.0,0.0));
#2299=VECTOR('',#2298,0.098031496062992);
#2300=LINE('',#2297,#2299);
#2301=EDGE_CURVE('',#914,#874,#2300,.T.);
#2302=ORIENTED_EDGE('',*,*,#2301,.F.);
#2303=ORIENTED_EDGE('',*,*,#941,.T.);
#2304=CARTESIAN_POINT('',(0.110236220472441,0.051181102362205,0.362204724409449));
#2305=VERTEX_POINT('',#2304);
#2306=CARTESIAN_POINT('',(-0.110236220472441,0.051181102362205,0.362204724409449));
#2307=DIRECTION('',(1.0,0.0,0.0));
#2308=VECTOR('',#2307,0.220472440944882);
#2309=LINE('',#2306,#2308);
#2310=EDGE_CURVE('',#930,#2305,#2309,.T.);
#2311=ORIENTED_EDGE('',*,*,#2310,.T.);
#2312=CARTESIAN_POINT('',(0.110236220472441,-0.051181102362205,0.362204724409449));
#2313=VERTEX_POINT('',#2312);
#2314=CARTESIAN_POINT('',(0.110236220472441,0.051181102362205,0.362204724409449));
#2315=DIRECTION('',(0.0,-1.0,0.0));
#2316=VECTOR('',#2315,0.10236220472441);
#2317=LINE('',#2314,#2316);
#2318=EDGE_CURVE('',#2305,#2313,#2317,.T.);
#2319=ORIENTED_EDGE('',*,*,#2318,.T.);
#2320=CARTESIAN_POINT('',(0.110236220472441,-0.051181102362205,0.362204724409449));
#2321=DIRECTION('',(-1.0,0.0,0.0));
#2322=VECTOR('',#2321,0.220472440944882);
#2323=LINE('',#2320,#2322);
#2324=EDGE_CURVE('',#2313,#882,#2323,.T.);
#2325=ORIENTED_EDGE('',*,*,#2324,.T.);
#2326=EDGE_LOOP('',(#2296,#2302,#2303,#2311,#2319,#2325));
#2327=FACE_BOUND('',#2326,.T.);
#2328=ADVANCED_FACE('',(#2295,#2327),#2289,.T.);
#2329=CARTESIAN_POINT('',(-0.2,-0.082283464566929,0.343602362204724));
#2330=DIRECTION('',(0.0,0.0,1.0));
#2331=DIRECTION('',(-1.0,0.0,0.0));
#2332=AXIS2_PLACEMENT_3D('',#2329,#2330,#2331);
#2333=CYLINDRICAL_SURFACE('',#2332,0.007874015748031);
#2334=CARTESIAN_POINT('',(-0.2,-0.082283464566929,0.353937007874016));
#2335=DIRECTION('',(0.0,0.0,-1.0));
#2336=DIRECTION('',(0.0,1.0,0.0));
#2337=AXIS2_PLACEMENT_3D('',#2334,#2335,#2336);
#2338=CIRCLE('',#2337,0.007874015748031);
#2339=EDGE_CURVE('',#2151,#2159,#2338,.T.);
#2340=ORIENTED_EDGE('',*,*,#2339,.F.);
#2341=ORIENTED_EDGE('',*,*,#2156,.F.);
#2342=CARTESIAN_POINT('',(-0.2,-0.082283464566929,0.344094488188976));
#2343=DIRECTION('',(0.0,0.0,1.0));
#2344=DIRECTION('',(0.0,1.0,0.0));
#2345=AXIS2_PLACEMENT_3D('',#2342,#2343,#2344);
#2346=CIRCLE('',#2345,0.007874015748031);
#2347=EDGE_CURVE('',#2070,#2143,#2346,.T.);
#2348=ORIENTED_EDGE('',*,*,#2347,.F.);
#2349=ORIENTED_EDGE('',*,*,#2170,.F.);
#2350=EDGE_LOOP('',(#2340,#2341,#2348,#2349));
#2351=FACE_OUTER_BOUND('',#2350,.T.);
#2352=ADVANCED_FACE('',(#2351),#2333,.F.);
#2353=CARTESIAN_POINT('',(-0.200393700787402,-0.090944881889764,0.353937007874016));
#2354=DIRECTION('',(0.0,0.0,1.0));
#2355=DIRECTION('',(1.0,0.0,0.0));
#2356=AXIS2_PLACEMENT_3D('',#2353,#2354,#2355);
#2357=PLANE('',#2356);
#2358=ORIENTED_EDGE('',*,*,#2339,.T.);
#2359=ORIENTED_EDGE('',*,*,#2164,.F.);
#2360=EDGE_LOOP('',(#2358,#2359));
#2361=FACE_OUTER_BOUND('',#2360,.T.);
#2362=ADVANCED_FACE('',(#2361),#2357,.F.);
#2363=CARTESIAN_POINT('',(-0.2,0.082283464566929,0.343602362204724));
#2364=DIRECTION('',(0.0,0.0,1.0));
#2365=DIRECTION('',(-1.0,0.0,0.0));
#2366=AXIS2_PLACEMENT_3D('',#2363,#2364,#2365);
#2367=CYLINDRICAL_SURFACE('',#2366,0.007874015748031);
#2368=CARTESIAN_POINT('',(-0.2,0.082283464566929,0.353937007874016));
#2369=DIRECTION('',(0.0,0.0,-1.0));
#2370=DIRECTION('',(0.0,1.0,0.0));
#2371=AXIS2_PLACEMENT_3D('',#2368,#2369,#2370);
#2372=CIRCLE('',#2371,0.007874015748031);
#2373=EDGE_CURVE('',#2119,#2127,#2372,.T.);
#2374=ORIENTED_EDGE('',*,*,#2373,.F.);
#2375=ORIENTED_EDGE('',*,*,#2124,.F.);
#2376=CARTESIAN_POINT('',(-0.2,0.082283464566929,0.344094488188976));
#2377=DIRECTION('',(0.0,0.0,1.0));
#2378=DIRECTION('',(0.0,1.0,0.0));
#2379=AXIS2_PLACEMENT_3D('',#2376,#2377,#2378);
#2380=CIRCLE('',#2379,0.007874015748031);
#2381=EDGE_CURVE('',#2008,#2111,#2380,.T.);
#2382=ORIENTED_EDGE('',*,*,#2381,.F.);
#2383=ORIENTED_EDGE('',*,*,#2138,.F.);
#2384=EDGE_LOOP('',(#2374,#2375,#2382,#2383));
#2385=FACE_OUTER_BOUND('',#2384,.T.);
#2386=ADVANCED_FACE('',(#2385),#2367,.F.);
#2387=CARTESIAN_POINT('',(-0.200393700787402,0.073622047244095,0.353937007874016));
#2388=DIRECTION('',(0.0,0.0,1.0));
#2389=DIRECTION('',(1.0,0.0,0.0));
#2390=AXIS2_PLACEMENT_3D('',#2387,#2388,#2389);
#2391=PLANE('',#2390);
#2392=ORIENTED_EDGE('',*,*,#2373,.T.);
#2393=ORIENTED_EDGE('',*,*,#2132,.F.);
#2394=EDGE_LOOP('',(#2392,#2393));
#2395=FACE_OUTER_BOUND('',#2394,.T.);
#2396=ADVANCED_FACE('',(#2395),#2391,.F.);
#2397=CARTESIAN_POINT('',(0.2,0.082283464566929,0.343602362204724));
#2398=DIRECTION('',(0.0,0.0,1.0));
#2399=DIRECTION('',(1.0,0.0,0.0));
#2400=AXIS2_PLACEMENT_3D('',#2397,#2398,#2399);
#2401=CYLINDRICAL_SURFACE('',#2400,0.007874015748031);
#2402=CARTESIAN_POINT('',(0.2,0.082283464566929,0.353937007874016));
#2403=DIRECTION('',(0.0,0.0,-1.0));
#2404=DIRECTION('',(0.0,-1.0,0.0));
#2405=AXIS2_PLACEMENT_3D('',#2402,#2403,#2404);
#2406=CIRCLE('',#2405,0.007874015748031);
#2407=EDGE_CURVE('',#1904,#1912,#2406,.T.);
#2408=ORIENTED_EDGE('',*,*,#2407,.F.);
#2409=ORIENTED_EDGE('',*,*,#1909,.F.);
#2410=CARTESIAN_POINT('',(0.2,0.082283464566929,0.344094488188976));
#2411=DIRECTION('',(0.0,0.0,1.0));
#2412=DIRECTION('',(0.0,-1.0,0.0));
#2413=AXIS2_PLACEMENT_3D('',#2410,#2411,#2412);
#2414=CIRCLE('',#2413,0.007874015748031);
#2415=EDGE_CURVE('',#1920,#1896,#2414,.T.);
#2416=ORIENTED_EDGE('',*,*,#2415,.F.);
#2417=ORIENTED_EDGE('',*,*,#1925,.F.);
#2418=EDGE_LOOP('',(#2408,#2409,#2416,#2417));
#2419=FACE_OUTER_BOUND('',#2418,.T.);
#2420=ADVANCED_FACE('',(#2419),#2401,.F.);
#2421=CARTESIAN_POINT('',(0.191732283464567,0.073622047244095,0.353937007874016));
#2422=DIRECTION('',(0.0,0.0,1.0));
#2423=DIRECTION('',(1.0,0.0,0.0));
#2424=AXIS2_PLACEMENT_3D('',#2421,#2422,#2423);
#2425=PLANE('',#2424);
#2426=ORIENTED_EDGE('',*,*,#2407,.T.);
#2427=ORIENTED_EDGE('',*,*,#1917,.F.);
#2428=EDGE_LOOP('',(#2426,#2427));
#2429=FACE_OUTER_BOUND('',#2428,.T.);
#2430=ADVANCED_FACE('',(#2429),#2425,.F.);
#2431=CARTESIAN_POINT('',(0.2,-0.082283464566929,0.343602362204724));
#2432=DIRECTION('',(0.0,0.0,1.0));
#2433=DIRECTION('',(1.0,0.0,0.0));
#2434=AXIS2_PLACEMENT_3D('',#2431,#2432,#2433);
#2435=CYLINDRICAL_SURFACE('',#2434,0.007874015748031);
#2436=CARTESIAN_POINT('',(0.2,-0.082283464566929,0.353937007874016));
#2437=DIRECTION('',(0.0,0.0,-1.0));
#2438=DIRECTION('',(0.0,-1.0,0.0));
#2439=AXIS2_PLACEMENT_3D('',#2436,#2437,#2438);
#2440=CIRCLE('',#2439,0.007874015748031);
#2441=EDGE_CURVE('',#1872,#1880,#2440,.T.);
#2442=ORIENTED_EDGE('',*,*,#2441,.F.);
#2443=ORIENTED_EDGE('',*,*,#1877,.F.);
#2444=CARTESIAN_POINT('',(0.2,-0.082283464566929,0.344094488188976));
#2445=DIRECTION('',(0.0,0.0,1.0));
#2446=DIRECTION('',(0.0,-1.0,0.0));
#2447=AXIS2_PLACEMENT_3D('',#2444,#2445,#2446);
#2448=CIRCLE('',#2447,0.007874015748031);
#2449=EDGE_CURVE('',#1801,#1864,#2448,.T.);
#2450=ORIENTED_EDGE('',*,*,#2449,.F.);
#2451=ORIENTED_EDGE('',*,*,#1891,.F.);
#2452=EDGE_LOOP('',(#2442,#2443,#2450,#2451));
#2453=FACE_OUTER_BOUND('',#2452,.T.);
#2454=ADVANCED_FACE('',(#2453),#2435,.F.);
#2455=CARTESIAN_POINT('',(0.191732283464567,-0.090944881889764,0.353937007874016));
#2456=DIRECTION('',(0.0,0.0,1.0));
#2457=DIRECTION('',(1.0,0.0,0.0));
#2458=AXIS2_PLACEMENT_3D('',#2455,#2456,#2457);
#2459=PLANE('',#2458);
#2460=ORIENTED_EDGE('',*,*,#2441,.T.);
#2461=ORIENTED_EDGE('',*,*,#1885,.F.);
#2462=EDGE_LOOP('',(#2460,#2461));
#2463=FACE_OUTER_BOUND('',#2462,.T.);
#2464=ADVANCED_FACE('',(#2463),#2459,.F.);
#2465=CARTESIAN_POINT('',(-0.099015748031496,-0.100492125984252,0.029921259842519));
#2466=DIRECTION('',(-0.707106781186548,-3.122065E-028,-0.707106781186548));
#2467=DIRECTION('',(-0.707106781186548,0.0,0.707106781186548));
#2468=AXIS2_PLACEMENT_3D('',#2465,#2466,#2467);
#2469=PLANE('',#2468);
#2470=CARTESIAN_POINT('',(-0.100984251968504,-0.1,0.031889763779527));
#2471=VERTEX_POINT('',#2470);
#2472=CARTESIAN_POINT('',(-0.140354330708661,-0.1,0.071259842519685));
#2473=VERTEX_POINT('',#2472);
#2474=CARTESIAN_POINT('',(-0.100984251968504,-0.1,0.031889763779527));
#2475=DIRECTION('',(-0.707106781186547,0.0,0.707106781186548));
#2476=VECTOR('',#2475,0.055677699306027);
#2477=LINE('',#2474,#2476);
#2478=EDGE_CURVE('',#2471,#2473,#2477,.T.);
#2479=ORIENTED_EDGE('',*,*,#2478,.T.);
#2480=CARTESIAN_POINT('',(-0.140354330708661,-0.090157480314961,0.071259842519685));
#2481=VERTEX_POINT('',#2480);
#2482=CARTESIAN_POINT('',(-0.140354330708661,-0.1,0.071259842519685));
#2483=DIRECTION('',(0.0,1.0,0.0));
#2484=VECTOR('',#2483,0.009842519685039);
#2485=LINE('',#2482,#2484);
#2486=EDGE_CURVE('',#2473,#2481,#2485,.T.);
#2487=ORIENTED_EDGE('',*,*,#2486,.T.);
#2488=CARTESIAN_POINT('',(-0.100984251968504,-0.090157480314961,0.031889763779527));
#2489=VERTEX_POINT('',#2488);
#2490=CARTESIAN_POINT('',(-0.140354330708661,-0.090157480314961,0.071259842519685));
#2491=DIRECTION('',(0.707106781186547,0.0,-0.707106781186548));
#2492=VECTOR('',#2491,0.055677699306027);
#2493=LINE('',#2490,#2492);
#2494=EDGE_CURVE('',#2481,#2489,#2493,.T.);
#2495=ORIENTED_EDGE('',*,*,#2494,.T.);
#2496=CARTESIAN_POINT('',(-0.100984251968504,-0.090157480314961,0.031889763779527));
#2497=DIRECTION('',(0.0,-1.0,0.0));
#2498=VECTOR('',#2497,0.009842519685039);
#2499=LINE('',#2496,#2498);
#2500=EDGE_CURVE('',#2489,#2471,#2499,.T.);
#2501=ORIENTED_EDGE('',*,*,#2500,.T.);
#2502=EDGE_LOOP('',(#2479,#2487,#2495,#2501));
#2503=FACE_OUTER_BOUND('',#2502,.T.);
#2504=ADVANCED_FACE('',(#2503),#2469,.T.);
#2505=CARTESIAN_POINT('',(-0.111082677165354,-0.100492125984252,0.031889763779527));
#2506=DIRECTION('',(0.0,0.0,1.0));
#2507=DIRECTION('',(1.0,0.0,0.0));
#2508=AXIS2_PLACEMENT_3D('',#2505,#2506,#2507);
#2509=PLANE('',#2508);
#2510=ORIENTED_EDGE('',*,*,#2500,.F.);
#2511=CARTESIAN_POINT('',(0.100984251968504,-0.090157480314961,0.031889763779527));
#2512=VERTEX_POINT('',#2511);
#2513=CARTESIAN_POINT('',(0.100984251968504,-0.090157480314961,0.031889763779527));
#2514=DIRECTION('',(-1.0,0.0,0.0));
#2515=VECTOR('',#2514,0.201968503937008);
#2516=LINE('',#2513,#2515);
#2517=EDGE_CURVE('',#2512,#2489,#2516,.T.);
#2518=ORIENTED_EDGE('',*,*,#2517,.F.);
#2519=CARTESIAN_POINT('',(0.100984251968504,-0.1,0.031889763779527));
#2520=VERTEX_POINT('',#2519);
#2521=CARTESIAN_POINT('',(0.100984251968504,-0.1,0.031889763779527));
#2522=DIRECTION('',(0.0,1.0,0.0));
#2523=VECTOR('',#2522,0.009842519685039);
#2524=LINE('',#2521,#2523);
#2525=EDGE_CURVE('',#2520,#2512,#2524,.T.);
#2526=ORIENTED_EDGE('',*,*,#2525,.F.);
#2527=CARTESIAN_POINT('',(-0.100984251968504,-0.1,0.031889763779527));
#2528=DIRECTION('',(1.0,0.0,0.0));
#2529=VECTOR('',#2528,0.201968503937008);
#2530=LINE('',#2527,#2529);
#2531=EDGE_CURVE('',#2471,#2520,#2530,.T.);
#2532=ORIENTED_EDGE('',*,*,#2531,.F.);
#2533=EDGE_LOOP('',(#2510,#2518,#2526,#2532));
#2534=FACE_OUTER_BOUND('',#2533,.T.);
#2535=ADVANCED_FACE('',(#2534),#2509,.F.);
#2536=CARTESIAN_POINT('',(-0.211338582677166,-0.090157480314961,0.359704724409448));
#2537=DIRECTION('',(0.0,-1.0,0.0));
#2538=DIRECTION('',(0.0,0.0,-1.0));
#2539=AXIS2_PLACEMENT_3D('',#2536,#2537,#2538);
#2540=PLANE('',#2539);
#2541=ORIENTED_EDGE('',*,*,#1031,.F.);
#2542=CARTESIAN_POINT('',(0.192125984251969,-0.090157480314961,0.344094488188976));
#2543=DIRECTION('',(-1.0,0.0,0.0));
#2544=VECTOR('',#2543,0.384251968503938);
#2545=LINE('',#2542,#2544);
#2546=EDGE_CURVE('',#1343,#1019,#2545,.T.);
#2547=ORIENTED_EDGE('',*,*,#2546,.F.);
#2548=ORIENTED_EDGE('',*,*,#1348,.F.);
#2549=ORIENTED_EDGE('',*,*,#1396,.F.);
#2550=CARTESIAN_POINT('',(0.144291338582677,-0.090157480314961,0.265354330708661));
#2551=DIRECTION('',(1.0,0.0,0.0));
#2552=VECTOR('',#2551,0.015748031496063);
#2553=LINE('',#2550,#2552);
#2554=EDGE_CURVE('',#672,#1383,#2553,.T.);
#2555=ORIENTED_EDGE('',*,*,#2554,.F.);
#2556=ORIENTED_EDGE('',*,*,#701,.F.);
#2557=CARTESIAN_POINT('',(0.140354330708661,-0.090157480314961,0.071259842519685));
#2558=VERTEX_POINT('',#2557);
#2559=CARTESIAN_POINT('',(0.140354330708661,-0.090157480314961,0.265354330708661));
#2560=DIRECTION('',(0.0,0.0,-1.0));
#2561=VECTOR('',#2560,0.194094488188976);
#2562=LINE('',#2559,#2561);
#2563=EDGE_CURVE('',#690,#2558,#2562,.T.);
#2564=ORIENTED_EDGE('',*,*,#2563,.T.);
#2565=CARTESIAN_POINT('',(0.100984251968504,-0.090157480314961,0.031889763779527));
#2566=DIRECTION('',(0.707106781186547,0.0,0.707106781186548));
#2567=VECTOR('',#2566,0.055677699306027);
#2568=LINE('',#2565,#2567);
#2569=EDGE_CURVE('',#2512,#2558,#2568,.T.);
#2570=ORIENTED_EDGE('',*,*,#2569,.F.);
#2571=ORIENTED_EDGE('',*,*,#2517,.T.);
#2572=ORIENTED_EDGE('',*,*,#2494,.F.);
#2573=CARTESIAN_POINT('',(-0.140354330708661,-0.090157480314961,0.265354330708661));
#2574=DIRECTION('',(0.0,0.0,-1.0));
#2575=VECTOR('',#2574,0.194094488188976);
#2576=LINE('',#2573,#2575);
#2577=EDGE_CURVE('',#1127,#2481,#2576,.T.);
#2578=ORIENTED_EDGE('',*,*,#2577,.F.);
#2579=ORIENTED_EDGE('',*,*,#1132,.F.);
#2580=CARTESIAN_POINT('',(-0.16003937007874,-0.090157480314961,0.265354330708661));
#2581=DIRECTION('',(1.0,0.0,0.0));
#2582=VECTOR('',#2581,0.015748031496063);
#2583=LINE('',#2580,#2582);
#2584=EDGE_CURVE('',#566,#1119,#2583,.T.);
#2585=ORIENTED_EDGE('',*,*,#2584,.F.);
#2586=ORIENTED_EDGE('',*,*,#661,.F.);
#2587=EDGE_LOOP('',(#2541,#2547,#2548,#2549,#2555,#2556,#2564,#2570,#2571,#2572,#2578,#2579,#2585,#2586));
#2588=FACE_OUTER_BOUND('',#2587,.T.);
#2589=ORIENTED_EDGE('',*,*,#1740,.T.);
#2590=CARTESIAN_POINT('',(-0.081299212598425,-0.090157480314961,0.082677165354331));
#2591=VERTEX_POINT('',#2590);
#2592=CARTESIAN_POINT('',(-0.081299212598425,-0.090157480314961,0.082677165354331));
#2593=DIRECTION('',(0.0,0.0,1.0));
#2594=VECTOR('',#2593,0.027274592676162);
#2595=LINE('',#2592,#2594);
#2596=EDGE_CURVE('',#2591,#1727,#2595,.T.);
#2597=ORIENTED_EDGE('',*,*,#2596,.F.);
#2598=CARTESIAN_POINT('',(0.081299212598425,-0.090157480314961,0.082677165354331));
#2599=VERTEX_POINT('',#2598);
#2600=CARTESIAN_POINT('',(0.081299212598425,-0.090157480314961,0.082677165354331));
#2601=DIRECTION('',(-1.0,0.0,0.0));
#2602=VECTOR('',#2601,0.16259842519685);
#2603=LINE('',#2600,#2602);
#2604=EDGE_CURVE('',#2599,#2591,#2603,.T.);
#2605=ORIENTED_EDGE('',*,*,#2604,.F.);
#2606=CARTESIAN_POINT('',(0.081299212598425,-0.090157480314961,0.109951758030493));
#2607=DIRECTION('',(0.0,0.0,-1.0));
#2608=VECTOR('',#2607,0.027274592676162);
#2609=LINE('',#2606,#2608);
#2610=EDGE_CURVE('',#714,#2599,#2609,.T.);
#2611=ORIENTED_EDGE('',*,*,#2610,.F.);
#2612=ORIENTED_EDGE('',*,*,#741,.T.);
#2613=ORIENTED_EDGE('',*,*,#1679,.T.);
#2614=EDGE_LOOP('',(#2589,#2597,#2605,#2611,#2612,#2613));
#2615=FACE_BOUND('',#2614,.T.);
#2616=ADVANCED_FACE('',(#2588,#2615),#2540,.F.);
#2617=CARTESIAN_POINT('',(-0.099015748031496,0.089665354330709,0.029921259842519));
#2618=DIRECTION('',(-0.707106781186548,2.227073E-028,-0.707106781186548));
#2619=DIRECTION('',(-0.707106781186548,0.0,0.707106781186548));
#2620=AXIS2_PLACEMENT_3D('',#2617,#2618,#2619);
#2621=PLANE('',#2620);
#2622=CARTESIAN_POINT('',(-0.100984251968504,0.090157480314961,0.031889763779527));
#2623=VERTEX_POINT('',#2622);
#2624=CARTESIAN_POINT('',(-0.140354330708661,0.090157480314961,0.071259842519685));
#2625=VERTEX_POINT('',#2624);
#2626=CARTESIAN_POINT('',(-0.100984251968504,0.090157480314961,0.031889763779527));
#2627=DIRECTION('',(-0.707106781186547,0.0,0.707106781186548));
#2628=VECTOR('',#2627,0.055677699306027);
#2629=LINE('',#2626,#2628);
#2630=EDGE_CURVE('',#2623,#2625,#2629,.T.);
#2631=ORIENTED_EDGE('',*,*,#2630,.T.);
#2632=CARTESIAN_POINT('',(-0.140354330708661,0.1,0.071259842519685));
#2633=VERTEX_POINT('',#2632);
#2634=CARTESIAN_POINT('',(-0.140354330708661,0.090157480314961,0.071259842519685));
#2635=DIRECTION('',(0.0,1.0,0.0));
#2636=VECTOR('',#2635,0.009842519685039);
#2637=LINE('',#2634,#2636);
#2638=EDGE_CURVE('',#2625,#2633,#2637,.T.);
#2639=ORIENTED_EDGE('',*,*,#2638,.T.);
#2640=CARTESIAN_POINT('',(-0.100984251968504,0.1,0.031889763779527));
#2641=VERTEX_POINT('',#2640);
#2642=CARTESIAN_POINT('',(-0.140354330708661,0.1,0.071259842519685));
#2643=DIRECTION('',(0.707106781186547,0.0,-0.707106781186548));
#2644=VECTOR('',#2643,0.055677699306027);
#2645=LINE('',#2642,#2644);
#2646=EDGE_CURVE('',#2633,#2641,#2645,.T.);
#2647=ORIENTED_EDGE('',*,*,#2646,.T.);
#2648=CARTESIAN_POINT('',(-0.100984251968504,0.1,0.031889763779527));
#2649=DIRECTION('',(0.0,-1.0,0.0));
#2650=VECTOR('',#2649,0.009842519685039);
#2651=LINE('',#2648,#2650);
#2652=EDGE_CURVE('',#2641,#2623,#2651,.T.);
#2653=ORIENTED_EDGE('',*,*,#2652,.T.);
#2654=EDGE_LOOP('',(#2631,#2639,#2647,#2653));
#2655=FACE_OUTER_BOUND('',#2654,.T.);
#2656=ADVANCED_FACE('',(#2655),#2621,.T.);
#2657=CARTESIAN_POINT('',(-0.111082677165354,0.089665354330709,0.031889763779527));
#2658=DIRECTION('',(0.0,0.0,1.0));
#2659=DIRECTION('',(1.0,0.0,0.0));
#2660=AXIS2_PLACEMENT_3D('',#2657,#2658,#2659);
#2661=PLANE('',#2660);
#2662=ORIENTED_EDGE('',*,*,#2652,.F.);
#2663=CARTESIAN_POINT('',(0.100984251968504,0.1,0.031889763779527));
#2664=VERTEX_POINT('',#2663);
#2665=CARTESIAN_POINT('',(0.100984251968504,0.1,0.031889763779527));
#2666=DIRECTION('',(-1.0,0.0,0.0));
#2667=VECTOR('',#2666,0.201968503937008);
#2668=LINE('',#2665,#2667);
#2669=EDGE_CURVE('',#2664,#2641,#2668,.T.);
#2670=ORIENTED_EDGE('',*,*,#2669,.F.);
#2671=CARTESIAN_POINT('',(0.100984251968504,0.090157480314961,0.031889763779527));
#2672=VERTEX_POINT('',#2671);
#2673=CARTESIAN_POINT('',(0.100984251968504,0.090157480314961,0.031889763779527));
#2674=DIRECTION('',(0.0,1.0,0.0));
#2675=VECTOR('',#2674,0.009842519685039);
#2676=LINE('',#2673,#2675);
#2677=EDGE_CURVE('',#2672,#2664,#2676,.T.);
#2678=ORIENTED_EDGE('',*,*,#2677,.F.);
#2679=CARTESIAN_POINT('',(-0.100984251968504,0.090157480314961,0.031889763779527));
#2680=DIRECTION('',(1.0,0.0,0.0));
#2681=VECTOR('',#2680,0.201968503937008);
#2682=LINE('',#2679,#2681);
#2683=EDGE_CURVE('',#2623,#2672,#2682,.T.);
#2684=ORIENTED_EDGE('',*,*,#2683,.F.);
#2685=EDGE_LOOP('',(#2662,#2670,#2678,#2684));
#2686=FACE_OUTER_BOUND('',#2685,.T.);
#2687=ADVANCED_FACE('',(#2686),#2661,.F.);
#2688=CARTESIAN_POINT('',(0.142322834645669,0.089665354330709,0.073228346456692));
#2689=DIRECTION('',(0.707106781186548,2.227073E-028,-0.707106781186548));
#2690=DIRECTION('',(-0.707106781186548,0.0,-0.707106781186548));
#2691=AXIS2_PLACEMENT_3D('',#2688,#2689,#2690);
#2692=PLANE('',#2691);
#2693=CARTESIAN_POINT('',(0.140354330708661,0.1,0.071259842519685));
#2694=VERTEX_POINT('',#2693);
#2695=CARTESIAN_POINT('',(0.100984251968504,0.1,0.031889763779527));
#2696=DIRECTION('',(0.707106781186547,0.0,0.707106781186548));
#2697=VECTOR('',#2696,0.055677699306027);
#2698=LINE('',#2695,#2697);
#2699=EDGE_CURVE('',#2664,#2694,#2698,.T.);
#2700=ORIENTED_EDGE('',*,*,#2699,.T.);
#2701=CARTESIAN_POINT('',(0.140354330708661,0.090157480314961,0.071259842519685));
#2702=VERTEX_POINT('',#2701);
#2703=CARTESIAN_POINT('',(0.140354330708661,0.1,0.071259842519685));
#2704=DIRECTION('',(0.0,-1.0,0.0));
#2705=VECTOR('',#2704,0.009842519685039);
#2706=LINE('',#2703,#2705);
#2707=EDGE_CURVE('',#2694,#2702,#2706,.T.);
#2708=ORIENTED_EDGE('',*,*,#2707,.T.);
#2709=CARTESIAN_POINT('',(0.140354330708661,0.090157480314961,0.071259842519685));
#2710=DIRECTION('',(-0.707106781186547,0.0,-0.707106781186548));
#2711=VECTOR('',#2710,0.055677699306027);
#2712=LINE('',#2709,#2711);
#2713=EDGE_CURVE('',#2702,#2672,#2712,.T.);
#2714=ORIENTED_EDGE('',*,*,#2713,.T.);
#2715=ORIENTED_EDGE('',*,*,#2677,.T.);
#2716=EDGE_LOOP('',(#2700,#2708,#2714,#2715));
#2717=FACE_OUTER_BOUND('',#2716,.T.);
#2718=ADVANCED_FACE('',(#2717),#2692,.T.);
#2719=CARTESIAN_POINT('',(0.142322834645669,-0.100492125984252,0.073228346456692));
#2720=DIRECTION('',(0.707106781186548,-3.122065E-028,-0.707106781186548));
#2721=DIRECTION('',(-0.707106781186548,0.0,-0.707106781186548));
#2722=AXIS2_PLACEMENT_3D('',#2719,#2720,#2721);
#2723=PLANE('',#2722);
#2724=ORIENTED_EDGE('',*,*,#2569,.T.);
#2725=CARTESIAN_POINT('',(0.140354330708661,-0.1,0.071259842519685));
#2726=VERTEX_POINT('',#2725);
#2727=CARTESIAN_POINT('',(0.140354330708661,-0.090157480314961,0.071259842519685));
#2728=DIRECTION('',(0.0,-1.0,0.0));
#2729=VECTOR('',#2728,0.009842519685039);
#2730=LINE('',#2727,#2729);
#2731=EDGE_CURVE('',#2558,#2726,#2730,.T.);
#2732=ORIENTED_EDGE('',*,*,#2731,.T.);
#2733=CARTESIAN_POINT('',(0.140354330708661,-0.1,0.071259842519685));
#2734=DIRECTION('',(-0.707106781186547,0.0,-0.707106781186548));
#2735=VECTOR('',#2734,0.055677699306027);
#2736=LINE('',#2733,#2735);
#2737=EDGE_CURVE('',#2726,#2520,#2736,.T.);
#2738=ORIENTED_EDGE('',*,*,#2737,.T.);
#2739=ORIENTED_EDGE('',*,*,#2525,.T.);
#2740=EDGE_LOOP('',(#2724,#2732,#2738,#2739));
#2741=FACE_OUTER_BOUND('',#2740,.T.);
#2742=ADVANCED_FACE('',(#2741),#2723,.T.);
#2743=CARTESIAN_POINT('',(0.140354330708661,0.089665354330709,0.27505905511811));
#2744=DIRECTION('',(1.0,0.0,0.0));
#2745=DIRECTION('',(0.0,0.0,-1.0));
#2746=AXIS2_PLACEMENT_3D('',#2743,#2744,#2745);
#2747=PLANE('',#2746);
#2748=ORIENTED_EDGE('',*,*,#2707,.F.);
#2749=CARTESIAN_POINT('',(0.140354330708661,0.1,0.265354330708661));
#2750=VERTEX_POINT('',#2749);
#2751=CARTESIAN_POINT('',(0.140354330708661,0.1,0.265354330708661));
#2752=DIRECTION('',(0.0,0.0,-1.0));
#2753=VECTOR('',#2752,0.194094488188976);
#2754=LINE('',#2751,#2753);
#2755=EDGE_CURVE('',#2750,#2694,#2754,.T.);
#2756=ORIENTED_EDGE('',*,*,#2755,.F.);
#2757=CARTESIAN_POINT('',(0.140354330708661,0.090157480314961,0.265354330708661));
#2758=VERTEX_POINT('',#2757);
#2759=CARTESIAN_POINT('',(0.140354330708661,0.090157480314961,0.265354330708661));
#2760=DIRECTION('',(0.0,1.0,0.0));
#2761=VECTOR('',#2760,0.009842519685039);
#2762=LINE('',#2759,#2761);
#2763=EDGE_CURVE('',#2758,#2750,#2762,.T.);
#2764=ORIENTED_EDGE('',*,*,#2763,.F.);
#2765=CARTESIAN_POINT('',(0.140354330708661,0.090157480314961,0.265354330708661));
#2766=DIRECTION('',(0.0,0.0,-1.0));
#2767=VECTOR('',#2766,0.194094488188976);
#2768=LINE('',#2765,#2767);
#2769=EDGE_CURVE('',#2758,#2702,#2768,.T.);
#2770=ORIENTED_EDGE('',*,*,#2769,.T.);
#2771=EDGE_LOOP('',(#2748,#2756,#2764,#2770));
#2772=FACE_OUTER_BOUND('',#2771,.T.);
#2773=ADVANCED_FACE('',(#2772),#2747,.T.);
#2774=CARTESIAN_POINT('',(-0.140354330708661,0.089665354330709,0.061555118110236));
#2775=DIRECTION('',(-1.0,0.0,0.0));
#2776=DIRECTION('',(0.0,0.0,1.0));
#2777=AXIS2_PLACEMENT_3D('',#2774,#2775,#2776);
#2778=PLANE('',#2777);
#2779=ORIENTED_EDGE('',*,*,#2638,.F.);
#2780=CARTESIAN_POINT('',(-0.140354330708661,0.090157480314961,0.265354330708661));
#2781=DIRECTION('',(0.0,0.0,-1.0));
#2782=VECTOR('',#2781,0.194094488188976);
#2783=LINE('',#2780,#2782);
#2784=EDGE_CURVE('',#850,#2625,#2783,.T.);
#2785=ORIENTED_EDGE('',*,*,#2784,.F.);
#2786=ORIENTED_EDGE('',*,*,#855,.F.);
#2787=CARTESIAN_POINT('',(-0.140354330708661,0.1,0.265354330708661));
#2788=DIRECTION('',(0.0,0.0,-1.0));
#2789=VECTOR('',#2788,0.194094488188976);
#2790=LINE('',#2787,#2789);
#2791=EDGE_CURVE('',#842,#2633,#2790,.T.);
#2792=ORIENTED_EDGE('',*,*,#2791,.T.);
#2793=EDGE_LOOP('',(#2779,#2785,#2786,#2792));
#2794=FACE_OUTER_BOUND('',#2793,.T.);
#2795=ADVANCED_FACE('',(#2794),#2778,.T.);
#2796=CARTESIAN_POINT('',(-0.140354330708661,-0.100492125984252,0.061555118110236));
#2797=DIRECTION('',(-1.0,0.0,0.0));
#2798=DIRECTION('',(0.0,0.0,1.0));
#2799=AXIS2_PLACEMENT_3D('',#2796,#2797,#2798);
#2800=PLANE('',#2799);
#2801=ORIENTED_EDGE('',*,*,#2486,.F.);
#2802=CARTESIAN_POINT('',(-0.140354330708661,-0.1,0.265354330708661));
#2803=DIRECTION('',(0.0,0.0,-1.0));
#2804=VECTOR('',#2803,0.194094488188976);
#2805=LINE('',#2802,#2804);
#2806=EDGE_CURVE('',#1135,#2473,#2805,.T.);
#2807=ORIENTED_EDGE('',*,*,#2806,.F.);
#2808=ORIENTED_EDGE('',*,*,#1140,.F.);
#2809=ORIENTED_EDGE('',*,*,#2577,.T.);
#2810=EDGE_LOOP('',(#2801,#2807,#2808,#2809));
#2811=FACE_OUTER_BOUND('',#2810,.T.);
#2812=ADVANCED_FACE('',(#2811),#2800,.T.);
#2813=CARTESIAN_POINT('',(0.140354330708661,-0.100492125984252,0.27505905511811));
#2814=DIRECTION('',(1.0,0.0,0.0));
#2815=DIRECTION('',(0.0,0.0,-1.0));
#2816=AXIS2_PLACEMENT_3D('',#2813,#2814,#2815);
#2817=PLANE('',#2816);
#2818=ORIENTED_EDGE('',*,*,#2731,.F.);
#2819=ORIENTED_EDGE('',*,*,#2563,.F.);
#2820=ORIENTED_EDGE('',*,*,#695,.F.);
#2821=CARTESIAN_POINT('',(0.140354330708661,-0.1,0.265354330708661));
#2822=DIRECTION('',(0.0,0.0,-1.0));
#2823=VECTOR('',#2822,0.194094488188976);
#2824=LINE('',#2821,#2823);
#2825=EDGE_CURVE('',#682,#2726,#2824,.T.);
#2826=ORIENTED_EDGE('',*,*,#2825,.T.);
#2827=EDGE_LOOP('',(#2818,#2819,#2820,#2826));
#2828=FACE_OUTER_BOUND('',#2827,.T.);
#2829=ADVANCED_FACE('',(#2828),#2817,.T.);
#2830=CARTESIAN_POINT('',(0.0,1.539769E-017,0.265354330708661));
#2831=DIRECTION('',(0.0,0.0,1.0));
#2832=DIRECTION('',(1.0,0.0,0.0));
#2833=AXIS2_PLACEMENT_3D('',#2830,#2831,#2832);
#2834=PLANE('',#2833);
#2835=CARTESIAN_POINT('',(0.144291338582677,0.1,0.265354330708661));
#2836=VERTEX_POINT('',#2835);
#2837=CARTESIAN_POINT('',(0.144291338582677,0.090157480314961,0.265354330708661));
#2838=VERTEX_POINT('',#2837);
#2839=CARTESIAN_POINT('',(0.144291338582677,0.1,0.265354330708661));
#2840=DIRECTION('',(0.0,-1.0,0.0));
#2841=VECTOR('',#2840,0.009842519685039);
#2842=LINE('',#2839,#2841);
#2843=EDGE_CURVE('',#2836,#2838,#2842,.T.);
#2844=ORIENTED_EDGE('',*,*,#2843,.T.);
#2845=CARTESIAN_POINT('',(0.144291338582677,0.090157480314961,0.265354330708661));
#2846=DIRECTION('',(-1.0,0.0,0.0));
#2847=VECTOR('',#2846,0.003937007874016);
#2848=LINE('',#2845,#2847);
#2849=EDGE_CURVE('',#2838,#2758,#2848,.T.);
#2850=ORIENTED_EDGE('',*,*,#2849,.T.);
#2851=ORIENTED_EDGE('',*,*,#2763,.T.);
#2852=CARTESIAN_POINT('',(0.144291338582677,0.1,0.265354330708661));
#2853=DIRECTION('',(-1.0,0.0,0.0));
#2854=VECTOR('',#2853,0.003937007874016);
#2855=LINE('',#2852,#2854);
#2856=EDGE_CURVE('',#2836,#2750,#2855,.T.);
#2857=ORIENTED_EDGE('',*,*,#2856,.F.);
#2858=EDGE_LOOP('',(#2844,#2850,#2851,#2857));
#2859=FACE_OUTER_BOUND('',#2858,.T.);
#2860=ADVANCED_FACE('',(#2859),#2834,.F.);
#2861=CARTESIAN_POINT('',(-0.201998031496063,0.089665354330709,0.265354330708661));
#2862=DIRECTION('',(0.0,0.0,1.0));
#2863=DIRECTION('',(1.0,0.0,0.0));
#2864=AXIS2_PLACEMENT_3D('',#2861,#2862,#2863);
#2865=PLANE('',#2864);
#2866=CARTESIAN_POINT('',(-0.16003937007874,0.090157480314961,0.265354330708661));
#2867=VERTEX_POINT('',#2866);
#2868=CARTESIAN_POINT('',(-0.16003937007874,0.1,0.265354330708661));
#2869=VERTEX_POINT('',#2868);
#2870=CARTESIAN_POINT('',(-0.16003937007874,0.090157480314961,0.265354330708661));
#2871=DIRECTION('',(0.0,1.0,0.0));
#2872=VECTOR('',#2871,0.009842519685039);
#2873=LINE('',#2870,#2872);
#2874=EDGE_CURVE('',#2867,#2869,#2873,.T.);
#2875=ORIENTED_EDGE('',*,*,#2874,.F.);
#2876=CARTESIAN_POINT('',(-0.16003937007874,0.090157480314961,0.265354330708661));
#2877=DIRECTION('',(-1.0,0.0,0.0));
#2878=VECTOR('',#2877,0.03996062992126);
#2879=LINE('',#2876,#2878);
#2880=EDGE_CURVE('',#2867,#2103,#2879,.T.);
#2881=ORIENTED_EDGE('',*,*,#2880,.T.);
#2882=ORIENTED_EDGE('',*,*,#2108,.F.);
#2883=CARTESIAN_POINT('',(-0.16003937007874,0.1,0.265354330708661));
#2884=DIRECTION('',(-1.0,0.0,0.0));
#2885=VECTOR('',#2884,0.03996062992126);
#2886=LINE('',#2883,#2885);
#2887=EDGE_CURVE('',#2869,#2095,#2886,.T.);
#2888=ORIENTED_EDGE('',*,*,#2887,.F.);
#2889=EDGE_LOOP('',(#2875,#2881,#2882,#2888));
#2890=FACE_OUTER_BOUND('',#2889,.T.);
#2891=ADVANCED_FACE('',(#2890),#2865,.F.);
#2892=CARTESIAN_POINT('',(-0.19232283464567,-0.081850393700788,0.275196850393701));
#2893=DIRECTION('',(0.0,0.0,1.0));
#2894=DIRECTION('',(1.0,0.0,0.0));
#2895=AXIS2_PLACEMENT_3D('',#2892,#2893,#2894);
#2896=PLANE('',#2895);
#2897=CARTESIAN_POINT('',(-0.146850393700787,-0.074409448818898,0.275196850393701));
#2898=VERTEX_POINT('',#2897);
#2899=CARTESIAN_POINT('',(-0.146850393700787,0.074409448818898,0.275196850393701));
#2900=DIRECTION('',(0.0,-1.0,0.0));
#2901=VECTOR('',#2900,0.148818897637796);
#2902=LINE('',#2899,#2901);
#2903=EDGE_CURVE('',#2032,#2898,#2902,.T.);
#2904=ORIENTED_EDGE('',*,*,#2903,.F.);
#2905=ORIENTED_EDGE('',*,*,#2037,.F.);
#2906=CARTESIAN_POINT('',(-0.190157480314961,-0.074409448818898,0.275196850393701));
#2907=VERTEX_POINT('',#2906);
#2908=CARTESIAN_POINT('',(-0.190157480314961,-0.074409448818898,0.275196850393701));
#2909=DIRECTION('',(0.0,1.0,0.0));
#2910=VECTOR('',#2909,0.148818897637796);
#2911=LINE('',#2908,#2910);
#2912=EDGE_CURVE('',#2907,#2024,#2911,.T.);
#2913=ORIENTED_EDGE('',*,*,#2912,.F.);
#2914=CARTESIAN_POINT('',(-0.190157480314961,-0.074409448818898,0.275196850393701));
#2915=DIRECTION('',(1.0,0.0,0.0));
#2916=VECTOR('',#2915,0.043307086614174);
#2917=LINE('',#2914,#2916);
#2918=EDGE_CURVE('',#2907,#2898,#2917,.T.);
#2919=ORIENTED_EDGE('',*,*,#2918,.T.);
#2920=EDGE_LOOP('',(#2904,#2905,#2913,#2919));
#2921=FACE_OUTER_BOUND('',#2920,.T.);
#2922=ADVANCED_FACE('',(#2921),#2896,.T.);
#2923=CARTESIAN_POINT('',(-0.146850393700787,-0.081850393700788,0.264862204724409));
#2924=DIRECTION('',(-1.0,0.0,0.0));
#2925=DIRECTION('',(0.0,0.0,1.0));
#2926=AXIS2_PLACEMENT_3D('',#2923,#2924,#2925);
#2927=PLANE('',#2926);
#2928=CARTESIAN_POINT('',(-0.146850393700787,-0.074409448818898,0.265354330708661));
#2929=VERTEX_POINT('',#2928);
#2930=CARTESIAN_POINT('',(-0.146850393700787,0.074409448818898,0.265354330708661));
#2931=DIRECTION('',(0.0,-1.0,0.0));
#2932=VECTOR('',#2931,0.148818897637796);
#2933=LINE('',#2930,#2932);
#2934=EDGE_CURVE('',#2040,#2929,#2933,.T.);
#2935=ORIENTED_EDGE('',*,*,#2934,.F.);
#2936=ORIENTED_EDGE('',*,*,#2045,.T.);
#2937=ORIENTED_EDGE('',*,*,#2903,.T.);
#2938=CARTESIAN_POINT('',(-0.146850393700787,-0.074409448818898,0.275196850393701));
#2939=DIRECTION('',(0.0,0.0,-1.0));
#2940=VECTOR('',#2939,0.00984251968504);
#2941=LINE('',#2938,#2940);
#2942=EDGE_CURVE('',#2898,#2929,#2941,.T.);
#2943=ORIENTED_EDGE('',*,*,#2942,.T.);
#2944=EDGE_LOOP('',(#2935,#2936,#2937,#2943));
#2945=FACE_OUTER_BOUND('',#2944,.T.);
#2946=ADVANCED_FACE('',(#2945),#2927,.F.);
#2947=CARTESIAN_POINT('',(-0.190157480314961,-0.090157480314961,0.265354330708661));
#2948=DIRECTION('',(-1.0,0.0,0.0));
#2949=DIRECTION('',(0.0,0.0,1.0));
#2950=AXIS2_PLACEMENT_3D('',#2947,#2948,#2949);
#2951=PLANE('',#2950);
#2952=ORIENTED_EDGE('',*,*,#2912,.T.);
#2953=ORIENTED_EDGE('',*,*,#2029,.T.);
#2954=CARTESIAN_POINT('',(-0.190157480314961,-0.074409448818898,0.344094488188976));
#2955=VERTEX_POINT('',#2954);
#2956=CARTESIAN_POINT('',(-0.190157480314961,-0.074409448818898,0.344094488188976));
#2957=DIRECTION('',(0.0,1.0,0.0));
#2958=VECTOR('',#2957,0.148818897637796);
#2959=LINE('',#2956,#2958);
#2960=EDGE_CURVE('',#2955,#2016,#2959,.T.);
#2961=ORIENTED_EDGE('',*,*,#2960,.F.);
#2962=CARTESIAN_POINT('',(-0.190157480314961,-0.074409448818898,0.275196850393701));
#2963=DIRECTION('',(0.0,0.0,1.0));
#2964=VECTOR('',#2963,0.068897637795275);
#2965=LINE('',#2962,#2964);
#2966=EDGE_CURVE('',#2907,#2955,#2965,.T.);
#2967=ORIENTED_EDGE('',*,*,#2966,.F.);
#2968=EDGE_LOOP('',(#2952,#2953,#2961,#2967));
#2969=FACE_OUTER_BOUND('',#2968,.T.);
#2970=ADVANCED_FACE('',(#2969),#2951,.F.);
#2971=CARTESIAN_POINT('',(0.144685039370078,-0.081850393700788,0.275196850393701));
#2972=DIRECTION('',(0.0,0.0,1.0));
#2973=DIRECTION('',(1.0,0.0,0.0));
#2974=AXIS2_PLACEMENT_3D('',#2971,#2972,#2973);
#2975=PLANE('',#2974);
#2976=CARTESIAN_POINT('',(0.146850393700787,0.074409448818898,0.275196850393701));
#2977=VERTEX_POINT('',#2976);
#2978=CARTESIAN_POINT('',(0.146850393700787,0.074409448818898,0.275196850393701));
#2979=DIRECTION('',(0.0,-1.0,0.0));
#2980=VECTOR('',#2979,0.148818897637796);
#2981=LINE('',#2978,#2980);
#2982=EDGE_CURVE('',#2977,#1825,#2981,.T.);
#2983=ORIENTED_EDGE('',*,*,#2982,.T.);
#2984=ORIENTED_EDGE('',*,*,#1830,.F.);
#2985=CARTESIAN_POINT('',(0.190157480314961,0.074409448818898,0.275196850393701));
#2986=VERTEX_POINT('',#2985);
#2987=CARTESIAN_POINT('',(0.190157480314961,0.074409448818898,0.275196850393701));
#2988=DIRECTION('',(0.0,-1.0,0.0));
#2989=VECTOR('',#2988,0.148818897637796);
#2990=LINE('',#2987,#2989);
#2991=EDGE_CURVE('',#2986,#1817,#2990,.T.);
#2992=ORIENTED_EDGE('',*,*,#2991,.F.);
#2993=CARTESIAN_POINT('',(0.190157480314961,0.074409448818898,0.275196850393701));
#2994=DIRECTION('',(-1.0,0.0,0.0));
#2995=VECTOR('',#2994,0.043307086614174);
#2996=LINE('',#2993,#2995);
#2997=EDGE_CURVE('',#2986,#2977,#2996,.T.);
#2998=ORIENTED_EDGE('',*,*,#2997,.T.);
#2999=EDGE_LOOP('',(#2983,#2984,#2992,#2998));
#3000=FACE_OUTER_BOUND('',#2999,.T.);
#3001=ADVANCED_FACE('',(#3000),#2975,.T.);
#3002=CARTESIAN_POINT('',(0.146850393700787,-0.081850393700788,0.275688976377953));
#3003=DIRECTION('',(1.0,0.0,0.0));
#3004=DIRECTION('',(0.0,0.0,-1.0));
#3005=AXIS2_PLACEMENT_3D('',#3002,#3003,#3004);
#3006=PLANE('',#3005);
#3007=CARTESIAN_POINT('',(0.146850393700787,0.074409448818898,0.265354330708661));
#3008=VERTEX_POINT('',#3007);
#3009=CARTESIAN_POINT('',(0.146850393700787,-0.074409448818898,0.265354330708661));
#3010=DIRECTION('',(0.0,1.0,0.0));
#3011=VECTOR('',#3010,0.148818897637796);
#3012=LINE('',#3009,#3011);
#3013=EDGE_CURVE('',#1833,#3008,#3012,.T.);
#3014=ORIENTED_EDGE('',*,*,#3013,.F.);
#3015=ORIENTED_EDGE('',*,*,#1838,.F.);
#3016=ORIENTED_EDGE('',*,*,#2982,.F.);
#3017=CARTESIAN_POINT('',(0.146850393700787,0.074409448818898,0.265354330708661));
#3018=DIRECTION('',(0.0,0.0,1.0));
#3019=VECTOR('',#3018,0.00984251968504);
#3020=LINE('',#3017,#3019);
#3021=EDGE_CURVE('',#3008,#2977,#3020,.T.);
#3022=ORIENTED_EDGE('',*,*,#3021,.F.);
#3023=EDGE_LOOP('',(#3014,#3015,#3016,#3022));
#3024=FACE_OUTER_BOUND('',#3023,.T.);
#3025=ADVANCED_FACE('',(#3024),#3006,.F.);
#3026=CARTESIAN_POINT('',(0.190157480314961,-0.081850393700788,0.34753937007874));
#3027=DIRECTION('',(1.0,0.0,0.0));
#3028=DIRECTION('',(0.0,0.0,-1.0));
#3029=AXIS2_PLACEMENT_3D('',#3026,#3027,#3028);
#3030=PLANE('',#3029);
#3031=ORIENTED_EDGE('',*,*,#2991,.T.);
#3032=ORIENTED_EDGE('',*,*,#1822,.T.);
#3033=CARTESIAN_POINT('',(0.190157480314961,0.074409448818898,0.344094488188976));
#3034=VERTEX_POINT('',#3033);
#3035=CARTESIAN_POINT('',(0.190157480314961,0.074409448818898,0.344094488188976));
#3036=DIRECTION('',(0.0,-1.0,0.0));
#3037=VECTOR('',#3036,0.148818897637796);
#3038=LINE('',#3035,#3037);
#3039=EDGE_CURVE('',#3034,#1809,#3038,.T.);
#3040=ORIENTED_EDGE('',*,*,#3039,.F.);
#3041=CARTESIAN_POINT('',(0.190157480314961,0.074409448818898,0.275196850393701));
#3042=DIRECTION('',(0.0,0.0,1.0));
#3043=VECTOR('',#3042,0.068897637795275);
#3044=LINE('',#3041,#3043);
#3045=EDGE_CURVE('',#2986,#3034,#3044,.T.);
#3046=ORIENTED_EDGE('',*,*,#3045,.F.);
#3047=EDGE_LOOP('',(#3031,#3032,#3040,#3046));
#3048=FACE_OUTER_BOUND('',#3047,.T.);
#3049=ADVANCED_FACE('',(#3048),#3030,.F.);
#3050=CARTESIAN_POINT('',(-0.202657480314961,-0.074409448818898,0.261417322834645));
#3051=DIRECTION('',(0.0,1.0,0.0));
#3052=DIRECTION('',(0.0,0.0,1.0));
#3053=AXIS2_PLACEMENT_3D('',#3050,#3051,#3052);
#3054=PLANE('',#3053);
#3055=ORIENTED_EDGE('',*,*,#1973,.F.);
#3056=CARTESIAN_POINT('',(-0.16003937007874,-0.074409448818898,0.265354330708661));
#3057=VERTEX_POINT('',#3056);
#3058=CARTESIAN_POINT('',(-0.16003937007874,-0.074409448818898,0.265354330708661));
#3059=DIRECTION('',(-1.0,0.0,0.0));
#3060=VECTOR('',#3059,0.032086614173229);
#3061=LINE('',#3058,#3060);
#3062=EDGE_CURVE('',#3057,#1965,#3061,.T.);
#3063=ORIENTED_EDGE('',*,*,#3062,.F.);
#3064=CARTESIAN_POINT('',(-0.146850393700787,-0.074409448818898,0.265354330708661));
#3065=DIRECTION('',(-1.0,0.0,0.0));
#3066=VECTOR('',#3065,0.013188976377953);
#3067=LINE('',#3064,#3066);
#3068=EDGE_CURVE('',#2929,#3057,#3067,.T.);
#3069=ORIENTED_EDGE('',*,*,#3068,.F.);
#3070=ORIENTED_EDGE('',*,*,#2942,.F.);
#3071=ORIENTED_EDGE('',*,*,#2918,.F.);
#3072=ORIENTED_EDGE('',*,*,#2966,.T.);
#3073=CARTESIAN_POINT('',(-0.2,-0.074409448818898,0.344094488188976));
#3074=DIRECTION('',(1.0,0.0,0.0));
#3075=VECTOR('',#3074,0.009842519685039);
#3076=LINE('',#3073,#3075);
#3077=EDGE_CURVE('',#2143,#2955,#3076,.T.);
#3078=ORIENTED_EDGE('',*,*,#3077,.F.);
#3079=ORIENTED_EDGE('',*,*,#2148,.F.);
#3080=EDGE_LOOP('',(#3055,#3063,#3069,#3070,#3071,#3072,#3078,#3079));
#3081=FACE_OUTER_BOUND('',#3080,.T.);
#3082=ADVANCED_FACE('',(#3081),#3054,.F.);
#3083=CARTESIAN_POINT('',(-0.22,0.090157480314961,0.016279527559055));
#3084=DIRECTION('',(0.0,1.0,0.0));
#3085=DIRECTION('',(0.0,0.0,1.0));
#3086=AXIS2_PLACEMENT_3D('',#3083,#3084,#3085);
#3087=PLANE('',#3086);
#3088=ORIENTED_EDGE('',*,*,#2630,.F.);
#3089=ORIENTED_EDGE('',*,*,#2683,.T.);
#3090=ORIENTED_EDGE('',*,*,#2713,.F.);
#3091=ORIENTED_EDGE('',*,*,#2769,.F.);
#3092=ORIENTED_EDGE('',*,*,#2849,.F.);
#3093=CARTESIAN_POINT('',(0.16003937007874,0.090157480314961,0.265354330708661));
#3094=DIRECTION('',(-1.0,0.0,0.0));
#3095=VECTOR('',#3094,0.015748031496063);
#3096=LINE('',#3093,#3095);
#3097=EDGE_CURVE('',#794,#2838,#3096,.T.);
#3098=ORIENTED_EDGE('',*,*,#3097,.F.);
#3099=ORIENTED_EDGE('',*,*,#821,.F.);
#3100=ORIENTED_EDGE('',*,*,#1931,.F.);
#3101=CARTESIAN_POINT('',(-0.2,0.090157480314961,0.344094488188976));
#3102=DIRECTION('',(1.0,0.0,0.0));
#3103=VECTOR('',#3102,0.4);
#3104=LINE('',#3101,#3103);
#3105=EDGE_CURVE('',#2111,#1920,#3104,.T.);
#3106=ORIENTED_EDGE('',*,*,#3105,.F.);
#3107=ORIENTED_EDGE('',*,*,#2116,.F.);
#3108=ORIENTED_EDGE('',*,*,#2880,.F.);
#3109=CARTESIAN_POINT('',(-0.144291338582677,0.090157480314961,0.265354330708661));
#3110=DIRECTION('',(-1.0,0.0,0.0));
#3111=VECTOR('',#3110,0.015748031496063);
#3112=LINE('',#3109,#3111);
#3113=EDGE_CURVE('',#832,#2867,#3112,.T.);
#3114=ORIENTED_EDGE('',*,*,#3113,.F.);
#3115=ORIENTED_EDGE('',*,*,#861,.F.);
#3116=ORIENTED_EDGE('',*,*,#2784,.T.);
#3117=EDGE_LOOP('',(#3088,#3089,#3090,#3091,#3092,#3098,#3099,#3100,#3106,#3107,#3108,#3114,#3115,#3116));
#3118=FACE_OUTER_BOUND('',#3117,.T.);
#3119=CARTESIAN_POINT('',(-0.081299212598425,0.090157480314961,0.082677165354331));
#3120=VERTEX_POINT('',#3119);
#3121=CARTESIAN_POINT('',(-0.081299212598425,0.090157480314961,0.109951758030493));
#3122=DIRECTION('',(0.0,0.0,-1.0));
#3123=VECTOR('',#3122,0.027274592676162);
#3124=LINE('',#3121,#3123);
#3125=EDGE_CURVE('',#754,#3120,#3124,.T.);
#3126=ORIENTED_EDGE('',*,*,#3125,.F.);
#3127=ORIENTED_EDGE('',*,*,#781,.T.);
#3128=ORIENTED_EDGE('',*,*,#1715,.T.);
#3129=ORIENTED_EDGE('',*,*,#1649,.T.);
#3130=CARTESIAN_POINT('',(0.081299212598425,0.090157480314961,0.082677165354331));
#3131=VERTEX_POINT('',#3130);
#3132=CARTESIAN_POINT('',(0.081299212598425,0.090157480314961,0.082677165354331));
#3133=DIRECTION('',(0.0,0.0,1.0));
#3134=VECTOR('',#3133,0.027274592676162);
#3135=LINE('',#3132,#3134);
#3136=EDGE_CURVE('',#3131,#1634,#3135,.T.);
#3137=ORIENTED_EDGE('',*,*,#3136,.F.);
#3138=CARTESIAN_POINT('',(-0.081299212598425,0.090157480314961,0.082677165354331));
#3139=DIRECTION('',(1.0,0.0,0.0));
#3140=VECTOR('',#3139,0.16259842519685);
#3141=LINE('',#3138,#3140);
#3142=EDGE_CURVE('',#3120,#3131,#3141,.T.);
#3143=ORIENTED_EDGE('',*,*,#3142,.F.);
#3144=EDGE_LOOP('',(#3126,#3127,#3128,#3129,#3137,#3143));
#3145=FACE_BOUND('',#3144,.T.);
#3146=ADVANCED_FACE('',(#3118,#3145),#3087,.F.);
#3147=CARTESIAN_POINT('',(0.144192913385826,0.074409448818898,0.348031496062992));
#3148=DIRECTION('',(0.0,-1.0,0.0));
#3149=DIRECTION('',(0.0,0.0,-1.0));
#3150=AXIS2_PLACEMENT_3D('',#3147,#3148,#3149);
#3151=PLANE('',#3150);
#3152=ORIENTED_EDGE('',*,*,#1766,.F.);
#3153=CARTESIAN_POINT('',(0.16003937007874,0.074409448818898,0.265354330708661));
#3154=VERTEX_POINT('',#3153);
#3155=CARTESIAN_POINT('',(0.16003937007874,0.074409448818898,0.265354330708661));
#3156=DIRECTION('',(1.0,0.0,0.0));
#3157=VECTOR('',#3156,0.032086614173229);
#3158=LINE('',#3155,#3157);
#3159=EDGE_CURVE('',#3154,#1758,#3158,.T.);
#3160=ORIENTED_EDGE('',*,*,#3159,.F.);
#3161=CARTESIAN_POINT('',(0.146850393700787,0.074409448818898,0.265354330708661));
#3162=DIRECTION('',(1.0,0.0,0.0));
#3163=VECTOR('',#3162,0.013188976377953);
#3164=LINE('',#3161,#3163);
#3165=EDGE_CURVE('',#3008,#3154,#3164,.T.);
#3166=ORIENTED_EDGE('',*,*,#3165,.F.);
#3167=ORIENTED_EDGE('',*,*,#3021,.T.);
#3168=ORIENTED_EDGE('',*,*,#2997,.F.);
#3169=ORIENTED_EDGE('',*,*,#3045,.T.);
#3170=CARTESIAN_POINT('',(0.2,0.074409448818898,0.344094488188976));
#3171=DIRECTION('',(-1.0,0.0,0.0));
#3172=VECTOR('',#3171,0.009842519685039);
#3173=LINE('',#3170,#3172);
#3174=EDGE_CURVE('',#1896,#3034,#3173,.T.);
#3175=ORIENTED_EDGE('',*,*,#3174,.F.);
#3176=ORIENTED_EDGE('',*,*,#1901,.F.);
#3177=EDGE_LOOP('',(#3152,#3160,#3166,#3167,#3168,#3169,#3175,#3176));
#3178=FACE_OUTER_BOUND('',#3177,.T.);
#3179=ADVANCED_FACE('',(#3178),#3151,.F.);
#3180=CARTESIAN_POINT('',(-0.22,-0.100898801261009,0.344094488188976));
#3181=DIRECTION('',(0.0,0.0,1.0));
#3182=DIRECTION('',(1.0,0.0,0.0));
#3183=AXIS2_PLACEMENT_3D('',#3180,#3181,#3182);
#3184=PLANE('',#3183);
#3185=ORIENTED_EDGE('',*,*,#2347,.T.);
#3186=ORIENTED_EDGE('',*,*,#3077,.T.);
#3187=ORIENTED_EDGE('',*,*,#2960,.T.);
#3188=ORIENTED_EDGE('',*,*,#2021,.T.);
#3189=ORIENTED_EDGE('',*,*,#2381,.T.);
#3190=ORIENTED_EDGE('',*,*,#3105,.T.);
#3191=ORIENTED_EDGE('',*,*,#2415,.T.);
#3192=ORIENTED_EDGE('',*,*,#3174,.T.);
#3193=ORIENTED_EDGE('',*,*,#3039,.T.);
#3194=ORIENTED_EDGE('',*,*,#1814,.T.);
#3195=ORIENTED_EDGE('',*,*,#2449,.T.);
#3196=ORIENTED_EDGE('',*,*,#1869,.F.);
#3197=ORIENTED_EDGE('',*,*,#1357,.F.);
#3198=ORIENTED_EDGE('',*,*,#2546,.T.);
#3199=ORIENTED_EDGE('',*,*,#1025,.T.);
#3200=ORIENTED_EDGE('',*,*,#2075,.F.);
#3201=EDGE_LOOP('',(#3185,#3186,#3187,#3188,#3189,#3190,#3191,#3192,#3193,#3194,#3195,#3196,#3197,#3198,#3199,#3200));
#3202=FACE_OUTER_BOUND('',#3201,.T.);
#3203=ORIENTED_EDGE('',*,*,#357,.T.);
#3204=ORIENTED_EDGE('',*,*,#393,.T.);
#3205=ORIENTED_EDGE('',*,*,#417,.T.);
#3206=ORIENTED_EDGE('',*,*,#441,.T.);
#3207=EDGE_LOOP('',(#3203,#3204,#3205,#3206));
#3208=FACE_BOUND('',#3207,.T.);
#3209=ADVANCED_FACE('',(#3202,#3208),#3184,.F.);
#3210=CARTESIAN_POINT('',(0.110236220472441,-0.056299212598426,0.363110236220473));
#3211=DIRECTION('',(1.0,0.0,0.0));
#3212=DIRECTION('',(0.0,0.0,-1.0));
#3213=AXIS2_PLACEMENT_3D('',#3210,#3211,#3212);
#3214=PLANE('',#3213);
#3215=ORIENTED_EDGE('',*,*,#485,.T.);
#3216=CARTESIAN_POINT('',(0.110236220472441,-0.051181102362205,0.362204724409449));
#3217=DIRECTION('',(0.0,0.0,-1.0));
#3218=VECTOR('',#3217,0.018110236220473);
#3219=LINE('',#3216,#3218);
#3220=EDGE_CURVE('',#2313,#472,#3219,.T.);
#3221=ORIENTED_EDGE('',*,*,#3220,.F.);
#3222=ORIENTED_EDGE('',*,*,#2318,.F.);
#3223=CARTESIAN_POINT('',(0.110236220472441,0.051181102362205,0.362204724409449));
#3224=DIRECTION('',(0.0,0.0,-1.0));
#3225=VECTOR('',#3224,0.018110236220473);
#3226=LINE('',#3223,#3225);
#3227=EDGE_CURVE('',#2305,#480,#3226,.T.);
#3228=ORIENTED_EDGE('',*,*,#3227,.T.);
#3229=EDGE_LOOP('',(#3215,#3221,#3222,#3228));
#3230=FACE_OUTER_BOUND('',#3229,.T.);
#3231=ADVANCED_FACE('',(#3230),#3214,.F.);
#3232=CARTESIAN_POINT('',(-0.121259842519685,-0.051181102362205,0.363110236220473));
#3233=DIRECTION('',(0.0,-1.0,0.0));
#3234=DIRECTION('',(0.0,0.0,-1.0));
#3235=AXIS2_PLACEMENT_3D('',#3232,#3233,#3234);
#3236=PLANE('',#3235);
#3237=ORIENTED_EDGE('',*,*,#477,.T.);
#3238=ORIENTED_EDGE('',*,*,#893,.F.);
#3239=ORIENTED_EDGE('',*,*,#2324,.F.);
#3240=ORIENTED_EDGE('',*,*,#3220,.T.);
#3241=EDGE_LOOP('',(#3237,#3238,#3239,#3240));
#3242=FACE_OUTER_BOUND('',#3241,.T.);
#3243=ADVANCED_FACE('',(#3242),#3236,.F.);
#3244=CARTESIAN_POINT('',(0.158435039370079,-0.081850393700788,0.265354330708661));
#3245=DIRECTION('',(0.0,0.0,1.0));
#3246=DIRECTION('',(1.0,0.0,0.0));
#3247=AXIS2_PLACEMENT_3D('',#3244,#3245,#3246);
#3248=PLANE('',#3247);
#3249=CARTESIAN_POINT('',(0.16003937007874,0.074409448818898,0.265354330708661));
#3250=DIRECTION('',(0.0,-1.0,0.0));
#3251=VECTOR('',#3250,0.148818897637796);
#3252=LINE('',#3249,#3251);
#3253=EDGE_CURVE('',#3154,#1841,#3252,.T.);
#3254=ORIENTED_EDGE('',*,*,#3253,.F.);
#3255=ORIENTED_EDGE('',*,*,#3159,.T.);
#3256=ORIENTED_EDGE('',*,*,#1789,.F.);
#3257=ORIENTED_EDGE('',*,*,#1852,.T.);
#3258=EDGE_LOOP('',(#3254,#3255,#3256,#3257));
#3259=FACE_OUTER_BOUND('',#3258,.T.);
#3260=ADVANCED_FACE('',(#3259),#3248,.F.);
#3261=CARTESIAN_POINT('',(-0.19373031496063,-0.081850393700788,0.265354330708661));
#3262=DIRECTION('',(0.0,0.0,1.0));
#3263=DIRECTION('',(1.0,0.0,0.0));
#3264=AXIS2_PLACEMENT_3D('',#3261,#3262,#3263);
#3265=PLANE('',#3264);
#3266=CARTESIAN_POINT('',(-0.16003937007874,-0.074409448818898,0.265354330708661));
#3267=DIRECTION('',(0.0,1.0,0.0));
#3268=VECTOR('',#3267,0.148818897637796);
#3269=LINE('',#3266,#3268);
#3270=EDGE_CURVE('',#3057,#2048,#3269,.T.);
#3271=ORIENTED_EDGE('',*,*,#3270,.F.);
#3272=ORIENTED_EDGE('',*,*,#3062,.T.);
#3273=ORIENTED_EDGE('',*,*,#1996,.F.);
#3274=ORIENTED_EDGE('',*,*,#2059,.T.);
#3275=EDGE_LOOP('',(#3271,#3272,#3273,#3274));
#3276=FACE_OUTER_BOUND('',#3275,.T.);
#3277=ADVANCED_FACE('',(#3276),#3265,.F.);
#3278=CARTESIAN_POINT('',(-0.121259842519685,0.051181102362205,0.343188976377952));
#3279=DIRECTION('',(0.0,1.0,0.0));
#3280=DIRECTION('',(0.0,0.0,1.0));
#3281=AXIS2_PLACEMENT_3D('',#3278,#3279,#3280);
#3282=PLANE('',#3281);
#3283=ORIENTED_EDGE('',*,*,#491,.T.);
#3284=ORIENTED_EDGE('',*,*,#3227,.F.);
#3285=ORIENTED_EDGE('',*,*,#2310,.F.);
#3286=ORIENTED_EDGE('',*,*,#935,.T.);
#3287=EDGE_LOOP('',(#3283,#3284,#3285,#3286));
#3288=FACE_OUTER_BOUND('',#3287,.T.);
#3289=ADVANCED_FACE('',(#3288),#3282,.F.);
#3290=CARTESIAN_POINT('',(-0.110236220472441,-0.053917322834646,0.35744094488189));
#3291=DIRECTION('',(-1.0,0.0,0.0));
#3292=DIRECTION('',(0.0,0.0,1.0));
#3293=AXIS2_PLACEMENT_3D('',#3290,#3291,#3292);
#3294=PLANE('',#3293);
#3295=ORIENTED_EDGE('',*,*,#2301,.T.);
#3296=CARTESIAN_POINT('',(-0.110236220472441,-0.049015748031496,0.45748031496063));
#3297=VERTEX_POINT('',#3296);
#3298=CARTESIAN_POINT('',(-0.110236220472441,-0.049015748031496,0.362204724409449));
#3299=DIRECTION('',(0.0,0.0,1.0));
#3300=VECTOR('',#3299,0.095275590551181);
#3301=LINE('',#3298,#3300);
#3302=EDGE_CURVE('',#874,#3297,#3301,.T.);
#3303=ORIENTED_EDGE('',*,*,#3302,.T.);
#3304=CARTESIAN_POINT('',(-0.110236220472441,0.049015748031496,0.45748031496063));
#3305=VERTEX_POINT('',#3304);
#3306=CARTESIAN_POINT('',(-0.110236220472441,-0.049015748031496,0.45748031496063));
#3307=DIRECTION('',(0.0,1.0,0.0));
#3308=VECTOR('',#3307,0.098031496062992);
#3309=LINE('',#3306,#3308);
#3310=EDGE_CURVE('',#3297,#3305,#3309,.T.);
#3311=ORIENTED_EDGE('',*,*,#3310,.T.);
#3312=CARTESIAN_POINT('',(-0.110236220472441,0.049015748031496,0.362204724409449));
#3313=DIRECTION('',(0.0,0.0,1.0));
#3314=VECTOR('',#3313,0.095275590551181);
#3315=LINE('',#3312,#3314);
#3316=EDGE_CURVE('',#914,#3305,#3315,.T.);
#3317=ORIENTED_EDGE('',*,*,#3316,.F.);
#3318=EDGE_LOOP('',(#3295,#3303,#3311,#3317));
#3319=FACE_OUTER_BOUND('',#3318,.T.);
#3320=ADVANCED_FACE('',(#3319),#3294,.T.);
#3321=CARTESIAN_POINT('',(-0.097028543307087,-0.053917322834646,0.485590551181102));
#3322=DIRECTION('',(0.905074933327661,-1.256044E-016,-0.425252119409099));
#3323=DIRECTION('',(-0.425252119409099,6.972445E-033,-0.905074933327661));
#3324=AXIS2_PLACEMENT_3D('',#3321,#3322,#3323);
#3325=PLANE('',#3324);
#3326=CARTESIAN_POINT('',(-0.097657480314961,0.049015748031496,0.484251968503937));
#3327=VERTEX_POINT('',#3326);
#3328=CARTESIAN_POINT('',(-0.110236220472441,0.049015748031496,0.45748031496063));
#3329=DIRECTION('',(0.425252119409099,-4.691693E-016,0.905074933327661));
#3330=VECTOR('',#3329,0.029579488457245);
#3331=LINE('',#3328,#3330);
#3332=EDGE_CURVE('',#3305,#3327,#3331,.T.);
#3333=ORIENTED_EDGE('',*,*,#3332,.F.);
#3334=ORIENTED_EDGE('',*,*,#3310,.F.);
#3335=CARTESIAN_POINT('',(-0.097657480314961,-0.049015748031496,0.484251968503937));
#3336=VERTEX_POINT('',#3335);
#3337=CARTESIAN_POINT('',(-0.097657480314961,-0.049015748031496,0.484251968503937));
#3338=DIRECTION('',(-0.4252521194091,0.0,-0.90507493332766));
#3339=VECTOR('',#3338,0.029579488457244);
#3340=LINE('',#3337,#3339);
#3341=EDGE_CURVE('',#3336,#3297,#3340,.T.);
#3342=ORIENTED_EDGE('',*,*,#3341,.F.);
#3343=CARTESIAN_POINT('',(-0.097657480314961,-0.049015748031496,0.484251968503937));
#3344=DIRECTION('',(0.0,1.0,0.0));
#3345=VECTOR('',#3344,0.098031496062992);
#3346=LINE('',#3343,#3345);
#3347=EDGE_CURVE('',#3336,#3327,#3346,.T.);
#3348=ORIENTED_EDGE('',*,*,#3347,.T.);
#3349=EDGE_LOOP('',(#3333,#3334,#3342,#3348));
#3350=FACE_OUTER_BOUND('',#3349,.T.);
#3351=ADVANCED_FACE('',(#3350),#3325,.F.);
#3352=CARTESIAN_POINT('',(-0.072028543307087,-0.053917322834646,0.485590551181102));
#3353=DIRECTION('',(0.905074933327661,-9.420328E-017,-0.425252119409099));
#3354=DIRECTION('',(-0.425252119409099,5.229333E-033,-0.905074933327661));
#3355=AXIS2_PLACEMENT_3D('',#3352,#3353,#3354);
#3356=PLANE('',#3355);
#3357=CARTESIAN_POINT('',(-0.085236220472441,0.049015748031496,0.45748031496063));
#3358=VERTEX_POINT('',#3357);
#3359=CARTESIAN_POINT('',(-0.072657480314961,0.049015748031496,0.484251968503937));
#3360=VERTEX_POINT('',#3359);
#3361=CARTESIAN_POINT('',(-0.085236220472441,0.049015748031496,0.45748031496063));
#3362=DIRECTION('',(0.425252119409099,0.0,0.905074933327661));
#3363=VECTOR('',#3362,0.029579488457245);
#3364=LINE('',#3361,#3363);
#3365=EDGE_CURVE('',#3358,#3360,#3364,.T.);
#3366=ORIENTED_EDGE('',*,*,#3365,.F.);
#3367=CARTESIAN_POINT('',(-0.085236220472441,-0.049015748031496,0.45748031496063));
#3368=VERTEX_POINT('',#3367);
#3369=CARTESIAN_POINT('',(-0.085236220472441,-0.049015748031496,0.45748031496063));
#3370=DIRECTION('',(0.0,1.0,0.0));
#3371=VECTOR('',#3370,0.098031496062992);
#3372=LINE('',#3369,#3371);
#3373=EDGE_CURVE('',#3368,#3358,#3372,.T.);
#3374=ORIENTED_EDGE('',*,*,#3373,.F.);
#3375=CARTESIAN_POINT('',(-0.072657480314961,-0.049015748031496,0.484251968503937));
#3376=VERTEX_POINT('',#3375);
#3377=CARTESIAN_POINT('',(-0.072657480314961,-0.049015748031496,0.484251968503937));
#3378=DIRECTION('',(-0.425252119409099,0.0,-0.905074933327661));
#3379=VECTOR('',#3378,0.029579488457244);
#3380=LINE('',#3377,#3379);
#3381=EDGE_CURVE('',#3376,#3368,#3380,.T.);
#3382=ORIENTED_EDGE('',*,*,#3381,.F.);
#3383=CARTESIAN_POINT('',(-0.072657480314961,0.049015748031496,0.484251968503937));
#3384=DIRECTION('',(0.0,-1.0,0.0));
#3385=VECTOR('',#3384,0.098031496062992);
#3386=LINE('',#3383,#3385);
#3387=EDGE_CURVE('',#3360,#3376,#3386,.T.);
#3388=ORIENTED_EDGE('',*,*,#3387,.F.);
#3389=EDGE_LOOP('',(#3366,#3374,#3382,#3388));
#3390=FACE_OUTER_BOUND('',#3389,.T.);
#3391=ADVANCED_FACE('',(#3390),#3356,.F.);
#3392=CARTESIAN_POINT('',(-0.047028543307087,-0.053917322834646,0.485590551181102));
#3393=DIRECTION('',(0.905074933327661,-9.420328E-017,-0.425252119409099));
#3394=DIRECTION('',(-0.425252119409099,5.229333E-033,-0.905074933327661));
#3395=AXIS2_PLACEMENT_3D('',#3392,#3393,#3394);
#3396=PLANE('',#3395);
#3397=CARTESIAN_POINT('',(-0.060236220472441,0.049015748031496,0.45748031496063));
#3398=VERTEX_POINT('',#3397);
#3399=CARTESIAN_POINT('',(-0.047657480314961,0.049015748031496,0.484251968503937));
#3400=VERTEX_POINT('',#3399);
#3401=CARTESIAN_POINT('',(-0.060236220472441,0.049015748031496,0.45748031496063));
#3402=DIRECTION('',(0.4252521194091,0.0,0.90507493332766));
#3403=VECTOR('',#3402,0.029579488457245);
#3404=LINE('',#3401,#3403);
#3405=EDGE_CURVE('',#3398,#3400,#3404,.T.);
#3406=ORIENTED_EDGE('',*,*,#3405,.F.);
#3407=CARTESIAN_POINT('',(-0.060236220472441,-0.049015748031496,0.45748031496063));
#3408=VERTEX_POINT('',#3407);
#3409=CARTESIAN_POINT('',(-0.060236220472441,-0.049015748031496,0.45748031496063));
#3410=DIRECTION('',(0.0,1.0,0.0));
#3411=VECTOR('',#3410,0.098031496062992);
#3412=LINE('',#3409,#3411);
#3413=EDGE_CURVE('',#3408,#3398,#3412,.T.);
#3414=ORIENTED_EDGE('',*,*,#3413,.F.);
#3415=CARTESIAN_POINT('',(-0.047657480314961,-0.049015748031496,0.484251968503937));
#3416=VERTEX_POINT('',#3415);
#3417=CARTESIAN_POINT('',(-0.047657480314961,-0.049015748031496,0.484251968503937));
#3418=DIRECTION('',(-0.4252521194091,0.0,-0.90507493332766));
#3419=VECTOR('',#3418,0.029579488457245);
#3420=LINE('',#3417,#3419);
#3421=EDGE_CURVE('',#3416,#3408,#3420,.T.);
#3422=ORIENTED_EDGE('',*,*,#3421,.F.);
#3423=CARTESIAN_POINT('',(-0.047657480314961,0.049015748031496,0.484251968503937));
#3424=DIRECTION('',(0.0,-1.0,0.0));
#3425=VECTOR('',#3424,0.098031496062992);
#3426=LINE('',#3423,#3425);
#3427=EDGE_CURVE('',#3400,#3416,#3426,.T.);
#3428=ORIENTED_EDGE('',*,*,#3427,.F.);
#3429=EDGE_LOOP('',(#3406,#3414,#3422,#3428));
#3430=FACE_OUTER_BOUND('',#3429,.T.);
#3431=ADVANCED_FACE('',(#3430),#3396,.F.);
#3432=CARTESIAN_POINT('',(-0.022028543307087,-0.053917322834646,0.485590551181102));
#3433=DIRECTION('',(0.90507493332766,-9.420328E-017,-0.4252521194091));
#3434=DIRECTION('',(-0.4252521194091,-5.229333E-033,-0.90507493332766));
#3435=AXIS2_PLACEMENT_3D('',#3432,#3433,#3434);
#3436=PLANE('',#3435);
#3437=CARTESIAN_POINT('',(-0.035236220472441,0.049015748031496,0.45748031496063));
#3438=VERTEX_POINT('',#3437);
#3439=CARTESIAN_POINT('',(-0.022657480314961,0.049015748031496,0.484251968503937));
#3440=VERTEX_POINT('',#3439);
#3441=CARTESIAN_POINT('',(-0.035236220472441,0.049015748031496,0.45748031496063));
#3442=DIRECTION('',(0.4252521194091,0.0,0.90507493332766));
#3443=VECTOR('',#3442,0.029579488457245);
#3444=LINE('',#3441,#3443);
#3445=EDGE_CURVE('',#3438,#3440,#3444,.T.);
#3446=ORIENTED_EDGE('',*,*,#3445,.F.);
#3447=CARTESIAN_POINT('',(-0.035236220472441,-0.049015748031496,0.45748031496063));
#3448=VERTEX_POINT('',#3447);
#3449=CARTESIAN_POINT('',(-0.035236220472441,-0.049015748031496,0.45748031496063));
#3450=DIRECTION('',(0.0,1.0,0.0));
#3451=VECTOR('',#3450,0.098031496062992);
#3452=LINE('',#3449,#3451);
#3453=EDGE_CURVE('',#3448,#3438,#3452,.T.);
#3454=ORIENTED_EDGE('',*,*,#3453,.F.);
#3455=CARTESIAN_POINT('',(-0.022657480314961,-0.049015748031496,0.484251968503937));
#3456=VERTEX_POINT('',#3455);
#3457=CARTESIAN_POINT('',(-0.022657480314961,-0.049015748031496,0.484251968503937));
#3458=DIRECTION('',(-0.4252521194091,0.0,-0.90507493332766));
#3459=VECTOR('',#3458,0.029579488457244);
#3460=LINE('',#3457,#3459);
#3461=EDGE_CURVE('',#3456,#3448,#3460,.T.);
#3462=ORIENTED_EDGE('',*,*,#3461,.F.);
#3463=CARTESIAN_POINT('',(-0.022657480314961,0.049015748031496,0.484251968503937));
#3464=DIRECTION('',(0.0,-1.0,0.0));
#3465=VECTOR('',#3464,0.098031496062992);
#3466=LINE('',#3463,#3465);
#3467=EDGE_CURVE('',#3440,#3456,#3466,.T.);
#3468=ORIENTED_EDGE('',*,*,#3467,.F.);
#3469=EDGE_LOOP('',(#3446,#3454,#3462,#3468));
#3470=FACE_OUTER_BOUND('',#3469,.T.);
#3471=ADVANCED_FACE('',(#3470),#3436,.F.);
#3472=CARTESIAN_POINT('',(-0.009615157480315,-0.053917322834646,0.456141732283465));
#3473=DIRECTION('',(-0.907118120666827,1.258879E-016,-0.420876128044683));
#3474=DIRECTION('',(-0.420876128044683,0.0,0.907118120666827));
#3475=AXIS2_PLACEMENT_3D('',#3472,#3473,#3474);
#3476=PLANE('',#3475);
#3477=CARTESIAN_POINT('',(-0.010236220472441,0.049015748031496,0.45748031496063));
#3478=VERTEX_POINT('',#3477);
#3479=CARTESIAN_POINT('',(-0.022657480314961,0.049015748031496,0.484251968503937));
#3480=DIRECTION('',(0.420876128044683,-4.702284E-016,-0.907118120666827));
#3481=VECTOR('',#3480,0.029512863797305);
#3482=LINE('',#3479,#3481);
#3483=EDGE_CURVE('',#3440,#3478,#3482,.T.);
#3484=ORIENTED_EDGE('',*,*,#3483,.F.);
#3485=ORIENTED_EDGE('',*,*,#3467,.T.);
#3486=CARTESIAN_POINT('',(-0.010236220472441,-0.049015748031496,0.45748031496063));
#3487=VERTEX_POINT('',#3486);
#3488=CARTESIAN_POINT('',(-0.010236220472441,-0.049015748031496,0.45748031496063));
#3489=DIRECTION('',(-0.420876128044683,0.0,0.907118120666827));
#3490=VECTOR('',#3489,0.029512863797305);
#3491=LINE('',#3488,#3490);
#3492=EDGE_CURVE('',#3487,#3456,#3491,.T.);
#3493=ORIENTED_EDGE('',*,*,#3492,.F.);
#3494=CARTESIAN_POINT('',(-0.010236220472441,0.049015748031496,0.45748031496063));
#3495=DIRECTION('',(0.0,-1.0,0.0));
#3496=VECTOR('',#3495,0.098031496062992);
#3497=LINE('',#3494,#3496);
#3498=EDGE_CURVE('',#3478,#3487,#3497,.T.);
#3499=ORIENTED_EDGE('',*,*,#3498,.F.);
#3500=EDGE_LOOP('',(#3484,#3485,#3493,#3499));
#3501=FACE_OUTER_BOUND('',#3500,.T.);
#3502=ADVANCED_FACE('',(#3501),#3476,.F.);
#3503=CARTESIAN_POINT('',(-0.084615157480315,-0.053917322834646,0.456141732283465));
#3504=DIRECTION('',(-0.907118120666827,9.441595E-017,-0.420876128044683));
#3505=DIRECTION('',(-0.420876128044683,0.0,0.907118120666827));
#3506=AXIS2_PLACEMENT_3D('',#3503,#3504,#3505);
#3507=PLANE('',#3506);
#3508=CARTESIAN_POINT('',(-0.097657480314961,0.049015748031496,0.484251968503937));
#3509=DIRECTION('',(0.420876128044683,2.351142E-016,-0.907118120666827));
#3510=VECTOR('',#3509,0.029512863797305);
#3511=LINE('',#3508,#3510);
#3512=EDGE_CURVE('',#3327,#3358,#3511,.T.);
#3513=ORIENTED_EDGE('',*,*,#3512,.F.);
#3514=ORIENTED_EDGE('',*,*,#3347,.F.);
#3515=CARTESIAN_POINT('',(-0.085236220472441,-0.049015748031496,0.45748031496063));
#3516=DIRECTION('',(-0.420876128044682,4.702284E-016,0.907118120666827));
#3517=VECTOR('',#3516,0.029512863797305);
#3518=LINE('',#3515,#3517);
#3519=EDGE_CURVE('',#3368,#3336,#3518,.T.);
#3520=ORIENTED_EDGE('',*,*,#3519,.F.);
#3521=ORIENTED_EDGE('',*,*,#3373,.T.);
#3522=EDGE_LOOP('',(#3513,#3514,#3520,#3521));
#3523=FACE_OUTER_BOUND('',#3522,.T.);
#3524=ADVANCED_FACE('',(#3523),#3507,.F.);
#3525=CARTESIAN_POINT('',(-0.059615157480315,-0.053917322834646,0.456141732283465));
#3526=DIRECTION('',(-0.907118120666827,9.441595E-017,-0.420876128044683));
#3527=DIRECTION('',(-0.420876128044683,0.0,0.907118120666827));
#3528=AXIS2_PLACEMENT_3D('',#3525,#3526,#3527);
#3529=PLANE('',#3528);
#3530=CARTESIAN_POINT('',(-0.072657480314961,0.049015748031496,0.484251968503937));
#3531=DIRECTION('',(0.420876128044683,0.0,-0.907118120666827));
#3532=VECTOR('',#3531,0.029512863797305);
#3533=LINE('',#3530,#3532);
#3534=EDGE_CURVE('',#3360,#3398,#3533,.T.);
#3535=ORIENTED_EDGE('',*,*,#3534,.F.);
#3536=ORIENTED_EDGE('',*,*,#3387,.T.);
#3537=CARTESIAN_POINT('',(-0.060236220472441,-0.049015748031496,0.45748031496063));
#3538=DIRECTION('',(-0.420876128044683,0.0,0.907118120666827));
#3539=VECTOR('',#3538,0.029512863797305);
#3540=LINE('',#3537,#3539);
#3541=EDGE_CURVE('',#3408,#3376,#3540,.T.);
#3542=ORIENTED_EDGE('',*,*,#3541,.F.);
#3543=ORIENTED_EDGE('',*,*,#3413,.T.);
#3544=EDGE_LOOP('',(#3535,#3536,#3542,#3543));
#3545=FACE_OUTER_BOUND('',#3544,.T.);
#3546=ADVANCED_FACE('',(#3545),#3529,.F.);
#3547=CARTESIAN_POINT('',(-0.034615157480315,-0.053917322834646,0.456141732283465));
#3548=DIRECTION('',(-0.907118120666827,9.441595E-017,-0.420876128044682));
#3549=DIRECTION('',(-0.420876128044682,-5.241138E-033,0.907118120666827));
#3550=AXIS2_PLACEMENT_3D('',#3547,#3548,#3549);
#3551=PLANE('',#3550);
#3552=CARTESIAN_POINT('',(-0.047657480314961,0.049015748031496,0.484251968503937));
#3553=DIRECTION('',(0.420876128044682,0.0,-0.907118120666827));
#3554=VECTOR('',#3553,0.029512863797305);
#3555=LINE('',#3552,#3554);
#3556=EDGE_CURVE('',#3400,#3438,#3555,.T.);
#3557=ORIENTED_EDGE('',*,*,#3556,.F.);
#3558=ORIENTED_EDGE('',*,*,#3427,.T.);
#3559=CARTESIAN_POINT('',(-0.035236220472441,-0.049015748031496,0.45748031496063));
#3560=DIRECTION('',(-0.420876128044682,0.0,0.907118120666827));
#3561=VECTOR('',#3560,0.029512863797305);
#3562=LINE('',#3559,#3561);
#3563=EDGE_CURVE('',#3448,#3416,#3562,.T.);
#3564=ORIENTED_EDGE('',*,*,#3563,.F.);
#3565=ORIENTED_EDGE('',*,*,#3453,.T.);
#3566=EDGE_LOOP('',(#3557,#3558,#3564,#3565));
#3567=FACE_OUTER_BOUND('',#3566,.T.);
#3568=ADVANCED_FACE('',(#3567),#3551,.F.);
#3569=CARTESIAN_POINT('',(-0.115236220472441,0.049015748031496,0.328818897637795));
#3570=DIRECTION('',(0.0,1.0,0.0));
#3571=DIRECTION('',(0.0,0.0,1.0));
#3572=AXIS2_PLACEMENT_3D('',#3569,#3570,#3571);
#3573=PLANE('',#3572);
#3574=ORIENTED_EDGE('',*,*,#3332,.T.);
#3575=ORIENTED_EDGE('',*,*,#3512,.T.);
#3576=ORIENTED_EDGE('',*,*,#3365,.T.);
#3577=ORIENTED_EDGE('',*,*,#3534,.T.);
#3578=ORIENTED_EDGE('',*,*,#3405,.T.);
#3579=ORIENTED_EDGE('',*,*,#3556,.T.);
#3580=ORIENTED_EDGE('',*,*,#3445,.T.);
#3581=ORIENTED_EDGE('',*,*,#3483,.T.);
#3582=CARTESIAN_POINT('',(-0.010236220472441,0.049015748031496,0.336220472440945));
#3583=VERTEX_POINT('',#3582);
#3584=CARTESIAN_POINT('',(-0.010236220472441,0.049015748031496,0.336220472440945));
#3585=DIRECTION('',(0.0,0.0,1.0));
#3586=VECTOR('',#3585,0.121259842519685);
#3587=LINE('',#3584,#3586);
#3588=EDGE_CURVE('',#3583,#3478,#3587,.T.);
#3589=ORIENTED_EDGE('',*,*,#3588,.F.);
#3590=CARTESIAN_POINT('',(-0.110236220472441,0.049015748031496,0.336220472440945));
#3591=DIRECTION('',(1.0,0.0,0.0));
#3592=VECTOR('',#3591,0.1);
#3593=LINE('',#3590,#3592);
#3594=EDGE_CURVE('',#912,#3583,#3593,.T.);
#3595=ORIENTED_EDGE('',*,*,#3594,.F.);
#3596=ORIENTED_EDGE('',*,*,#919,.T.);
#3597=ORIENTED_EDGE('',*,*,#3316,.T.);
#3598=EDGE_LOOP('',(#3574,#3575,#3576,#3577,#3578,#3579,#3580,#3581,#3589,#3595,#3596,#3597));
#3599=FACE_OUTER_BOUND('',#3598,.T.);
#3600=ADVANCED_FACE('',(#3599),#3573,.T.);
#3601=CARTESIAN_POINT('',(-0.011023622047244,-0.053051181102362,0.298129921259842));
#3602=DIRECTION('',(1.0,0.0,0.0));
#3603=DIRECTION('',(0.0,0.0,-1.0));
#3604=AXIS2_PLACEMENT_3D('',#3601,#3602,#3603);
#3605=PLANE('',#3604);
#3606=CARTESIAN_POINT('',(-0.011023622047244,-0.048228346456693,0.271259842519685));
#3607=VERTEX_POINT('',#3606);
#3608=CARTESIAN_POINT('',(-0.011023622047244,0.048228346456693,0.271259842519685));
#3609=VERTEX_POINT('',#3608);
#3610=CARTESIAN_POINT('',(-0.011023622047244,-0.048228346456693,0.271259842519685));
#3611=DIRECTION('',(0.0,1.0,0.0));
#3612=VECTOR('',#3611,0.096456692913386);
#3613=LINE('',#3610,#3612);
#3614=EDGE_CURVE('',#3607,#3609,#3613,.T.);
#3615=ORIENTED_EDGE('',*,*,#3614,.T.);
#3616=CARTESIAN_POINT('',(-0.011023622047244,0.048228346456693,0.296850393700787));
#3617=VERTEX_POINT('',#3616);
#3618=CARTESIAN_POINT('',(-0.011023622047244,0.048228346456693,0.296850393700787));
#3619=DIRECTION('',(0.0,0.0,-1.0));
#3620=VECTOR('',#3619,0.025590551181102);
#3621=LINE('',#3618,#3620);
#3622=EDGE_CURVE('',#3617,#3609,#3621,.T.);
#3623=ORIENTED_EDGE('',*,*,#3622,.F.);
#3624=CARTESIAN_POINT('',(-0.011023622047244,-0.048228346456693,0.296850393700787));
#3625=VERTEX_POINT('',#3624);
#3626=CARTESIAN_POINT('',(-0.011023622047244,-0.048228346456693,0.296850393700787));
#3627=DIRECTION('',(0.0,1.0,0.0));
#3628=VECTOR('',#3627,0.096456692913386);
#3629=LINE('',#3626,#3628);
#3630=EDGE_CURVE('',#3625,#3617,#3629,.T.);
#3631=ORIENTED_EDGE('',*,*,#3630,.F.);
#3632=CARTESIAN_POINT('',(-0.011023622047244,-0.048228346456693,0.296850393700787));
#3633=DIRECTION('',(0.0,0.0,-1.0));
#3634=VECTOR('',#3633,0.025590551181102);
#3635=LINE('',#3632,#3634);
#3636=EDGE_CURVE('',#3625,#3607,#3635,.T.);
#3637=ORIENTED_EDGE('',*,*,#3636,.T.);
#3638=EDGE_LOOP('',(#3615,#3623,#3631,#3637));
#3639=FACE_OUTER_BOUND('',#3638,.T.);
#3640=ADVANCED_FACE('',(#3639),#3605,.T.);
#3641=CARTESIAN_POINT('',(-0.114370078740158,0.048228346456693,0.26998031496063));
#3642=DIRECTION('',(0.0,1.0,0.0));
#3643=DIRECTION('',(0.0,0.0,1.0));
#3644=AXIS2_PLACEMENT_3D('',#3641,#3642,#3643);
#3645=PLANE('',#3644);
#3646=CARTESIAN_POINT('',(-0.109448818897638,0.048228346456693,0.271259842519685));
#3647=VERTEX_POINT('',#3646);
#3648=CARTESIAN_POINT('',(-0.011023622047244,0.048228346456693,0.271259842519685));
#3649=DIRECTION('',(-1.0,0.0,0.0));
#3650=VECTOR('',#3649,0.098425196850394);
#3651=LINE('',#3648,#3650);
#3652=EDGE_CURVE('',#3609,#3647,#3651,.T.);
#3653=ORIENTED_EDGE('',*,*,#3652,.T.);
#3654=CARTESIAN_POINT('',(-0.109448818897638,0.048228346456693,0.296850393700787));
#3655=VERTEX_POINT('',#3654);
#3656=CARTESIAN_POINT('',(-0.109448818897638,0.048228346456693,0.296850393700787));
#3657=DIRECTION('',(0.0,0.0,-1.0));
#3658=VECTOR('',#3657,0.025590551181102);
#3659=LINE('',#3656,#3658);
#3660=EDGE_CURVE('',#3655,#3647,#3659,.T.);
#3661=ORIENTED_EDGE('',*,*,#3660,.F.);
#3662=CARTESIAN_POINT('',(-0.011023622047244,0.048228346456693,0.296850393700787));
#3663=DIRECTION('',(-1.0,0.0,0.0));
#3664=VECTOR('',#3663,0.098425196850394);
#3665=LINE('',#3662,#3664);
#3666=EDGE_CURVE('',#3617,#3655,#3665,.T.);
#3667=ORIENTED_EDGE('',*,*,#3666,.F.);
#3668=ORIENTED_EDGE('',*,*,#3622,.T.);
#3669=EDGE_LOOP('',(#3653,#3661,#3667,#3668));
#3670=FACE_OUTER_BOUND('',#3669,.T.);
#3671=ADVANCED_FACE('',(#3670),#3645,.T.);
#3672=CARTESIAN_POINT('',(-0.109448818897638,-0.053051181102362,0.26998031496063));
#3673=DIRECTION('',(-1.0,0.0,0.0));
#3674=DIRECTION('',(0.0,0.0,1.0));
#3675=AXIS2_PLACEMENT_3D('',#3672,#3673,#3674);
#3676=PLANE('',#3675);
#3677=CARTESIAN_POINT('',(-0.109448818897638,-0.048228346456693,0.271259842519685));
#3678=VERTEX_POINT('',#3677);
#3679=CARTESIAN_POINT('',(-0.109448818897638,0.048228346456693,0.271259842519685));
#3680=DIRECTION('',(0.0,-1.0,0.0));
#3681=VECTOR('',#3680,0.096456692913386);
#3682=LINE('',#3679,#3681);
#3683=EDGE_CURVE('',#3647,#3678,#3682,.T.);
#3684=ORIENTED_EDGE('',*,*,#3683,.T.);
#3685=CARTESIAN_POINT('',(-0.109448818897638,-0.048228346456693,0.296850393700787));
#3686=VERTEX_POINT('',#3685);
#3687=CARTESIAN_POINT('',(-0.109448818897638,-0.048228346456693,0.296850393700787));
#3688=DIRECTION('',(0.0,0.0,-1.0));
#3689=VECTOR('',#3688,0.025590551181102);
#3690=LINE('',#3687,#3689);
#3691=EDGE_CURVE('',#3686,#3678,#3690,.T.);
#3692=ORIENTED_EDGE('',*,*,#3691,.F.);
#3693=CARTESIAN_POINT('',(-0.109448818897638,0.048228346456693,0.296850393700787));
#3694=DIRECTION('',(0.0,-1.0,0.0));
#3695=VECTOR('',#3694,0.096456692913386);
#3696=LINE('',#3693,#3695);
#3697=EDGE_CURVE('',#3655,#3686,#3696,.T.);
#3698=ORIENTED_EDGE('',*,*,#3697,.F.);
#3699=ORIENTED_EDGE('',*,*,#3660,.T.);
#3700=EDGE_LOOP('',(#3684,#3692,#3698,#3699));
#3701=FACE_OUTER_BOUND('',#3700,.T.);
#3702=ADVANCED_FACE('',(#3701),#3676,.T.);
#3703=CARTESIAN_POINT('',(-0.114370078740158,-0.048228346456693,0.298129921259842));
#3704=DIRECTION('',(0.0,-1.0,0.0));
#3705=DIRECTION('',(0.0,0.0,-1.0));
#3706=AXIS2_PLACEMENT_3D('',#3703,#3704,#3705);
#3707=PLANE('',#3706);
#3708=CARTESIAN_POINT('',(-0.109448818897638,-0.048228346456693,0.271259842519685));
#3709=DIRECTION('',(1.0,0.0,0.0));
#3710=VECTOR('',#3709,0.098425196850394);
#3711=LINE('',#3708,#3710);
#3712=EDGE_CURVE('',#3678,#3607,#3711,.T.);
#3713=ORIENTED_EDGE('',*,*,#3712,.T.);
#3714=ORIENTED_EDGE('',*,*,#3636,.F.);
#3715=CARTESIAN_POINT('',(-0.109448818897638,-0.048228346456693,0.296850393700787));
#3716=DIRECTION('',(1.0,0.0,0.0));
#3717=VECTOR('',#3716,0.098425196850394);
#3718=LINE('',#3715,#3717);
#3719=EDGE_CURVE('',#3686,#3625,#3718,.T.);
#3720=ORIENTED_EDGE('',*,*,#3719,.F.);
#3721=ORIENTED_EDGE('',*,*,#3691,.T.);
#3722=EDGE_LOOP('',(#3713,#3714,#3720,#3721));
#3723=FACE_OUTER_BOUND('',#3722,.T.);
#3724=ADVANCED_FACE('',(#3723),#3707,.T.);
#3725=CARTESIAN_POINT('',(-0.114370078740158,-0.053051181102362,0.271259842519685));
#3726=DIRECTION('',(0.0,0.0,1.0));
#3727=DIRECTION('',(1.0,0.0,0.0));
#3728=AXIS2_PLACEMENT_3D('',#3725,#3726,#3727);
#3729=PLANE('',#3728);
#3730=ORIENTED_EDGE('',*,*,#3614,.F.);
#3731=ORIENTED_EDGE('',*,*,#3712,.F.);
#3732=ORIENTED_EDGE('',*,*,#3683,.F.);
#3733=ORIENTED_EDGE('',*,*,#3652,.F.);
#3734=EDGE_LOOP('',(#3730,#3731,#3732,#3733));
#3735=FACE_OUTER_BOUND('',#3734,.T.);
#3736=ADVANCED_FACE('',(#3735),#3729,.F.);
#3737=CARTESIAN_POINT('',(-0.118897637795276,-0.054133858267717,0.336220472440945));
#3738=DIRECTION('',(0.0,0.0,1.0));
#3739=DIRECTION('',(1.0,0.0,0.0));
#3740=AXIS2_PLACEMENT_3D('',#3737,#3738,#3739);
#3741=PLANE('',#3740);
#3742=ORIENTED_EDGE('',*,*,#925,.T.);
#3743=ORIENTED_EDGE('',*,*,#3594,.T.);
#3744=CARTESIAN_POINT('',(-0.010236220472441,-0.049015748031496,0.336220472440945));
#3745=VERTEX_POINT('',#3744);
#3746=CARTESIAN_POINT('',(-0.010236220472441,0.049015748031496,0.336220472440945));
#3747=DIRECTION('',(0.0,-1.0,0.0));
#3748=VECTOR('',#3747,0.098031496062992);
#3749=LINE('',#3746,#3748);
#3750=EDGE_CURVE('',#3583,#3745,#3749,.T.);
#3751=ORIENTED_EDGE('',*,*,#3750,.T.);
#3752=CARTESIAN_POINT('',(-0.010236220472441,-0.049015748031496,0.336220472440945));
#3753=DIRECTION('',(-1.0,0.0,0.0));
#3754=VECTOR('',#3753,0.1);
#3755=LINE('',#3752,#3754);
#3756=EDGE_CURVE('',#3745,#872,#3755,.T.);
#3757=ORIENTED_EDGE('',*,*,#3756,.T.);
#3758=ORIENTED_EDGE('',*,*,#901,.T.);
#3759=ORIENTED_EDGE('',*,*,#317,.T.);
#3760=ORIENTED_EDGE('',*,*,#248,.T.);
#3761=ORIENTED_EDGE('',*,*,#286,.T.);
#3762=EDGE_LOOP('',(#3742,#3743,#3751,#3757,#3758,#3759,#3760,#3761));
#3763=FACE_OUTER_BOUND('',#3762,.T.);
#3764=ADVANCED_FACE('',(#3763),#3741,.T.);
#3765=CARTESIAN_POINT('',(0.063779527559055,-0.090944881889764,0.338188976377953));
#3766=DIRECTION('',(1.0,0.0,0.0));
#3767=DIRECTION('',(0.0,0.0,-1.0));
#3768=AXIS2_PLACEMENT_3D('',#3765,#3766,#3767);
#3769=PLANE('',#3768);
#3770=CARTESIAN_POINT('',(0.063779527559055,-0.082677165354331,0.296850393700787));
#3771=VERTEX_POINT('',#3770);
#3772=CARTESIAN_POINT('',(0.063779527559055,0.082677165354331,0.296850393700787));
#3773=VERTEX_POINT('',#3772);
#3774=CARTESIAN_POINT('',(0.063779527559055,-0.082677165354331,0.296850393700787));
#3775=DIRECTION('',(0.0,1.0,0.0));
#3776=VECTOR('',#3775,0.165354330708662);
#3777=LINE('',#3774,#3776);
#3778=EDGE_CURVE('',#3771,#3773,#3777,.T.);
#3779=ORIENTED_EDGE('',*,*,#3778,.T.);
#3780=CARTESIAN_POINT('',(0.063779527559055,0.082677165354331,0.336220472440945));
#3781=DIRECTION('',(0.0,0.0,-1.0));
#3782=VECTOR('',#3781,0.039370078740158);
#3783=LINE('',#3780,#3782);
#3784=EDGE_CURVE('',#534,#3773,#3783,.T.);
#3785=ORIENTED_EDGE('',*,*,#3784,.F.);
#3786=ORIENTED_EDGE('',*,*,#539,.F.);
#3787=ORIENTED_EDGE('',*,*,#168,.F.);
#3788=ORIENTED_EDGE('',*,*,#522,.F.);
#3789=CARTESIAN_POINT('',(0.063779527559055,-0.082677165354331,0.336220472440945));
#3790=DIRECTION('',(0.0,0.0,-1.0));
#3791=VECTOR('',#3790,0.039370078740158);
#3792=LINE('',#3789,#3791);
#3793=EDGE_CURVE('',#511,#3771,#3792,.T.);
#3794=ORIENTED_EDGE('',*,*,#3793,.T.);
#3795=EDGE_LOOP('',(#3779,#3785,#3786,#3787,#3788,#3794));
#3796=FACE_OUTER_BOUND('',#3795,.T.);
#3797=ADVANCED_FACE('',(#3796),#3769,.T.);
#3798=CARTESIAN_POINT('',(-0.196653543307087,0.082677165354331,0.294881889763779));
#3799=DIRECTION('',(0.0,1.0,0.0));
#3800=DIRECTION('',(0.0,0.0,1.0));
#3801=AXIS2_PLACEMENT_3D('',#3798,#3799,#3800);
#3802=PLANE('',#3801);
#3803=CARTESIAN_POINT('',(-0.184251968503937,0.082677165354331,0.296850393700787));
#3804=VERTEX_POINT('',#3803);
#3805=CARTESIAN_POINT('',(0.063779527559055,0.082677165354331,0.296850393700787));
#3806=DIRECTION('',(-1.0,0.0,0.0));
#3807=VECTOR('',#3806,0.248031496062992);
#3808=LINE('',#3805,#3807);
#3809=EDGE_CURVE('',#3773,#3804,#3808,.T.);
#3810=ORIENTED_EDGE('',*,*,#3809,.T.);
#3811=CARTESIAN_POINT('',(-0.184251968503937,0.082677165354331,0.336220472440945));
#3812=DIRECTION('',(0.0,0.0,-1.0));
#3813=VECTOR('',#3812,0.039370078740158);
#3814=LINE('',#3811,#3813);
#3815=EDGE_CURVE('',#542,#3804,#3814,.T.);
#3816=ORIENTED_EDGE('',*,*,#3815,.F.);
#3817=ORIENTED_EDGE('',*,*,#547,.F.);
#3818=ORIENTED_EDGE('',*,*,#3784,.T.);
#3819=EDGE_LOOP('',(#3810,#3816,#3817,#3818));
#3820=FACE_OUTER_BOUND('',#3819,.T.);
#3821=ADVANCED_FACE('',(#3820),#3802,.T.);
#3822=CARTESIAN_POINT('',(-0.184251968503937,-0.090944881889764,0.294881889763779));
#3823=DIRECTION('',(-1.0,0.0,0.0));
#3824=DIRECTION('',(0.0,0.0,1.0));
#3825=AXIS2_PLACEMENT_3D('',#3822,#3823,#3824);
#3826=PLANE('',#3825);
#3827=CARTESIAN_POINT('',(-0.184251968503937,-0.082677165354331,0.296850393700787));
#3828=VERTEX_POINT('',#3827);
#3829=CARTESIAN_POINT('',(-0.184251968503937,0.082677165354331,0.296850393700787));
#3830=DIRECTION('',(0.0,-1.0,0.0));
#3831=VECTOR('',#3830,0.165354330708662);
#3832=LINE('',#3829,#3831);
#3833=EDGE_CURVE('',#3804,#3828,#3832,.T.);
#3834=ORIENTED_EDGE('',*,*,#3833,.T.);
#3835=CARTESIAN_POINT('',(-0.184251968503937,-0.082677165354331,0.336220472440945));
#3836=DIRECTION('',(0.0,0.0,-1.0));
#3837=VECTOR('',#3836,0.039370078740158);
#3838=LINE('',#3835,#3837);
#3839=EDGE_CURVE('',#503,#3828,#3838,.T.);
#3840=ORIENTED_EDGE('',*,*,#3839,.F.);
#3841=ORIENTED_EDGE('',*,*,#508,.F.);
#3842=ORIENTED_EDGE('',*,*,#208,.F.);
#3843=ORIENTED_EDGE('',*,*,#553,.F.);
#3844=ORIENTED_EDGE('',*,*,#3815,.T.);
#3845=EDGE_LOOP('',(#3834,#3840,#3841,#3842,#3843,#3844));
#3846=FACE_OUTER_BOUND('',#3845,.T.);
#3847=ADVANCED_FACE('',(#3846),#3826,.T.);
#3848=CARTESIAN_POINT('',(-0.196653543307087,-0.082677165354331,0.338188976377953));
#3849=DIRECTION('',(0.0,-1.0,0.0));
#3850=DIRECTION('',(0.0,0.0,-1.0));
#3851=AXIS2_PLACEMENT_3D('',#3848,#3849,#3850);
#3852=PLANE('',#3851);
#3853=CARTESIAN_POINT('',(-0.184251968503937,-0.082677165354331,0.296850393700787));
#3854=DIRECTION('',(1.0,0.0,0.0));
#3855=VECTOR('',#3854,0.248031496062992);
#3856=LINE('',#3853,#3855);
#3857=EDGE_CURVE('',#3828,#3771,#3856,.T.);
#3858=ORIENTED_EDGE('',*,*,#3857,.T.);
#3859=ORIENTED_EDGE('',*,*,#3793,.F.);
#3860=ORIENTED_EDGE('',*,*,#516,.F.);
#3861=ORIENTED_EDGE('',*,*,#3839,.T.);
#3862=EDGE_LOOP('',(#3858,#3859,#3860,#3861));
#3863=FACE_OUTER_BOUND('',#3862,.T.);
#3864=ADVANCED_FACE('',(#3863),#3852,.T.);
#3865=CARTESIAN_POINT('',(-0.196653543307087,-0.090944881889764,0.296850393700787));
#3866=DIRECTION('',(0.0,0.0,1.0));
#3867=DIRECTION('',(1.0,0.0,0.0));
#3868=AXIS2_PLACEMENT_3D('',#3865,#3866,#3867);
#3869=PLANE('',#3868);
#3870=ORIENTED_EDGE('',*,*,#3778,.F.);
#3871=ORIENTED_EDGE('',*,*,#3857,.F.);
#3872=ORIENTED_EDGE('',*,*,#3833,.F.);
#3873=ORIENTED_EDGE('',*,*,#3809,.F.);
#3874=EDGE_LOOP('',(#3870,#3871,#3872,#3873));
#3875=FACE_OUTER_BOUND('',#3874,.T.);
#3876=ORIENTED_EDGE('',*,*,#3630,.T.);
#3877=ORIENTED_EDGE('',*,*,#3666,.T.);
#3878=ORIENTED_EDGE('',*,*,#3697,.T.);
#3879=ORIENTED_EDGE('',*,*,#3719,.T.);
#3880=EDGE_LOOP('',(#3876,#3877,#3878,#3879));
#3881=FACE_BOUND('',#3880,.T.);
#3882=ADVANCED_FACE('',(#3875,#3881),#3869,.F.);
#3883=CARTESIAN_POINT('',(-0.010236220472441,-0.053917322834646,0.463543307086614));
#3884=DIRECTION('',(1.0,0.0,0.0));
#3885=DIRECTION('',(0.0,0.0,-1.0));
#3886=AXIS2_PLACEMENT_3D('',#3883,#3884,#3885);
#3887=PLANE('',#3886);
#3888=ORIENTED_EDGE('',*,*,#3498,.T.);
#3889=CARTESIAN_POINT('',(-0.010236220472441,-0.049015748031496,0.336220472440945));
#3890=DIRECTION('',(0.0,0.0,1.0));
#3891=VECTOR('',#3890,0.121259842519685);
#3892=LINE('',#3889,#3891);
#3893=EDGE_CURVE('',#3745,#3487,#3892,.T.);
#3894=ORIENTED_EDGE('',*,*,#3893,.F.);
#3895=ORIENTED_EDGE('',*,*,#3750,.F.);
#3896=ORIENTED_EDGE('',*,*,#3588,.T.);
#3897=EDGE_LOOP('',(#3888,#3894,#3895,#3896));
#3898=FACE_OUTER_BOUND('',#3897,.T.);
#3899=ADVANCED_FACE('',(#3898),#3887,.T.);
#3900=CARTESIAN_POINT('',(-0.115236220472441,-0.049015748031496,0.491653543307087));
#3901=DIRECTION('',(0.0,-1.0,0.0));
#3902=DIRECTION('',(0.0,0.0,-1.0));
#3903=AXIS2_PLACEMENT_3D('',#3900,#3901,#3902);
#3904=PLANE('',#3903);
#3905=ORIENTED_EDGE('',*,*,#3341,.T.);
#3906=ORIENTED_EDGE('',*,*,#3302,.F.);
#3907=ORIENTED_EDGE('',*,*,#879,.F.);
#3908=ORIENTED_EDGE('',*,*,#3756,.F.);
#3909=ORIENTED_EDGE('',*,*,#3893,.T.);
#3910=ORIENTED_EDGE('',*,*,#3492,.T.);
#3911=ORIENTED_EDGE('',*,*,#3461,.T.);
#3912=ORIENTED_EDGE('',*,*,#3563,.T.);
#3913=ORIENTED_EDGE('',*,*,#3421,.T.);
#3914=ORIENTED_EDGE('',*,*,#3541,.T.);
#3915=ORIENTED_EDGE('',*,*,#3381,.T.);
#3916=ORIENTED_EDGE('',*,*,#3519,.T.);
#3917=EDGE_LOOP('',(#3905,#3906,#3907,#3908,#3909,#3910,#3911,#3912,#3913,#3914,#3915,#3916));
#3918=FACE_OUTER_BOUND('',#3917,.T.);
#3919=ADVANCED_FACE('',(#3918),#3904,.T.);
#3920=CARTESIAN_POINT('',(0.081299212598425,-0.090255905511811,0.115748031496063));
#3921=DIRECTION('',(1.0,0.0,0.0));
#3922=DIRECTION('',(0.0,0.0,-1.0));
#3923=AXIS2_PLACEMENT_3D('',#3920,#3921,#3922);
#3924=PLANE('',#3923);
#3925=ORIENTED_EDGE('',*,*,#2610,.T.);
#3926=CARTESIAN_POINT('',(0.081299212598425,-0.088188976377953,0.082677165354331));
#3927=VERTEX_POINT('',#3926);
#3928=CARTESIAN_POINT('',(0.081299212598425,-0.090157480314961,0.082677165354331));
#3929=DIRECTION('',(0.0,1.0,0.0));
#3930=VECTOR('',#3929,0.001968503937008);
#3931=LINE('',#3928,#3930);
#3932=EDGE_CURVE('',#2599,#3927,#3931,.T.);
#3933=ORIENTED_EDGE('',*,*,#3932,.T.);
#3934=CARTESIAN_POINT('',(0.081299212598425,-0.088188976377953,0.114173228346457));
#3935=VERTEX_POINT('',#3934);
#3936=CARTESIAN_POINT('',(0.081299212598425,-0.088188976377953,0.082677165354331));
#3937=DIRECTION('',(0.0,0.0,1.0));
#3938=VECTOR('',#3937,0.031496062992126);
#3939=LINE('',#3936,#3938);
#3940=EDGE_CURVE('',#3927,#3935,#3939,.T.);
#3941=ORIENTED_EDGE('',*,*,#3940,.T.);
#3942=CARTESIAN_POINT('',(0.081299212598425,-0.090157480314961,0.109951758030493));
#3943=DIRECTION('',(0.0,0.422618261740697,0.906307787036651));
#3944=VECTOR('',#3943,0.00465787713219);
#3945=LINE('',#3942,#3944);
#3946=EDGE_CURVE('',#714,#3935,#3945,.T.);
#3947=ORIENTED_EDGE('',*,*,#3946,.F.);
#3948=EDGE_LOOP('',(#3925,#3933,#3941,#3947));
#3949=FACE_OUTER_BOUND('',#3948,.T.);
#3950=ADVANCED_FACE('',(#3949),#3924,.T.);
#3951=CARTESIAN_POINT('',(0.089429133858267,-0.090846456692914,0.082677165354331));
#3952=DIRECTION('',(0.0,0.0,-1.0));
#3953=DIRECTION('',(-1.0,0.0,0.0));
#3954=AXIS2_PLACEMENT_3D('',#3951,#3952,#3953);
#3955=PLANE('',#3954);
#3956=ORIENTED_EDGE('',*,*,#2604,.T.);
#3957=CARTESIAN_POINT('',(-0.081299212598425,-0.088188976377953,0.082677165354331));
#3958=VERTEX_POINT('',#3957);
#3959=CARTESIAN_POINT('',(-0.081299212598425,-0.090157480314961,0.082677165354331));
#3960=DIRECTION('',(0.0,1.0,0.0));
#3961=VECTOR('',#3960,0.001968503937008);
#3962=LINE('',#3959,#3961);
#3963=EDGE_CURVE('',#2591,#3958,#3962,.T.);
#3964=ORIENTED_EDGE('',*,*,#3963,.T.);
#3965=CARTESIAN_POINT('',(-0.081299212598425,-0.076377952755906,0.082677165354331));
#3966=VERTEX_POINT('',#3965);
#3967=CARTESIAN_POINT('',(-0.081299212598425,-0.088188976377953,0.082677165354331));
#3968=DIRECTION('',(0.0,1.0,0.0));
#3969=VECTOR('',#3968,0.011811023622047);
#3970=LINE('',#3967,#3969);
#3971=EDGE_CURVE('',#3958,#3966,#3970,.T.);
#3972=ORIENTED_EDGE('',*,*,#3971,.T.);
#3973=CARTESIAN_POINT('',(0.081299212598425,-0.076377952755906,0.082677165354331));
#3974=VERTEX_POINT('',#3973);
#3975=CARTESIAN_POINT('',(0.081299212598425,-0.076377952755906,0.082677165354331));
#3976=DIRECTION('',(-1.0,0.0,0.0));
#3977=VECTOR('',#3976,0.16259842519685);
#3978=LINE('',#3975,#3977);
#3979=EDGE_CURVE('',#3974,#3966,#3978,.T.);
#3980=ORIENTED_EDGE('',*,*,#3979,.F.);
#3981=CARTESIAN_POINT('',(0.081299212598425,-0.088188976377953,0.082677165354331));
#3982=DIRECTION('',(0.0,1.0,0.0));
#3983=VECTOR('',#3982,0.011811023622047);
#3984=LINE('',#3981,#3983);
#3985=EDGE_CURVE('',#3927,#3974,#3984,.T.);
#3986=ORIENTED_EDGE('',*,*,#3985,.F.);
#3987=ORIENTED_EDGE('',*,*,#3932,.F.);
#3988=EDGE_LOOP('',(#3956,#3964,#3972,#3980,#3986,#3987));
#3989=FACE_OUTER_BOUND('',#3988,.T.);
#3990=ADVANCED_FACE('',(#3989),#3955,.T.);
#3991=CARTESIAN_POINT('',(-0.081299212598425,-0.090255905511811,0.081102362204725));
#3992=DIRECTION('',(-1.0,0.0,0.0));
#3993=DIRECTION('',(0.0,0.0,1.0));
#3994=AXIS2_PLACEMENT_3D('',#3991,#3992,#3993);
#3995=PLANE('',#3994);
#3996=ORIENTED_EDGE('',*,*,#2596,.T.);
#3997=CARTESIAN_POINT('',(-0.081299212598425,-0.088188976377953,0.114173228346457));
#3998=VERTEX_POINT('',#3997);
#3999=CARTESIAN_POINT('',(-0.081299212598425,-0.088188976377953,0.114173228346457));
#4000=DIRECTION('',(0.0,-0.422618261740697,-0.906307787036651));
#4001=VECTOR('',#4000,0.00465787713219);
#4002=LINE('',#3999,#4001);
#4003=EDGE_CURVE('',#3998,#1727,#4002,.T.);
#4004=ORIENTED_EDGE('',*,*,#4003,.F.);
#4005=CARTESIAN_POINT('',(-0.081299212598425,-0.088188976377953,0.114173228346457));
#4006=DIRECTION('',(0.0,0.0,-1.0));
#4007=VECTOR('',#4006,0.031496062992126);
#4008=LINE('',#4005,#4007);
#4009=EDGE_CURVE('',#3998,#3958,#4008,.T.);
#4010=ORIENTED_EDGE('',*,*,#4009,.T.);
#4011=ORIENTED_EDGE('',*,*,#3963,.F.);
#4012=EDGE_LOOP('',(#3996,#4004,#4010,#4011));
#4013=FACE_OUTER_BOUND('',#4012,.T.);
#4014=ADVANCED_FACE('',(#4013),#3995,.T.);
#4015=CARTESIAN_POINT('',(0.130118110236221,-0.099212598425197,-0.076636485760619));
#4016=DIRECTION('',(0.0,0.0,1.0));
#4017=DIRECTION('',(0.707106781186548,0.707106781186547,0.0));
#4018=AXIS2_PLACEMENT_3D('',#4015,#4016,#4017);
#4019=CYLINDRICAL_SURFACE('',#4018,0.040157480314961);
#4020=CARTESIAN_POINT('',(0.130118110236221,-0.139370078740158,-0.038136426519894));
#4021=VERTEX_POINT('',#4020);
#4022=CARTESIAN_POINT('',(0.08996062992126,-0.099212598425197,-0.038136426519894));
#4023=VERTEX_POINT('',#4022);
#4024=CARTESIAN_POINT('',(0.130118110236221,-0.099212598425197,-0.038136426519894));
#4025=DIRECTION('',(0.0,0.0,-1.0));
#4026=DIRECTION('',(-0.707106781186547,-0.707106781186548,0.0));
#4027=AXIS2_PLACEMENT_3D('',#4024,#4025,#4026);
#4028=CIRCLE('',#4027,0.040157480314961);
#4029=EDGE_CURVE('',#4021,#4023,#4028,.T.);
#4030=ORIENTED_EDGE('',*,*,#4029,.T.);
#4031=CARTESIAN_POINT('',(0.08996062992126,-0.099212598425197,-0.074803149606299));
#4032=VERTEX_POINT('',#4031);
#4033=CARTESIAN_POINT('',(0.08996062992126,-0.099212598425197,-0.038136426519894));
#4034=DIRECTION('',(0.0,0.0,-1.0));
#4035=VECTOR('',#4034,0.036666723086405);
#4036=LINE('',#4033,#4035);
#4037=EDGE_CURVE('',#4023,#4032,#4036,.T.);
#4038=ORIENTED_EDGE('',*,*,#4037,.T.);
#4039=CARTESIAN_POINT('',(0.094685039370079,-0.118110236220472,-0.074803149606299));
#4040=VERTEX_POINT('',#4039);
#4041=CARTESIAN_POINT('',(0.130118110236221,-0.099212598425197,-0.074803149606299));
#4042=DIRECTION('',(0.0,0.0,1.0));
#4043=DIRECTION('',(-0.707106781186547,-0.707106781186548,0.0));
#4044=AXIS2_PLACEMENT_3D('',#4041,#4042,#4043);
#4045=CIRCLE('',#4044,0.040157480314961);
#4046=EDGE_CURVE('',#4032,#4040,#4045,.T.);
#4047=ORIENTED_EDGE('',*,*,#4046,.T.);
#4048=CARTESIAN_POINT('',(0.094685039370079,-0.118110236220472,-0.068057686362414));
#4049=VERTEX_POINT('',#4048);
#4050=CARTESIAN_POINT('',(0.094685039370079,-0.118110236220472,-0.074803149606299));
#4051=DIRECTION('',(0.0,0.0,1.0));
#4052=VECTOR('',#4051,0.006745463243885);
#4053=LINE('',#4050,#4052);
#4054=EDGE_CURVE('',#4040,#4049,#4053,.T.);
#4055=ORIENTED_EDGE('',*,*,#4054,.T.);
#4056=CARTESIAN_POINT('',(0.130118110236221,-0.139370078740158,-0.068057686362414));
#4057=VERTEX_POINT('',#4056);
#4058=CARTESIAN_POINT('',(0.130118110236221,-0.099212598425197,-0.068057686362414));
#4059=DIRECTION('',(0.0,0.0,1.0));
#4060=DIRECTION('',(-0.707106781186547,-0.707106781186548,0.0));
#4061=AXIS2_PLACEMENT_3D('',#4058,#4059,#4060);
#4062=CIRCLE('',#4061,0.040157480314961);
#4063=EDGE_CURVE('',#4049,#4057,#4062,.T.);
#4064=ORIENTED_EDGE('',*,*,#4063,.T.);
#4065=CARTESIAN_POINT('',(0.130118110236221,-0.139370078740158,-0.068057686362414));
#4066=DIRECTION('',(0.0,0.0,1.0));
#4067=VECTOR('',#4066,0.02992125984252);
#4068=LINE('',#4065,#4067);
#4069=EDGE_CURVE('',#4057,#4021,#4068,.T.);
#4070=ORIENTED_EDGE('',*,*,#4069,.T.);
#4071=EDGE_LOOP('',(#4030,#4038,#4047,#4055,#4064,#4070));
#4072=FACE_OUTER_BOUND('',#4071,.T.);
#4073=ADVANCED_FACE('',(#4072),#4019,.T.);
#4074=CARTESIAN_POINT('',(0.088292001731095,-0.126968503937008,-0.074803149606299));
#4075=DIRECTION('',(0.0,0.0,1.0));
#4076=DIRECTION('',(1.0,0.0,0.0));
#4077=AXIS2_PLACEMENT_3D('',#4074,#4075,#4076);
#4078=PLANE('',#4077);
#4079=ORIENTED_EDGE('',*,*,#4046,.F.);
#4080=CARTESIAN_POINT('',(0.08996062992126,0.059055118110236,-0.074803149606299));
#4081=VERTEX_POINT('',#4080);
#4082=CARTESIAN_POINT('',(0.08996062992126,0.059055118110236,-0.074803149606299));
#4083=DIRECTION('',(0.0,-1.0,0.0));
#4084=VECTOR('',#4083,0.158267716535433);
#4085=LINE('',#4082,#4084);
#4086=EDGE_CURVE('',#4081,#4032,#4085,.T.);
#4087=ORIENTED_EDGE('',*,*,#4086,.F.);
#4088=CARTESIAN_POINT('',(0.11003937007874,0.059055118110236,-0.074803149606299));
#4089=VERTEX_POINT('',#4088);
#4090=CARTESIAN_POINT('',(0.11003937007874,0.059055118110236,-0.074803149606299));
#4091=DIRECTION('',(-1.0,0.0,0.0));
#4092=VECTOR('',#4091,0.02007874015748);
#4093=LINE('',#4090,#4092);
#4094=EDGE_CURVE('',#4089,#4081,#4093,.T.);
#4095=ORIENTED_EDGE('',*,*,#4094,.F.);
#4096=CARTESIAN_POINT('',(0.11003937007874,-0.099212598425197,-0.074803149606299));
#4097=VERTEX_POINT('',#4096);
#4098=CARTESIAN_POINT('',(0.11003937007874,-0.099212598425197,-0.074803149606299));
#4099=DIRECTION('',(0.0,1.0,0.0));
#4100=VECTOR('',#4099,0.158267716535433);
#4101=LINE('',#4098,#4100);
#4102=EDGE_CURVE('',#4097,#4089,#4101,.T.);
#4103=ORIENTED_EDGE('',*,*,#4102,.F.);
#4104=CARTESIAN_POINT('',(0.123333193724561,-0.118110236220472,-0.074803149606299));
#4105=VERTEX_POINT('',#4104);
#4106=CARTESIAN_POINT('',(0.130118110236221,-0.099212598425197,-0.074803149606299));
#4107=DIRECTION('',(0.0,0.0,1.0));
#4108=DIRECTION('',(-0.707106781186547,-0.707106781186547,0.0));
#4109=AXIS2_PLACEMENT_3D('',#4106,#4107,#4108);
#4110=CIRCLE('',#4109,0.02007874015748);
#4111=EDGE_CURVE('',#4097,#4105,#4110,.T.);
#4112=ORIENTED_EDGE('',*,*,#4111,.T.);
#4113=CARTESIAN_POINT('',(0.123333193724561,-0.118110236220472,-0.074803149606299));
#4114=DIRECTION('',(-1.0,0.0,0.0));
#4115=VECTOR('',#4114,0.028648154354482);
#4116=LINE('',#4113,#4115);
#4117=EDGE_CURVE('',#4105,#4040,#4116,.T.);
#4118=ORIENTED_EDGE('',*,*,#4117,.T.);
#4119=EDGE_LOOP('',(#4079,#4087,#4095,#4103,#4112,#4118));
#4120=FACE_OUTER_BOUND('',#4119,.T.);
#4121=ADVANCED_FACE('',(#4120),#4078,.F.);
#4122=CARTESIAN_POINT('',(0.08996062992126,-0.107125984251969,-0.078527173654062));
#4123=DIRECTION('',(-1.0,0.0,0.0));
#4124=DIRECTION('',(0.0,0.0,1.0));
#4125=AXIS2_PLACEMENT_3D('',#4122,#4123,#4124);
#4126=PLANE('',#4125);
#4127=ORIENTED_EDGE('',*,*,#4037,.F.);
#4128=CARTESIAN_POINT('',(0.08996062992126,-0.059055118110236,-0.038136426519894));
#4129=VERTEX_POINT('',#4128);
#4130=CARTESIAN_POINT('',(0.08996062992126,-0.059055118110236,-0.038136426519894));
#4131=DIRECTION('',(0.0,-1.0,0.0));
#4132=VECTOR('',#4131,0.040157480314961);
#4133=LINE('',#4130,#4132);
#4134=EDGE_CURVE('',#4129,#4023,#4133,.T.);
#4135=ORIENTED_EDGE('',*,*,#4134,.F.);
#4136=CARTESIAN_POINT('',(0.08996062992126,-0.059055118110236,-0.000322668651033));
#4137=VERTEX_POINT('',#4136);
#4138=CARTESIAN_POINT('',(0.08996062992126,-0.059055118110236,-0.000322668651033));
#4139=DIRECTION('',(0.0,0.0,-1.0));
#4140=VECTOR('',#4139,0.037813757868861);
#4141=LINE('',#4138,#4140);
#4142=EDGE_CURVE('',#4137,#4129,#4141,.T.);
#4143=ORIENTED_EDGE('',*,*,#4142,.F.);
#4144=CARTESIAN_POINT('',(0.089960640262638,-0.037242995445797,-0.00933129956398));
#4145=VERTEX_POINT('',#4144);
#4146=CARTESIAN_POINT('',(0.08996062992126,-0.067161171754262,-0.05085777657939));
#4147=DIRECTION('',(-1.0,0.0,0.0));
#4148=DIRECTION('',(0.0,-0.727610586583267,-0.685990403935765));
#4149=AXIS2_PLACEMENT_3D('',#4146,#4147,#4148);
#4150=CIRCLE('',#4149,0.051181102362205);
#4151=EDGE_CURVE('',#4137,#4145,#4150,.T.);
#4152=ORIENTED_EDGE('',*,*,#4151,.T.);
#4153=CARTESIAN_POINT('',(0.08996062992126,-0.018747977044091,-0.015747222420812));
#4154=VERTEX_POINT('',#4153);
#4155=CARTESIAN_POINT('',(0.08996062992126,-0.018747977044091,-0.015747222420812));
#4156=CARTESIAN_POINT('',(0.08996062992126,-0.021922341749047,-0.01574762806367));
#4157=CARTESIAN_POINT('',(0.08996062992126,-0.025143436417129,-0.015106968880518));
#4158=CARTESIAN_POINT('',(0.08996062992126,-0.031371884085305,-0.012946170728739));
#4159=CARTESIAN_POINT('',(0.08996062992126,-0.0344744875662,-0.011326362042219));
#4160=CARTESIAN_POINT('',(0.08996062992126,-0.037242880269312,-0.009331139755349));
#4161=B_SPLINE_CURVE_WITH_KNOTS('',3,(#4155,#4156,#4157,#4158,#4159,#4160),.UNSPECIFIED.,.F.,.U.,(4,2,4),(-0.019815141012354,-0.010237410333818,-0.000000038576637),.UNSPECIFIED.);
#4162=EDGE_CURVE('',#4154,#4145,#4161,.T.);
#4163=ORIENTED_EDGE('',*,*,#4162,.F.);
#4164=CARTESIAN_POINT('',(0.089960628158402,0.018748498492861,-0.015747561650299));
#4165=VERTEX_POINT('',#4164);
#4166=CARTESIAN_POINT('',(0.089960629923889,-0.018747976992599,-0.015748031497724));
#4167=DIRECTION('',(3.832591E-011,1.0,-2.421966E-011));
#4168=VECTOR('',#4167,0.037496475485459);
#4169=LINE('',#4166,#4168);
#4170=EDGE_CURVE('',#4154,#4165,#4169,.T.);
#4171=ORIENTED_EDGE('',*,*,#4170,.T.);
#4172=CARTESIAN_POINT('',(0.089960025939688,0.037240187592731,-0.009335222942637));
#4173=VERTEX_POINT('',#4172);
#4174=CARTESIAN_POINT('',(0.08996062992126,0.037240099149774,-0.009335994299541));
#4175=CARTESIAN_POINT('',(0.08996062992126,0.034473213702781,-0.011330180533804));
#4176=CARTESIAN_POINT('',(0.08996062992126,0.031370759864869,-0.012949894388525));
#4177=CARTESIAN_POINT('',(0.08996062992126,0.025142571874826,-0.015109463041897));
#4178=CARTESIAN_POINT('',(0.08996062992126,0.021922487420691,-0.015748384834793));
#4179=CARTESIAN_POINT('',(0.08996062992126,0.018748625926717,-0.015747095457998));
#4180=B_SPLINE_CURVE_WITH_KNOTS('',3,(#4174,#4175,#4176,#4177,#4178,#4179),.UNSPECIFIED.,.F.,.U.,(4,2,4),(-0.019693963736694,-0.009521585267634,0.0),.UNSPECIFIED.);
#4181=EDGE_CURVE('',#4173,#4165,#4180,.T.);
#4182=ORIENTED_EDGE('',*,*,#4181,.F.);
#4183=CARTESIAN_POINT('',(0.08996062992126,0.059055118110236,-0.000322668651033));
#4184=VERTEX_POINT('',#4183);
#4185=CARTESIAN_POINT('',(0.08996062992126,0.067161171754262,-0.05085777657939));
#4186=DIRECTION('',(-1.0,0.0,0.0));
#4187=DIRECTION('',(0.0,0.727610586583267,-0.685990403935765));
#4188=AXIS2_PLACEMENT_3D('',#4185,#4186,#4187);
#4189=CIRCLE('',#4188,0.051181102362205);
#4190=EDGE_CURVE('',#4173,#4184,#4189,.T.);
#4191=ORIENTED_EDGE('',*,*,#4190,.T.);
#4192=CARTESIAN_POINT('',(0.08996062992126,0.059055118110236,-0.000322668651033));
#4193=DIRECTION('',(0.0,0.0,-1.0));
#4194=VECTOR('',#4193,0.074480480955266);
#4195=LINE('',#4192,#4194);
#4196=EDGE_CURVE('',#4184,#4081,#4195,.T.);
#4197=ORIENTED_EDGE('',*,*,#4196,.T.);
#4198=ORIENTED_EDGE('',*,*,#4086,.T.);
#4199=EDGE_LOOP('',(#4127,#4135,#4143,#4152,#4163,#4171,#4182,#4191,#4197,#4198));
#4200=FACE_OUTER_BOUND('',#4199,.T.);
#4201=ADVANCED_FACE('',(#4200),#4126,.T.);
#4202=CARTESIAN_POINT('',(0.084517716535433,-0.143385826771654,-0.038136426519894));
#4203=DIRECTION('',(0.0,0.0,1.0));
#4204=DIRECTION('',(1.0,0.0,0.0));
#4205=AXIS2_PLACEMENT_3D('',#4202,#4203,#4204);
#4206=PLANE('',#4205);
#4207=ORIENTED_EDGE('',*,*,#4029,.F.);
#4208=CARTESIAN_POINT('',(0.198818897637795,-0.139370078740157,-0.038136426519894));
#4209=VERTEX_POINT('',#4208);
#4210=CARTESIAN_POINT('',(0.130118110236221,-0.139370078740158,-0.038136426519894));
#4211=DIRECTION('',(1.0,0.0,0.0));
#4212=VECTOR('',#4211,0.068700787401574);
#4213=LINE('',#4210,#4212);
#4214=EDGE_CURVE('',#4021,#4209,#4213,.T.);
#4215=ORIENTED_EDGE('',*,*,#4214,.T.);
#4216=CARTESIAN_POINT('',(0.198818897637795,-0.119291338582677,-0.038136426519894));
#4217=VERTEX_POINT('',#4216);
#4218=CARTESIAN_POINT('',(0.198818897637795,-0.139370078740157,-0.038136426519894));
#4219=DIRECTION('',(0.0,1.0,0.0));
#4220=VECTOR('',#4219,0.02007874015748);
#4221=LINE('',#4218,#4220);
#4222=EDGE_CURVE('',#4209,#4217,#4221,.T.);
#4223=ORIENTED_EDGE('',*,*,#4222,.T.);
#4224=CARTESIAN_POINT('',(0.130118110236221,-0.119291338582677,-0.038136426519894));
#4225=VERTEX_POINT('',#4224);
#4226=CARTESIAN_POINT('',(0.130118110236221,-0.119291338582677,-0.038136426519894));
#4227=DIRECTION('',(1.0,0.0,0.0));
#4228=VECTOR('',#4227,0.068700787401574);
#4229=LINE('',#4226,#4228);
#4230=EDGE_CURVE('',#4225,#4217,#4229,.T.);
#4231=ORIENTED_EDGE('',*,*,#4230,.F.);
#4232=CARTESIAN_POINT('',(0.11003937007874,-0.099212598425197,-0.038136426519894));
#4233=VERTEX_POINT('',#4232);
#4234=CARTESIAN_POINT('',(0.130118110236221,-0.099212598425197,-0.038136426519894));
#4235=DIRECTION('',(0.0,0.0,1.0));
#4236=DIRECTION('',(-0.707106781186547,-0.707106781186547,0.0));
#4237=AXIS2_PLACEMENT_3D('',#4234,#4235,#4236);
#4238=CIRCLE('',#4237,0.02007874015748);
#4239=EDGE_CURVE('',#4233,#4225,#4238,.T.);
#4240=ORIENTED_EDGE('',*,*,#4239,.F.);
#4241=CARTESIAN_POINT('',(0.11003937007874,-0.059055118110236,-0.038136426519894));
#4242=VERTEX_POINT('',#4241);
#4243=CARTESIAN_POINT('',(0.11003937007874,-0.059055118110236,-0.038136426519894));
#4244=DIRECTION('',(0.0,-1.0,0.0));
#4245=VECTOR('',#4244,0.040157480314961);
#4246=LINE('',#4243,#4245);
#4247=EDGE_CURVE('',#4242,#4233,#4246,.T.);
#4248=ORIENTED_EDGE('',*,*,#4247,.F.);
#4249=CARTESIAN_POINT('',(0.08996062992126,-0.059055118110236,-0.038136426519894));
#4250=DIRECTION('',(1.0,0.0,0.0));
#4251=VECTOR('',#4250,0.02007874015748);
#4252=LINE('',#4249,#4251);
#4253=EDGE_CURVE('',#4129,#4242,#4252,.T.);
#4254=ORIENTED_EDGE('',*,*,#4253,.F.);
#4255=ORIENTED_EDGE('',*,*,#4134,.T.);
#4256=EDGE_LOOP('',(#4207,#4215,#4223,#4231,#4240,#4248,#4254,#4255));
#4257=FACE_OUTER_BOUND('',#4256,.T.);
#4258=ADVANCED_FACE('',(#4257),#4206,.T.);
#4259=CARTESIAN_POINT('',(-0.130118110236221,-0.099212598425197,-0.026548528220577));
#4260=DIRECTION('',(0.0,0.0,-1.0));
#4261=DIRECTION('',(-0.707106781186547,0.707106781186548,0.0));
#4262=AXIS2_PLACEMENT_3D('',#4259,#4260,#4261);
#4263=CYLINDRICAL_SURFACE('',#4262,0.040157480314961);
#4264=CARTESIAN_POINT('',(-0.094685039370079,-0.118110236220472,-0.074803149606299));
#4265=VERTEX_POINT('',#4264);
#4266=CARTESIAN_POINT('',(-0.08996062992126,-0.099212598425197,-0.074803149606299));
#4267=VERTEX_POINT('',#4266);
#4268=CARTESIAN_POINT('',(-0.130118110236221,-0.099212598425197,-0.074803149606299));
#4269=DIRECTION('',(0.0,0.0,1.0));
#4270=DIRECTION('',(0.707106781186548,-0.707106781186547,0.0));
#4271=AXIS2_PLACEMENT_3D('',#4268,#4269,#4270);
#4272=CIRCLE('',#4271,0.040157480314961);
#4273=EDGE_CURVE('',#4265,#4267,#4272,.T.);
#4274=ORIENTED_EDGE('',*,*,#4273,.T.);
#4275=CARTESIAN_POINT('',(-0.08996062992126,-0.099212598425197,-0.038136426519894));
#4276=VERTEX_POINT('',#4275);
#4277=CARTESIAN_POINT('',(-0.08996062992126,-0.099212598425197,-0.074803149606299));
#4278=DIRECTION('',(0.0,0.0,1.0));
#4279=VECTOR('',#4278,0.036666723086405);
#4280=LINE('',#4277,#4279);
#4281=EDGE_CURVE('',#4267,#4276,#4280,.T.);
#4282=ORIENTED_EDGE('',*,*,#4281,.T.);
#4283=CARTESIAN_POINT('',(-0.130118110236221,-0.139370078740158,-0.038136426519894));
#4284=VERTEX_POINT('',#4283);
#4285=CARTESIAN_POINT('',(-0.130118110236221,-0.099212598425197,-0.038136426519894));
#4286=DIRECTION('',(0.0,0.0,-1.0));
#4287=DIRECTION('',(0.707106781186548,-0.707106781186547,0.0));
#4288=AXIS2_PLACEMENT_3D('',#4285,#4286,#4287);
#4289=CIRCLE('',#4288,0.040157480314961);
#4290=EDGE_CURVE('',#4276,#4284,#4289,.T.);
#4291=ORIENTED_EDGE('',*,*,#4290,.T.);
#4292=CARTESIAN_POINT('',(-0.130118110236221,-0.139370078740158,-0.068057686362414));
#4293=VERTEX_POINT('',#4292);
#4294=CARTESIAN_POINT('',(-0.130118110236221,-0.139370078740158,-0.038136426519894));
#4295=DIRECTION('',(0.0,0.0,-1.0));
#4296=VECTOR('',#4295,0.02992125984252);
#4297=LINE('',#4294,#4296);
#4298=EDGE_CURVE('',#4284,#4293,#4297,.T.);
#4299=ORIENTED_EDGE('',*,*,#4298,.T.);
#4300=CARTESIAN_POINT('',(-0.094685039370079,-0.118110236220472,-0.068057686362414));
#4301=VERTEX_POINT('',#4300);
#4302=CARTESIAN_POINT('',(-0.130118110236221,-0.099212598425197,-0.068057686362414));
#4303=DIRECTION('',(0.0,0.0,1.0));
#4304=DIRECTION('',(0.707106781186548,-0.707106781186547,0.0));
#4305=AXIS2_PLACEMENT_3D('',#4302,#4303,#4304);
#4306=CIRCLE('',#4305,0.040157480314961);
#4307=EDGE_CURVE('',#4293,#4301,#4306,.T.);
#4308=ORIENTED_EDGE('',*,*,#4307,.T.);
#4309=CARTESIAN_POINT('',(-0.094685039370079,-0.118110236220472,-0.068057686362414));
#4310=DIRECTION('',(0.0,0.0,-1.0));
#4311=VECTOR('',#4310,0.006745463243885);
#4312=LINE('',#4309,#4311);
#4313=EDGE_CURVE('',#4301,#4265,#4312,.T.);
#4314=ORIENTED_EDGE('',*,*,#4313,.T.);
#4315=EDGE_LOOP('',(#4274,#4282,#4291,#4299,#4308,#4314));
#4316=FACE_OUTER_BOUND('',#4315,.T.);
#4317=ADVANCED_FACE('',(#4316),#4263,.T.);
#4318=CARTESIAN_POINT('',(-0.089478346456693,-0.140433070866142,-0.068057686362414));
#4319=DIRECTION('',(0.0,0.0,-1.0));
#4320=DIRECTION('',(-1.0,0.0,0.0));
#4321=AXIS2_PLACEMENT_3D('',#4318,#4319,#4320);
#4322=PLANE('',#4321);
#4323=ORIENTED_EDGE('',*,*,#4307,.F.);
#4324=CARTESIAN_POINT('',(-0.198818897637795,-0.139370078740157,-0.068057686362414));
#4325=VERTEX_POINT('',#4324);
#4326=CARTESIAN_POINT('',(-0.130118110236221,-0.139370078740158,-0.068057686362414));
#4327=DIRECTION('',(-1.0,0.0,0.0));
#4328=VECTOR('',#4327,0.068700787401574);
#4329=LINE('',#4326,#4328);
#4330=EDGE_CURVE('',#4293,#4325,#4329,.T.);
#4331=ORIENTED_EDGE('',*,*,#4330,.T.);
#4332=CARTESIAN_POINT('',(-0.198818897637795,-0.119291338582677,-0.068057686362414));
#4333=VERTEX_POINT('',#4332);
#4334=CARTESIAN_POINT('',(-0.198818897637795,-0.119291338582677,-0.068057686362414));
#4335=DIRECTION('',(0.0,-1.0,0.0));
#4336=VECTOR('',#4335,0.02007874015748);
#4337=LINE('',#4334,#4336);
#4338=EDGE_CURVE('',#4333,#4325,#4337,.T.);
#4339=ORIENTED_EDGE('',*,*,#4338,.F.);
#4340=CARTESIAN_POINT('',(-0.13011811023622,-0.119291338582677,-0.068057686362414));
#4341=VERTEX_POINT('',#4340);
#4342=CARTESIAN_POINT('',(-0.13011811023622,-0.119291338582677,-0.068057686362414));
#4343=DIRECTION('',(-1.0,0.0,0.0));
#4344=VECTOR('',#4343,0.068700787401575);
#4345=LINE('',#4342,#4344);
#4346=EDGE_CURVE('',#4341,#4333,#4345,.T.);
#4347=ORIENTED_EDGE('',*,*,#4346,.F.);
#4348=CARTESIAN_POINT('',(-0.123333193724561,-0.118110236220472,-0.068057686362414));
#4349=VERTEX_POINT('',#4348);
#4350=CARTESIAN_POINT('',(-0.13011811023622,-0.099212598425197,-0.068057686362414));
#4351=DIRECTION('',(0.0,0.0,-1.0));
#4352=DIRECTION('',(0.707106781186547,-0.707106781186547,0.0));
#4353=AXIS2_PLACEMENT_3D('',#4350,#4351,#4352);
#4354=CIRCLE('',#4353,0.02007874015748);
#4355=EDGE_CURVE('',#4349,#4341,#4354,.T.);
#4356=ORIENTED_EDGE('',*,*,#4355,.F.);
#4357=CARTESIAN_POINT('',(-0.123333193724561,-0.118110236220472,-0.068057686362414));
#4358=DIRECTION('',(1.0,0.0,0.0));
#4359=VECTOR('',#4358,0.028648154354482);
#4360=LINE('',#4357,#4359);
#4361=EDGE_CURVE('',#4349,#4301,#4360,.T.);
#4362=ORIENTED_EDGE('',*,*,#4361,.T.);
#4363=EDGE_LOOP('',(#4323,#4331,#4339,#4347,#4356,#4362));
#4364=FACE_OUTER_BOUND('',#4363,.T.);
#4365=ADVANCED_FACE('',(#4364),#4322,.T.);
#4366=CARTESIAN_POINT('',(-0.202253937007874,-0.139370078740158,-0.06955374935454));
#4367=DIRECTION('',(0.0,1.0,0.0));
#4368=DIRECTION('',(0.0,0.0,1.0));
#4369=AXIS2_PLACEMENT_3D('',#4366,#4367,#4368);
#4370=PLANE('',#4369);
#4371=ORIENTED_EDGE('',*,*,#4298,.F.);
#4372=CARTESIAN_POINT('',(-0.198818897637795,-0.139370078740157,-0.038136426519894));
#4373=VERTEX_POINT('',#4372);
#4374=CARTESIAN_POINT('',(-0.198818897637795,-0.139370078740157,-0.038136426519894));
#4375=DIRECTION('',(1.0,0.0,0.0));
#4376=VECTOR('',#4375,0.068700787401574);
#4377=LINE('',#4374,#4376);
#4378=EDGE_CURVE('',#4373,#4284,#4377,.T.);
#4379=ORIENTED_EDGE('',*,*,#4378,.F.);
#4380=CARTESIAN_POINT('',(-0.198818897637795,-0.139370078740157,-0.068057686362414));
#4381=DIRECTION('',(0.0,0.0,1.0));
#4382=VECTOR('',#4381,0.02992125984252);
#4383=LINE('',#4380,#4382);
#4384=EDGE_CURVE('',#4325,#4373,#4383,.T.);
#4385=ORIENTED_EDGE('',*,*,#4384,.F.);
#4386=ORIENTED_EDGE('',*,*,#4330,.F.);
#4387=EDGE_LOOP('',(#4371,#4379,#4385,#4386));
#4388=FACE_OUTER_BOUND('',#4387,.T.);
#4389=ADVANCED_FACE('',(#4388),#4370,.F.);
#4390=CARTESIAN_POINT('',(-0.204261811023622,-0.143385826771654,-0.038136426519894));
#4391=DIRECTION('',(0.0,0.0,1.0));
#4392=DIRECTION('',(1.0,0.0,0.0));
#4393=AXIS2_PLACEMENT_3D('',#4390,#4391,#4392);
#4394=PLANE('',#4393);
#4395=ORIENTED_EDGE('',*,*,#4290,.F.);
#4396=CARTESIAN_POINT('',(-0.08996062992126,-0.059055118110236,-0.038136426519894));
#4397=VERTEX_POINT('',#4396);
#4398=CARTESIAN_POINT('',(-0.08996062992126,-0.059055118110236,-0.038136426519894));
#4399=DIRECTION('',(0.0,-1.0,0.0));
#4400=VECTOR('',#4399,0.040157480314961);
#4401=LINE('',#4398,#4400);
#4402=EDGE_CURVE('',#4397,#4276,#4401,.T.);
#4403=ORIENTED_EDGE('',*,*,#4402,.F.);
#4404=CARTESIAN_POINT('',(-0.11003937007874,-0.059055118110236,-0.038136426519894));
#4405=VERTEX_POINT('',#4404);
#4406=CARTESIAN_POINT('',(-0.11003937007874,-0.059055118110236,-0.038136426519894));
#4407=DIRECTION('',(1.0,0.0,0.0));
#4408=VECTOR('',#4407,0.02007874015748);
#4409=LINE('',#4406,#4408);
#4410=EDGE_CURVE('',#4405,#4397,#4409,.T.);
#4411=ORIENTED_EDGE('',*,*,#4410,.F.);
#4412=CARTESIAN_POINT('',(-0.11003937007874,-0.099212598425197,-0.038136426519894));
#4413=VERTEX_POINT('',#4412);
#4414=CARTESIAN_POINT('',(-0.11003937007874,-0.059055118110236,-0.038136426519894));
#4415=DIRECTION('',(0.0,-1.0,0.0));
#4416=VECTOR('',#4415,0.040157480314961);
#4417=LINE('',#4414,#4416);
#4418=EDGE_CURVE('',#4405,#4413,#4417,.T.);
#4419=ORIENTED_EDGE('',*,*,#4418,.T.);
#4420=CARTESIAN_POINT('',(-0.13011811023622,-0.119291338582677,-0.038136426519894));
#4421=VERTEX_POINT('',#4420);
#4422=CARTESIAN_POINT('',(-0.13011811023622,-0.099212598425197,-0.038136426519894));
#4423=DIRECTION('',(0.0,0.0,1.0));
#4424=DIRECTION('',(0.707106781186547,-0.707106781186547,0.0));
#4425=AXIS2_PLACEMENT_3D('',#4422,#4423,#4424);
#4426=CIRCLE('',#4425,0.02007874015748);
#4427=EDGE_CURVE('',#4421,#4413,#4426,.T.);
#4428=ORIENTED_EDGE('',*,*,#4427,.F.);
#4429=CARTESIAN_POINT('',(-0.198818897637795,-0.119291338582677,-0.038136426519894));
#4430=VERTEX_POINT('',#4429);
#4431=CARTESIAN_POINT('',(-0.13011811023622,-0.119291338582677,-0.038136426519894));
#4432=DIRECTION('',(-1.0,0.0,0.0));
#4433=VECTOR('',#4432,0.068700787401575);
#4434=LINE('',#4431,#4433);
#4435=EDGE_CURVE('',#4421,#4430,#4434,.T.);
#4436=ORIENTED_EDGE('',*,*,#4435,.T.);
#4437=CARTESIAN_POINT('',(-0.198818897637795,-0.139370078740157,-0.038136426519894));
#4438=DIRECTION('',(0.0,1.0,0.0));
#4439=VECTOR('',#4438,0.02007874015748);
#4440=LINE('',#4437,#4439);
#4441=EDGE_CURVE('',#4373,#4430,#4440,.T.);
#4442=ORIENTED_EDGE('',*,*,#4441,.F.);
#4443=ORIENTED_EDGE('',*,*,#4378,.T.);
#4444=EDGE_LOOP('',(#4395,#4403,#4411,#4419,#4428,#4436,#4442,#4443));
#4445=FACE_OUTER_BOUND('',#4444,.T.);
#4446=ADVANCED_FACE('',(#4445),#4394,.T.);
#4447=CARTESIAN_POINT('',(0.130118110236221,-0.099212598425197,-0.019068213259947));
#4448=DIRECTION('',(0.0,0.0,-1.0));
#4449=DIRECTION('',(0.707106781186547,0.707106781186548,0.0));
#4450=AXIS2_PLACEMENT_3D('',#4447,#4448,#4449);
#4451=CYLINDRICAL_SURFACE('',#4450,0.02007874015748);
#4452=CARTESIAN_POINT('',(0.123333193724561,-0.118110236220472,-0.068057686362414));
#4453=VERTEX_POINT('',#4452);
#4454=CARTESIAN_POINT('',(0.130118110236221,-0.119291338582677,-0.068057686362414));
#4455=VERTEX_POINT('',#4454);
#4456=CARTESIAN_POINT('',(0.130118110236221,-0.099212598425197,-0.068057686362414));
#4457=DIRECTION('',(0.0,0.0,1.0));
#4458=DIRECTION('',(-0.707106781186547,-0.707106781186547,0.0));
#4459=AXIS2_PLACEMENT_3D('',#4456,#4457,#4458);
#4460=CIRCLE('',#4459,0.02007874015748);
#4461=EDGE_CURVE('',#4453,#4455,#4460,.T.);
#4462=ORIENTED_EDGE('',*,*,#4461,.F.);
#4463=CARTESIAN_POINT('',(0.123333193724561,-0.118110236220472,-0.068057686362414));
#4464=DIRECTION('',(0.0,0.0,-1.0));
#4465=VECTOR('',#4464,0.006745463243885);
#4466=LINE('',#4463,#4465);
#4467=EDGE_CURVE('',#4453,#4105,#4466,.T.);
#4468=ORIENTED_EDGE('',*,*,#4467,.T.);
#4469=ORIENTED_EDGE('',*,*,#4111,.F.);
#4470=CARTESIAN_POINT('',(0.11003937007874,-0.099212598425197,-0.074803149606299));
#4471=DIRECTION('',(0.0,0.0,1.0));
#4472=VECTOR('',#4471,0.036666723086405);
#4473=LINE('',#4470,#4472);
#4474=EDGE_CURVE('',#4097,#4233,#4473,.T.);
#4475=ORIENTED_EDGE('',*,*,#4474,.T.);
#4476=ORIENTED_EDGE('',*,*,#4239,.T.);
#4477=CARTESIAN_POINT('',(0.130118110236221,-0.119291338582677,-0.038136426519894));
#4478=DIRECTION('',(0.0,0.0,-1.0));
#4479=VECTOR('',#4478,0.02992125984252);
#4480=LINE('',#4477,#4479);
#4481=EDGE_CURVE('',#4225,#4455,#4480,.T.);
#4482=ORIENTED_EDGE('',*,*,#4481,.T.);
#4483=EDGE_LOOP('',(#4462,#4468,#4469,#4475,#4476,#4482));
#4484=FACE_OUTER_BOUND('',#4483,.T.);
#4485=ADVANCED_FACE('',(#4484),#4451,.F.);
#4486=CARTESIAN_POINT('',(0.126683070866142,-0.119291338582677,-0.06955374935454));
#4487=DIRECTION('',(0.0,1.0,0.0));
#4488=DIRECTION('',(0.0,0.0,1.0));
#4489=AXIS2_PLACEMENT_3D('',#4486,#4487,#4488);
#4490=PLANE('',#4489);
#4491=ORIENTED_EDGE('',*,*,#4481,.F.);
#4492=ORIENTED_EDGE('',*,*,#4230,.T.);
#4493=CARTESIAN_POINT('',(0.198818897637795,-0.119291338582677,-0.068057686362414));
#4494=VERTEX_POINT('',#4493);
#4495=CARTESIAN_POINT('',(0.198818897637795,-0.119291338582677,-0.038136426519894));
#4496=DIRECTION('',(0.0,0.0,-1.0));
#4497=VECTOR('',#4496,0.02992125984252);
#4498=LINE('',#4495,#4497);
#4499=EDGE_CURVE('',#4217,#4494,#4498,.T.);
#4500=ORIENTED_EDGE('',*,*,#4499,.T.);
#4501=CARTESIAN_POINT('',(0.130118110236221,-0.119291338582677,-0.068057686362414));
#4502=DIRECTION('',(1.0,0.0,0.0));
#4503=VECTOR('',#4502,0.068700787401574);
#4504=LINE('',#4501,#4503);
#4505=EDGE_CURVE('',#4455,#4494,#4504,.T.);
#4506=ORIENTED_EDGE('',*,*,#4505,.F.);
#4507=EDGE_LOOP('',(#4491,#4492,#4500,#4506));
#4508=FACE_OUTER_BOUND('',#4507,.T.);
#4509=ADVANCED_FACE('',(#4508),#4490,.T.);
#4510=CARTESIAN_POINT('',(-0.13011811023622,-0.099212598425197,-0.076636485760619));
#4511=DIRECTION('',(0.0,0.0,1.0));
#4512=DIRECTION('',(-0.707106781186547,0.707106781186548,0.0));
#4513=AXIS2_PLACEMENT_3D('',#4510,#4511,#4512);
#4514=CYLINDRICAL_SURFACE('',#4513,0.02007874015748);
#4515=ORIENTED_EDGE('',*,*,#4355,.T.);
#4516=CARTESIAN_POINT('',(-0.13011811023622,-0.119291338582677,-0.068057686362414));
#4517=DIRECTION('',(0.0,0.0,1.0));
#4518=VECTOR('',#4517,0.02992125984252);
#4519=LINE('',#4516,#4518);
#4520=EDGE_CURVE('',#4341,#4421,#4519,.T.);
#4521=ORIENTED_EDGE('',*,*,#4520,.T.);
#4522=ORIENTED_EDGE('',*,*,#4427,.T.);
#4523=CARTESIAN_POINT('',(-0.11003937007874,-0.099212598425197,-0.074803149606299));
#4524=VERTEX_POINT('',#4523);
#4525=CARTESIAN_POINT('',(-0.11003937007874,-0.099212598425197,-0.038136426519894));
#4526=DIRECTION('',(0.0,0.0,-1.0));
#4527=VECTOR('',#4526,0.036666723086405);
#4528=LINE('',#4525,#4527);
#4529=EDGE_CURVE('',#4413,#4524,#4528,.T.);
#4530=ORIENTED_EDGE('',*,*,#4529,.T.);
#4531=CARTESIAN_POINT('',(-0.123333193724561,-0.118110236220472,-0.074803149606299));
#4532=VERTEX_POINT('',#4531);
#4533=CARTESIAN_POINT('',(-0.13011811023622,-0.099212598425197,-0.074803149606299));
#4534=DIRECTION('',(0.0,0.0,-1.0));
#4535=DIRECTION('',(0.707106781186547,-0.707106781186547,0.0));
#4536=AXIS2_PLACEMENT_3D('',#4533,#4534,#4535);
#4537=CIRCLE('',#4536,0.02007874015748);
#4538=EDGE_CURVE('',#4524,#4532,#4537,.T.);
#4539=ORIENTED_EDGE('',*,*,#4538,.T.);
#4540=CARTESIAN_POINT('',(-0.123333193724561,-0.118110236220472,-0.068057686362414));
#4541=DIRECTION('',(0.0,0.0,-1.0));
#4542=VECTOR('',#4541,0.006745463243885);
#4543=LINE('',#4540,#4542);
#4544=EDGE_CURVE('',#4349,#4532,#4543,.T.);
#4545=ORIENTED_EDGE('',*,*,#4544,.F.);
#4546=EDGE_LOOP('',(#4515,#4521,#4522,#4530,#4539,#4545));
#4547=FACE_OUTER_BOUND('',#4546,.T.);
#4548=ADVANCED_FACE('',(#4547),#4514,.F.);
#4549=CARTESIAN_POINT('',(-0.11003937007874,-0.107125984251969,-0.078527173654062));
#4550=DIRECTION('',(-1.0,0.0,0.0));
#4551=DIRECTION('',(0.0,0.0,1.0));
#4552=AXIS2_PLACEMENT_3D('',#4549,#4550,#4551);
#4553=PLANE('',#4552);
#4554=ORIENTED_EDGE('',*,*,#4529,.F.);
#4555=ORIENTED_EDGE('',*,*,#4418,.F.);
#4556=CARTESIAN_POINT('',(-0.11003937007874,-0.059055118110236,-0.000322668651033));
#4557=VERTEX_POINT('',#4556);
#4558=CARTESIAN_POINT('',(-0.11003937007874,-0.059055118110236,-0.000322668651033));
#4559=DIRECTION('',(0.0,0.0,-1.0));
#4560=VECTOR('',#4559,0.037813757868861);
#4561=LINE('',#4558,#4560);
#4562=EDGE_CURVE('',#4557,#4405,#4561,.T.);
#4563=ORIENTED_EDGE('',*,*,#4562,.F.);
#4564=CARTESIAN_POINT('',(-0.11003809457384,-0.039023398937898,-0.008109411201713));
#4565=VERTEX_POINT('',#4564);
#4566=CARTESIAN_POINT('',(-0.11003937007874,-0.067161171754262,-0.05085777657939));
#4567=DIRECTION('',(-1.0,0.0,0.0));
#4568=DIRECTION('',(0.0,-0.727610586583267,-0.685990403935765));
#4569=AXIS2_PLACEMENT_3D('',#4566,#4567,#4568);
#4570=CIRCLE('',#4569,0.051181102362205);
#4571=EDGE_CURVE('',#4557,#4565,#4570,.T.);
#4572=ORIENTED_EDGE('',*,*,#4571,.T.);
#4573=CARTESIAN_POINT('',(-0.110039370222599,-0.017091320442257,-0.015748397484213));
#4574=VERTEX_POINT('',#4573);
#4575=CARTESIAN_POINT('',(-0.110039370078441,-0.017091320324712,-0.015748763561049));
#4576=CARTESIAN_POINT('',(-0.110039347992716,-0.017933187101643,-0.015749033870369));
#4577=CARTESIAN_POINT('',(-0.110039305012999,-0.018786679027864,-0.015702693432293));
#4578=CARTESIAN_POINT('',(-0.110039264366688,-0.01964129261925,-0.015616172537625));
#4579=CARTESIAN_POINT('',(-0.110039223720377,-0.020495906210636,-0.015529651642957));
#4580=CARTESIAN_POINT('',(-0.110039243959243,-0.021351636984708,-0.015402970104738));
#4581=CARTESIAN_POINT('',(-0.110039266843924,-0.022199531366324,-0.015243336238737));
#4582=CARTESIAN_POINT('',(-0.110039286469096,-0.022926658490563,-0.015106439336913));
#4583=CARTESIAN_POINT('',(-0.11003932606829,-0.023648062068194,-0.014945322629377));
#4584=CARTESIAN_POINT('',(-0.110039352224753,-0.024359386688724,-0.014764427237122));
#4585=CARTESIAN_POINT('',(-0.110039356569034,-0.024477529336223,-0.014734382641526));
#4586=CARTESIAN_POINT('',(-0.110039359281665,-0.024595395505916,-0.014703792749646));
#4587=CARTESIAN_POINT('',(-0.11003935968615,-0.0247129674026,-0.01467267962356));
#4588=CARTESIAN_POINT('',(-0.110039362525995,-0.025538427488387,-0.014454237594023));
#4589=CARTESIAN_POINT('',(-0.11003936493525,-0.026349306412559,-0.014210019047533));
#4590=CARTESIAN_POINT('',(-0.110039370577822,-0.027140942787991,-0.013946781041068));
#4591=CARTESIAN_POINT('',(-0.110039372195747,-0.027367932918911,-0.013871301399903));
#4592=CARTESIAN_POINT('',(-0.110039365007657,-0.027593346677176,-0.013794256510064));
#4593=CARTESIAN_POINT('',(-0.11003936064778,-0.027817115513615,-0.013715777198628));
#4594=CARTESIAN_POINT('',(-0.110039349802428,-0.028373748670405,-0.013520557043928));
#4595=CARTESIAN_POINT('',(-0.110039381166567,-0.028920193699851,-0.013316469265894));
#4596=CARTESIAN_POINT('',(-0.110039390847116,-0.029455521888491,-0.013105510567903));
#4597=CARTESIAN_POINT('',(-0.110039400562908,-0.029992798967062,-0.012893783863872));
#4598=CARTESIAN_POINT('',(-0.110039384194368,-0.030518881649729,-0.012675135609615));
#4599=CARTESIAN_POINT('',(-0.110039394661021,-0.031033316018731,-0.012451158992391));
#4600=CARTESIAN_POINT('',(-0.11003939881543,-0.031237504583632,-0.012362258509068));
#4601=CARTESIAN_POINT('',(-0.110039403889643,-0.031439859094176,-0.012272517355024));
#4602=CARTESIAN_POINT('',(-0.110039403012906,-0.031640358171677,-0.012182037172166));
#4603=CARTESIAN_POINT('',(-0.110039399927308,-0.032345996292932,-0.011863600463933));
#4604=CARTESIAN_POINT('',(-0.110039394481294,-0.033028644398039,-0.011536052814591));
#4605=CARTESIAN_POINT('',(-0.110039398516096,-0.033688206556558,-0.011202843293823));
#4606=CARTESIAN_POINT('',(-0.110039401982918,-0.034254922195242,-0.010916539654448));
#4607=CARTESIAN_POINT('',(-0.110039387391561,-0.034804599122911,-0.010626043024828));
#4608=CARTESIAN_POINT('',(-0.110039392109686,-0.035337591913317,-0.010332925315494));
#4609=CARTESIAN_POINT('',(-0.110039392882668,-0.035424913529854,-0.010284903067023));
#4610=CARTESIAN_POINT('',(-0.110039393376076,-0.035511787348582,-0.01023680988175));
#4611=CARTESIAN_POINT('',(-0.11003939288208,-0.035598215306042,-0.010188652670902));
#4612=CARTESIAN_POINT('',(-0.110039389372835,-0.036212181346773,-0.009846553968746));
#4613=CARTESIAN_POINT('',(-0.110039375331021,-0.036803655345583,-0.009501265228138));
#4614=CARTESIAN_POINT('',(-0.11003937466919,-0.037373680615518,-0.009154665422607));
#4615=CARTESIAN_POINT('',(-0.110039374007358,-0.037943705885454,-0.008808065617075));
#4616=CARTESIAN_POINT('',(-0.110039375099743,-0.038492283226145,-0.00846014733239));
#4617=CARTESIAN_POINT('',(-0.11003937007874,-0.039020595135954,-0.008112168926498));
#4618=B_SPLINE_CURVE_WITH_KNOTS('',3,(#4575,#4576,#4577,#4578,#4579,#4580,#4581,#4582,#4583,#4584,#4585,#4586,#4587,#4588,#4589,#4590,#4591,#4592,#4593,#4594,#4595,#4596,#4597,#4598,#4599,#4600,#4601,#4602,#4603,#4604,#4605,#4606,#4607,#4608,#4609,#4610,#4611,#4612,#4613,#4614,#4615,#4616,#4617),.UNSPECIFIED.,.F.,.U.,(4,3,3,3,3,3,3,3,3,3,3,3,3,3,4),(0.000010198781423,0.00627256735966,0.012534935937898,0.017905343094673,0.018797304516136,0.025059673094374,0.026855315522588,0.031322041672612,0.035805029169971,0.03758441025085,0.043846778829087,0.049227594211915,0.050109147407325,0.056371515985563,0.062633884563801),.UNSPECIFIED.);
#4619=EDGE_CURVE('',#4574,#4565,#4618,.T.);
#4620=ORIENTED_EDGE('',*,*,#4619,.F.);
#4621=CARTESIAN_POINT('',(-0.110039377125681,0.017090378701901,-0.015747199880495));
#4622=VERTEX_POINT('',#4621);
#4623=CARTESIAN_POINT('',(-0.110039370078735,-0.017091320442257,-0.015748031496067));
#4624=DIRECTION('',(3.095754E-012,1.0,-2.613730E-012));
#4625=VECTOR('',#4624,0.034181699144158);
#4626=LINE('',#4623,#4625);
#4627=EDGE_CURVE('',#4574,#4622,#4626,.T.);
#4628=ORIENTED_EDGE('',*,*,#4627,.T.);
#4629=CARTESIAN_POINT('',(-0.110041900766259,0.039020134296707,-0.00810729514203));
#4630=VERTEX_POINT('',#4629);
#4631=CARTESIAN_POINT('',(-0.11003937007874,0.039018484713918,-0.008108381351621));
#4632=CARTESIAN_POINT('',(-0.11003937007874,0.035542339936588,-0.01039710464818));
#4633=CARTESIAN_POINT('',(-0.110039370078653,0.031659501126786,-0.012370899386388));
#4634=CARTESIAN_POINT('',(-0.110039370078653,0.023885557434607,-0.015080291091193));
#4635=CARTESIAN_POINT('',(-0.11003937007874,0.020275408626773,-0.01574579245667));
#4636=CARTESIAN_POINT('',(-0.11003937007874,0.017090378550094,-0.015746388008911));
#4637=B_SPLINE_CURVE_WITH_KNOTS('',3,(#4631,#4632,#4633,#4634,#4635,#4636),.UNSPECIFIED.,.F.,.U.,(4,2,4),(-0.019329143207294,-0.009555476859631,-0.000000764267415),.UNSPECIFIED.);
#4638=EDGE_CURVE('',#4630,#4622,#4637,.T.);
#4639=ORIENTED_EDGE('',*,*,#4638,.F.);
#4640=CARTESIAN_POINT('',(-0.11003937007874,0.059055118110236,-0.000322668651033));
#4641=VERTEX_POINT('',#4640);
#4642=CARTESIAN_POINT('',(-0.11003937007874,0.067161171754262,-0.05085777657939));
#4643=DIRECTION('',(-1.0,0.0,0.0));
#4644=DIRECTION('',(0.0,0.727610586583267,-0.685990403935765));
#4645=AXIS2_PLACEMENT_3D('',#4642,#4643,#4644);
#4646=CIRCLE('',#4645,0.051181102362205);
#4647=EDGE_CURVE('',#4630,#4641,#4646,.T.);
#4648=ORIENTED_EDGE('',*,*,#4647,.T.);
#4649=CARTESIAN_POINT('',(-0.11003937007874,0.059055118110236,-0.074803149606299));
#4650=VERTEX_POINT('',#4649);
#4651=CARTESIAN_POINT('',(-0.11003937007874,0.059055118110236,-0.000322668651033));
#4652=DIRECTION('',(0.0,0.0,-1.0));
#4653=VECTOR('',#4652,0.074480480955266);
#4654=LINE('',#4651,#4653);
#4655=EDGE_CURVE('',#4641,#4650,#4654,.T.);
#4656=ORIENTED_EDGE('',*,*,#4655,.T.);
#4657=CARTESIAN_POINT('',(-0.11003937007874,0.059055118110236,-0.074803149606299));
#4658=DIRECTION('',(0.0,-1.0,0.0));
#4659=VECTOR('',#4658,0.158267716535433);
#4660=LINE('',#4657,#4659);
#4661=EDGE_CURVE('',#4650,#4524,#4660,.T.);
#4662=ORIENTED_EDGE('',*,*,#4661,.T.);
#4663=EDGE_LOOP('',(#4554,#4555,#4563,#4572,#4620,#4628,#4639,#4648,#4656,#4662));
#4664=FACE_OUTER_BOUND('',#4663,.T.);
#4665=ADVANCED_FACE('',(#4664),#4553,.T.);
#4666=CARTESIAN_POINT('',(-0.202253937007874,-0.119291338582677,-0.06955374935454));
#4667=DIRECTION('',(0.0,1.0,0.0));
#4668=DIRECTION('',(0.0,0.0,1.0));
#4669=AXIS2_PLACEMENT_3D('',#4666,#4667,#4668);
#4670=PLANE('',#4669);
#4671=ORIENTED_EDGE('',*,*,#4520,.F.);
#4672=ORIENTED_EDGE('',*,*,#4346,.T.);
#4673=CARTESIAN_POINT('',(-0.198818897637795,-0.119291338582677,-0.038136426519894));
#4674=DIRECTION('',(0.0,0.0,-1.0));
#4675=VECTOR('',#4674,0.02992125984252);
#4676=LINE('',#4673,#4675);
#4677=EDGE_CURVE('',#4430,#4333,#4676,.T.);
#4678=ORIENTED_EDGE('',*,*,#4677,.F.);
#4679=ORIENTED_EDGE('',*,*,#4435,.F.);
#4680=EDGE_LOOP('',(#4671,#4672,#4678,#4679));
#4681=FACE_OUTER_BOUND('',#4680,.T.);
#4682=ADVANCED_FACE('',(#4681),#4670,.T.);
#4683=CARTESIAN_POINT('',(-0.198818897637795,-0.140374015748031,-0.06955374935454));
#4684=DIRECTION('',(-1.0,0.0,0.0));
#4685=DIRECTION('',(0.0,0.0,1.0));
#4686=AXIS2_PLACEMENT_3D('',#4683,#4684,#4685);
#4687=PLANE('',#4686);
#4688=ORIENTED_EDGE('',*,*,#4441,.T.);
#4689=ORIENTED_EDGE('',*,*,#4677,.T.);
#4690=ORIENTED_EDGE('',*,*,#4338,.T.);
#4691=ORIENTED_EDGE('',*,*,#4384,.T.);
#4692=EDGE_LOOP('',(#4688,#4689,#4690,#4691));
#4693=FACE_OUTER_BOUND('',#4692,.T.);
#4694=ADVANCED_FACE('',(#4693),#4687,.T.);
#4695=CARTESIAN_POINT('',(0.198818897637795,-0.140374015748031,-0.036640363527768));
#4696=DIRECTION('',(1.0,0.0,0.0));
#4697=DIRECTION('',(0.0,0.0,-1.0));
#4698=AXIS2_PLACEMENT_3D('',#4695,#4696,#4697);
#4699=PLANE('',#4698);
#4700=ORIENTED_EDGE('',*,*,#4222,.F.);
#4701=CARTESIAN_POINT('',(0.198818897637795,-0.139370078740157,-0.068057686362414));
#4702=VERTEX_POINT('',#4701);
#4703=CARTESIAN_POINT('',(0.198818897637795,-0.139370078740157,-0.068057686362414));
#4704=DIRECTION('',(0.0,0.0,1.0));
#4705=VECTOR('',#4704,0.02992125984252);
#4706=LINE('',#4703,#4705);
#4707=EDGE_CURVE('',#4702,#4209,#4706,.T.);
#4708=ORIENTED_EDGE('',*,*,#4707,.F.);
#4709=CARTESIAN_POINT('',(0.198818897637795,-0.119291338582677,-0.068057686362414));
#4710=DIRECTION('',(0.0,-1.0,0.0));
#4711=VECTOR('',#4710,0.02007874015748);
#4712=LINE('',#4709,#4711);
#4713=EDGE_CURVE('',#4494,#4702,#4712,.T.);
#4714=ORIENTED_EDGE('',*,*,#4713,.F.);
#4715=ORIENTED_EDGE('',*,*,#4499,.F.);
#4716=EDGE_LOOP('',(#4700,#4708,#4714,#4715));
#4717=FACE_OUTER_BOUND('',#4716,.T.);
#4718=ADVANCED_FACE('',(#4717),#4699,.T.);
#4719=CARTESIAN_POINT('',(-0.124765601442285,-0.118110236220472,-0.075140422768493));
#4720=DIRECTION('',(0.0,1.0,0.0));
#4721=DIRECTION('',(0.0,0.0,1.0));
#4722=AXIS2_PLACEMENT_3D('',#4719,#4720,#4721);
#4723=PLANE('',#4722);
#4724=ORIENTED_EDGE('',*,*,#4313,.F.);
#4725=ORIENTED_EDGE('',*,*,#4361,.F.);
#4726=ORIENTED_EDGE('',*,*,#4544,.T.);
#4727=CARTESIAN_POINT('',(-0.123333193724561,-0.118110236220472,-0.074803149606299));
#4728=DIRECTION('',(1.0,0.0,0.0));
#4729=VECTOR('',#4728,0.028648154354482);
#4730=LINE('',#4727,#4729);
#4731=EDGE_CURVE('',#4532,#4265,#4730,.T.);
#4732=ORIENTED_EDGE('',*,*,#4731,.T.);
#4733=EDGE_LOOP('',(#4724,#4725,#4726,#4732));
#4734=FACE_OUTER_BOUND('',#4733,.T.);
#4735=ADVANCED_FACE('',(#4734),#4723,.F.);
#4736=CARTESIAN_POINT('',(-0.011043307086614,-0.118110236220472,-0.075140422768493));
#4737=DIRECTION('',(0.0,1.0,0.0));
#4738=DIRECTION('',(0.0,0.0,1.0));
#4739=AXIS2_PLACEMENT_3D('',#4736,#4737,#4738);
#4740=PLANE('',#4739);
#4741=CARTESIAN_POINT('',(0.01003937007874,-0.118110236220472,-0.068057686362414));
#4742=VERTEX_POINT('',#4741);
#4743=CARTESIAN_POINT('',(0.01003937007874,-0.118110236220472,-0.074803149606299));
#4744=VERTEX_POINT('',#4743);
#4745=CARTESIAN_POINT('',(0.01003937007874,-0.118110236220472,-0.068057686362414));
#4746=DIRECTION('',(0.0,0.0,-1.0));
#4747=VECTOR('',#4746,0.006745463243885);
#4748=LINE('',#4745,#4747);
#4749=EDGE_CURVE('',#4742,#4744,#4748,.T.);
#4750=ORIENTED_EDGE('',*,*,#4749,.F.);
#4751=CARTESIAN_POINT('',(-0.01003937007874,-0.118110236220472,-0.068057686362414));
#4752=VERTEX_POINT('',#4751);
#4753=CARTESIAN_POINT('',(-0.01003937007874,-0.118110236220472,-0.068057686362414));
#4754=DIRECTION('',(1.0,0.0,0.0));
#4755=VECTOR('',#4754,0.02007874015748);
#4756=LINE('',#4753,#4755);
#4757=EDGE_CURVE('',#4752,#4742,#4756,.T.);
#4758=ORIENTED_EDGE('',*,*,#4757,.F.);
#4759=CARTESIAN_POINT('',(-0.01003937007874,-0.118110236220472,-0.074803149606299));
#4760=VERTEX_POINT('',#4759);
#4761=CARTESIAN_POINT('',(-0.01003937007874,-0.118110236220472,-0.074803149606299));
#4762=DIRECTION('',(0.0,0.0,1.0));
#4763=VECTOR('',#4762,0.006745463243885);
#4764=LINE('',#4761,#4763);
#4765=EDGE_CURVE('',#4760,#4752,#4764,.T.);
#4766=ORIENTED_EDGE('',*,*,#4765,.F.);
#4767=CARTESIAN_POINT('',(0.01003937007874,-0.118110236220472,-0.074803149606299));
#4768=DIRECTION('',(-1.0,0.0,0.0));
#4769=VECTOR('',#4768,0.02007874015748);
#4770=LINE('',#4767,#4769);
#4771=EDGE_CURVE('',#4744,#4760,#4770,.T.);
#4772=ORIENTED_EDGE('',*,*,#4771,.F.);
#4773=EDGE_LOOP('',(#4750,#4758,#4766,#4772));
#4774=FACE_OUTER_BOUND('',#4773,.T.);
#4775=ADVANCED_FACE('',(#4774),#4740,.F.);
#4776=CARTESIAN_POINT('',(-0.011043307086614,-0.143385826771654,-0.038136426519894));
#4777=DIRECTION('',(0.0,0.0,1.0));
#4778=DIRECTION('',(1.0,0.0,0.0));
#4779=AXIS2_PLACEMENT_3D('',#4776,#4777,#4778);
#4780=PLANE('',#4779);
#4781=CARTESIAN_POINT('',(-0.01003937007874,-0.139370078740158,-0.038136426519894));
#4782=VERTEX_POINT('',#4781);
#4783=CARTESIAN_POINT('',(0.01003937007874,-0.139370078740158,-0.038136426519894));
#4784=VERTEX_POINT('',#4783);
#4785=CARTESIAN_POINT('',(-0.01003937007874,-0.139370078740158,-0.038136426519894));
#4786=DIRECTION('',(1.0,0.0,0.0));
#4787=VECTOR('',#4786,0.02007874015748);
#4788=LINE('',#4785,#4787);
#4789=EDGE_CURVE('',#4782,#4784,#4788,.T.);
#4790=ORIENTED_EDGE('',*,*,#4789,.T.);
#4791=CARTESIAN_POINT('',(0.01003937007874,-0.059055118110236,-0.038136426519894));
#4792=VERTEX_POINT('',#4791);
#4793=CARTESIAN_POINT('',(0.01003937007874,-0.059055118110236,-0.038136426519894));
#4794=DIRECTION('',(0.0,-1.0,0.0));
#4795=VECTOR('',#4794,0.080314960629922);
#4796=LINE('',#4793,#4795);
#4797=EDGE_CURVE('',#4792,#4784,#4796,.T.);
#4798=ORIENTED_EDGE('',*,*,#4797,.F.);
#4799=CARTESIAN_POINT('',(-0.01003937007874,-0.059055118110236,-0.038136426519894));
#4800=VERTEX_POINT('',#4799);
#4801=CARTESIAN_POINT('',(-0.01003937007874,-0.059055118110236,-0.038136426519894));
#4802=DIRECTION('',(1.0,0.0,0.0));
#4803=VECTOR('',#4802,0.02007874015748);
#4804=LINE('',#4801,#4803);
#4805=EDGE_CURVE('',#4800,#4792,#4804,.T.);
#4806=ORIENTED_EDGE('',*,*,#4805,.F.);
#4807=CARTESIAN_POINT('',(-0.01003937007874,-0.059055118110236,-0.038136426519894));
#4808=DIRECTION('',(0.0,-1.0,0.0));
#4809=VECTOR('',#4808,0.080314960629922);
#4810=LINE('',#4807,#4809);
#4811=EDGE_CURVE('',#4800,#4782,#4810,.T.);
#4812=ORIENTED_EDGE('',*,*,#4811,.T.);
#4813=EDGE_LOOP('',(#4790,#4798,#4806,#4812));
#4814=FACE_OUTER_BOUND('',#4813,.T.);
#4815=ADVANCED_FACE('',(#4814),#4780,.T.);
#4816=CARTESIAN_POINT('',(0.011043307086614,-0.140433070866142,-0.068057686362414));
#4817=DIRECTION('',(0.0,0.0,-1.0));
#4818=DIRECTION('',(-1.0,0.0,0.0));
#4819=AXIS2_PLACEMENT_3D('',#4816,#4817,#4818);
#4820=PLANE('',#4819);
#4821=ORIENTED_EDGE('',*,*,#4757,.T.);
#4822=CARTESIAN_POINT('',(0.01003937007874,-0.139370078740158,-0.068057686362414));
#4823=VERTEX_POINT('',#4822);
#4824=CARTESIAN_POINT('',(0.01003937007874,-0.118110236220472,-0.068057686362414));
#4825=DIRECTION('',(0.0,-1.0,0.0));
#4826=VECTOR('',#4825,0.021259842519686);
#4827=LINE('',#4824,#4826);
#4828=EDGE_CURVE('',#4742,#4823,#4827,.T.);
#4829=ORIENTED_EDGE('',*,*,#4828,.T.);
#4830=CARTESIAN_POINT('',(-0.01003937007874,-0.139370078740158,-0.068057686362414));
#4831=VERTEX_POINT('',#4830);
#4832=CARTESIAN_POINT('',(0.01003937007874,-0.139370078740158,-0.068057686362414));
#4833=DIRECTION('',(-1.0,0.0,0.0));
#4834=VECTOR('',#4833,0.02007874015748);
#4835=LINE('',#4832,#4834);
#4836=EDGE_CURVE('',#4823,#4831,#4835,.T.);
#4837=ORIENTED_EDGE('',*,*,#4836,.T.);
#4838=CARTESIAN_POINT('',(-0.01003937007874,-0.118110236220472,-0.068057686362414));
#4839=DIRECTION('',(0.0,-1.0,0.0));
#4840=VECTOR('',#4839,0.021259842519686);
#4841=LINE('',#4838,#4840);
#4842=EDGE_CURVE('',#4752,#4831,#4841,.T.);
#4843=ORIENTED_EDGE('',*,*,#4842,.F.);
#4844=EDGE_LOOP('',(#4821,#4829,#4837,#4843));
#4845=FACE_OUTER_BOUND('',#4844,.T.);
#4846=ADVANCED_FACE('',(#4845),#4820,.T.);
#4847=CARTESIAN_POINT('',(-0.011043307086614,-0.139370078740158,-0.06955374935454));
#4848=DIRECTION('',(0.0,1.0,0.0));
#4849=DIRECTION('',(0.0,0.0,1.0));
#4850=AXIS2_PLACEMENT_3D('',#4847,#4848,#4849);
#4851=PLANE('',#4850);
#4852=ORIENTED_EDGE('',*,*,#4789,.F.);
#4853=CARTESIAN_POINT('',(-0.01003937007874,-0.139370078740158,-0.068057686362414));
#4854=DIRECTION('',(0.0,0.0,1.0));
#4855=VECTOR('',#4854,0.02992125984252);
#4856=LINE('',#4853,#4855);
#4857=EDGE_CURVE('',#4831,#4782,#4856,.T.);
#4858=ORIENTED_EDGE('',*,*,#4857,.F.);
#4859=ORIENTED_EDGE('',*,*,#4836,.F.);
#4860=CARTESIAN_POINT('',(0.01003937007874,-0.139370078740158,-0.038136426519894));
#4861=DIRECTION('',(0.0,0.0,-1.0));
#4862=VECTOR('',#4861,0.02992125984252);
#4863=LINE('',#4860,#4862);
#4864=EDGE_CURVE('',#4784,#4823,#4863,.T.);
#4865=ORIENTED_EDGE('',*,*,#4864,.F.);
#4866=EDGE_LOOP('',(#4852,#4858,#4859,#4865));
#4867=FACE_OUTER_BOUND('',#4866,.T.);
#4868=ADVANCED_FACE('',(#4867),#4851,.F.);
#4869=CARTESIAN_POINT('',(0.093252631652355,-0.118110236220472,-0.075140422768493));
#4870=DIRECTION('',(0.0,1.0,0.0));
#4871=DIRECTION('',(0.0,0.0,1.0));
#4872=AXIS2_PLACEMENT_3D('',#4869,#4870,#4871);
#4873=PLANE('',#4872);
#4874=ORIENTED_EDGE('',*,*,#4054,.F.);
#4875=ORIENTED_EDGE('',*,*,#4117,.F.);
#4876=ORIENTED_EDGE('',*,*,#4467,.F.);
#4877=CARTESIAN_POINT('',(0.094685039370079,-0.118110236220472,-0.068057686362414));
#4878=DIRECTION('',(1.0,0.0,0.0));
#4879=VECTOR('',#4878,0.028648154354482);
#4880=LINE('',#4877,#4879);
#4881=EDGE_CURVE('',#4049,#4453,#4880,.T.);
#4882=ORIENTED_EDGE('',*,*,#4881,.F.);
#4883=EDGE_LOOP('',(#4874,#4875,#4876,#4882));
#4884=FACE_OUTER_BOUND('',#4883,.T.);
#4885=ADVANCED_FACE('',(#4884),#4873,.F.);
#4886=CARTESIAN_POINT('',(0.204025590551181,-0.140433070866142,-0.068057686362414));
#4887=DIRECTION('',(0.0,0.0,-1.0));
#4888=DIRECTION('',(-1.0,0.0,0.0));
#4889=AXIS2_PLACEMENT_3D('',#4886,#4887,#4888);
#4890=PLANE('',#4889);
#4891=ORIENTED_EDGE('',*,*,#4063,.F.);
#4892=ORIENTED_EDGE('',*,*,#4881,.T.);
#4893=ORIENTED_EDGE('',*,*,#4461,.T.);
#4894=ORIENTED_EDGE('',*,*,#4505,.T.);
#4895=ORIENTED_EDGE('',*,*,#4713,.T.);
#4896=CARTESIAN_POINT('',(0.198818897637795,-0.139370078740157,-0.068057686362414));
#4897=DIRECTION('',(-1.0,0.0,0.0));
#4898=VECTOR('',#4897,0.068700787401574);
#4899=LINE('',#4896,#4898);
#4900=EDGE_CURVE('',#4702,#4057,#4899,.T.);
#4901=ORIENTED_EDGE('',*,*,#4900,.T.);
#4902=EDGE_LOOP('',(#4891,#4892,#4893,#4894,#4895,#4901));
#4903=FACE_OUTER_BOUND('',#4902,.T.);
#4904=ADVANCED_FACE('',(#4903),#4890,.T.);
#4905=CARTESIAN_POINT('',(0.126683070866142,-0.139370078740158,-0.06955374935454));
#4906=DIRECTION('',(0.0,1.0,0.0));
#4907=DIRECTION('',(0.0,0.0,1.0));
#4908=AXIS2_PLACEMENT_3D('',#4905,#4906,#4907);
#4909=PLANE('',#4908);
#4910=ORIENTED_EDGE('',*,*,#4069,.F.);
#4911=ORIENTED_EDGE('',*,*,#4900,.F.);
#4912=ORIENTED_EDGE('',*,*,#4707,.T.);
#4913=ORIENTED_EDGE('',*,*,#4214,.F.);
#4914=EDGE_LOOP('',(#4910,#4911,#4912,#4913));
#4915=FACE_OUTER_BOUND('',#4914,.T.);
#4916=ADVANCED_FACE('',(#4915),#4909,.F.);
#4917=CARTESIAN_POINT('',(0.088956692913386,-0.059055118110236,0.00156801924241));
#4918=DIRECTION('',(0.0,-1.0,0.0));
#4919=DIRECTION('',(0.0,0.0,-1.0));
#4920=AXIS2_PLACEMENT_3D('',#4917,#4918,#4919);
#4921=PLANE('',#4920);
#4922=ORIENTED_EDGE('',*,*,#4253,.T.);
#4923=CARTESIAN_POINT('',(0.11003937007874,-0.059055118110236,-0.000322668651033));
#4924=VERTEX_POINT('',#4923);
#4925=CARTESIAN_POINT('',(0.11003937007874,-0.059055118110236,-0.000322668651033));
#4926=DIRECTION('',(0.0,0.0,-1.0));
#4927=VECTOR('',#4926,0.037813757868861);
#4928=LINE('',#4925,#4927);
#4929=EDGE_CURVE('',#4924,#4242,#4928,.T.);
#4930=ORIENTED_EDGE('',*,*,#4929,.F.);
#4931=CARTESIAN_POINT('',(0.11003937007874,-0.059055118110236,-0.000322668651033));
#4932=DIRECTION('',(-1.0,0.0,0.0));
#4933=VECTOR('',#4932,0.02007874015748);
#4934=LINE('',#4931,#4933);
#4935=EDGE_CURVE('',#4924,#4137,#4934,.T.);
#4936=ORIENTED_EDGE('',*,*,#4935,.T.);
#4937=ORIENTED_EDGE('',*,*,#4142,.T.);
#4938=EDGE_LOOP('',(#4922,#4930,#4936,#4937));
#4939=FACE_OUTER_BOUND('',#4938,.T.);
#4940=ADVANCED_FACE('',(#4939),#4921,.T.);
#4941=CARTESIAN_POINT('',(-0.143017824580519,-0.059512270696129,0.000325179864724));
#4942=CARTESIAN_POINT('',(-0.142659065879062,-0.058638782733064,0.000250213477937));
#4943=CARTESIAN_POINT('',(-0.141572658988765,-0.056330178399693,0.000015969234896));
#4944=CARTESIAN_POINT('',(-0.138706423888716,-0.051427677228813,-0.000672081130103));
#4945=CARTESIAN_POINT('',(-0.132437364031841,-0.042740120975216,-0.002527445038868));
#4946=CARTESIAN_POINT('',(-0.123035894906998,-0.031434646998512,-0.006515238612133));
#4947=CARTESIAN_POINT('',(-0.114908852128284,-0.022329305133338,-0.011768757453241));
#4948=CARTESIAN_POINT('',(-0.11071009447734,-0.01780814595024,-0.015183279620136));
#4949=CARTESIAN_POINT('',(-0.110039439973816,-0.017091167425791,-0.015748704563405));
#4950=CARTESIAN_POINT('',(-0.142641585449167,-0.059716453676413,0.000246761134883));
#4951=CARTESIAN_POINT('',(-0.142274596422244,-0.058866442114824,0.000168152745197));
#4952=CARTESIAN_POINT('',(-0.141163436746038,-0.056620108693925,-0.000077440104187));
#4953=CARTESIAN_POINT('',(-0.138233612489648,-0.051851459619922,-0.000798557007867));
#4954=CARTESIAN_POINT('',(-0.131835385071724,-0.043408716533853,-0.002740118605895));
#4955=CARTESIAN_POINT('',(-0.122282675228094,-0.032450013900759,-0.006900529750389));
#4956=CARTESIAN_POINT('',(-0.114111418789306,-0.023679381267649,-0.012330649007255));
#4957=CARTESIAN_POINT('',(-0.109928956197143,-0.019350783884646,-0.015826872794108));
#4958=CARTESIAN_POINT('',(-0.109261991389489,-0.01866510696465,-0.016404909943846));
#4959=CARTESIAN_POINT('',(-0.142073085598254,-0.060022728435738,0.000150102246896));
#4960=CARTESIAN_POINT('',(-0.14169326581234,-0.059207932527154,0.000067837946284));
#4961=CARTESIAN_POINT('',(-0.140543399704548,-0.057055008271705,-0.000189148259843));
#4962=CARTESIAN_POINT('',(-0.137512944418031,-0.052487141937804,-0.000943484475067));
#4963=CARTESIAN_POINT('',(-0.13090337586754,-0.044411647715949,-0.002971714502939));
#4964=CARTESIAN_POINT('',(-0.121071052057792,-0.03397309992696,-0.007305987298513));
#4965=CARTESIAN_POINT('',(-0.112737945577004,-0.025704560480404,-0.012913565267107));
#4966=CARTESIAN_POINT('',(-0.108509474994742,-0.021664668117005,-0.016489621348774));
#4967=CARTESIAN_POINT('',(-0.107836223703926,-0.021025917705023,-0.01707987746872));
#4968=CARTESIAN_POINT('',(-0.141308573569791,-0.06042974378676,0.000064151015903));
#4969=CARTESIAN_POINT('',(-0.140910944440096,-0.05966162965967,-0.000019321723005));
#4970=CARTESIAN_POINT('',(-0.139707186956007,-0.057632365835267,-0.000280066910593));
#4971=CARTESIAN_POINT('',(-0.136534946916161,-0.053329138362086,-0.001045303865012));
#4972=CARTESIAN_POINT('',(-0.1296176481325,-0.04573216834307,-0.003101281091865));
#4973=CARTESIAN_POINT('',(-0.119334216581715,-0.035951528234255,-0.007488237394085));
#4974=CARTESIAN_POINT('',(-0.11063499600356,-0.028280625146145,-0.013136091510178));
#4975=CARTESIAN_POINT('',(-0.106230027678635,-0.024568641898312,-0.016718316854669));
#4976=CARTESIAN_POINT('',(-0.105528949669274,-0.023982789484437,-0.017309029743535));
#4977=CARTESIAN_POINT('',(-0.140636705786214,-0.06078470263892,0.00001395089599));
#4978=CARTESIAN_POINT('',(-0.140223165675776,-0.060057197689331,-0.000068433679203));
#4979=CARTESIAN_POINT('',(-0.138971186690397,-0.058135365311683,-0.000325777021944));
#4980=CARTESIAN_POINT('',(-0.135671329886921,-0.054061018023686,-0.001081006368964));
#4981=CARTESIAN_POINT('',(-0.128472647211116,-0.046873072708284,-0.003109851489028));
#4982=CARTESIAN_POINT('',(-0.117757617743326,-0.037637196872013,-0.007437798121463));
#4983=CARTESIAN_POINT('',(-0.10866646692321,-0.03042771489045,-0.013005510143696));
#4984=CARTESIAN_POINT('',(-0.104051058725524,-0.026954323643469,-0.016534242958134));
#4985=CARTESIAN_POINT('',(-0.103316151013446,-0.026406574482133,-0.017116062301701));
#4986=CARTESIAN_POINT('',(-0.139865636999007,-0.061188127594124,-0.000007527314337));
#4987=CARTESIAN_POINT('',(-0.1394335602381,-0.060506581169139,-0.000085596722222));
#4988=CARTESIAN_POINT('',(-0.13812532313595,-0.058706059434015,-0.000329474148879));
#4989=CARTESIAN_POINT('',(-0.134675789959775,-0.054888195575735,-0.001045290192361));
#4990=CARTESIAN_POINT('',(-0.127142401287648,-0.048149330114935,-0.002969593557156));
#4991=CARTESIAN_POINT('',(-0.115894078748876,-0.03947765156655,-0.007080102747203));
#4992=CARTESIAN_POINT('',(-0.106275816080008,-0.03268059380984,-0.012392764764679));
#4993=CARTESIAN_POINT('',(-0.101357156512843,-0.029390733611827,-0.015778057816331));
#4994=CARTESIAN_POINT('',(-0.100572942031327,-0.028871463748484,-0.016336763591219));
#4995=CARTESIAN_POINT('',(-0.139285940158212,-0.061487935209469,0.000008634462183));
#4996=CARTESIAN_POINT('',(-0.138839802058245,-0.060840302225973,-0.000063439159503));
#4997=CARTESIAN_POINT('',(-0.137488854340829,-0.059128959179627,-0.000288618068699));
#4998=CARTESIAN_POINT('',(-0.133925339408891,-0.055497194945841,-0.000949814544275));
#4999=CARTESIAN_POINT('',(-0.126135011061497,-0.049072704772266,-0.002730300959159));
#5000=CARTESIAN_POINT('',(-0.114468553390674,-0.040753395966191,-0.006546470329543));
#5001=CARTESIAN_POINT('',(-0.104418707795016,-0.034130521197875,-0.01153184622686));
#5002=CARTESIAN_POINT('',(-0.099243369723375,-0.030876445050383,-0.014744985193785));
#5003=CARTESIAN_POINT('',(-0.098417204607997,-0.030361388476982,-0.015276317709111));
#5004=CARTESIAN_POINT('',(-0.138996065685603,-0.061636965434499,0.00002480190411));
#5005=CARTESIAN_POINT('',(-0.138542896799552,-0.06100611301673,-0.000043588483836));
#5006=CARTESIAN_POINT('',(-0.137170593359176,-0.059338787664851,-0.00025728498626));
#5007=CARTESIAN_POINT('',(-0.133550085864378,-0.055798092374771,-0.000884980056083));
#5008=CARTESIAN_POINT('',(-0.125631273413589,-0.049523746191617,-0.002577592744781));
#5009=CARTESIAN_POINT('',(-0.113755733466418,-0.041358681652887,-0.006215579864251));
#5010=CARTESIAN_POINT('',(-0.103489995219621,-0.034782601416928,-0.011008263719297));
#5011=CARTESIAN_POINT('',(-0.098186301344745,-0.031517319784691,-0.014123266397868));
#5012=CARTESIAN_POINT('',(-0.097339158813978,-0.030999501961478,-0.014639092661903));
#5013=B_SPLINE_SURFACE_WITH_KNOTS('',3,3,((#4941,#4950,#4959,#4968,#4977,#4986,#4995,#5004),(#4942,#4951,#4960,#4969,#4978,#4987,#4996,#5005),(#4943,#4952,#4961,#4970,#4979,#4988,#4997,#5006),(#4944,#4953,#4962,#4971,#4980,#4989,#4998,#5007),(#4945,#4954,#4963,#4972,#4981,#4990,#4999,#5008),(#4946,#4955,#4964,#4973,#4982,#4991,#5000,#5009),(#4947,#4956,#4965,#4974,#4983,#4992,#5001,#5010),(#4948,#4957,#4966,#4975,#4984,#4993,#5002,#5011),(#4949,#4958,#4967,#4976,#4985,#4994,#5003,#5012)),.UNSPECIFIED.,.F.,.F.,.U.,(4,1,1,1,1,1,4),(4,1,1,1,1,4),(0.063419196398804,0.070943975443966,0.083968227873297,0.110016732731958,0.16211374244928,0.214210752166602,0.224222803333489),(0.0,0.285714285714286,0.428571428571429,0.571428571428571,0.785714285714286,1.0),.UNSPECIFIED.);
#5014=CARTESIAN_POINT('',(-0.141535260159677,-0.056383263270651,0.000000052015923));
#5015=VERTEX_POINT('',#5014);
#5016=CARTESIAN_POINT('',(-0.138834141510575,-0.061415084933758,-8.807409E-010));
#5017=VERTEX_POINT('',#5016);
#5018=CARTESIAN_POINT('',(-0.14153483402319,-0.056383366199474,6.402766E-020));
#5019=CARTESIAN_POINT('',(-0.141534339586507,-0.057681227681314,6.397813E-020));
#5020=CARTESIAN_POINT('',(-0.141379147473897,-0.058798909279166,0.0));
#5021=CARTESIAN_POINT('',(-0.140918387848737,-0.060026926829993,0.0));
#5022=CARTESIAN_POINT('',(-0.14072390926215,-0.060404669236406,6.581869E-020));
#5023=CARTESIAN_POINT('',(-0.140277215062548,-0.060913651937871,6.283292E-020));
#5024=CARTESIAN_POINT('',(-0.140069333282322,-0.061081266977822,-1.279763E-019));
#5025=CARTESIAN_POINT('',(-0.139680241613903,-0.061272758255575,-1.281026E-019));
#5026=CARTESIAN_POINT('',(-0.139528017202586,-0.061324408596329,2.515200E-015));
#5027=CARTESIAN_POINT('',(-0.139193595555763,-0.061396854170768,2.515200E-015));
#5028=CARTESIAN_POINT('',(-0.139014016729962,-0.06141275794083,1.681440E-017));
#5029=CARTESIAN_POINT('',(-0.138834195959886,-0.061412869088175,4.013626E-019));
#5030=B_SPLINE_CURVE_WITH_KNOTS('',3,(#5018,#5019,#5020,#5021,#5022,#5023,#5024,#5025,#5026,#5027,#5028,#5029),.UNSPECIFIED.,.F.,.U.,(4,2,2,2,2,4),(0.000003830451814,0.009894598689671,0.014314159868434,0.017262411074374,0.019024248427327,0.02097856237056),.UNSPECIFIED.);
#5031=EDGE_CURVE('',#5015,#5017,#5030,.T.);
#5032=ORIENTED_EDGE('',*,*,#5031,.F.);
#5033=CARTESIAN_POINT('',(-0.141535633452446,-0.056383366514595,0.000000183646793));
#5034=CARTESIAN_POINT('',(-0.140889629930884,-0.055163723709264,-0.000148307862554));
#5035=CARTESIAN_POINT('',(-0.13858368679253,-0.051257590253754,-0.000708405871568));
#5036=CARTESIAN_POINT('',(-0.132437364031841,-0.042740120975216,-0.002527445038868));
#5037=CARTESIAN_POINT('',(-0.123035894906998,-0.031434646998512,-0.006515238612133));
#5038=CARTESIAN_POINT('',(-0.114908910485801,-0.022329370515687,-0.011768719729518));
#5039=CARTESIAN_POINT('',(-0.110710205356376,-0.017808265343154,-0.015183189450991));
#5040=CARTESIAN_POINT('',(-0.110039604771391,-0.01709134360651,-0.015748565623927));
#5041=B_SPLINE_CURVE_WITH_KNOTS('',3,(#5033,#5034,#5035,#5036,#5037,#5038,#5039,#5040),.UNSPECIFIED.,.F.,.U.,(4,1,1,1,1,4),(0.072728918117617,0.083968227873297,0.110016732731958,0.16211374244928,0.214210752166602,0.224221983258723),.UNSPECIFIED.);
#5042=EDGE_CURVE('',#5015,#4574,#5041,.T.);
#5043=ORIENTED_EDGE('',*,*,#5042,.T.);
#5044=ORIENTED_EDGE('',*,*,#4619,.T.);
#5045=CARTESIAN_POINT('',(-0.110037475648444,-0.039022703854128,-0.008110780459282));
#5046=CARTESIAN_POINT('',(-0.111283697137828,-0.039835251543929,-0.007575147620867));
#5047=CARTESIAN_POINT('',(-0.117242958883309,-0.043756334367347,-0.005147293183748));
#5048=CARTESIAN_POINT('',(-0.125631273413589,-0.049523746191617,-0.002577592744781));
#5049=CARTESIAN_POINT('',(-0.133550085864378,-0.055798092374771,-0.000884980056083));
#5050=CARTESIAN_POINT('',(-0.137101778971014,-0.059271490254085,-0.000269215482812));
#5051=CARTESIAN_POINT('',(-0.138424186442771,-0.060862584957754,-0.000062126534507));
#5052=CARTESIAN_POINT('',(-0.138834031229344,-0.061415043886008,0.000000245514319));
#5053=B_SPLINE_CURVE_WITH_KNOTS('',3,(#5045,#5046,#5047,#5048,#5049,#5050,#5051,#5052),.UNSPECIFIED.,.F.,.U.,(4,1,1,1,1,4),(-0.175965329802987,-0.162113742449286,-0.110016732731952,-0.083968227873284,-0.070943975443951,-0.064304868078043),.UNSPECIFIED.);
#5054=EDGE_CURVE('',#4565,#5017,#5053,.T.);
#5055=ORIENTED_EDGE('',*,*,#5054,.T.);
#5056=EDGE_LOOP('',(#5032,#5043,#5044,#5055));
#5057=FACE_OUTER_BOUND('',#5056,.T.);
#5058=ADVANCED_FACE('',(#5057),#5013,.T.);
#5059=CARTESIAN_POINT('',(-0.152717468116117,-0.067161171754262,-0.05085777657939));
#5060=DIRECTION('',(1.0,0.0,0.0));
#5061=DIRECTION('',(0.0,-0.727610586583267,-0.685990403935765));
#5062=AXIS2_PLACEMENT_3D('',#5059,#5060,#5061);
#5063=CYLINDRICAL_SURFACE('',#5062,0.051181102362205);
#5064=ORIENTED_EDGE('',*,*,#5054,.F.);
#5065=ORIENTED_EDGE('',*,*,#4571,.F.);
#5066=CARTESIAN_POINT('',(-0.08996062992126,-0.059055118110236,-0.000322668651033));
#5067=VERTEX_POINT('',#5066);
#5068=CARTESIAN_POINT('',(-0.08996062992126,-0.059055118110236,-0.000322668651033));
#5069=DIRECTION('',(-1.0,0.0,0.0));
#5070=VECTOR('',#5069,0.02007874015748);
#5071=LINE('',#5068,#5070);
#5072=EDGE_CURVE('',#5067,#4557,#5071,.T.);
#5073=ORIENTED_EDGE('',*,*,#5072,.F.);
#5074=CARTESIAN_POINT('',(-0.089960629472791,-0.037242511133003,-0.009332189113826));
#5075=VERTEX_POINT('',#5074);
#5076=CARTESIAN_POINT('',(-0.08996062992126,-0.067161171754262,-0.05085777657939));
#5077=DIRECTION('',(1.0,0.0,0.0));
#5078=DIRECTION('',(0.0,-0.727610586583267,-0.685990403935765));
#5079=AXIS2_PLACEMENT_3D('',#5076,#5077,#5078);
#5080=CIRCLE('',#5079,0.051181102362205);
#5081=EDGE_CURVE('',#5075,#5067,#5080,.T.);
#5082=ORIENTED_EDGE('',*,*,#5081,.F.);
#5083=CARTESIAN_POINT('',(-0.010039357056509,-0.037242659677353,-0.009332151616499));
#5084=VERTEX_POINT('',#5083);
#5085=CARTESIAN_POINT('',(-0.010039303761467,-0.037242700622116,-0.009332184405825));
#5086=CARTESIAN_POINT('',(-0.011430071702739,-0.037892939360228,-0.008863429309369));
#5087=CARTESIAN_POINT('',(-0.017104396560866,-0.040509400048841,-0.007070695670095));
#5088=CARTESIAN_POINT('',(-0.024150294430483,-0.043525465766399,-0.005412369470221));
#5089=CARTESIAN_POINT('',(-0.033616792376629,-0.046769610823198,-0.003887797826877));
#5090=CARTESIAN_POINT('',(-0.041181858371537,-0.048739730142785,-0.003099254976426));
#5091=CARTESIAN_POINT('',(-0.050561397556978,-0.049431170999339,-0.00284733981682));
#5092=CARTESIAN_POINT('',(-0.05855597568228,-0.048659493963247,-0.00313050881801));
#5093=CARTESIAN_POINT('',(-0.066168951486116,-0.046840704485077,-0.003863869471784));
#5094=CARTESIAN_POINT('',(-0.074497819428592,-0.04402677831028,-0.005155489258358));
#5095=CARTESIAN_POINT('',(-0.082395527249001,-0.040727353155702,-0.006958764235959));
#5096=CARTESIAN_POINT('',(-0.087808483447485,-0.03824949607395,-0.008606852022163));
#5097=CARTESIAN_POINT('',(-0.089960628171512,-0.037242537585679,-0.00933222504645));
#5098=B_SPLINE_CURVE_WITH_KNOTS('',3,(#5085,#5086,#5087,#5088,#5089,#5090,#5091,#5092,#5093,#5094,#5095,#5096,#5097),.UNSPECIFIED.,.F.,.U.,(4,1,1,1,1,1,1,1,1,1,4),(-0.420560489977021,-0.407130345446508,-0.366417310901812,-0.356239052265637,-0.325704276357115,-0.305347759084766,-0.284991241812418,-0.264634724540069,-0.244278207267721,-0.213743431359198,-0.192950579027338),.UNSPECIFIED.);
#5099=EDGE_CURVE('',#5084,#5075,#5098,.T.);
#5100=ORIENTED_EDGE('',*,*,#5099,.F.);
#5101=CARTESIAN_POINT('',(-0.01003937007874,-0.059055118110236,-0.000322668651033));
#5102=VERTEX_POINT('',#5101);
#5103=CARTESIAN_POINT('',(-0.01003937007874,-0.067161171754262,-0.05085777657939));
#5104=DIRECTION('',(-1.0,0.0,0.0));
#5105=DIRECTION('',(0.0,-0.727610586583267,-0.685990403935765));
#5106=AXIS2_PLACEMENT_3D('',#5103,#5104,#5105);
#5107=CIRCLE('',#5106,0.051181102362205);
#5108=EDGE_CURVE('',#5102,#5084,#5107,.T.);
#5109=ORIENTED_EDGE('',*,*,#5108,.F.);
#5110=CARTESIAN_POINT('',(0.01003937007874,-0.059055118110236,-0.000322668651033));
#5111=VERTEX_POINT('',#5110);
#5112=CARTESIAN_POINT('',(0.01003937007874,-0.059055118110236,-0.000322668651033));
#5113=DIRECTION('',(-1.0,0.0,0.0));
#5114=VECTOR('',#5113,0.02007874015748);
#5115=LINE('',#5112,#5114);
#5116=EDGE_CURVE('',#5111,#5102,#5115,.T.);
#5117=ORIENTED_EDGE('',*,*,#5116,.F.);
#5118=CARTESIAN_POINT('',(0.010039477545719,-0.037241813760468,-0.009332333547425));
#5119=VERTEX_POINT('',#5118);
#5120=CARTESIAN_POINT('',(0.01003937007874,-0.067161171754262,-0.05085777657939));
#5121=DIRECTION('',(1.0,0.0,0.0));
#5122=DIRECTION('',(0.0,-0.727610586583267,-0.685990403935765));
#5123=AXIS2_PLACEMENT_3D('',#5120,#5121,#5122);
#5124=CIRCLE('',#5123,0.051181102362205);
#5125=EDGE_CURVE('',#5119,#5111,#5124,.T.);
#5126=ORIENTED_EDGE('',*,*,#5125,.F.);
#5127=CARTESIAN_POINT('',(0.089960958144594,-0.037242758138534,-0.009331227871413));
#5128=CARTESIAN_POINT('',(0.088861434227968,-0.037756725874607,-0.008960485239637));
#5129=CARTESIAN_POINT('',(0.08562390305102,-0.039253284347513,-0.007923305586327));
#5130=CARTESIAN_POINT('',(0.080117503285714,-0.041695806917102,-0.006421481677663));
#5131=CARTESIAN_POINT('',(0.073312291397546,-0.04443024052612,-0.004970040327441));
#5132=CARTESIAN_POINT('',(0.066168296658074,-0.04684173103913,-0.003863169837677));
#5133=CARTESIAN_POINT('',(0.058560928259599,-0.048662212206501,-0.003129515553143));
#5134=CARTESIAN_POINT('',(0.050556837759977,-0.0494310144355,-0.002846925913057));
#5135=CARTESIAN_POINT('',(0.042529153097563,-0.048838389189959,-0.003062288715222));
#5136=CARTESIAN_POINT('',(0.034852576193364,-0.04713966695763,-0.003738082690523));
#5137=CARTESIAN_POINT('',(0.023693479867481,-0.043468382126456,-0.005383007266336));
#5138=CARTESIAN_POINT('',(0.015634241714901,-0.039869061889368,-0.007443590107447));
#5139=CARTESIAN_POINT('',(0.010039692479677,-0.037241820418866,-0.009332177384681));
#5140=B_SPLINE_CURVE_WITH_KNOTS('',3,(#5127,#5128,#5129,#5130,#5131,#5132,#5133,#5134,#5135,#5136,#5137,#5138,#5139),.UNSPECIFIED.,.F.,.U.,(4,1,1,1,1,1,1,1,1,1,4),(-0.420562285963698,-0.409942943872824,-0.389586426600476,-0.369229909328128,-0.348873392055779,-0.328516874783431,-0.308160357511082,-0.287803840238734,-0.267447322966386,-0.247090805694037,-0.192947631168773),.UNSPECIFIED.);
#5141=EDGE_CURVE('',#4145,#5119,#5140,.T.);
#5142=ORIENTED_EDGE('',*,*,#5141,.F.);
#5143=ORIENTED_EDGE('',*,*,#4151,.F.);
#5144=ORIENTED_EDGE('',*,*,#4935,.F.);
#5145=CARTESIAN_POINT('',(0.110039422887602,-0.039019610719825,-0.008107120035285));
#5146=VERTEX_POINT('',#5145);
#5147=CARTESIAN_POINT('',(0.11003937007874,-0.067161171754262,-0.05085777657939));
#5148=DIRECTION('',(1.0,0.0,0.0));
#5149=DIRECTION('',(0.0,-0.727610586583267,-0.685990403935765));
#5150=AXIS2_PLACEMENT_3D('',#5147,#5148,#5149);
#5151=CIRCLE('',#5150,0.051181102362205);
#5152=EDGE_CURVE('',#5146,#4924,#5151,.T.);
#5153=ORIENTED_EDGE('',*,*,#5152,.F.);
#5154=CARTESIAN_POINT('',(0.138831292119603,-0.061418463342627,3.779297E-009));
#5155=VERTEX_POINT('',#5154);
#5156=CARTESIAN_POINT('',(0.138830984500425,-0.061418573659361,-0.000000104980605));
#5157=CARTESIAN_POINT('',(0.138784117789264,-0.061355435939891,-0.000007234560482));
#5158=CARTESIAN_POINT('',(0.138335024369118,-0.06075819654078,-0.000075805082799));
#5159=CARTESIAN_POINT('',(0.13740865974764,-0.05965867852398,-0.000222006600054));
#5160=CARTESIAN_POINT('',(0.135477506517424,-0.057660706106427,-0.000549155469078));
#5161=CARTESIAN_POINT('',(0.131792807262921,-0.054360994050729,-0.001240885478273));
#5162=CARTESIAN_POINT('',(0.127829057068158,-0.051312407880072,-0.002149303465265));
#5163=CARTESIAN_POINT('',(0.124367554767215,-0.048784854103156,-0.003083172757604));
#5164=CARTESIAN_POINT('',(0.122047627678428,-0.047125509294584,-0.003746664806986));
#5165=CARTESIAN_POINT('',(0.117980118530457,-0.044286873204413,-0.005013017883221));
#5166=CARTESIAN_POINT('',(0.113762208981189,-0.041457968256058,-0.006546615054331));
#5167=CARTESIAN_POINT('',(0.11073741117633,-0.039474842661609,-0.007807048413782));
#5168=CARTESIAN_POINT('',(0.110039528505325,-0.039019686141245,-0.008106714528122));
#5169=B_SPLINE_CURVE_WITH_KNOTS('',3,(#5156,#5157,#5158,#5159,#5160,#5161,#5162,#5163,#5164,#5165,#5166,#5167,#5168),.UNSPECIFIED.,.F.,.U.,(4,1,1,1,1,1,1,1,1,1,4),(-0.303666711299012,-0.302907131078193,-0.296459240040255,-0.290011349002317,-0.277115566926442,-0.25132400277469,-0.244876111736753,-0.238428220698815,-0.225532438622939,-0.199740874471188,-0.19198133476283),.UNSPECIFIED.);
#5170=EDGE_CURVE('',#5155,#5146,#5169,.T.);
#5171=ORIENTED_EDGE('',*,*,#5170,.F.);
#5172=CARTESIAN_POINT('',(-0.138834141510575,-0.061417322834646,0.0));
#5173=DIRECTION('',(1.0,0.0,0.0));
#5174=VECTOR('',#5173,0.277665433630178);
#5175=LINE('',#5172,#5174);
#5176=EDGE_CURVE('',#5017,#5155,#5175,.T.);
#5177=ORIENTED_EDGE('',*,*,#5176,.F.);
#5178=EDGE_LOOP('',(#5064,#5065,#5073,#5082,#5100,#5109,#5117,#5126,#5142,#5143,#5144,#5153,#5171,#5177));
#5179=FACE_OUTER_BOUND('',#5178,.T.);
#5180=ADVANCED_FACE('',(#5179),#5063,.F.);
#5181=CARTESIAN_POINT('',(0.11003937007874,-0.017090943499472,-0.015749746365236));
#5182=CARTESIAN_POINT('',(0.113796819352817,-0.021103397638131,-0.012578356312343));
#5183=CARTESIAN_POINT('',(0.119573142534035,-0.027504206425473,-0.008623954773358));
#5184=CARTESIAN_POINT('',(0.126380199486235,-0.035489066459255,-0.005197045512996));
#5185=CARTESIAN_POINT('',(0.129600310814223,-0.039419485793715,-0.003808927699751));
#5186=CARTESIAN_POINT('',(0.131436919723295,-0.041717040201382,-0.003081638337776));
#5187=CARTESIAN_POINT('',(0.134177275666753,-0.045216730112478,-0.002057973930159));
#5188=CARTESIAN_POINT('',(0.137315244545622,-0.049437849441882,-0.001062208094288));
#5189=CARTESIAN_POINT('',(0.140232298121478,-0.054006681438428,-0.000303965631548));
#5190=CARTESIAN_POINT('',(0.141761127765785,-0.056773104706512,0.00005463983195));
#5191=CARTESIAN_POINT('',(0.142544302129289,-0.058398899127366,0.000225782183663));
#5192=CARTESIAN_POINT('',(0.142940995859964,-0.059335639549671,0.000309248289816));
#5193=CARTESIAN_POINT('',(0.143021358817084,-0.059531296364226,0.000326022988133));
#5194=CARTESIAN_POINT('',(0.109262027927566,-0.018664953318613,-0.01640580163426));
#5195=CARTESIAN_POINT('',(0.112999138508996,-0.02250240069067,-0.013164445678108));
#5196=CARTESIAN_POINT('',(0.118794091778384,-0.028659168854784,-0.00908284554365));
#5197=CARTESIAN_POINT('',(0.125685835668429,-0.036383229953717,-0.005522368761603));
#5198=CARTESIAN_POINT('',(0.128955784051386,-0.040192120810241,-0.004075971203042));
#5199=CARTESIAN_POINT('',(0.130823516106511,-0.042420508654048,-0.003317279482277));
#5200=CARTESIAN_POINT('',(0.133612678974125,-0.045816519849898,-0.002248554898615));
#5201=CARTESIAN_POINT('',(0.136813201057822,-0.049917208997194,-0.001207004108929));
#5202=CARTESIAN_POINT('',(0.139793358012731,-0.054359989883912,-0.00041276401416));
#5203=CARTESIAN_POINT('',(0.141356303960989,-0.057051125825261,-0.000036922980621));
#5204=CARTESIAN_POINT('',(0.142157269095982,-0.058633014474019,0.000142506935068));
#5205=CARTESIAN_POINT('',(0.14256305031375,-0.059544560511156,0.000230028883196));
#5206=CARTESIAN_POINT('',(0.142645257363524,-0.059734959121816,0.000247619294357));
#5207=CARTESIAN_POINT('',(0.107836358189741,-0.021025870145725,-0.01708088840027));
#5208=CARTESIAN_POINT('',(0.111608959285469,-0.024600948230066,-0.01377189086134));
#5209=CARTESIAN_POINT('',(0.117506882708145,-0.030391651237809,-0.009562268955566));
#5210=CARTESIAN_POINT('',(0.124578151218727,-0.037724491791364,-0.005867339978721));
#5211=CARTESIAN_POINT('',(0.127942015504075,-0.041351095740695,-0.004362268799601));
#5212=CARTESIAN_POINT('',(0.129865740128224,-0.043475736824527,-0.0035719921942));
#5213=CARTESIAN_POINT('',(0.132740574511044,-0.046716235339397,-0.002457953097719));
#5214=CARTESIAN_POINT('',(0.136044983225733,-0.050636254605978,-0.001370249799869));
#5215=CARTESIAN_POINT('',(0.139126157880076,-0.054889958713424,-0.000539853345481));
#5216=CARTESIAN_POINT('',(0.140742950499759,-0.057468161911429,-0.00014670070521));
#5217=CARTESIAN_POINT('',(0.14157177384373,-0.058984191225478,0.000041050060352));
#5218=CARTESIAN_POINT('',(0.141991731782804,-0.059857945169412,0.000132643718868));
#5219=CARTESIAN_POINT('',(0.142076813494095,-0.060040456365157,0.000151053016524));
#5220=CARTESIAN_POINT('',(0.105529107215372,-0.023982836987668,-0.017309991931096));
#5221=CARTESIAN_POINT('',(0.109457693667235,-0.027262084927736,-0.013998951745886));
#5222=CARTESIAN_POINT('',(0.115612055376504,-0.032622120551703,-0.00976220390995));
#5223=CARTESIAN_POINT('',(0.123003165292317,-0.03947083241018,-0.006030505831151));
#5224=CARTESIAN_POINT('',(0.126520942702424,-0.042867564673206,-0.004508129505392));
#5225=CARTESIAN_POINT('',(0.128533149126946,-0.044860151030401,-0.003708309195262));
#5226=CARTESIAN_POINT('',(0.131540609800984,-0.047901581871674,-0.002580350068534));
#5227=CARTESIAN_POINT('',(0.134998555613024,-0.05158723128673,-0.001477994161299));
#5228=CARTESIAN_POINT('',(0.138223643870841,-0.055592666309789,-0.000635833027895));
#5229=CARTESIAN_POINT('',(0.139916108114156,-0.058021845498945,-0.000236999929597));
#5230=CARTESIAN_POINT('',(0.140783769158759,-0.059450723270686,-0.000046504556984));
#5231=CARTESIAN_POINT('',(0.141223416887318,-0.060274392541588,0.000046435280611));
#5232=CARTESIAN_POINT('',(0.141312488120875,-0.060446447784463,0.000065115447325));
#5233=CARTESIAN_POINT('',(0.103316279914997,-0.02640666091776,-0.017117027517433));
#5234=CARTESIAN_POINT('',(0.107434327492252,-0.029472740693105,-0.013855872317167));
#5235=CARTESIAN_POINT('',(0.11386996668155,-0.034505018418009,-0.009679754210235));
#5236=CARTESIAN_POINT('',(0.12157899282774,-0.040962427307248,-0.00599942266981));
#5237=CARTESIAN_POINT('',(0.125245009552285,-0.044169422814533,-0.004497677007746));
#5238=CARTESIAN_POINT('',(0.127341164185319,-0.046051899467737,-0.00370861942848));
#5239=CARTESIAN_POINT('',(0.130473352422229,-0.048926333825741,-0.002595768221649));
#5240=CARTESIAN_POINT('',(0.134072626531715,-0.052412575040586,-0.001507990374737));
#5241=CARTESIAN_POINT('',(0.137427962153416,-0.056204117018864,-0.000676882042845));
#5242=CARTESIAN_POINT('',(0.139188450303926,-0.058504254762169,-0.000283264178176));
#5243=CARTESIAN_POINT('',(0.140090885875013,-0.05985745173567,-0.000095254580832));
#5244=CARTESIAN_POINT('',(0.140548130115614,-0.060637562892592,-0.000003526289971));
#5245=CARTESIAN_POINT('',(0.140640765363161,-0.060800522060522,0.000014910416686));
#5246=CARTESIAN_POINT('',(0.100572986868965,-0.02887151316024,-0.016337672182001));
#5247=CARTESIAN_POINT('',(0.104967047998122,-0.031778092405852,-0.013205523750702));
#5248=CARTESIAN_POINT('',(0.111787272223914,-0.036527264145301,-0.009218086372883));
#5249=CARTESIAN_POINT('',(0.119901384906113,-0.042598176057449,-0.005715410440343));
#5250=CARTESIAN_POINT('',(0.123751591156793,-0.045609813984645,-0.004288239450685));
#5251=CARTESIAN_POINT('',(0.125950775377422,-0.047376715500562,-0.00353875036855));
#5252=CARTESIAN_POINT('',(0.129234917723975,-0.050073877198105,-0.002482112311318));
#5253=CARTESIAN_POINT('',(0.133003300321381,-0.053342975216862,-0.001450217969546));
#5254=CARTESIAN_POINT('',(0.136512145887392,-0.056896414351012,-0.000662278316761));
#5255=CARTESIAN_POINT('',(0.138352326316229,-0.059051651270114,-0.000289199452057));
#5256=CARTESIAN_POINT('',(0.139295355588634,-0.060319452932206,-0.000111026732334));
#5257=CARTESIAN_POINT('',(0.139773105774791,-0.06105028949081,-0.000024103826226));
#5258=CARTESIAN_POINT('',(0.139869892867399,-0.061202953782257,-0.000006633219296));
#5259=CARTESIAN_POINT('',(0.098417158418787,-0.030361313744663,-0.015277267569129));
#5260=CARTESIAN_POINT('',(0.103046003507165,-0.03324398129409,-0.012297664393917));
#5261=CARTESIAN_POINT('',(0.110183630841237,-0.037887808154356,-0.008549873100649));
#5262=CARTESIAN_POINT('',(0.118620562788536,-0.043741310270361,-0.00528255909864));
#5263=CARTESIAN_POINT('',(0.122615634644137,-0.046632310823143,-0.003955691034842));
#5264=CARTESIAN_POINT('',(0.124895313287828,-0.048324949347218,-0.003259765031892));
#5265=CARTESIAN_POINT('',(0.12829769543142,-0.050905633086866,-0.002279533437023));
#5266=CARTESIAN_POINT('',(0.132196312750613,-0.0540249806672,-0.001324316672684));
#5267=CARTESIAN_POINT('',(0.135822393904801,-0.057407632607116,-0.000596044151565));
#5268=CARTESIAN_POINT('',(0.137723222327268,-0.059457359517332,-0.000251432389515));
#5269=CARTESIAN_POINT('',(0.138697080534326,-0.060662465045599,-0.000086916888611));
#5270=CARTESIAN_POINT('',(0.139190388408174,-0.061356968763775,-0.000006670874413));
#5271=CARTESIAN_POINT('',(0.139290324828151,-0.061502035810613,0.000009457156325));
#5272=CARTESIAN_POINT('',(0.097339070525461,-0.030999340236913,-0.014640043077608));
#5273=CARTESIAN_POINT('',(0.102085322240085,-0.033897223781501,-0.011746845134617));
#5274=CARTESIAN_POINT('',(0.109381730468992,-0.038520030127914,-0.008139320923614));
#5275=CARTESIAN_POINT('',(0.117980118198086,-0.044286873485645,-0.005013017738722));
#5276=CARTESIAN_POINT('',(0.122047627243966,-0.047125509671645,-0.003746664645937));
#5277=CARTESIAN_POINT('',(0.124367554287004,-0.048784854521626,-0.003083172596416));
#5278=CARTESIAN_POINT('',(0.127829056531372,-0.051312408346307,-0.002149303312275));
#5279=CARTESIAN_POINT('',(0.131792806694154,-0.054360994528654,-0.001240885356743));
#5280=CARTESIAN_POINT('',(0.135477505947866,-0.05766070652616,-0.000549155390735));
#5281=CARTESIAN_POINT('',(0.137408659182781,-0.059658678886442,-0.000222006546842));
#5282=CARTESIAN_POINT('',(0.138397932062996,-0.060832863745948,-0.000065876682121));
#5283=CARTESIAN_POINT('',(0.138899018880691,-0.06150939849539,0.000010267835774));
#5284=CARTESIAN_POINT('',(0.139000529984421,-0.061650706194791,0.000025571069326));
#5285=B_SPLINE_SURFACE_WITH_KNOTS('',3,3,((#5181,#5194,#5207,#5220,#5233,#5246,#5259,#5272),(#5182,#5195,#5208,#5221,#5234,#5247,#5260,#5273),(#5183,#5196,#5209,#5222,#5235,#5248,#5261,#5274),(#5184,#5197,#5210,#5223,#5236,#5249,#5262,#5275),(#5185,#5198,#5211,#5224,#5237,#5250,#5263,#5276),(#5186,#5199,#5212,#5225,#5238,#5251,#5264,#5277),(#5187,#5200,#5213,#5226,#5239,#5252,#5265,#5278),(#5188,#5201,#5214,#5227,#5240,#5253,#5266,#5279),(#5189,#5202,#5215,#5228,#5241,#5254,#5267,#5280),(#5190,#5203,#5216,#5229,#5242,#5255,#5268,#5281),(#5191,#5204,#5217,#5230,#5243,#5256,#5269,#5282),(#5192,#5205,#5218,#5231,#5244,#5257,#5270,#5283),(#5193,#5206,#5219,#5232,#5245,#5258,#5271,#5284)),.UNSPECIFIED.,.F.,.F.,.U.,(4,1,1,1,1,1,1,1,1,1,4),(4,1,1,1,1,4),(0.143744268055692,0.19974087445059,0.225532438533878,0.238428220575521,0.244876111596343,0.251324002617165,0.277115566700452,0.290011348742096,0.296459239762918,0.302907130783739,0.304594029467502),(0.0,0.285714285714286,0.428571428571429,0.571428571428571,0.785714285714286,1.0),.UNSPECIFIED.);
#5286=CARTESIAN_POINT('',(0.141533600014011,-0.056386133527837,-0.000000229279826));
#5287=VERTEX_POINT('',#5286);
#5288=CARTESIAN_POINT('',(0.138831673828269,-0.061419503416499,-6.135987E-020));
#5289=CARTESIAN_POINT('',(0.139132962266441,-0.061419585587812,-6.135987E-020));
#5290=CARTESIAN_POINT('',(0.139428942617347,-0.061375369509627,-5.655779E-019));
#5291=CARTESIAN_POINT('',(0.139939584525709,-0.061165777504485,-5.655779E-019));
#5292=CARTESIAN_POINT('',(0.140143148996538,-0.061029170789563,-1.032383E-013));
#5293=CARTESIAN_POINT('',(0.140544188021704,-0.060642880930885,-1.032383E-013));
#5294=CARTESIAN_POINT('',(0.140719481953323,-0.060384063460342,-2.555730E-014));
#5295=CARTESIAN_POINT('',(0.141096513366199,-0.059649899903515,-2.555731E-014));
#5296=CARTESIAN_POINT('',(0.141248570941736,-0.059118222393299,2.988252E-015));
#5297=CARTESIAN_POINT('',(0.141484680083271,-0.057889838373119,2.988266E-015));
#5298=CARTESIAN_POINT('',(0.141534377489045,-0.057120857867229,-1.012577E-020));
#5299=CARTESIAN_POINT('',(0.141534596945156,-0.056388015654145,0.0));
#5300=B_SPLINE_CURVE_WITH_KNOTS('',3,(#5288,#5289,#5290,#5291,#5292,#5293,#5294,#5295,#5296,#5297,#5298,#5299),.UNSPECIFIED.,.F.,.U.,(4,2,2,2,2,4),(0.0,0.002295817984261,0.004198650941772,0.006536993332162,0.010493952551988,0.016053799848435),.UNSPECIFIED.);
#5301=EDGE_CURVE('',#5155,#5287,#5300,.T.);
#5302=ORIENTED_EDGE('',*,*,#5301,.F.);
#5303=ORIENTED_EDGE('',*,*,#5170,.T.);
#5304=CARTESIAN_POINT('',(0.110039375588473,-0.01709156462859,-0.015748882727468));
#5305=VERTEX_POINT('',#5304);
#5306=CARTESIAN_POINT('',(0.11003937007874,-0.039019447301584,-0.008106871749664));
#5307=CARTESIAN_POINT('',(0.11003937007874,-0.035542734344744,-0.010395197239743));
#5308=CARTESIAN_POINT('',(0.110039370078652,-0.031656353870457,-0.012374046576541));
#5309=CARTESIAN_POINT('',(0.110039370078652,-0.023873390643309,-0.015088021598564));
#5310=CARTESIAN_POINT('',(0.11003937007874,-0.020267150442837,-0.015749603553582));
#5311=CARTESIAN_POINT('',(0.11003937007874,-0.017091564667423,-0.015749746345743));
#5312=B_SPLINE_CURVE_WITH_KNOTS('',3,(#5306,#5307,#5308,#5309,#5310,#5311),.UNSPECIFIED.,.F.,.U.,(4,2,4),(-0.019265093107608,-0.00952700876135,-0.000000621162451),.UNSPECIFIED.);
#5313=EDGE_CURVE('',#5146,#5305,#5312,.T.);
#5314=ORIENTED_EDGE('',*,*,#5313,.T.);
#5315=CARTESIAN_POINT('',(0.110039951714972,-0.017091564610579,-0.01574925545337));
#5316=CARTESIAN_POINT('',(0.113797227473613,-0.021103849881859,-0.012578076919072));
#5317=CARTESIAN_POINT('',(0.119573350255132,-0.02750445008788,-0.008623850199332));
#5318=CARTESIAN_POINT('',(0.126380199486235,-0.035489066459255,-0.005197045512996));
#5319=CARTESIAN_POINT('',(0.129600310814223,-0.039419485793715,-0.003808927699751));
#5320=CARTESIAN_POINT('',(0.131436919723295,-0.041717040201382,-0.003081638337776));
#5321=CARTESIAN_POINT('',(0.134177275666753,-0.045216730112478,-0.002057973930159));
#5322=CARTESIAN_POINT('',(0.137315244545622,-0.049437849441882,-0.001062208094288));
#5323=CARTESIAN_POINT('',(0.140153103080974,-0.053882642292212,-0.000324551143945));
#5324=CARTESIAN_POINT('',(0.141233233242584,-0.055819097852011,-0.0000693114943));
#5325=CARTESIAN_POINT('',(0.14153359867733,-0.056386131004292,-0.000000229587243));
#5326=B_SPLINE_CURVE_WITH_KNOTS('',3,(#5315,#5316,#5317,#5318,#5319,#5320,#5321,#5322,#5323,#5324,#5325),.UNSPECIFIED.,.F.,.U.,(4,1,1,1,1,1,1,1,4),(0.143747157388719,0.199740874450585,0.22553243853387,0.238428220575512,0.244876111596334,0.251324002617155,0.27711556670044,0.290011348742083,0.295233863937296),.UNSPECIFIED.);
#5327=EDGE_CURVE('',#5305,#5287,#5326,.T.);
#5328=ORIENTED_EDGE('',*,*,#5327,.T.);
#5329=EDGE_LOOP('',(#5302,#5303,#5314,#5328));
#5330=FACE_OUTER_BOUND('',#5329,.T.);
#5331=ADVANCED_FACE('',(#5330),#5285,.T.);
#5332=CARTESIAN_POINT('',(0.01003876704411,-0.018753212183938,-0.015746341834816));
#5333=CARTESIAN_POINT('',(0.012190799511587,-0.020585693670677,-0.014387969211136));
#5334=CARTESIAN_POINT('',(0.019228711033521,-0.026525067089158,-0.01043607916774));
#5335=CARTESIAN_POINT('',(0.028528927585101,-0.033984588127951,-0.007001512776604));
#5336=CARTESIAN_POINT('',(0.038008289486414,-0.039439088189695,-0.005066761154151));
#5337=CARTESIAN_POINT('',(0.044085579535571,-0.041791165126765,-0.004325986988917));
#5338=CARTESIAN_POINT('',(0.050440829893315,-0.042611723159053,-0.004089916225007));
#5339=CARTESIAN_POINT('',(0.05677740153885,-0.041547227765055,-0.00439967794587));
#5340=CARTESIAN_POINT('',(0.062799901520975,-0.03902656153331,-0.005203875911609));
#5341=CARTESIAN_POINT('',(0.068455564023057,-0.035687574669142,-0.006417176256157));
#5342=CARTESIAN_POINT('',(0.073843023434523,-0.031901435825886,-0.00800817927467));
#5343=CARTESIAN_POINT('',(0.080757864373369,-0.026536805065606,-0.010619514476301));
#5344=CARTESIAN_POINT('',(0.086076075875374,-0.022059425557345,-0.013337368147341));
#5345=CARTESIAN_POINT('',(0.089586056475145,-0.019067578755674,-0.015510669103598));
#5346=CARTESIAN_POINT('',(0.08996062992126,-0.018747976797025,-0.01574722242078));
#5347=CARTESIAN_POINT('',(0.009683024717751,-0.019490246356942,-0.015971206758616));
#5348=CARTESIAN_POINT('',(0.011839669420834,-0.021284729399371,-0.014593007350818));
#5349=CARTESIAN_POINT('',(0.018905205999251,-0.027108151310177,-0.010575485825986));
#5350=CARTESIAN_POINT('',(0.028284773313291,-0.03444538672261,-0.007066886257545));
#5351=CARTESIAN_POINT('',(0.037866825274666,-0.039817099951797,-0.005087869412687));
#5352=CARTESIAN_POINT('',(0.044014615300158,-0.042134531284762,-0.004329477089734));
#5353=CARTESIAN_POINT('',(0.050446156475491,-0.042943207952545,-0.004087749971724));
#5354=CARTESIAN_POINT('',(0.056858600458927,-0.041894148657705,-0.00440495669692));
#5355=CARTESIAN_POINT('',(0.062950448806355,-0.039410730566299,-0.005228169239271));
#5356=CARTESIAN_POINT('',(0.068666639922865,-0.036122705094744,-0.006469212868884));
#5357=CARTESIAN_POINT('',(0.074105565055461,-0.032396961954935,-0.008094893855019));
#5358=CARTESIAN_POINT('',(0.081076332577483,-0.027122671114097,-0.010759517402127));
#5359=CARTESIAN_POINT('',(0.086422469972772,-0.022728492489389,-0.013526297858116));
#5360=CARTESIAN_POINT('',(0.089941074794124,-0.01979799909738,-0.015732053929985));
#5361=CARTESIAN_POINT('',(0.090316448262291,-0.019485021949005,-0.015972064370979));
#5362=CARTESIAN_POINT('',(0.008912812799471,-0.020964301883981,-0.01632799675662));
#5363=CARTESIAN_POINT('',(0.011087410946902,-0.022682789431439,-0.014916969863984));
#5364=CARTESIAN_POINT('',(0.018232240704588,-0.028274314654786,-0.010790359310018));
#5365=CARTESIAN_POINT('',(0.027786008174901,-0.035366978594576,-0.007158449265287));
#5366=CARTESIAN_POINT('',(0.037580164700172,-0.040573120912153,-0.005105782410273));
#5367=CARTESIAN_POINT('',(0.043871354936341,-0.042821260753527,-0.00431808152736));
#5368=CARTESIAN_POINT('',(0.050456892759923,-0.043606175187474,-0.004066948293477));
#5369=CARTESIAN_POINT('',(0.057022581952516,-0.0425879876405,-0.004396537115058));
#5370=CARTESIAN_POINT('',(0.063255712567629,-0.040179065722229,-0.00525138074141));
#5371=CARTESIAN_POINT('',(0.069097298945437,-0.03699296208095,-0.006538592782284));
#5372=CARTESIAN_POINT('',(0.074645818751748,-0.033388009414141,-0.008222002857513));
#5373=CARTESIAN_POINT('',(0.081741029473131,-0.028294393842586,-0.010975344909541));
#5374=CARTESIAN_POINT('',(0.087158597319457,-0.02406661654065,-0.013823534174197));
#5375=CARTESIAN_POINT('',(0.09070829317093,-0.021258827658513,-0.016083069649584));
#5376=CARTESIAN_POINT('',(0.091086787065093,-0.020959099860499,-0.01632880514148));
#5377=CARTESIAN_POINT('',(0.007600536397718,-0.023138435756311,-0.016575437451685));
#5378=CARTESIAN_POINT('',(0.009825971185936,-0.024748324983877,-0.015137293943256));
#5379=CARTESIAN_POINT('',(0.017154882096103,-0.030006507342118,-0.010918085964296));
#5380=CARTESIAN_POINT('',(0.027010570032333,-0.036741194658616,-0.007177521696767));
#5381=CARTESIAN_POINT('',(0.037140497250314,-0.041702963919932,-0.005059640507955));
#5382=CARTESIAN_POINT('',(0.043653002394541,-0.04384847907505,-0.004245886068046));
#5383=CARTESIAN_POINT('',(0.050473216422029,-0.044598132369973,-0.003986391286761));
#5384=CARTESIAN_POINT('',(0.057272659265351,-0.043625749523229,-0.004326993342045));
#5385=CARTESIAN_POINT('',(0.063724431929533,-0.041327118447731,-0.005209936598474));
#5386=CARTESIAN_POINT('',(0.0697654367299,-0.038291356642762,-0.006538039244794));
#5387=CARTESIAN_POINT('',(0.075495859240928,-0.034863705971219,-0.008272339319331));
#5388=CARTESIAN_POINT('',(0.082811132025843,-0.030033746663211,-0.011103300766751));
#5389=CARTESIAN_POINT('',(0.088377650029352,-0.026046342940538,-0.014021520509542));
#5390=CARTESIAN_POINT('',(0.092011828682975,-0.023414085528043,-0.016325715620557));
#5391=CARTESIAN_POINT('',(0.092399167362356,-0.023133291862451,-0.016576182706903));
#5392=CARTESIAN_POINT('',(0.006153217311549,-0.025239235504148,-0.016530937013814));
#5393=CARTESIAN_POINT('',(0.008450477620581,-0.026751174010658,-0.015088649382685));
#5394=CARTESIAN_POINT('',(0.016020130903656,-0.031704709874368,-0.010850227215245));
#5395=CARTESIAN_POINT('',(0.026212140175945,-0.03809909397806,-0.007078292611474));
#5396=CARTESIAN_POINT('',(0.036692717683273,-0.042824434146521,-0.004940669182896));
#5397=CARTESIAN_POINT('',(0.04343174584842,-0.044869942613764,-0.004118791711056));
#5398=CARTESIAN_POINT('',(0.050489722341903,-0.045585098873216,-0.003856678799712));
#5399=CARTESIAN_POINT('',(0.057526171190944,-0.044657515427445,-0.004200738387587));
#5400=CARTESIAN_POINT('',(0.064202228479725,-0.042466275836295,-0.005092403826348));
#5401=CARTESIAN_POINT('',(0.070452203786013,-0.039575789737125,-0.0064328859189));
#5402=CARTESIAN_POINT('',(0.076379382324652,-0.036317710629605,-0.008182003098709));
#5403=CARTESIAN_POINT('',(0.083943249339213,-0.031736779868619,-0.011034213987777));
#5404=CARTESIAN_POINT('',(0.089694826740863,-0.027971471582508,-0.013968957589529));
#5405=CARTESIAN_POINT('',(0.093446668621519,-0.025497913620953,-0.016280449577416));
#5406=CARTESIAN_POINT('',(0.093846507968233,-0.025234198960036,-0.016531643341204));
#5407=CARTESIAN_POINT('',(0.004595085057344,-0.027231643974612,-0.016195297282413));
#5408=CARTESIAN_POINT('',(0.00698166732967,-0.028661227687875,-0.01477182770115));
#5409=CARTESIAN_POINT('',(0.014838950465253,-0.033352295165963,-0.010587612117445));
#5410=CARTESIAN_POINT('',(0.025395158817211,-0.039432669437588,-0.006861429638866));
#5411=CARTESIAN_POINT('',(0.036238418070343,-0.043933396275563,-0.004749329915936));
#5412=CARTESIAN_POINT('',(0.04320815448768,-0.045882811687544,-0.003937169366844));
#5413=CARTESIAN_POINT('',(0.050506373196702,-0.046564608424781,-0.00367814672243));
#5414=CARTESIAN_POINT('',(0.057782438441627,-0.045680324925887,-0.004018152469361));
#5415=CARTESIAN_POINT('',(0.064687322025001,-0.043592148227992,-0.004899260840085));
#5416=CARTESIAN_POINT('',(0.07115398258261,-0.04083939300614,-0.006223730948489));
#5417=CARTESIAN_POINT('',(0.077289968699451,-0.037739397197206,-0.007951699731352));
#5418=CARTESIAN_POINT('',(0.085125708695588,-0.033385839100289,-0.010768894711803));
#5419=CARTESIAN_POINT('',(0.091092068703857,-0.02981566191704,-0.013666649722439));
#5420=CARTESIAN_POINT('',(0.094989202263929,-0.027476135001372,-0.015948081819559));
#5421=CARTESIAN_POINT('',(0.095404589702433,-0.027226782177761,-0.016195998469509));
#5422=CARTESIAN_POINT('',(0.002952114303109,-0.02908222761461,-0.015574021832506));
#5423=CARTESIAN_POINT('',(0.005441572591202,-0.030449590824696,-0.014191498154612));
#5424=CARTESIAN_POINT('',(0.013622619649471,-0.034932964731117,-0.010132750977807));
#5425=CARTESIAN_POINT('',(0.024564146822728,-0.040733979958968,-0.006528191865508));
#5426=CARTESIAN_POINT('',(0.035779205769557,-0.045025720973975,-0.004486306530977));
#5427=CARTESIAN_POINT('',(0.042982800866028,-0.046884230580032,-0.003701500919241));
#5428=CARTESIAN_POINT('',(0.050523134628857,-0.0475341790729,-0.003451219186944));
#5429=CARTESIAN_POINT('',(0.058040782026087,-0.046691202427518,-0.003779736211298));
#5430=CARTESIAN_POINT('',(0.065177918213534,-0.044700352860307,-0.00463122878328));
#5431=CARTESIAN_POINT('',(0.071867098672489,-0.042075349331249,-0.005911663451018));
#5432=CARTESIAN_POINT('',(0.078221037942139,-0.039118298157832,-0.007583071668987));
#5433=CARTESIAN_POINT('',(0.086346405313168,-0.034963669936926,-0.010310025481118));
#5434=CARTESIAN_POINT('',(0.092550342071647,-0.031553497168119,-0.013118634340179));
#5435=CARTESIAN_POINT('',(0.096614152657256,-0.029316126846411,-0.015333962334101));
#5436=CARTESIAN_POINT('',(0.097047449001613,-0.029077627682912,-0.015574743433682));
#5437=CARTESIAN_POINT('',(0.001251848289298,-0.030760228638234,-0.014677623453117));
#5438=CARTESIAN_POINT('',(0.003853414490465,-0.032089452658832,-0.013356500983429));
#5439=CARTESIAN_POINT('',(0.012382730087012,-0.03643107904079,-0.00949003240928));
#5440=CARTESIAN_POINT('',(0.023723754740279,-0.041995402377062,-0.00608060229857));
#5441=CARTESIAN_POINT('',(0.035316713628711,-0.046097398783341,-0.004152603518841));
#5442=CARTESIAN_POINT('',(0.042756272439837,-0.047871446184766,-0.003412482989334));
#5443=CARTESIAN_POINT('',(0.050539967626972,-0.048491410547046,-0.00317649780383));
#5444=CARTESIAN_POINT('',(0.058300507707641,-0.04768727419002,-0.003486213463054));
#5445=CARTESIAN_POINT('',(0.065672185478763,-0.045786642869269,-0.004289379745114));
#5446=CARTESIAN_POINT('',(0.072587791884529,-0.043277077500584,-0.005498397914016));
#5447=CARTESIAN_POINT('',(0.079165823472755,-0.040444364623409,-0.007078867515509));
#5448=CARTESIAN_POINT('',(0.08759276204852,-0.036453950284979,-0.009662434857205));
#5449=CARTESIAN_POINT('',(0.094049706163395,-0.033161199846053,-0.012332489988856));
#5450=CARTESIAN_POINT('',(0.098294750617966,-0.030987822257119,-0.014448310192219));
#5451=CARTESIAN_POINT('',(0.098747563690226,-0.030755981196989,-0.014678389168508));
#5452=CARTESIAN_POINT('',(0.000099050675897,-0.031745009002889,-0.013906537387489));
#5453=CARTESIAN_POINT('',(0.002778477318539,-0.03306706832518,-0.012638364686949));
#5454=CARTESIAN_POINT('',(0.011548245289346,-0.037364696577347,-0.008940294494114));
#5455=CARTESIAN_POINT('',(0.023160348098172,-0.042804721521171,-0.005707668447424));
#5456=CARTESIAN_POINT('',(0.035007288591953,-0.046795406939145,-0.003883807302394));
#5457=CARTESIAN_POINT('',(0.042604859470909,-0.048518253376552,-0.003184749819289));
#5458=CARTESIAN_POINT('',(0.050551214426838,-0.049119709380411,-0.002961924903058));
#5459=CARTESIAN_POINT('',(0.058474121505913,-0.048339504853132,-0.003254330604871));
#5460=CARTESIAN_POINT('',(0.066002926425042,-0.046493388365558,-0.004013117251867));
#5461=CARTESIAN_POINT('',(0.073070791806698,-0.044051060780766,-0.005156855246367));
#5462=CARTESIAN_POINT('',(0.079800277023555,-0.041286637215221,-0.006654751787543));
#5463=CARTESIAN_POINT('',(0.088432280907379,-0.037378611959482,-0.009109263554063));
#5464=CARTESIAN_POINT('',(0.095063089428398,-0.034131345746236,-0.011656701047292));
#5465=CARTESIAN_POINT('',(0.099433877468402,-0.031971647704793,-0.013686479582775));
#5466=CARTESIAN_POINT('',(0.099900245440133,-0.031741063521597,-0.013907329405747));
#5467=CARTESIAN_POINT('',(-0.00047734689165,-0.032199867620139,-0.013480858048323));
#5468=CARTESIAN_POINT('',(0.002241009909374,-0.033523326471673,-0.012241640917948));
#5469=CARTESIAN_POINT('',(0.011131003410764,-0.037812873940576,-0.008636407895902));
#5470=CARTESIAN_POINT('',(0.022878645370654,-0.043200305801926,-0.005503119258375));
#5471=CARTESIAN_POINT('',(0.034852576193364,-0.04713966695763,-0.003738082690523));
#5472=CARTESIAN_POINT('',(0.042529153097563,-0.048838389189959,-0.003062288715222));
#5473=CARTESIAN_POINT('',(0.050556837759977,-0.0494310144355,-0.002846925913057));
#5474=CARTESIAN_POINT('',(0.058560928259599,-0.048662212206501,-0.003129515553143));
#5475=CARTESIAN_POINT('',(0.066168296658074,-0.04684173103913,-0.003863169837677));
#5476=CARTESIAN_POINT('',(0.073312291397546,-0.04443024052612,-0.004970040327441));
#5477=CARTESIAN_POINT('',(0.080117503285714,-0.041695806917102,-0.006421481677663));
#5478=CARTESIAN_POINT('',(0.088852039208466,-0.037821351368011,-0.008803752387922));
#5479=CARTESIAN_POINT('',(0.095569780053103,-0.034587688389822,-0.011283197842205));
#5480=CARTESIAN_POINT('',(0.100003439758078,-0.03242691014417,-0.013265858363702));
#5481=CARTESIAN_POINT('',(0.100476585163697,-0.032196086507368,-0.013481661389904));
#5482=B_SPLINE_SURFACE_WITH_KNOTS('',3,3,((#5332,#5347,#5362,#5377,#5392,#5407,#5422,#5437,#5452,#5467),(#5333,#5348,#5363,#5378,#5393,#5408,#5423,#5438,#5453,#5468),(#5334,#5349,#5364,#5379,#5394,#5409,#5424,#5439,#5454,#5469),(#5335,#5350,#5365,#5380,#5395,#5410,#5425,#5440,#5455,#5470),(#5336,#5351,#5366,#5381,#5396,#5411,#5426,#5441,#5456,#5471),(#5337,#5352,#5367,#5382,#5397,#5412,#5427,#5442,#5457,#5472),(#5338,#5353,#5368,#5383,#5398,#5413,#5428,#5443,#5458,#5473),(#5339,#5354,#5369,#5384,#5399,#5414,#5429,#5444,#5459,#5474),(#5340,#5355,#5370,#5385,#5400,#5415,#5430,#5445,#5460,#5475),(#5341,#5356,#5371,#5386,#5401,#5416,#5431,#5446,#5461,#5476),(#5342,#5357,#5372,#5387,#5402,#5417,#5432,#5447,#5462,#5477),(#5343,#5358,#5373,#5388,#5403,#5418,#5433,#5448,#5463,#5478),(#5344,#5359,#5374,#5389,#5404,#5419,#5434,#5449,#5464,#5479),(#5345,#5360,#5375,#5390,#5405,#5420,#5435,#5450,#5465,#5480),(#5346,#5361,#5376,#5391,#5406,#5421,#5436,#5451,#5466,#5481)),.UNSPECIFIED.,.F.,.F.,.U.,(4,1,1,1,1,1,1,1,1,1,1,1,4),(4,1,1,1,1,1,1,4),(0.157961451821898,0.186021253877173,0.247090805694127,0.267447322966445,0.287803840238762,0.30816035751108,0.328516874783398,0.348873392055716,0.369229909328034,0.389586426600352,0.40994294387267,0.450655978417306,0.455547124566674),(0.0,0.142857142857143,0.285714285714286,0.428571428571429,0.571428571428571,0.714285714285714,0.857142857142857,1.0),.UNSPECIFIED.);
#5483=CARTESIAN_POINT('',(0.01003937007874,-0.018753725674726,-0.015745961200673));
#5484=VERTEX_POINT('',#5483);
#5485=CARTESIAN_POINT('',(0.01003937007874,-0.037241670217894,-0.009332285355474));
#5486=CARTESIAN_POINT('',(0.01003937007874,-0.034474811714635,-0.011324229404032));
#5487=CARTESIAN_POINT('',(0.010039370078739,-0.031367355699889,-0.012947606520935));
#5488=CARTESIAN_POINT('',(0.010039370078739,-0.02514032990553,-0.015108134974129));
#5489=CARTESIAN_POINT('',(0.01003937007874,-0.021924754889335,-0.015746933259632));
#5490=CARTESIAN_POINT('',(0.01003937007874,-0.018753725674726,-0.015745961200673));
#5491=B_SPLINE_CURVE_WITH_KNOTS('',3,(#5485,#5486,#5487,#5488,#5489,#5490),.UNSPECIFIED.,.F.,.U.,(4,2,4),(-0.019689942910918,-0.009513088090794,0.0),.UNSPECIFIED.);
#5492=EDGE_CURVE('',#5119,#5484,#5491,.T.);
#5493=ORIENTED_EDGE('',*,*,#5492,.T.);
#5494=CARTESIAN_POINT('',(0.01003876704411,-0.018753212183938,-0.015746341834816));
#5495=CARTESIAN_POINT('',(0.012190799511544,-0.02058569367064,-0.014387969211164));
#5496=CARTESIAN_POINT('',(0.019228711033571,-0.026525067089197,-0.010436079167722));
#5497=CARTESIAN_POINT('',(0.028528927585101,-0.033984588127951,-0.007001512776604));
#5498=CARTESIAN_POINT('',(0.038008289486414,-0.039439088189695,-0.005066761154151));
#5499=CARTESIAN_POINT('',(0.044085579535571,-0.041791165126765,-0.004325986988917));
#5500=CARTESIAN_POINT('',(0.050440829893315,-0.042611723159053,-0.004089916225007));
#5501=CARTESIAN_POINT('',(0.05677740153885,-0.041547227765055,-0.00439967794587));
#5502=CARTESIAN_POINT('',(0.062799901520975,-0.03902656153331,-0.005203875911609));
#5503=CARTESIAN_POINT('',(0.068455564023057,-0.035687574669142,-0.006417176256157));
#5504=CARTESIAN_POINT('',(0.073843023434523,-0.031901435825886,-0.00800817927467));
#5505=CARTESIAN_POINT('',(0.080757864373369,-0.026536805065606,-0.010619514476301));
#5506=CARTESIAN_POINT('',(0.086076149452955,-0.022059363612695,-0.01333740574891));
#5507=CARTESIAN_POINT('',(0.089585986745593,-0.019067638252018,-0.015510625065889));
#5508=CARTESIAN_POINT('',(0.089960629920708,-0.018747976797495,-0.015747222420431));
#5509=B_SPLINE_CURVE_WITH_KNOTS('',3,(#5494,#5495,#5496,#5497,#5498,#5499,#5500,#5501,#5502,#5503,#5504,#5505,#5506,#5507,#5508),.UNSPECIFIED.,.F.,.U.,(4,1,1,1,1,1,1,1,1,1,1,1,4),(0.1579614518219,0.186021253876704,0.247090805693895,0.267447322966292,0.287803840238689,0.308160357511086,0.328516874783483,0.348873392055879,0.369229909328276,0.389586426600673,0.40994294387307,0.450655978417864,0.455548037135061),.UNSPECIFIED.);
#5510=EDGE_CURVE('',#5484,#4154,#5509,.T.);
#5511=ORIENTED_EDGE('',*,*,#5510,.T.);
#5512=ORIENTED_EDGE('',*,*,#4162,.T.);
#5513=ORIENTED_EDGE('',*,*,#5141,.T.);
#5514=EDGE_LOOP('',(#5493,#5511,#5512,#5513));
#5515=FACE_OUTER_BOUND('',#5514,.T.);
#5516=ADVANCED_FACE('',(#5515),#5482,.T.);
#5517=CARTESIAN_POINT('',(0.05,0.046536157735276,-0.078982984230437));
#5518=DIRECTION('',(0.0,-1.0,0.0));
#5519=DIRECTION('',(-3.214962E-011,0.0,-1.0));
#5520=AXIS2_PLACEMENT_3D('',#5517,#5518,#5519);
#5521=CYLINDRICAL_SURFACE('',#5520,0.074803149606299);
#5522=ORIENTED_EDGE('',*,*,#5510,.F.);
#5523=CARTESIAN_POINT('',(0.01003955866963,0.018746627211205,-0.015748047779556));
#5524=VERTEX_POINT('',#5523);
#5525=CARTESIAN_POINT('',(0.010039370074674,0.018746627211205,-0.015748031498633));
#5526=DIRECTION('',(3.832623E-011,-1.0,2.421988E-011));
#5527=VECTOR('',#5526,0.037500011350354);
#5528=LINE('',#5525,#5527);
#5529=EDGE_CURVE('',#5524,#5484,#5528,.T.);
#5530=ORIENTED_EDGE('',*,*,#5529,.F.);
#5531=CARTESIAN_POINT('',(0.089960854928517,0.018748434036531,-0.015747237443702));
#5532=CARTESIAN_POINT('',(0.088017059310993,0.020406137892776,-0.01452064459653));
#5533=CARTESIAN_POINT('',(0.08362573201809,0.024126568845621,-0.012029064740085));
#5534=CARTESIAN_POINT('',(0.077722282424271,0.028939162170135,-0.009408339504309));
#5535=CARTESIAN_POINT('',(0.072464447032268,0.032883005838221,-0.007592547761485));
#5536=CARTESIAN_POINT('',(0.067039945452682,0.036600737077248,-0.006052409386122));
#5537=CARTESIAN_POINT('',(0.05988442799641,0.040681001025251,-0.004646803102212));
#5538=CARTESIAN_POINT('',(0.050411669444452,0.043035005971926,-0.003971495009643));
#5539=CARTESIAN_POINT('',(0.040879615187943,0.041014292329264,-0.004546072316634));
#5540=CARTESIAN_POINT('',(0.032225781566174,0.036242607184552,-0.006158421494948));
#5541=CARTESIAN_POINT('',(0.02419619131301,0.030484650050758,-0.008607125782909));
#5542=CARTESIAN_POINT('',(0.016800206412445,0.024488834825806,-0.011793754021444));
#5543=CARTESIAN_POINT('',(0.012181930493019,0.020574114654031,-0.014394937991045));
#5544=CARTESIAN_POINT('',(0.010039935855475,0.018746620476591,-0.015747877228546));
#5545=B_SPLINE_CURVE_WITH_KNOTS('',3,(#5531,#5532,#5533,#5534,#5535,#5536,#5537,#5538,#5539,#5540,#5541,#5542,#5543,#5544),.UNSPECIFIED.,.F.,.U.,(4,1,1,1,1,1,1,1,1,1,1,4),(0.157796636305719,0.183154644011195,0.213680418013061,0.228943305013994,0.244206192014927,0.274731966016793,0.305257740018659,0.335783514020524,0.36630928802239,0.396835062024256,0.427360836026122,0.455267349079963),.UNSPECIFIED.);
#5546=EDGE_CURVE('',#4165,#5524,#5545,.T.);
#5547=ORIENTED_EDGE('',*,*,#5546,.F.);
#5548=ORIENTED_EDGE('',*,*,#4170,.F.);
#5549=EDGE_LOOP('',(#5522,#5530,#5547,#5548));
#5550=FACE_OUTER_BOUND('',#5549,.T.);
#5551=ADVANCED_FACE('',(#5550),#5521,.F.);
#5552=CARTESIAN_POINT('',(-0.08996062992126,-0.018747543257429,-0.015748149416409));
#5553=CARTESIAN_POINT('',(-0.088025842556472,-0.020398617731815,-0.01452555685667));
#5554=CARTESIAN_POINT('',(-0.08364189946234,-0.024118636781017,-0.01202887807618));
#5555=CARTESIAN_POINT('',(-0.076496157916428,-0.029939646483363,-0.008865753965));
#5556=CARTESIAN_POINT('',(-0.069394107047635,-0.035128934677979,-0.006620456815048));
#5557=CARTESIAN_POINT('',(-0.062800419926509,-0.039025140150775,-0.005204642818226));
#5558=CARTESIAN_POINT('',(-0.056773480748472,-0.041543464043626,-0.004400766716974));
#5559=CARTESIAN_POINT('',(-0.050444439732607,-0.042611939939753,-0.004090369927208));
#5560=CARTESIAN_POINT('',(-0.0430189712108,-0.041654560292217,-0.004366507698314));
#5561=CARTESIAN_POINT('',(-0.037029960631498,-0.038926702772789,-0.005230871976693));
#5562=CARTESIAN_POINT('',(-0.029535649757466,-0.034434809617221,-0.006902037047282));
#5563=CARTESIAN_POINT('',(-0.021591654949154,-0.028487367806285,-0.009490856259091));
#5564=CARTESIAN_POINT('',(-0.014364394662803,-0.022433684647641,-0.013087032316727));
#5565=CARTESIAN_POINT('',(-0.010630258630178,-0.019252579478348,-0.015373760150036));
#5566=CARTESIAN_POINT('',(-0.01004005429866,-0.018748903618577,-0.015746716015439));
#5567=CARTESIAN_POINT('',(-0.090316430389996,-0.019484604980445,-0.015972969766185));
#5568=CARTESIAN_POINT('',(-0.088377518128363,-0.021101452940878,-0.014732545248324));
#5569=CARTESIAN_POINT('',(-0.083977126000846,-0.024748517086032,-0.012195059236924));
#5570=CARTESIAN_POINT('',(-0.076782979134829,-0.030466855221554,-0.008970963295669));
#5571=CARTESIAN_POINT('',(-0.069615200523385,-0.035572598917939,-0.00667711863851));
#5572=CARTESIAN_POINT('',(-0.062950963813941,-0.039409332682611,-0.005228951635726));
#5573=CARTESIAN_POINT('',(-0.05685461933031,-0.041890440080934,-0.004406068749737));
#5574=CARTESIAN_POINT('',(-0.050449806322822,-0.042943424789278,-0.004088211850443));
#5575=CARTESIAN_POINT('',(-0.042935189408565,-0.041999912590686,-0.004370984513124));
#5576=CARTESIAN_POINT('',(-0.036877383104705,-0.039312281632504,-0.005255859959331));
#5577=CARTESIAN_POINT('',(-0.029303907025753,-0.03488942929994,-0.006964905653735));
#5578=CARTESIAN_POINT('',(-0.021287172079981,-0.02903783241546,-0.009609821913912));
#5579=CARTESIAN_POINT('',(-0.014019660944858,-0.023095416728774,-0.013271855140656));
#5580=CARTESIAN_POINT('',(-0.010275690291541,-0.019979159958204,-0.015593130697701));
#5581=CARTESIAN_POINT('',(-0.00968423055194,-0.01948592718816,-0.015971530622191));
#5582=CARTESIAN_POINT('',(-0.091086736885099,-0.020958715932175,-0.016329672282029));
#5583=CARTESIAN_POINT('',(-0.089131721118954,-0.0225071123236,-0.01505972235476));
#5584=CARTESIAN_POINT('',(-0.084683176807309,-0.026008268027818,-0.012454455104181));
#5585=CARTESIAN_POINT('',(-0.077375513829969,-0.031521268505568,-0.009128861911238));
#5586=CARTESIAN_POINT('',(-0.070066621683933,-0.03645992326829,-0.006754195134353));
#5587=CARTESIAN_POINT('',(-0.063256226567858,-0.040177715618969,-0.005252187130203));
#5588=CARTESIAN_POINT('',(-0.057018483457777,-0.042584389840579,-0.004397687013505));
#5589=CARTESIAN_POINT('',(-0.050460626726619,-0.043606392701481,-0.00406742266218));
#5590=CARTESIAN_POINT('',(-0.042766057228187,-0.042690615005657,-0.004361230329034));
#5591=CARTESIAN_POINT('',(-0.036568014941498,-0.040083436794084,-0.005280226849257));
#5592=CARTESIAN_POINT('',(-0.028830035106587,-0.035798665396597,-0.007052313286793));
#5593=CARTESIAN_POINT('',(-0.020656687854345,-0.030138756187782,-0.009790628967845));
#5594=CARTESIAN_POINT('',(-0.013288382093153,-0.02441887272916,-0.013562264607433));
#5595=CARTESIAN_POINT('',(-0.009510256268249,-0.02143230953435,-0.015940808763005));
#5596=CARTESIAN_POINT('',(-0.008913888860141,-0.020959962413093,-0.01632822414114));
#5597=CARTESIAN_POINT('',(-0.09239908621731,-0.023132952517978,-0.016577003891998));
#5598=CARTESIAN_POINT('',(-0.090398399966095,-0.024583528795625,-0.015282667547155));
#5599=CARTESIAN_POINT('',(-0.085836272285365,-0.027875049119096,-0.012620062444906));
#5600=CARTESIAN_POINT('',(-0.078313754239214,-0.033089851396968,-0.009206311159464));
#5601=CARTESIAN_POINT('',(-0.070767810967864,-0.037783490735701,-0.006760453000742));
#5602=CARTESIAN_POINT('',(-0.06372495238704,-0.041325837271151,-0.005210763551459));
#5603=CARTESIAN_POINT('',(-0.057268395064509,-0.043622315451092,-0.004328176360466));
#5604=CARTESIAN_POINT('',(-0.050477079264547,-0.044598349130937,-0.003986876267442));
#5605=CARTESIAN_POINT('',(-0.042508290911456,-0.043723726475305,-0.004290498798373));
#5606=CARTESIAN_POINT('',(-0.036093024867591,-0.041235687155477,-0.005239817172041));
#5607=CARTESIAN_POINT('',(-0.028092156077846,-0.03715443190958,-0.007067690656407));
#5608=CARTESIAN_POINT('',(-0.019654632264187,-0.031775587706464,-0.009888299888453));
#5609=CARTESIAN_POINT('',(-0.012080755048472,-0.026377520367792,-0.013754468775806));
#5610=CARTESIAN_POINT('',(-0.008211817646826,-0.023576593311436,-0.016180688862243));
#5611=CARTESIAN_POINT('',(-0.007601521796318,-0.023134092399825,-0.01657555297852));
#5612=CARTESIAN_POINT('',(-0.09384641416254,-0.025233894270451,-0.01653243251413));
#5613=CARTESIAN_POINT('',(-0.091781165555522,-0.026596237389302,-0.015234376563359));
#5614=CARTESIAN_POINT('',(-0.087069438049208,-0.02969636515488,-0.012560239603826));
#5615=CARTESIAN_POINT('',(-0.079293779438241,-0.034632443644275,-0.009123796990095));
#5616=CARTESIAN_POINT('',(-0.071489241658637,-0.039092242803622,-0.006657352731765));
#5617=CARTESIAN_POINT('',(-0.064202763739979,-0.042465061251434,-0.005093236157643));
#5618=CARTESIAN_POINT('',(-0.057521752344437,-0.044654242091793,-0.004201930833104));
#5619=CARTESIAN_POINT('',(-0.050493718006672,-0.045585313596903,-0.00385716622798));
#5620=CARTESIAN_POINT('',(-0.042247117710123,-0.044750953089024,-0.00416386943621));
#5621=CARTESIAN_POINT('',(-0.035608864434291,-0.042378978493622,-0.005122624472047));
#5622=CARTESIAN_POINT('',(-0.027331481344343,-0.038494056051551,-0.006967272030764));
#5623=CARTESIAN_POINT('',(-0.018604965397477,-0.033383403024036,-0.009811725070342));
#5624=CARTESIAN_POINT('',(-0.010778616589708,-0.028283402194549,-0.013700732616649));
#5625=CARTESIAN_POINT('',(-0.006784196684827,-0.025650524390098,-0.016134987139436));
#5626=CARTESIAN_POINT('',(-0.00615420672549,-0.025234943659097,-0.016530990908801));
#5627=CARTESIAN_POINT('',(-0.095404500935216,-0.027226499282362,-0.016196775972229));
#5628=CARTESIAN_POINT('',(-0.093258940341445,-0.02851464977456,-0.014915657565601));
#5629=CARTESIAN_POINT('',(-0.088367775588639,-0.03145020019734,-0.012275804753802));
#5630=CARTESIAN_POINT('',(-0.080307610578199,-0.036136325496283,-0.008882075744685));
#5631=CARTESIAN_POINT('',(-0.072226987555992,-0.04037889432777,-0.006445514886953));
#5632=CARTESIAN_POINT('',(-0.064687880780199,-0.043590992305589,-0.00490008181677));
#5633=CARTESIAN_POINT('',(-0.0577778756218,-0.045677204913354,-0.004019330093896));
#5634=CARTESIAN_POINT('',(-0.050510506780507,-0.046564815950412,-0.003678627412359));
#5635=CARTESIAN_POINT('',(-0.041983208843609,-0.04576938588656,-0.003981716800427));
#5636=CARTESIAN_POINT('',(-0.035117333659929,-0.043508886570523,-0.004929132521199));
#5637=CARTESIAN_POINT('',(-0.026552418983206,-0.039809601144643,-0.006751694861569));
#5638=CARTESIAN_POINT('',(-0.017516778057278,-0.034948011424843,-0.009561707629606));
#5639=CARTESIAN_POINT('',(-0.00939940072325,-0.030111031333745,-0.013401860076958));
#5640=CARTESIAN_POINT('',(-0.005250647455902,-0.027620424368274,-0.015804517607878));
#5641=CARTESIAN_POINT('',(-0.004596157154239,-0.027227478858584,-0.016195354836623));
#5642=CARTESIAN_POINT('',(-0.097047380559253,-0.0290773502692,-0.01557552194312));
#5643=CARTESIAN_POINT('',(-0.094809305513561,-0.030309435250667,-0.014331249001669));
#5644=CARTESIAN_POINT('',(-0.089715704853699,-0.033115180573893,-0.011770110968017));
#5645=CARTESIAN_POINT('',(-0.081347039480584,-0.037589014563513,-0.008483099550507));
#5646=CARTESIAN_POINT('',(-0.072977059727661,-0.041636217648344,-0.006126086855088));
#5647=CARTESIAN_POINT('',(-0.065178504510645,-0.044699253337077,-0.004632025964688));
#5648=CARTESIAN_POINT('',(-0.058036083769373,-0.046688230680047,-0.003780876755333));
#5649=CARTESIAN_POINT('',(-0.050527407345462,-0.047534378426214,-0.003451686569242));
#5650=CARTESIAN_POINT('',(-0.041717238226937,-0.046776108908686,-0.003744535326687));
#5651=CARTESIAN_POINT('',(-0.034620245162395,-0.044620997995416,-0.004660066183736));
#5652=CARTESIAN_POINT('',(-0.025759462792233,-0.041093220319313,-0.006422208495337));
#5653=CARTESIAN_POINT('',(-0.016399418056189,-0.036455482116912,-0.009140401498474));
#5654=CARTESIAN_POINT('',(-0.007961461191601,-0.031835805825427,-0.012861756518428));
#5655=CARTESIAN_POINT('',(-0.003636050386058,-0.029454136461684,-0.015194540722185));
#5656=CARTESIAN_POINT('',(-0.002953335854844,-0.029078292839553,-0.015574132564602));
#5657=CARTESIAN_POINT('',(-0.098747526544274,-0.030755694628285,-0.014679193742108));
#5658=CARTESIAN_POINT('',(-0.096408626139034,-0.031953389446841,-0.013490164061268));
#5659=CARTESIAN_POINT('',(-0.091096971101829,-0.034671196632774,-0.011049343982207));
#5660=CARTESIAN_POINT('',(-0.082403624455736,-0.038978525884354,-0.007930192404498));
#5661=CARTESIAN_POINT('',(-0.073735369714488,-0.042857241170832,-0.005700896956488));
#5662=CARTESIAN_POINT('',(-0.065672805502081,-0.045785584527842,-0.004290135584446));
#5663=CARTESIAN_POINT('',(-0.058295680707466,-0.047684436223951,-0.003487292898767));
#5664=CARTESIAN_POINT('',(-0.050544383832562,-0.048491591485205,-0.003176942264086));
#5665=CARTESIAN_POINT('',(-0.041449893457302,-0.047768292482743,-0.003453033623519));
#5666=CARTESIAN_POINT('',(-0.034119449844467,-0.045711026051622,-0.004316504955555));
#5667=CARTESIAN_POINT('',(-0.02495721259116,-0.042337328837409,-0.005980809421779));
#5668=CARTESIAN_POINT('',(-0.015262509715941,-0.037892467085788,-0.008551542940823));
#5669=CARTESIAN_POINT('',(-0.006483990705945,-0.033434642656198,-0.012087706889478));
#5670=CARTESIAN_POINT('',(-0.001966734563652,-0.031121988762295,-0.014315112428892));
#5671=CARTESIAN_POINT('',(-0.001253259983641,-0.030756631605887,-0.014677843000056));
#5672=CARTESIAN_POINT('',(-0.099900233049069,-0.031740759886669,-0.013908157889648));
#5673=CARTESIAN_POINT('',(-0.097491304903547,-0.032931965114003,-0.01276676343252));
#5674=CARTESIAN_POINT('',(-0.092029011698774,-0.035623140660058,-0.010431142265478));
#5675=CARTESIAN_POINT('',(-0.083113762471419,-0.039854997680669,-0.007461921282832));
#5676=CARTESIAN_POINT('',(-0.07424366982433,-0.043642451892216,-0.005348456419589));
#5677=CARTESIAN_POINT('',(-0.066003569582947,-0.046492354848825,-0.004013837794771));
#5678=CARTESIAN_POINT('',(-0.058469210776159,-0.04833674990672,-0.003255355169573));
#5679=CARTESIAN_POINT('',(-0.050555726291868,-0.049119876600209,-0.002962350136583));
#5680=CARTESIAN_POINT('',(-0.041271203331331,-0.048418149817805,-0.003223013628769));
#5681=CARTESIAN_POINT('',(-0.033784344696743,-0.04642013025212,-0.0040386512762));
#5682=CARTESIAN_POINT('',(-0.024419266930236,-0.043135419913122,-0.005613634246879));
#5683=CARTESIAN_POINT('',(-0.014498019282251,-0.038794825349839,-0.008050585591169));
#5684=CARTESIAN_POINT('',(-0.005485732234403,-0.034402104214574,-0.0114224980804));
#5685=CARTESIAN_POINT('',(-0.000835444432938,-0.032105107830772,-0.013558645631237));
#5686=CARTESIAN_POINT('',(-0.000100605376159,-0.031741723457492,-0.013906836051241));
#5687=CARTESIAN_POINT('',(-0.100476585163697,-0.032195773395438,-0.013482507070126));
#5688=CARTESIAN_POINT('',(-0.098032643229227,-0.033388216071384,-0.012367159471768));
#5689=CARTESIAN_POINT('',(-0.092495030899798,-0.036074896495807,-0.010089487601847));
#5690=CARTESIAN_POINT('',(-0.08346883105233,-0.040278959058612,-0.007203830517964));
#5691=CARTESIAN_POINT('',(-0.074497819428592,-0.04402677831028,-0.005155489258358));
#5692=CARTESIAN_POINT('',(-0.066168951486116,-0.046840704485077,-0.003863869471784));
#5693=CARTESIAN_POINT('',(-0.05855597568228,-0.048659493963247,-0.00313050881801));
#5694=CARTESIAN_POINT('',(-0.050561397556978,-0.049431170999339,-0.00284733981682));
#5695=CARTESIAN_POINT('',(-0.041181858371537,-0.048739730142785,-0.003099254976426));
#5696=CARTESIAN_POINT('',(-0.033616792376629,-0.046769610823198,-0.003887797826877));
#5697=CARTESIAN_POINT('',(-0.024150294430483,-0.043525465766399,-0.005412369470221));
#5698=CARTESIAN_POINT('',(-0.014115774672615,-0.039230091125168,-0.007774099277486));
#5699=CARTESIAN_POINT('',(-0.004986603784593,-0.034857986621703,-0.011054821294978));
#5700=CARTESIAN_POINT('',(-0.000269800374961,-0.032560521777213,-0.01314095896747));
#5701=CARTESIAN_POINT('',(0.000475720885903,-0.03219675587849,-0.013481199406083));
#5702=B_SPLINE_SURFACE_WITH_KNOTS('',3,3,((#5552,#5567,#5582,#5597,#5612,#5627,#5642,#5657,#5672,#5687),(#5553,#5568,#5583,#5598,#5613,#5628,#5643,#5658,#5673,#5688),(#5554,#5569,#5584,#5599,#5614,#5629,#5644,#5659,#5674,#5689),(#5555,#5570,#5585,#5600,#5615,#5630,#5645,#5660,#5675,#5690),(#5556,#5571,#5586,#5601,#5616,#5631,#5646,#5661,#5676,#5691),(#5557,#5572,#5587,#5602,#5617,#5632,#5647,#5662,#5677,#5692),(#5558,#5573,#5588,#5603,#5618,#5633,#5648,#5663,#5678,#5693),(#5559,#5574,#5589,#5604,#5619,#5634,#5649,#5664,#5679,#5694),(#5560,#5575,#5590,#5605,#5620,#5635,#5650,#5665,#5680,#5695),(#5561,#5576,#5591,#5606,#5621,#5636,#5651,#5666,#5681,#5696),(#5562,#5577,#5592,#5607,#5622,#5637,#5652,#5667,#5682,#5697),(#5563,#5578,#5593,#5608,#5623,#5638,#5653,#5668,#5683,#5698),(#5564,#5579,#5594,#5609,#5624,#5639,#5654,#5669,#5684,#5699),(#5565,#5580,#5595,#5610,#5625,#5640,#5655,#5670,#5685,#5700),(#5566,#5581,#5596,#5611,#5626,#5641,#5656,#5671,#5686,#5701)),.UNSPECIFIED.,.F.,.F.,.U.,(4,1,1,1,1,1,1,1,1,1,1,1,4),(4,1,1,1,1,1,1,4),(0.157956004689122,0.183208655450861,0.213743431359338,0.244278207267815,0.264634724540133,0.284991241812451,0.305347759084768,0.325704276357086,0.356239052265563,0.366417310901722,0.407130345446358,0.447843379990994,0.455557334147744),(0.0,0.142857142857143,0.285714285714286,0.428571428571429,0.571428571428571,0.714285714285714,0.857142857142857,1.0),.UNSPECIFIED.);
#5703=CARTESIAN_POINT('',(-0.089960442798547,-0.018748060333597,-0.015747952550352));
#5704=VERTEX_POINT('',#5703);
#5705=CARTESIAN_POINT('',(-0.08996062992126,-0.037242536836496,-0.009332225586128));
#5706=CARTESIAN_POINT('',(-0.08996062992126,-0.034474368214798,-0.011326458207944));
#5707=CARTESIAN_POINT('',(-0.089960629921261,-0.031369711135358,-0.012946595230845));
#5708=CARTESIAN_POINT('',(-0.089960629921261,-0.025141687578947,-0.015107423583048));
#5709=CARTESIAN_POINT('',(-0.08996062992126,-0.021921905227485,-0.015748048837282));
#5710=CARTESIAN_POINT('',(-0.08996062992126,-0.018748060339835,-0.015748149405721));
#5711=B_SPLINE_CURVE_WITH_KNOTS('',3,(#5705,#5706,#5707,#5708,#5709,#5710),.UNSPECIFIED.,.F.,.U.,(4,2,4),(-0.019696379237104,-0.009521801784284,-0.000000517081995),.UNSPECIFIED.);
#5712=EDGE_CURVE('',#5075,#5704,#5711,.T.);
#5713=ORIENTED_EDGE('',*,*,#5712,.T.);
#5714=CARTESIAN_POINT('',(-0.010040742534071,-0.018750321332223,-0.015747164229759));
#5715=VERTEX_POINT('',#5714);
#5716=CARTESIAN_POINT('',(-0.089960068550492,-0.018748067762037,-0.015747676747493));
#5717=CARTESIAN_POINT('',(-0.088025507806255,-0.020398974352352,-0.014525176475095));
#5718=CARTESIAN_POINT('',(-0.086041215675056,-0.022082695053485,-0.013395273469265));
#5719=CARTESIAN_POINT('',(-0.081551513306886,-0.025821511831732,-0.011103486282507));
#5720=CARTESIAN_POINT('',(-0.079023960843044,-0.027880579157548,-0.009984298503601));
#5721=CARTESIAN_POINT('',(-0.073832864104086,-0.031885629556344,-0.008023816227666));
#5722=CARTESIAN_POINT('',(-0.07116973610742,-0.033831612629325,-0.007181403812794));
#5723=CARTESIAN_POINT('',(-0.066568378080479,-0.036798737023463,-0.006013086103067));
#5724=CARTESIAN_POINT('',(-0.064684419646822,-0.037911938587119,-0.005608732789473));
#5725=CARTESIAN_POINT('',(-0.060791542955057,-0.039864581448392,-0.004936002147877));
#5726=CARTESIAN_POINT('',(-0.058782499984254,-0.040704022746009,-0.004668421297537));
#5727=CARTESIAN_POINT('',(-0.054663839041523,-0.041899622675668,-0.004296739343737));
#5728=CARTESIAN_POINT('',(-0.052554134101352,-0.042255781307711,-0.004193522096033));
#5729=CARTESIAN_POINT('',(-0.048322868321824,-0.0423384028976,-0.00416871769861));
#5730=CARTESIAN_POINT('',(-0.046201266070662,-0.042064865855447,-0.004247462092655));
#5731=CARTESIAN_POINT('',(-0.041022662640948,-0.040745274452408,-0.004655110019765));
#5732=CARTESIAN_POINT('',(-0.038028106061755,-0.039381345692694,-0.005086582002439));
#5733=CARTESIAN_POINT('',(-0.034219446338388,-0.037242242839451,-0.005856867015734));
#5734=CARTESIAN_POINT('',(-0.033282603625017,-0.036680756195005,-0.006065580652213));
#5735=CARTESIAN_POINT('',(-0.028652842873016,-0.033773982749339,-0.00718927701576));
#5736=CARTESIAN_POINT('',(-0.02512271832114,-0.031130675277812,-0.008341283529962));
#5737=CARTESIAN_POINT('',(-0.018290555077604,-0.025722461509594,-0.011132854353639));
#5738=CARTESIAN_POINT('',(-0.014989949539385,-0.022957555212902,-0.012776101106068));
#5739=CARTESIAN_POINT('',(-0.011225991927534,-0.019759777150386,-0.015009764899777));
#5740=CARTESIAN_POINT('',(-0.010631766671075,-0.019253530698752,-0.015373708911981));
#5741=CARTESIAN_POINT('',(-0.010042114992031,-0.018750321883356,-0.015746296961793));
#5742=B_SPLINE_CURVE_WITH_KNOTS('',3,(#5716,#5717,#5718,#5719,#5720,#5721,#5722,#5723,#5724,#5725,#5726,#5727,#5728,#5729,#5730,#5731,#5732,#5733,#5734,#5735,#5736,#5737,#5738,#5739,#5740,#5741),.UNSPECIFIED.,.F.,.U.,(4,2,2,2,2,2,2,2,2,2,2,2,4),(0.15795867872634,0.183208655450381,0.213743431358977,0.244278207267572,0.264634724539969,0.284991241812366,0.305347759084763,0.32570427635716,0.356239052265755,0.366417310901954,0.407130345446748,0.447843379991542,0.45555009379847),.UNSPECIFIED.);
#5743=EDGE_CURVE('',#5704,#5715,#5742,.T.);
#5744=ORIENTED_EDGE('',*,*,#5743,.T.);
#5745=CARTESIAN_POINT('',(-0.01003937007874,-0.018750320779834,-0.015747148235395));
#5746=CARTESIAN_POINT('',(-0.01003937007874,-0.021924606527643,-0.015746774248162));
#5747=CARTESIAN_POINT('',(-0.01003937007874,-0.025146242839496,-0.015105704834999));
#5748=CARTESIAN_POINT('',(-0.01003937007874,-0.031373667594621,-0.012945286562056));
#5749=CARTESIAN_POINT('',(-0.01003937007874,-0.034475246560329,-0.011326472741979));
#5750=CARTESIAN_POINT('',(-0.01003937007874,-0.037242689220688,-0.009332192613489));
#5751=B_SPLINE_CURVE_WITH_KNOTS('',3,(#5745,#5746,#5747,#5748,#5749,#5750),.UNSPECIFIED.,.F.,.U.,(4,2,4),(-0.01981089151285,-0.010233452310245,-0.000000052271218),.UNSPECIFIED.);
#5752=EDGE_CURVE('',#5715,#5084,#5751,.T.);
#5753=ORIENTED_EDGE('',*,*,#5752,.T.);
#5754=ORIENTED_EDGE('',*,*,#5099,.T.);
#5755=EDGE_LOOP('',(#5713,#5744,#5753,#5754));
#5756=FACE_OUTER_BOUND('',#5755,.T.);
#5757=ADVANCED_FACE('',(#5756),#5702,.T.);
#5758=CARTESIAN_POINT('',(-0.05,0.046528873665867,-0.078982984230437));
#5759=DIRECTION('',(0.0,-1.0,0.0));
#5760=DIRECTION('',(-3.215139E-011,0.0,-1.0));
#5761=AXIS2_PLACEMENT_3D('',#5758,#5759,#5760);
#5762=CYLINDRICAL_SURFACE('',#5761,0.074803149606299);
#5763=ORIENTED_EDGE('',*,*,#5743,.F.);
#5764=CARTESIAN_POINT('',(-0.089960631556766,0.01874867796891,-0.015748403273661));
#5765=VERTEX_POINT('',#5764);
#5766=CARTESIAN_POINT('',(-0.089960629925326,0.01874867796891,-0.015748031498633));
#5767=DIRECTION('',(3.832638E-011,-1.0,2.421986E-011));
#5768=VECTOR('',#5767,0.037496738302508);
#5769=LINE('',#5766,#5768);
#5770=EDGE_CURVE('',#5765,#5704,#5769,.T.);
#5771=ORIENTED_EDGE('',*,*,#5770,.F.);
#5772=CARTESIAN_POINT('',(-0.010038895020821,0.01875213737016,-0.01574605763636));
#5773=VERTEX_POINT('',#5772);
#5774=CARTESIAN_POINT('',(-0.010038760271962,0.018752022568916,-0.015746142705957));
#5775=CARTESIAN_POINT('',(-0.012181082575178,0.020577205448875,-0.01439364940883));
#5776=CARTESIAN_POINT('',(-0.019224536886808,0.026524915353978,-0.010436419425656));
#5777=CARTESIAN_POINT('',(-0.028495453262193,0.033958966954108,-0.007012514806679));
#5778=CARTESIAN_POINT('',(-0.037979507236909,0.039424943784271,-0.005071178367403));
#5779=CARTESIAN_POINT('',(-0.044050841503833,0.041780859608134,-0.004329144998521));
#5780=CARTESIAN_POINT('',(-0.050403841234875,0.042612416887623,-0.004089644253808));
#5781=CARTESIAN_POINT('',(-0.056742052306218,0.041558440562372,-0.004396453213638));
#5782=CARTESIAN_POINT('',(-0.062760068037337,0.039045726472155,-0.005197258462797));
#5783=CARTESIAN_POINT('',(-0.068419112238522,0.035710989527996,-0.006407830904741));
#5784=CARTESIAN_POINT('',(-0.073806698083759,0.031928268510902,-0.007996431318195));
#5785=CARTESIAN_POINT('',(-0.081145488207851,0.02623436483602,-0.010763626655646));
#5786=CARTESIAN_POINT('',(-0.086454577333359,0.021742600936074,-0.013533337852251));
#5787=CARTESIAN_POINT('',(-0.089960465375493,0.018748678231829,-0.015748667827549));
#5788=B_SPLINE_CURVE_WITH_KNOTS('',3,(#5774,#5775,#5776,#5777,#5778,#5779,#5780,#5781,#5782,#5783,#5784,#5785,#5786,#5787),.UNSPECIFIED.,.F.,.U.,(4,1,1,1,1,1,1,1,1,1,1,4),(0.157826914262555,0.185726485964049,0.24677835830081,0.267128982413063,0.287479606525317,0.307830230637571,0.328180854749825,0.348531478862078,0.368882102974332,0.389232727086586,0.409583351198839,0.455271182864995),.UNSPECIFIED.);
#5789=EDGE_CURVE('',#5773,#5765,#5788,.T.);
#5790=ORIENTED_EDGE('',*,*,#5789,.F.);
#5791=CARTESIAN_POINT('',(-0.010039370076111,-0.018750320781091,-0.015748031497724));
#5792=DIRECTION('',(3.832635E-011,1.0,-2.421992E-011));
#5793=VECTOR('',#5792,0.037502517319289);
#5794=LINE('',#5791,#5793);
#5795=EDGE_CURVE('',#5715,#5773,#5794,.T.);
#5796=ORIENTED_EDGE('',*,*,#5795,.F.);
#5797=EDGE_LOOP('',(#5763,#5771,#5790,#5796));
#5798=FACE_OUTER_BOUND('',#5797,.T.);
#5799=ADVANCED_FACE('',(#5798),#5762,.F.);
#5800=CARTESIAN_POINT('',(-0.010038760271962,0.018752022568916,-0.015746142705957));
#5801=CARTESIAN_POINT('',(-0.012181082575246,0.020577205448931,-0.014393649408788));
#5802=CARTESIAN_POINT('',(-0.019224536886733,0.026524915353918,-0.010436419425684));
#5803=CARTESIAN_POINT('',(-0.028495453262193,0.033958966954108,-0.007012514806679));
#5804=CARTESIAN_POINT('',(-0.037979507236909,0.039424943784271,-0.005071178367403));
#5805=CARTESIAN_POINT('',(-0.044050841503833,0.041780859608134,-0.004329144998521));
#5806=CARTESIAN_POINT('',(-0.050403841234875,0.042612416887623,-0.004089644253808));
#5807=CARTESIAN_POINT('',(-0.056742052306218,0.041558440562372,-0.004396453213638));
#5808=CARTESIAN_POINT('',(-0.062760068037337,0.039045726472155,-0.005197258462797));
#5809=CARTESIAN_POINT('',(-0.068419112238522,0.035710989527996,-0.006407830904741));
#5810=CARTESIAN_POINT('',(-0.073806698083759,0.031928268510902,-0.007996431318195));
#5811=CARTESIAN_POINT('',(-0.081145548928227,0.026234317725262,-0.010763649551129));
#5812=CARTESIAN_POINT('',(-0.086454692260077,0.021742503702082,-0.013533397808729));
#5813=CARTESIAN_POINT('',(-0.08996062992126,0.018748537714682,-0.015748771802407));
#5814=CARTESIAN_POINT('',(-0.009682944375922,0.019489019738067,-0.015971000729965));
#5815=CARTESIAN_POINT('',(-0.01182984243902,0.021276350189918,-0.014598755269143));
#5816=CARTESIAN_POINT('',(-0.018901038361255,0.027108050272089,-0.010575936935336));
#5817=CARTESIAN_POINT('',(-0.028250953489523,0.034420147413758,-0.007078102601195));
#5818=CARTESIAN_POINT('',(-0.037837711722623,0.039803163746487,-0.005092401421041));
#5819=CARTESIAN_POINT('',(-0.043979458649406,0.042124370495571,-0.004332705867576));
#5820=CARTESIAN_POINT('',(-0.050408716943663,0.042943889562758,-0.004087469561281));
#5821=CARTESIAN_POINT('',(-0.056822830064377,0.041905195056138,-0.004401645066376));
#5822=CARTESIAN_POINT('',(-0.062910165542374,0.039429608212941,-0.005221390958447));
#5823=CARTESIAN_POINT('',(-0.068629833142059,0.03614574111486,-0.006459635310979));
#5824=CARTESIAN_POINT('',(-0.074068891882968,0.032423371326157,-0.008082894782602));
#5825=CARTESIAN_POINT('',(-0.081467293508208,0.02682517566931,-0.010906505901961));
#5826=CARTESIAN_POINT('',(-0.086802901165602,0.022417586579589,-0.013725951176402));
#5827=CARTESIAN_POINT('',(-0.090316346774214,0.019485646393305,-0.015973611346323));
#5828=CARTESIAN_POINT('',(-0.008912608052791,0.020963001503335,-0.016327773371051));
#5829=CARTESIAN_POINT('',(-0.011077352047048,0.022674628622502,-0.014922819826483));
#5830=CARTESIAN_POINT('',(-0.01822807390424,0.028274311940591,-0.010791021876678));
#5831=CARTESIAN_POINT('',(-0.02775146208657,0.035342503469761,-0.007170014927601));
#5832=CARTESIAN_POINT('',(-0.037550377332201,0.040559600724575,-0.005110507786117));
#5833=CARTESIAN_POINT('',(-0.043835353967912,0.042811389380728,-0.004321427097896));
#5834=CARTESIAN_POINT('',(-0.050418546509076,0.043606832417994,-0.004066654089699));
#5835=CARTESIAN_POINT('',(-0.056985961331857,0.042598701317865,-0.004393079506928));
#5836=CARTESIAN_POINT('',(-0.063214507877533,0.040197368526578,-0.005244335422095));
#5837=CARTESIAN_POINT('',(-0.069059738263942,0.037015240295141,-0.006528625373884));
#5838=CARTESIAN_POINT('',(-0.074608403266253,0.033413571958277,-0.008209588386831));
#5839=CARTESIAN_POINT('',(-0.082139197931758,0.028006884118874,-0.011127058810291));
#5840=CARTESIAN_POINT('',(-0.087543829891791,0.023767740762276,-0.014029245580447));
#5841=CARTESIAN_POINT('',(-0.091086512580153,0.020959850803933,-0.016330354996431));
#5842=CARTESIAN_POINT('',(-0.007600219004362,0.023137047363779,-0.01657519024699));
#5843=CARTESIAN_POINT('',(-0.009815547115156,0.02474049515276,-0.015143210624424));
#5844=CARTESIAN_POINT('',(-0.017150642689941,0.030006637326839,-0.010918978500466));
#5845=CARTESIAN_POINT('',(-0.026974851906616,0.036717850420123,-0.007189382095004));
#5846=CARTESIAN_POINT('',(-0.037109664456554,0.04169006055238,-0.005064541030549));
#5847=CARTESIAN_POINT('',(-0.0436157146134,0.04383903905072,-0.004249333150049));
#5848=CARTESIAN_POINT('',(-0.050433494512931,0.044598754296446,-0.003986084082087));
#5849=CARTESIAN_POINT('',(-0.057234737022698,0.043635970670904,-0.004323402446243));
#5850=CARTESIAN_POINT('',(-0.06368178985578,0.041344571709761,-0.005202652645621));
#5851=CARTESIAN_POINT('',(-0.069726633097008,0.038312524139797,-0.006527717753204));
#5852=CARTESIAN_POINT('',(-0.075457211888272,0.034888023704213,-0.008259561511926));
#5853=CARTESIAN_POINT('',(-0.083221823281679,0.029760836413621,-0.011259104590512));
#5854=CARTESIAN_POINT('',(-0.088773252672216,0.025764812006511,-0.014232494281639));
#5855=CARTESIAN_POINT('',(-0.092398736747762,0.023134202387611,-0.016577735048649));
#5856=CARTESIAN_POINT('',(-0.006152859630897,0.025237803733251,-0.016530679226173));
#5857=CARTESIAN_POINT('',(-0.008439681512792,0.02674368221716,-0.015094559114731));
#5858=CARTESIAN_POINT('',(-0.016015757975683,0.03170493088757,-0.010851237326769));
#5859=CARTESIAN_POINT('',(-0.02617518408148,0.038076851234058,-0.007090225609318));
#5860=CARTESIAN_POINT('',(-0.036660811782042,0.042812131601554,-0.004945628393877));
#5861=CARTESIAN_POINT('',(-0.043393155931138,0.044860928089162,-0.004122268352502));
#5862=CARTESIAN_POINT('',(-0.050448612936297,0.045585687438826,-0.003856366669206));
#5863=CARTESIAN_POINT('',(-0.057486926569837,0.044667257447618,-0.004197101646802));
#5864=CARTESIAN_POINT('',(-0.064158103981732,0.042482903955193,-0.005085043873801));
#5865=CARTESIAN_POINT('',(-0.070412063646337,0.039595897783947,-0.006422448040152));
#5866=CARTESIAN_POINT('',(-0.076339404764046,0.03634083357284,-0.008169121987272));
#5867=CARTESIAN_POINT('',(-0.084367928379252,0.031477724074746,-0.011191088579959));
#5868=CARTESIAN_POINT('',(-0.090103535778891,0.027705891603039,-0.014181233261551));
#5869=CARTESIAN_POINT('',(-0.093846021457652,0.025235208584795,-0.016533184377494));
#5870=CARTESIAN_POINT('',(-0.004594751318311,0.027230230697475,-0.016195049233608));
#5871=CARTESIAN_POINT('',(-0.006970497625297,0.028654079716653,-0.014777666437123));
#5872=CARTESIAN_POINT('',(-0.014834400274174,0.033352562980112,-0.010588621775084));
#5873=CARTESIAN_POINT('',(-0.025356913207966,0.039411480567245,-0.006873218883728));
#5874=CARTESIAN_POINT('',(-0.036205418483148,0.043921672694662,-0.00475423250861));
#5875=CARTESIAN_POINT('',(-0.04316825162029,0.045874213895558,-0.003940605650071));
#5876=CARTESIAN_POINT('',(-0.05046386804747,0.046565167395273,-0.003677838893083));
#5877=CARTESIAN_POINT('',(-0.057741856353351,0.04568960752889,-0.004014558288744));
#5878=CARTESIAN_POINT('',(-0.064641679912489,0.043607989356478,-0.004891988774239));
#5879=CARTESIAN_POINT('',(-0.071112431349111,0.040858518899801,-0.006213418709802));
#5880=CARTESIAN_POINT('',(-0.07724858251544,0.037761401519176,-0.007938975007987));
#5881=CARTESIAN_POINT('',(-0.085565576686335,0.033139523151297,-0.010923839639067));
#5882=CARTESIAN_POINT('',(-0.091516133682071,0.029563986777264,-0.013876254585211));
#5883=CARTESIAN_POINT('',(-0.095404136467511,0.027227808622958,-0.016197513221843));
#5884=CARTESIAN_POINT('',(-0.002951858169692,0.029080910621077,-0.015573795637636));
#5885=CARTESIAN_POINT('',(-0.005430032849656,0.030442792852617,-0.014197197133835));
#5886=CARTESIAN_POINT('',(-0.013617845296984,0.034933189426397,-0.010133626427903));
#5887=CARTESIAN_POINT('',(-0.024524575872274,0.040713784235322,-0.006539622826033));
#5888=CARTESIAN_POINT('',(-0.035745095083406,0.045014542997628,-0.004491035051158));
#5889=CARTESIAN_POINT('',(-0.042941576195696,0.046876036807024,-0.003704825764358));
#5890=CARTESIAN_POINT('',(-0.050479226542967,0.04753471189718,-0.003450922598789));
#5891=CARTESIAN_POINT('',(-0.05799884906308,0.046700052631916,-0.003776271140961));
#5892=CARTESIAN_POINT('',(-0.065130732311388,0.044715455096979,-0.004624202896449));
#5893=CARTESIAN_POINT('',(-0.071824080582891,0.042093593770607,-0.005901710549869));
#5894=CARTESIAN_POINT('',(-0.078178184753333,0.039139283127365,-0.007570756002332));
#5895=CARTESIAN_POINT('',(-0.086802369249784,0.034728652822028,-0.010460098979929));
#5896=CARTESIAN_POINT('',(-0.092991495465135,0.031313044397414,-0.013321687442924));
#5897=CARTESIAN_POINT('',(-0.097047103975987,0.029078564765583,-0.015576214886148));
#5898=CARTESIAN_POINT('',(-0.001251706089358,0.030759090834729,-0.014677429000402));
#5899=CARTESIAN_POINT('',(-0.003841506326091,0.032082998763351,-0.01336199284379));
#5900=CARTESIAN_POINT('',(-0.012377715507525,0.03643120036532,-0.00949067484306));
#5901=CARTESIAN_POINT('',(-0.023682833213439,0.041976113865657,-0.006091462374935));
#5902=CARTESIAN_POINT('',(-0.035281483029019,0.046086730802969,-0.004157047020151));
#5903=CARTESIAN_POINT('',(-0.042713721762531,0.047863640546835,-0.003415627678324));
#5904=CARTESIAN_POINT('',(-0.0504946535545,0.048491923934179,-0.003176221929411));
#5905=CARTESIAN_POINT('',(-0.058257217751855,0.047695724624708,-0.00348296323468));
#5906=CARTESIAN_POINT('',(-0.065623438828265,0.045801070681581,-0.004282760443683));
#5907=CARTESIAN_POINT('',(-0.072543269906773,0.043294567266767,-0.00548903647525));
#5908=CARTESIAN_POINT('',(-0.079121464223105,0.04046445748465,-0.00706721211647));
#5909=CARTESIAN_POINT('',(-0.08806544401371,0.036228440097266,-0.009804788505728));
#5910=CARTESIAN_POINT('',(-0.094509112485261,0.032928746875868,-0.012525340392257));
#5911=CARTESIAN_POINT('',(-0.098747377373092,0.030756720101573,-0.014679820703977));
#5912=CARTESIAN_POINT('',(-0.000098997611816,0.031744048575168,-0.013906353730834));
#5913=CARTESIAN_POINT('',(-0.00276632530037,0.033060834735071,-0.012643659691942));
#5914=CARTESIAN_POINT('',(-0.011543058369505,0.037364666623949,-0.008940718366054));
#5915=CARTESIAN_POINT('',(-0.02311851872919,0.042785971174108,-0.005718003623141));
#5916=CARTESIAN_POINT('',(-0.034971307320325,0.046785045556697,-0.003887986084167));
#5917=CARTESIAN_POINT('',(-0.042561422803,0.048510692262486,-0.003187726310696));
#5918=CARTESIAN_POINT('',(-0.050504961359016,0.049120213215932,-0.002961666433042));
#5919=CARTESIAN_POINT('',(-0.058429923689528,0.048347715484815,-0.003251277208956));
#5920=CARTESIAN_POINT('',(-0.065953133548065,0.046507414691368,-0.004006869045725));
#5921=CARTESIAN_POINT('',(-0.073025254902795,0.044068145176363,-0.00514802821696));
#5922=CARTESIAN_POINT('',(-0.079754900841149,0.041306234205167,-0.00664369542018));
#5923=CARTESIAN_POINT('',(-0.088916312536305,0.037158066036967,-0.009244659058693));
#5924=CARTESIAN_POINT('',(-0.095535059888067,0.033901726209632,-0.011840527531396));
#5925=CARTESIAN_POINT('',(-0.099900183378466,0.031741590086932,-0.013908743051543));
#5926=CARTESIAN_POINT('',(0.000477355445943,0.032199008453735,-0.013480676386906));
#5927=CARTESIAN_POINT('',(-0.002228735884521,0.033517196089301,-0.012246822852647));
#5928=CARTESIAN_POINT('',(-0.011125730804294,0.037812764354013,-0.008636718306657));
#5929=CARTESIAN_POINT('',(-0.022836362015402,0.043181801620818,-0.005513156198092));
#5930=CARTESIAN_POINT('',(-0.034816219667675,0.047129451553713,-0.003742112428928));
#5931=CARTESIAN_POINT('',(-0.042485273478526,0.048830946315392,-0.003065169706439));
#5932=CARTESIAN_POINT('',(-0.050510115244053,0.049431515461689,-0.002846677798981));
#5933=CARTESIAN_POINT('',(-0.058516276597328,0.048670310337897,-0.00312657369216));
#5934=CARTESIAN_POINT('',(-0.066117980678741,0.046855572383851,-0.003857132866831));
#5935=CARTESIAN_POINT('',(-0.073266247038133,0.044447151257514,-0.004961514743692));
#5936=CARTESIAN_POINT('',(-0.080071618632116,0.041715186078502,-0.006410764243686));
#5937=CARTESIAN_POINT('',(-0.089341746014603,0.037602888288873,-0.008935244035134));
#5938=CARTESIAN_POINT('',(-0.096048032328518,0.034358800383244,-0.01146203191926));
#5939=CARTESIAN_POINT('',(-0.100476585163697,0.032196491614566,-0.013483074860862));
#5940=B_SPLINE_SURFACE_WITH_KNOTS('',3,3,((#5800,#5814,#5828,#5842,#5856,#5870,#5884,#5898,#5912,#5926),(#5801,#5815,#5829,#5843,#5857,#5871,#5885,#5899,#5913,#5927),(#5802,#5816,#5830,#5844,#5858,#5872,#5886,#5900,#5914,#5928),(#5803,#5817,#5831,#5845,#5859,#5873,#5887,#5901,#5915,#5929),(#5804,#5818,#5832,#5846,#5860,#5874,#5888,#5902,#5916,#5930),(#5805,#5819,#5833,#5847,#5861,#5875,#5889,#5903,#5917,#5931),(#5806,#5820,#5834,#5848,#5862,#5876,#5890,#5904,#5918,#5932),(#5807,#5821,#5835,#5849,#5863,#5877,#5891,#5905,#5919,#5933),(#5808,#5822,#5836,#5850,#5864,#5878,#5892,#5906,#5920,#5934),(#5809,#5823,#5837,#5851,#5865,#5879,#5893,#5907,#5921,#5935),(#5810,#5824,#5838,#5852,#5866,#5880,#5894,#5908,#5922,#5936),(#5811,#5825,#5839,#5853,#5867,#5881,#5895,#5909,#5923,#5937),(#5812,#5826,#5840,#5854,#5868,#5882,#5896,#5910,#5924,#5938),(#5813,#5827,#5841,#5855,#5869,#5883,#5897,#5911,#5925,#5939)),.UNSPECIFIED.,.F.,.F.,.U.,(4,1,1,1,1,1,1,1,1,1,1,4),(4,1,1,1,1,1,1,4),(0.157826914262554,0.185726485964773,0.246778358301168,0.2671289824133,0.287479606525431,0.307830230637563,0.328180854749695,0.348531478861827,0.368882102973958,0.38923272708609,0.409583351198222,0.455271897638241),(0.0,0.142857142857143,0.285714285714286,0.428571428571429,0.571428571428571,0.714285714285714,0.857142857142857,1.0),.UNSPECIFIED.);
#5941=CARTESIAN_POINT('',(-0.010039586632331,0.037243191248573,-0.00933128905059));
#5942=VERTEX_POINT('',#5941);
#5943=CARTESIAN_POINT('',(-0.01003937007874,0.0372429546014,-0.009331281803289));
#5944=CARTESIAN_POINT('',(-0.01003937007874,0.034475626042734,-0.011323726306101));
#5945=CARTESIAN_POINT('',(-0.010039370078739,0.03136866205904,-0.012946698215828));
#5946=CARTESIAN_POINT('',(-0.010039370078739,0.025140785251181,-0.015107378229641));
#5947=CARTESIAN_POINT('',(-0.01003937007874,0.021924155660736,-0.01574644068461));
#5948=CARTESIAN_POINT('',(-0.01003937007874,0.018752542102288,-0.015745757726211));
#5949=B_SPLINE_CURVE_WITH_KNOTS('',3,(#5943,#5944,#5945,#5946,#5947,#5948),.UNSPECIFIED.,.F.,.U.,(4,2,4),(-0.019692521275336,-0.00951484089594,0.0),.UNSPECIFIED.);
#5950=EDGE_CURVE('',#5942,#5773,#5949,.T.);
#5951=ORIENTED_EDGE('',*,*,#5950,.T.);
#5952=ORIENTED_EDGE('',*,*,#5789,.T.);
#5953=CARTESIAN_POINT('',(-0.089960506033078,0.037242585634669,-0.009331544094138));
#5954=VERTEX_POINT('',#5953);
#5955=CARTESIAN_POINT('',(-0.08996062992126,0.018748677948131,-0.015748771810733));
#5956=CARTESIAN_POINT('',(-0.08996062992126,0.021922687205183,-0.015748950770847));
#5957=CARTESIAN_POINT('',(-0.08996062992126,0.02514327677756,-0.015108620823512));
#5958=CARTESIAN_POINT('',(-0.08996062992126,0.031372187354907,-0.012947039874947));
#5959=CARTESIAN_POINT('',(-0.08996062992126,0.034474493333677,-0.011326463787108));
#5960=CARTESIAN_POINT('',(-0.08996062992126,0.037242396416785,-0.009331412376743));
#5961=B_SPLINE_CURVE_WITH_KNOTS('',3,(#5955,#5956,#5957,#5958,#5959,#5960),.UNSPECIFIED.,.F.,.U.,(4,2,4),(-0.019813443879291,-0.01023582760227,0.0),.UNSPECIFIED.);
#5962=EDGE_CURVE('',#5765,#5954,#5961,.T.);
#5963=ORIENTED_EDGE('',*,*,#5962,.T.);
#5964=CARTESIAN_POINT('',(-0.089960258256714,0.037242570044523,-0.009331287070944));
#5965=CARTESIAN_POINT('',(-0.088846083389155,0.037763070108868,-0.008955647852546));
#5966=CARTESIAN_POINT('',(-0.085592877856036,0.039265914222175,-0.007914336606722));
#5967=CARTESIAN_POINT('',(-0.080071618632116,0.041715186078502,-0.006410764243686));
#5968=CARTESIAN_POINT('',(-0.073266247038133,0.044447151257514,-0.004961514743692));
#5969=CARTESIAN_POINT('',(-0.066117980678741,0.046855572383851,-0.003857132866831));
#5970=CARTESIAN_POINT('',(-0.058516276597328,0.048670310337897,-0.00312657369216));
#5971=CARTESIAN_POINT('',(-0.050510115244053,0.049431515461689,-0.002846677798981));
#5972=CARTESIAN_POINT('',(-0.042485273478526,0.048830946315392,-0.003065169706439));
#5973=CARTESIAN_POINT('',(-0.034816219667675,0.047129451553713,-0.003742112428928));
#5974=CARTESIAN_POINT('',(-0.023663742566845,0.04345444332268,-0.005390840289766));
#5975=CARTESIAN_POINT('',(-0.015627175931007,0.039867355809046,-0.007444545786241));
#5976=CARTESIAN_POINT('',(-0.010040019739514,0.03724325972545,-0.009331062441614));
#5977=B_SPLINE_CURVE_WITH_KNOTS('',3,(#5964,#5965,#5966,#5967,#5968,#5969,#5970,#5971,#5972,#5973,#5974,#5975,#5976),.UNSPECIFIED.,.F.,.U.,(4,1,1,1,1,1,1,1,1,1,4),(-0.420335597728004,-0.409583351198362,-0.389232727086203,-0.368882102974043,-0.348531478861884,-0.328180854749724,-0.307830230637565,-0.287479606525406,-0.267128982413246,-0.246778358301087,-0.192753994591535),.UNSPECIFIED.);
#5978=EDGE_CURVE('',#5954,#5942,#5977,.T.);
#5979=ORIENTED_EDGE('',*,*,#5978,.T.);
#5980=EDGE_LOOP('',(#5951,#5952,#5963,#5979));
#5981=FACE_OUTER_BOUND('',#5980,.T.);
#5982=ADVANCED_FACE('',(#5981),#5940,.T.);
#5983=CARTESIAN_POINT('',(0.089960854928517,0.018748434036532,-0.015747237443703));
#5984=CARTESIAN_POINT('',(0.088017059310994,0.020406137892776,-0.01452064459653));
#5985=CARTESIAN_POINT('',(0.08362573201809,0.024126568845622,-0.012029064740085));
#5986=CARTESIAN_POINT('',(0.077722282424271,0.028939162170135,-0.009408339504309));
#5987=CARTESIAN_POINT('',(0.072464447032268,0.032883005838221,-0.007592547761485));
#5988=CARTESIAN_POINT('',(0.067039945452682,0.036600737077248,-0.006052409386122));
#5989=CARTESIAN_POINT('',(0.05988442799641,0.040681001025251,-0.004646803102212));
#5990=CARTESIAN_POINT('',(0.050411669444452,0.043035005971926,-0.003971495009643));
#5991=CARTESIAN_POINT('',(0.040879615187943,0.041014292329264,-0.004546072316634));
#5992=CARTESIAN_POINT('',(0.032225781566174,0.036242607184552,-0.006158421494948));
#5993=CARTESIAN_POINT('',(0.02419619131301,0.030484650050758,-0.008607125782909));
#5994=CARTESIAN_POINT('',(0.016800027420483,0.024488689719678,-0.01179383114178));
#5995=CARTESIAN_POINT('',(0.012181519056471,0.020573765769074,-0.014395171304004));
#5996=CARTESIAN_POINT('',(0.01003937007874,0.018746137770296,-0.015748234591279));
#5997=CARTESIAN_POINT('',(0.090316608486381,0.019485523026823,-0.015972151193445));
#5998=CARTESIAN_POINT('',(0.088368618165366,0.021108890902459,-0.014727599031546));
#5999=CARTESIAN_POINT('',(0.083960635474407,0.024756438856633,-0.01219490743519));
#6000=CARTESIAN_POINT('',(0.078017401492495,0.029484010211186,-0.009524106000275));
#6001=CARTESIAN_POINT('',(0.072713913359809,0.033362851490417,-0.007670192494705));
#6002=CARTESIAN_POINT('',(0.067236732542526,0.037021545384293,-0.0060963662717));
#6003=CARTESIAN_POINT('',(0.060002731328811,0.041040430679234,-0.004658053412209));
#6004=CARTESIAN_POINT('',(0.050416668217835,0.043360408002453,-0.003966435425306));
#6005=CARTESIAN_POINT('',(0.040770191744922,0.041368853461089,-0.004554916126357));
#6006=CARTESIAN_POINT('',(0.032020448699705,0.036668605576715,-0.006204876387172));
#6007=CARTESIAN_POINT('',(0.023915098810799,0.031002794596209,-0.00870692766159));
#6008=CARTESIAN_POINT('',(0.016466900446137,0.025111550774926,-0.011955751083458));
#6009=CARTESIAN_POINT('',(0.011830339000229,0.02127299581607,-0.014600225583912));
#6010=CARTESIAN_POINT('',(0.009683612558165,0.019483250507604,-0.015972998260583));
#6011=CARTESIAN_POINT('',(0.091086835196005,0.020959685567131,-0.016329030647788));
#6012=CARTESIAN_POINT('',(0.089122575900334,0.022514382651078,-0.015054736026399));
#6013=CARTESIAN_POINT('',(0.084666042839629,0.026016166762044,-0.012453713357133));
#6014=CARTESIAN_POINT('',(0.078629408630413,0.030573700254437,-0.009699590463183));
#6015=CARTESIAN_POINT('',(0.073226264779148,0.034322537173266,-0.007782201503262));
#6016=CARTESIAN_POINT('',(0.06763737244376,0.037863157254721,-0.006152301841102));
#6017=CARTESIAN_POINT('',(0.060241697952492,0.041759287009266,-0.004659562107477));
#6018=CARTESIAN_POINT('',(0.050426734851574,0.044011208992829,-0.003940820613319));
#6019=CARTESIAN_POINT('',(0.040549278562434,0.042077972829218,-0.004552421860677));
#6020=CARTESIAN_POINT('',(0.031602444635764,0.037520597364526,-0.006264950328051));
#6021=CARTESIAN_POINT('',(0.023335247631786,0.03203907741479,-0.008855819805063));
#6022=CARTESIAN_POINT('',(0.015766441094397,0.026357263106059,-0.012208022031519));
#6023=CARTESIAN_POINT('',(0.01107795588072,0.022671444979077,-0.014924191582674));
#6024=CARTESIAN_POINT('',(0.008913384061257,0.02095746391208,-0.016329589507385));
#6025=CARTESIAN_POINT('',(0.092399129238466,0.023133989432606,-0.016576561674481));
#6026=CARTESIAN_POINT('',(0.090388898332119,0.024590543282815,-0.015277675623661));
#6027=CARTESIAN_POINT('',(0.085818272697295,0.027882864573659,-0.012618708926083));
#6028=CARTESIAN_POINT('',(0.079604524988297,0.032193519424798,-0.009792347182089));
#6029=CARTESIAN_POINT('',(0.07402986658619,0.035752206060516,-0.007819221397466));
#6030=CARTESIAN_POINT('',(0.068256714727684,0.039119428358846,-0.006139879827957));
#6031=CARTESIAN_POINT('',(0.060606262740162,0.042834184948152,-0.004598850598417));
#6032=CARTESIAN_POINT('',(0.050442012540747,0.044985096324058,-0.003855971462008));
#6033=CARTESIAN_POINT('',(0.040212557669075,0.04313843626481,-0.004488150761924));
#6034=CARTESIAN_POINT('',(0.030956341089859,0.038792268998033,-0.006256180058374));
#6035=CARTESIAN_POINT('',(0.022419239099871,0.033581168225307,-0.008925355318767));
#6036=CARTESIAN_POINT('',(0.014625455195158,0.028203800750675,-0.012367447414126));
#6037=CARTESIAN_POINT('',(0.009816263398748,0.024737548136947,-0.015144466320695));
#6038=CARTESIAN_POINT('',(0.007601117510176,0.023131836658228,-0.016576794141844));
#6039=CARTESIAN_POINT('',(0.093846451960856,0.025234966287541,-0.016532102087397));
#6040=CARTESIAN_POINT('',(0.091771321656093,0.026602975356989,-0.015229417846597));
#6041=CARTESIAN_POINT('',(0.087050708502304,0.029703997925402,-0.012558561685424));
#6042=CARTESIAN_POINT('',(0.080627999584451,0.033784009658299,-0.009713822983041));
#6043=CARTESIAN_POINT('',(0.074863067060329,0.037162199918981,-0.00772500172701));
#6044=CARTESIAN_POINT('',(0.068891496648982,0.040363414799576,-0.006031224427597));
#6045=CARTESIAN_POINT('',(0.060975948090761,0.043902308101762,-0.004475377566793));
#6046=CARTESIAN_POINT('',(0.050457437093321,0.045954348792421,-0.003724893433268));
#6047=CARTESIAN_POINT('',(0.039871356530225,0.044192466231106,-0.004363564423266));
#6048=CARTESIAN_POINT('',(0.030294192169767,0.040051317807128,-0.006148643839474));
#6049=CARTESIAN_POINT('',(0.021464173604045,0.035098659078348,-0.008840616044428));
#6050=CARTESIAN_POINT('',(0.013407602494944,0.030006487701716,-0.012306123052982));
#6051=CARTESIAN_POINT('',(0.008440454833834,0.026740935592508,-0.01509574083207));
#6052=CARTESIAN_POINT('',(0.006153827848021,0.025232883706458,-0.016532153348846));
#6053=CARTESIAN_POINT('',(0.095404565787204,0.027227573849543,-0.016196456904084));
#6054=CARTESIAN_POINT('',(0.0932487631416,0.028521100522987,-0.014910761259423));
#6055=CARTESIAN_POINT('',(0.08834845737636,0.031457533678645,-0.012274101050683));
#6056=CARTESIAN_POINT('',(0.081690656805856,0.035330859449822,-0.009464778232999));
#6057=CARTESIAN_POINT('',(0.075720181944879,0.038542880916944,-0.007500223199772));
#6058=CARTESIAN_POINT('',(0.069538704567902,0.041589071386323,-0.005826907544995));
#6059=CARTESIAN_POINT('',(0.061349744810405,0.044960312122079,-0.004289559351715));
#6060=CARTESIAN_POINT('',(0.050472977872063,0.046916681265086,-0.00354790885686));
#6061=CARTESIAN_POINT('',(0.039526558073117,0.045236886364394,-0.004179066216631));
#6062=CARTESIAN_POINT('',(0.029619125202576,0.041291534743218,-0.005942938782793));
#6063=CARTESIAN_POINT('',(0.020477522622785,0.036579516826703,-0.008602355265263));
#6064=CARTESIAN_POINT('',(0.0121272057804,0.031744080073244,-0.012024886981154));
#6065=CARTESIAN_POINT('',(0.006971273191006,0.02865148355925,-0.014778818700614));
#6066=CARTESIAN_POINT('',(0.004595732342903,0.027225550867559,-0.016196483704675));
#6067=CARTESIAN_POINT('',(0.09704750828318,0.029078352485815,-0.01557511559246));
#6068=CARTESIAN_POINT('',(0.094798818305162,0.030315555226533,-0.014326444971578));
#6069=CARTESIAN_POINT('',(0.089695937598753,0.033122067685401,-0.011768693322153));
#6070=CARTESIAN_POINT('',(0.082783022300054,0.036820047699277,-0.009047404770958));
#6071=CARTESIAN_POINT('',(0.076595396497034,0.039884728777022,-0.007146380940687));
#6072=CARTESIAN_POINT('',(0.070195293989944,0.042790367483194,-0.005527889902601));
#6073=CARTESIAN_POINT('',(0.061726638678937,0.046004840318849,-0.004041960027407));
#6074=CARTESIAN_POINT('',(0.050488605525979,0.04786978143425,-0.003325409670299));
#6075=CARTESIAN_POINT('',(0.039179050407766,0.04626850644627,-0.003935193746484));
#6076=CARTESIAN_POINT('',(0.028934301863998,0.042506725599322,-0.005640054212853));
#6077=CARTESIAN_POINT('',(0.019466951657177,0.038011891129505,-0.008212418269735));
#6078=CARTESIAN_POINT('',(0.010799225026538,0.033395931696375,-0.011526986067001));
#6079=CARTESIAN_POINT('',(0.005430763274072,0.030440291342988,-0.014198377595031));
#6080=CARTESIAN_POINT('',(0.002952802092913,0.029076421258047,-0.015575298250171));
#6081=CARTESIAN_POINT('',(0.098747725832062,0.030756575170031,-0.014678609068406));
#6082=CARTESIAN_POINT('',(0.096397829777053,0.031959180870043,-0.013485487709936));
#6083=CARTESIAN_POINT('',(0.091076847743247,0.034677542270594,-0.01104853051138));
#6084=CARTESIAN_POINT('',(0.083895311078079,0.038238198935236,-0.008465517963092));
#6085=CARTESIAN_POINT('',(0.077482724470657,0.041178621832713,-0.006665956752543));
#6086=CARTESIAN_POINT('',(0.070858144105791,0.043961497562933,-0.005135675826977));
#6087=CARTESIAN_POINT('',(0.062105597634115,0.047032648744923,-0.003733390672829));
#6088=CARTESIAN_POINT('',(0.050504290171768,0.048811434084742,-0.003057959150227));
#6089=CARTESIAN_POINT('',(0.038829735539616,0.047284243595034,-0.003632717160833));
#6090=CARTESIAN_POINT('',(0.028242966074425,0.043690932068992,-0.005241522463502));
#6091=CARTESIAN_POINT('',(0.01844036147378,0.039384445652133,-0.007673940491239));
#6092=CARTESIAN_POINT('',(0.009439264006379,0.034942604517829,-0.010818323445909));
#6093=CARTESIAN_POINT('',(0.003842156423436,0.032080533504982,-0.013363246889494));
#6094=CARTESIAN_POINT('',(0.001252573216644,0.03075473872379,-0.014679085732202));
#6095=CARTESIAN_POINT('',(0.099900489289275,0.031741485697225,-0.013907413434764));
#6096=CARTESIAN_POINT('',(0.097480310058316,0.032937508609947,-0.012762210093872));
#6097=CARTESIAN_POINT('',(0.09200868948129,0.035629067677889,-0.01043095027711));
#6098=CARTESIAN_POINT('',(0.084643517385037,0.039127646811496,-0.007971348739364));
#6099=CARTESIAN_POINT('',(0.078078337647964,0.042003267391638,-0.006263432190796));
#6100=CARTESIAN_POINT('',(0.071302142773704,0.04471826266582,-0.00481329019282));
#6101=CARTESIAN_POINT('',(0.062358928138186,0.0477045165249,-0.003487644963215));
#6102=CARTESIAN_POINT('',(0.050514765741654,0.049430048294367,-0.002850087681542));
#6103=CARTESIAN_POINT('',(0.038596254402836,0.047948727727288,-0.003392574547601));
#6104=CARTESIAN_POINT('',(0.027779892131639,0.044455764942364,-0.004913312904811));
#6105=CARTESIAN_POINT('',(0.017750596909156,0.040252213179967,-0.007218684364119));
#6106=CARTESIAN_POINT('',(0.008521882260937,0.035891239878908,-0.010210809346952));
#6107=CARTESIAN_POINT('',(0.002766909563393,0.033058361440866,-0.012645000542595));
#6108=CARTESIAN_POINT('',(0.000099800209904,0.031739767786986,-0.013908174241292));
#6109=CARTESIAN_POINT('',(0.10047686938339,0.032196416735901,-0.013481675095026));
#6110=CARTESIAN_POINT('',(0.098021548603361,0.033393647298744,-0.012362678111641));
#6111=CARTESIAN_POINT('',(0.092474608864956,0.036080625209133,-0.010089657891727));
#6112=CARTESIAN_POINT('',(0.085017619904342,0.039556387054614,-0.007698820834527));
#6113=CARTESIAN_POINT('',(0.078376143619707,0.042404718592677,-0.006042309069143));
#6114=CARTESIAN_POINT('',(0.071524141624441,0.045089746709752,-0.004637270551268));
#6115=CARTESIAN_POINT('',(0.062485593258623,0.048036604005532,-0.003354963064192));
#6116=CARTESIAN_POINT('',(0.050520003508782,0.049736718689241,-0.002738892523603));
#6117=CARTESIAN_POINT('',(0.038479513921612,0.048277314391764,-0.003263068312437));
#6118=CARTESIAN_POINT('',(0.027548355662536,0.044831097342805,-0.004733983352302));
#6119=CARTESIAN_POINT('',(0.017405715342749,0.040672572746175,-0.006967889018512));
#6120=CARTESIAN_POINT('',(0.008063192531137,0.036342156951507,-0.009875058819588));
#6121=CARTESIAN_POINT('',(0.002229287229226,0.03351471187607,-0.012248211248283));
#6122=CARTESIAN_POINT('',(-0.000476585163697,0.032194758321397,-0.013482584773517));
#6123=B_SPLINE_SURFACE_WITH_KNOTS('',3,3,((#5983,#5997,#6011,#6025,#6039,#6053,#6067,#6081,#6095,#6109),(#5984,#5998,#6012,#6026,#6040,#6054,#6068,#6082,#6096,#6110),(#5985,#5999,#6013,#6027,#6041,#6055,#6069,#6083,#6097,#6111),(#5986,#6000,#6014,#6028,#6042,#6056,#6070,#6084,#6098,#6112),(#5987,#6001,#6015,#6029,#6043,#6057,#6071,#6085,#6099,#6113),(#5988,#6002,#6016,#6030,#6044,#6058,#6072,#6086,#6100,#6114),(#5989,#6003,#6017,#6031,#6045,#6059,#6073,#6087,#6101,#6115),(#5990,#6004,#6018,#6032,#6046,#6060,#6074,#6088,#6102,#6116),(#5991,#6005,#6019,#6033,#6047,#6061,#6075,#6089,#6103,#6117),(#5992,#6006,#6020,#6034,#6048,#6062,#6076,#6090,#6104,#6118),(#5993,#6007,#6021,#6035,#6049,#6063,#6077,#6091,#6105,#6119),(#5994,#6008,#6022,#6036,#6050,#6064,#6078,#6092,#6106,#6120),(#5995,#6009,#6023,#6037,#6051,#6065,#6079,#6093,#6107,#6121),(#5996,#6010,#6024,#6038,#6052,#6066,#6080,#6094,#6108,#6122)),.UNSPECIFIED.,.F.,.F.,.U.,(4,1,1,1,1,1,1,1,1,1,1,4),(4,1,1,1,1,1,1,4),(0.157796636305718,0.183154644011195,0.213680418013061,0.228943305013994,0.244206192014927,0.274731966016793,0.305257740018659,0.335783514020524,0.36630928802239,0.396835062024256,0.427360836026122,0.455269501974822),(0.0,0.142857142857143,0.285714285714286,0.428571428571429,0.571428571428571,0.714285714285714,0.857142857142857,1.0),.UNSPECIFIED.);
#6124=ORIENTED_EDGE('',*,*,#4181,.T.);
#6125=ORIENTED_EDGE('',*,*,#5546,.T.);
#6126=CARTESIAN_POINT('',(0.01003937007874,0.037241684558325,-0.009331474222794));
#6127=VERTEX_POINT('',#6126);
#6128=CARTESIAN_POINT('',(0.01003937007874,0.018746627205478,-0.015748234611385));
#6129=CARTESIAN_POINT('',(0.01003937007874,0.021919736050965,-0.015748331868399));
#6130=CARTESIAN_POINT('',(0.010039370078739,0.025137664684384,-0.015108213692219));
#6131=CARTESIAN_POINT('',(0.010039370078739,0.031366230871711,-0.012946836332128));
#6132=CARTESIAN_POINT('',(0.01003937007874,0.0344735938462,-0.011324654693536));
#6133=CARTESIAN_POINT('',(0.01003937007874,0.037241684558325,-0.009331474222794));
#6134=B_SPLINE_CURVE_WITH_KNOTS('',3,(#6128,#6129,#6130,#6131,#6132,#6133),.UNSPECIFIED.,.F.,.U.,(4,2,4),(-0.019804144806624,-0.010232822052814,0.0),.UNSPECIFIED.);
#6135=EDGE_CURVE('',#5524,#6127,#6134,.T.);
#6136=ORIENTED_EDGE('',*,*,#6135,.T.);
#6137=CARTESIAN_POINT('',(0.010039481773197,0.037241735736404,-0.00933143737892));
#6138=CARTESIAN_POINT('',(0.012473666739729,0.038381698764421,-0.008510758349554));
#6139=CARTESIAN_POINT('',(0.018183441663308,0.040991443763141,-0.006796595629466));
#6140=CARTESIAN_POINT('',(0.027548355662536,0.044831097342805,-0.004733983352302));
#6141=CARTESIAN_POINT('',(0.038479513921612,0.048277314391764,-0.003263068312437));
#6142=CARTESIAN_POINT('',(0.050520003508782,0.049736718689241,-0.002738892523603));
#6143=CARTESIAN_POINT('',(0.062485593258623,0.048036604005532,-0.003354963064192));
#6144=CARTESIAN_POINT('',(0.071524141624441,0.045089746709752,-0.004637270551268));
#6145=CARTESIAN_POINT('',(0.078376143619707,0.042404718592677,-0.006042309069143));
#6146=CARTESIAN_POINT('',(0.083971006062586,0.040005248585678,-0.007437775237376));
#6147=CARTESIAN_POINT('',(0.087791991065303,0.038255041613378,-0.008603988424594));
#6148=CARTESIAN_POINT('',(0.089958817976545,0.037240947161297,-0.009335382676156));
#6149=B_SPLINE_CURVE_WITH_KNOTS('',3,(#6137,#6138,#6139,#6140,#6141,#6142,#6143,#6144,#6145,#6146,#6147,#6148),.UNSPECIFIED.,.F.,.U.,(4,1,1,1,1,1,1,1,1,4),(-0.420338789355383,-0.396835062024256,-0.36630928802239,-0.335783514020524,-0.305257740018659,-0.274731966016793,-0.244206192014927,-0.228943305013994,-0.213680418013061,-0.192775606650055),.UNSPECIFIED.);
#6150=EDGE_CURVE('',#6127,#4173,#6149,.T.);
#6151=ORIENTED_EDGE('',*,*,#6150,.T.);
#6152=EDGE_LOOP('',(#6124,#6125,#6136,#6151));
#6153=FACE_OUTER_BOUND('',#6152,.T.);
#6154=ADVANCED_FACE('',(#6153),#6123,.T.);
#6155=CARTESIAN_POINT('',(0.143016605438151,0.059513514646041,0.000325198854059));
#6156=CARTESIAN_POINT('',(0.142921117189881,0.059281217777778,0.00030526338732));
#6157=CARTESIAN_POINT('',(0.14217996085862,0.057542002605564,0.00014902162697));
#6158=CARTESIAN_POINT('',(0.139771951946461,0.053047510956391,-0.000394096015021));
#6159=CARTESIAN_POINT('',(0.135339621967531,0.046672569878039,-0.001628069371036));
#6160=CARTESIAN_POINT('',(0.129751690597272,0.039536682887703,-0.003671339254302));
#6161=CARTESIAN_POINT('',(0.122226503386954,0.030536399339717,-0.007128169578043));
#6162=CARTESIAN_POINT('',(0.115554736198487,0.023034332672462,-0.01129206123538));
#6163=CARTESIAN_POINT('',(0.111009524816354,0.018127311259352,-0.014929469822678));
#6164=CARTESIAN_POINT('',(0.110040723323454,0.017091968953387,-0.015746625327583));
#6165=CARTESIAN_POINT('',(0.142640342138897,0.059717654343657,0.000246758747931));
#6166=CARTESIAN_POINT('',(0.142542662727324,0.059491600422963,0.000225853684383));
#6167=CARTESIAN_POINT('',(0.141784534290996,0.057799170722849,0.000062019743312));
#6168=CARTESIAN_POINT('',(0.139322223662901,0.053426555620922,-0.000507317678131));
#6169=CARTESIAN_POINT('',(0.134796083714691,0.047229392548883,-0.001799494592365));
#6170=CARTESIAN_POINT('',(0.129106438754184,0.040303617988149,-0.003933703153469));
#6171=CARTESIAN_POINT('',(0.12147335069344,0.031587610939194,-0.007532390522487));
#6172=CARTESIAN_POINT('',(0.114757391735322,0.024356223292394,-0.011840497288823));
#6173=CARTESIAN_POINT('',(0.110226485497513,0.019655901361176,-0.015567621106956));
#6174=CARTESIAN_POINT('',(0.109262984201958,0.018665744362714,-0.016402968372301));
#6175=CARTESIAN_POINT('',(0.142071783918266,0.060023866471004,0.000150087749482));
#6176=CARTESIAN_POINT('',(0.141970688909553,0.059807177126805,0.000128209255517));
#6177=CARTESIAN_POINT('',(0.141186080164966,0.058184926843422,-0.000043247275308));
#6178=CARTESIAN_POINT('',(0.138638471103446,0.053995131434481,-0.00063892002603));
#6179=CARTESIAN_POINT('',(0.133960749714659,0.048064663131073,-0.001989671753868));
#6180=CARTESIAN_POINT('',(0.128094576595603,0.041454082040763,-0.004215454719526));
#6181=CARTESIAN_POINT('',(0.120249806355648,0.033164486580323,-0.007956978731223));
#6182=CARTESIAN_POINT('',(0.113393763738271,0.026339184854991,-0.012410326431629));
#6183=CARTESIAN_POINT('',(0.10880985021299,0.021948788898416,-0.016225478539368));
#6184=CARTESIAN_POINT('',(0.107837246342146,0.021026374548062,-0.017078451651199));
#6185=CARTESIAN_POINT('',(0.141307210303367,0.060430806853657,0.00006412387775));
#6186=CARTESIAN_POINT('',(0.141201374898283,0.060226531598793,0.0000419233489));
#6187=CARTESIAN_POINT('',(0.140379980517556,0.058697281951324,-0.00013205335733));
#6188=CARTESIAN_POINT('',(0.137713050331621,0.054749047659469,-0.00073639412949));
#6189=CARTESIAN_POINT('',(0.13281714635663,0.049167392558641,-0.002106105359009));
#6190=CARTESIAN_POINT('',(0.126679941343652,0.042961150925607,-0.004360265159718));
#6191=CARTESIAN_POINT('',(0.118477733821812,0.035205336919268,-0.008143008756846));
#6192=CARTESIAN_POINT('',(0.111318822087616,0.028866311828695,-0.012630818952575));
#6193=CARTESIAN_POINT('',(0.106542712572848,0.024829134451256,-0.016454210945609));
#6194=CARTESIAN_POINT('',(0.105529898694753,0.023983091683687,-0.017307822632342));
#6195=CARTESIAN_POINT('',(0.140635287171792,0.060785707356648,0.000013924523653));
#6196=CARTESIAN_POINT('',(0.14052521695778,0.060592231602456,-0.000007986679075));
#6197=CARTESIAN_POINT('',(0.139670944934338,0.059143858559965,-0.000179695474074));
#6198=CARTESIAN_POINT('',(0.136897002130978,0.055405073123849,-0.00077614401665));
#6199=CARTESIAN_POINT('',(0.131802716576393,0.050122733982771,-0.002127857376747));
#6200=CARTESIAN_POINT('',(0.125411653702601,0.044256476051729,-0.004351924759214));
#6201=CARTESIAN_POINT('',(0.11686112457483,0.036937685764098,-0.008083143595113));
#6202=CARTESIAN_POINT('',(0.109382137055444,0.030976860219522,-0.012507641547344));
#6203=CARTESIAN_POINT('',(0.104378882010992,0.027197854575044,-0.016274161837341));
#6204=CARTESIAN_POINT('',(0.103317203954764,0.026406831799226,-0.017114921835474));
#6205=CARTESIAN_POINT('',(0.139864161199997,0.061189075756164,-0.000007541986397));
#6206=CARTESIAN_POINT('',(0.139749157658815,0.061007822711683,-0.000028304893831));
#6207=CARTESIAN_POINT('',(0.138856568571987,0.059650930510845,-0.000191017916157));
#6208=CARTESIAN_POINT('',(0.135957516906474,0.056147867804713,-0.000756291145696));
#6209=CARTESIAN_POINT('',(0.130628413267971,0.051196398355793,-0.002037920657943));
#6210=CARTESIAN_POINT('',(0.12392908156816,0.045692545097715,-0.00414912764063));
#6211=CARTESIAN_POINT('',(0.114941642315042,0.038816673192905,-0.00769664346971));
#6212=CARTESIAN_POINT('',(0.107035955383141,0.033199586021082,-0.011916172898635));
#6213=CARTESIAN_POINT('',(0.10170707117282,0.029621659258831,-0.015527995033368));
#6214=CARTESIAN_POINT('',(0.100574187250645,0.028871775231525,-0.016335377021474));
#6215=CARTESIAN_POINT('',(0.139284420220132,0.061488850152031,0.000008641472155));
#6216=CARTESIAN_POINT('',(0.139165674574543,0.061316616941555,-0.000010525636695));
#6217=CARTESIAN_POINT('',(0.138244013445792,0.060027166613417,-0.000160739733471));
#6218=CARTESIAN_POINT('',(0.135249867301041,0.056696411123438,-0.000682761911638));
#6219=CARTESIAN_POINT('',(0.129741020357521,0.051979387221952,-0.001867683514578));
#6220=CARTESIAN_POINT('',(0.122802296917766,0.04671557018397,-0.003825142437158));
#6221=CARTESIAN_POINT('',(0.113469497777293,0.040104002866543,-0.007126756987178));
#6222=CARTESIAN_POINT('',(0.105216007635235,0.034640375773377,-0.011081678163502));
#6223=CARTESIAN_POINT('',(0.09961218557494,0.031105654148672,-0.014506761733409));
#6224=CARTESIAN_POINT('',(0.098418727653001,0.030361879898829,-0.015274624782974));
#6225=CARTESIAN_POINT('',(0.138994525716296,0.061637863842769,0.000024819227713));
#6226=CARTESIAN_POINT('',(0.138873908981639,0.061470093882357,0.000006632486127));
#6227=CARTESIAN_POINT('',(0.137937711510572,0.060213994035758,-0.000135903856648));
#6228=CARTESIAN_POINT('',(0.134896016042582,0.056967972289133,-0.000631379600218));
#6229=CARTESIAN_POINT('',(0.129297283437618,0.052363848176989,-0.00175710967939));
#6230=CARTESIAN_POINT('',(0.122238843812028,0.047210152017303,-0.00362114536237));
#6231=CARTESIAN_POINT('',(0.112733344177942,0.040709947232646,-0.006774744955958));
#6232=CARTESIAN_POINT('',(0.104305848781984,0.035291787972962,-0.010573382959143));
#6233=CARTESIAN_POINT('',(0.098564529141395,0.031747828063494,-0.013891720617731));
#6234=CARTESIAN_POINT('',(0.097340779887205,0.031000080842519,-0.014637195815188));
#6235=B_SPLINE_SURFACE_WITH_KNOTS('',3,3,((#6155,#6165,#6175,#6185,#6195,#6205,#6215,#6225),(#6156,#6166,#6176,#6186,#6196,#6206,#6216,#6226),(#6157,#6167,#6177,#6187,#6197,#6207,#6217,#6227),(#6158,#6168,#6178,#6188,#6198,#6208,#6218,#6228),(#6159,#6169,#6179,#6189,#6199,#6209,#6219,#6229),(#6160,#6170,#6180,#6190,#6200,#6210,#6220,#6230),(#6161,#6171,#6181,#6191,#6201,#6211,#6221,#6231),(#6162,#6172,#6182,#6192,#6202,#6212,#6222,#6232),(#6163,#6173,#6183,#6193,#6203,#6213,#6223,#6233),(#6164,#6174,#6184,#6194,#6204,#6214,#6224,#6234)),.UNSPECIFIED.,.F.,.F.,.U.,(4,1,1,1,1,1,1,4),(4,1,1,1,1,4),(0.06563489565955,0.067638729161204,0.080762571676979,0.107010256708528,0.133257941740077,0.159505626771626,0.212000996834724,0.22646148529284),(0.0,0.285714285714286,0.428571428571429,0.571428571428571,0.785714285714286,1.0),.UNSPECIFIED.);
#6236=CARTESIAN_POINT('',(0.141534890045786,0.056383074505681,-3.121984E-009));
#6237=VERTEX_POINT('',#6236);
#6238=CARTESIAN_POINT('',(0.138832099088756,0.061415441946783,0.000000071242949));
#6239=VERTEX_POINT('',#6238);
#6240=CARTESIAN_POINT('',(0.141534387295279,0.056383071116864,-8.537023E-020));
#6241=CARTESIAN_POINT('',(0.141534164408651,0.057710225992987,-8.530141E-020));
#6242=CARTESIAN_POINT('',(0.141371100023197,0.058817580903106,7.203115E-020));
#6243=CARTESIAN_POINT('',(0.14091751197634,0.060027058151156,7.203115E-020));
#6244=CARTESIAN_POINT('',(0.140723188427468,0.060404887422934,1.298460E-019));
#6245=CARTESIAN_POINT('',(0.140276785409428,0.060913967886439,1.268612E-019));
#6246=CARTESIAN_POINT('',(0.140069055413455,0.061081615597695,-1.067128E-019));
#6247=CARTESIAN_POINT('',(0.139679904860529,0.061273341205284,-1.067128E-019));
#6248=CARTESIAN_POINT('',(0.139527452570915,0.061325096432773,1.565541E-015));
#6249=CARTESIAN_POINT('',(0.13919237667392,0.061397668415107,1.565541E-015));
#6250=CARTESIAN_POINT('',(0.139012366760779,0.06141354467839,8.360296E-018));
#6251=CARTESIAN_POINT('',(0.138832128721368,0.061413554887156,-5.116979E-020));
#6252=B_SPLINE_CURVE_WITH_KNOTS('',3,(#6240,#6241,#6242,#6243,#6244,#6245,#6246,#6247,#6248,#6249,#6250,#6251),.UNSPECIFIED.,.F.,.U.,(4,2,2,2,2,4),(0.000002212475867,0.010115865473016,0.014735611060115,0.017816589440519,0.019661221437179,0.021708961927328),.UNSPECIFIED.);
#6253=EDGE_CURVE('',#6237,#6239,#6252,.T.);
#6254=ORIENTED_EDGE('',*,*,#6253,.F.);
#6255=CARTESIAN_POINT('',(0.110042507881013,0.017094709091368,-0.015745120233316));
#6256=VERTEX_POINT('',#6255);
#6257=CARTESIAN_POINT('',(0.141534849817774,0.056383071289202,0.000000106269963));
#6258=CARTESIAN_POINT('',(0.141199920502968,0.055752023050622,-0.000076867029884));
#6259=CARTESIAN_POINT('',(0.139278266824322,0.052337452458974,-0.000531539366458));
#6260=CARTESIAN_POINT('',(0.135339621967531,0.046672569878039,-0.001628069371036));
#6261=CARTESIAN_POINT('',(0.129751690597272,0.039536682887703,-0.003671339254302));
#6262=CARTESIAN_POINT('',(0.122226503386954,0.030536399339717,-0.007128169578043));
#6263=CARTESIAN_POINT('',(0.115555649412675,0.023035359535888,-0.011291491292691));
#6264=CARTESIAN_POINT('',(0.111011256872412,0.018129181199145,-0.014928083736153));
#6265=CARTESIAN_POINT('',(0.110043287467128,0.017094709236809,-0.015744462646982));
#6266=B_SPLINE_CURVE_WITH_KNOTS('',3,(#6257,#6258,#6259,#6260,#6261,#6262,#6263,#6264,#6265),.UNSPECIFIED.,.F.,.U.,(4,1,1,1,1,1,4),(0.074947577809871,0.080762571677042,0.10701025670858,0.133257941740118,0.159505626771656,0.212000996834731,0.226448727833555),.UNSPECIFIED.);
#6267=EDGE_CURVE('',#6237,#6256,#6266,.T.);
#6268=ORIENTED_EDGE('',*,*,#6267,.T.);
#6269=CARTESIAN_POINT('',(0.11004085225307,0.03901756389248,-0.008109185387879));
#6270=VERTEX_POINT('',#6269);
#6271=CARTESIAN_POINT('',(0.110039370078694,0.017094708505973,-0.015747766991492));
#6272=CARTESIAN_POINT('',(0.110039345840004,0.017936614994573,-0.015747753571985));
#6273=CARTESIAN_POINT('',(0.110039301249744,0.018790081645176,-0.01570121067823));
#6274=CARTESIAN_POINT('',(0.110039258339959,0.019644602887714,-0.015614547098222));
#6275=CARTESIAN_POINT('',(0.110039215430175,0.020499124130252,-0.015527883518214));
#6276=CARTESIAN_POINT('',(0.110039232257859,0.021354705277446,-0.015401118437593));
#6277=CARTESIAN_POINT('',(0.110039259652157,0.022202417780569,-0.015241423985976));
#6278=CARTESIAN_POINT('',(0.110039283097445,0.022927928719741,-0.015104750206664));
#6279=CARTESIAN_POINT('',(0.110039326012053,0.02364771237271,-0.014943974544028));
#6280=CARTESIAN_POINT('',(0.110039351208106,0.024357421510703,-0.01476350273141));
#6281=CARTESIAN_POINT('',(0.110039384891962,0.025306210618219,-0.014522235315141));
#6282=CARTESIAN_POINT('',(0.110039365163271,0.026236823067677,-0.014245920952176));
#6283=CARTESIAN_POINT('',(0.110039371677132,0.027142141185899,-0.013944765555799));
#6284=CARTESIAN_POINT('',(0.110039373299319,0.027367598132461,-0.013869766972714));
#6285=CARTESIAN_POINT('',(0.110039365803043,0.027591495174205,-0.013793224868722));
#6286=CARTESIAN_POINT('',(0.110039360881669,0.027813765935116,-0.013715267335123));
#6287=CARTESIAN_POINT('',(0.110039348531175,0.028371568195155,-0.013519628069524));
#6288=CARTESIAN_POINT('',(0.110039377376884,0.02891911862759,-0.013315083018521));
#6289=CARTESIAN_POINT('',(0.110039382381076,0.029455493865726,-0.013103635427971));
#6290=CARTESIAN_POINT('',(0.110039387377707,0.029991058618423,-0.012892507343581));
#6291=CARTESIAN_POINT('',(0.110039364013334,0.030515485547133,-0.012674496901936));
#6292=CARTESIAN_POINT('',(0.110039368565225,0.031028337450656,-0.012451174377399));
#6293=CARTESIAN_POINT('',(0.110039370388677,0.031233781953471,-0.0123617131027));
#6294=CARTESIAN_POINT('',(0.110039373392259,0.031437370027619,-0.012271398163205));
#6295=CARTESIAN_POINT('',(0.110039371027197,0.031639080687519,-0.012180332742661));
#6296=CARTESIAN_POINT('',(0.11003936275822,0.032344322444497,-0.011861940362128));
#6297=CARTESIAN_POINT('',(0.110039359834956,0.033026606537662,-0.011534416811703));
#6298=CARTESIAN_POINT('',(0.110039368083113,0.033685847135606,-0.011201207609956));
#6299=CARTESIAN_POINT('',(0.110039375153725,0.034250971516057,-0.010915568885209));
#6300=CARTESIAN_POINT('',(0.110039365399956,0.034799167305509,-0.010625738983532));
#6301=CARTESIAN_POINT('',(0.110039375108751,0.035330790524141,-0.010333277582544));
#6302=CARTESIAN_POINT('',(0.11003937672566,0.035419327434244,-0.010284570852175));
#6303=CARTESIAN_POINT('',(0.110039378071492,0.035507404711287,-0.010235790539768));
#6304=CARTESIAN_POINT('',(0.110039378394633,0.035595024380066,-0.0101869438401));
#6305=CARTESIAN_POINT('',(0.110039380658083,0.036208759657324,-0.009844795288509));
#6306=CARTESIAN_POINT('',(0.110039371514346,0.036800050952939,-0.009499430119726));
#6307=CARTESIAN_POINT('',(0.110039372909838,0.03736994182302,-0.009152724326542));
#6308=CARTESIAN_POINT('',(0.110039374305329,0.037939832693102,-0.008806018533359));
#6309=CARTESIAN_POINT('',(0.110039374672206,0.038488323848824,-0.008457964681486));
#6310=CARTESIAN_POINT('',(0.11003937007874,0.039016597743743,-0.008109822395209));
#6311=B_SPLINE_CURVE_WITH_KNOTS('',3,(#6271,#6272,#6273,#6274,#6275,#6276,#6277,#6278,#6279,#6280,#6281,#6282,#6283,#6284,#6285,#6286,#6287,#6288,#6289,#6290,#6291,#6292,#6293,#6294,#6295,#6296,#6297,#6298,#6299,#6300,#6301,#6302,#6303,#6304,#6305,#6306,#6307,#6308,#6309,#6310),.UNSPECIFIED.,.F.,.U.,(4,3,3,3,3,3,3,3,3,3,3,3,3,4),(3.930525E-009,0.006285977464627,0.012571950998729,0.017951773220931,0.025143898066933,0.026934997211461,0.031429871601035,0.035917954047245,0.037715845135137,0.044001818669239,0.049390377732607,0.05028779220334,0.056573765737442,0.062859739271544),.UNSPECIFIED.);
#6312=EDGE_CURVE('',#6256,#6270,#6311,.T.);
#6313=ORIENTED_EDGE('',*,*,#6312,.T.);
#6314=CARTESIAN_POINT('',(0.110040362901441,0.0390172449108,-0.008109395700909));
#6315=CARTESIAN_POINT('',(0.11172428588868,0.040114905483986,-0.007385691062099));
#6316=CARTESIAN_POINT('',(0.115791885621075,0.042801488602174,-0.005760025538428));
#6317=CARTESIAN_POINT('',(0.122238843812028,0.047210152017303,-0.00362114536237));
#6318=CARTESIAN_POINT('',(0.129297283437618,0.052363848176989,-0.00175710967939));
#6319=CARTESIAN_POINT('',(0.134896016042582,0.056967972289133,-0.000631379600218));
#6320=CARTESIAN_POINT('',(0.137872384204257,0.060144278359359,-0.000146545321585));
#6321=CARTESIAN_POINT('',(0.138763313796821,0.061322761377988,-0.00001024651059));
#6322=CARTESIAN_POINT('',(0.138832082636483,0.06141546606951,0.000000215754721));
#6323=B_SPLINE_CURVE_WITH_KNOTS('',3,(#6314,#6315,#6316,#6317,#6318,#6319,#6320,#6321,#6322),.UNSPECIFIED.,.F.,.U.,(4,1,1,1,1,1,4),(-0.178218603253889,-0.159505626771626,-0.133257941740077,-0.107010256708528,-0.080762571676979,-0.067638729161204,-0.066523525344417),.UNSPECIFIED.);
#6324=EDGE_CURVE('',#6270,#6239,#6323,.T.);
#6325=ORIENTED_EDGE('',*,*,#6324,.T.);
#6326=EDGE_LOOP('',(#6254,#6268,#6313,#6325));
#6327=FACE_OUTER_BOUND('',#6326,.T.);
#6328=ADVANCED_FACE('',(#6327),#6235,.T.);
#6329=CARTESIAN_POINT('',(0.152715242570837,0.067161171754262,-0.05085777657939));
#6330=DIRECTION('',(-1.0,0.0,0.0));
#6331=DIRECTION('',(0.0,-0.727610586583267,0.685990403935765));
#6332=AXIS2_PLACEMENT_3D('',#6329,#6330,#6331);
#6333=CYLINDRICAL_SURFACE('',#6332,0.051181102362205);
#6334=ORIENTED_EDGE('',*,*,#5978,.F.);
#6335=CARTESIAN_POINT('',(-0.08996062992126,0.059055118110236,-0.000322668651033));
#6336=VERTEX_POINT('',#6335);
#6337=CARTESIAN_POINT('',(-0.08996062992126,0.067161171754262,-0.05085777657939));
#6338=DIRECTION('',(1.0,0.0,0.0));
#6339=DIRECTION('',(0.0,0.727610586583267,-0.685990403935765));
#6340=AXIS2_PLACEMENT_3D('',#6337,#6338,#6339);
#6341=CIRCLE('',#6340,0.051181102362205);
#6342=EDGE_CURVE('',#6336,#5954,#6341,.T.);
#6343=ORIENTED_EDGE('',*,*,#6342,.F.);
#6344=CARTESIAN_POINT('',(-0.11003937007874,0.059055118110236,-0.000322668651033));
#6345=DIRECTION('',(1.0,0.0,0.0));
#6346=VECTOR('',#6345,0.02007874015748);
#6347=LINE('',#6344,#6346);
#6348=EDGE_CURVE('',#4641,#6336,#6347,.T.);
#6349=ORIENTED_EDGE('',*,*,#6348,.F.);
#6350=ORIENTED_EDGE('',*,*,#4647,.F.);
#6351=CARTESIAN_POINT('',(-0.138830584456216,0.061415757677345,-0.000000049131532));
#6352=VERTEX_POINT('',#6351);
#6353=CARTESIAN_POINT('',(-0.138830073586681,0.061414323008828,-0.000000147394596));
#6354=CARTESIAN_POINT('',(-0.138418306365984,0.06086048726026,-0.000062747589886));
#6355=CARTESIAN_POINT('',(-0.136467787706971,0.058515651145694,-0.000368275355568));
#6356=CARTESIAN_POINT('',(-0.132263405363836,0.054730477940357,-0.001129685108624));
#6357=CARTESIAN_POINT('',(-0.12441045099169,0.048689168888276,-0.002949853204279));
#6358=CARTESIAN_POINT('',(-0.116877370903285,0.043513209960222,-0.005310196908684));
#6359=CARTESIAN_POINT('',(-0.111442704767803,0.03993323069002,-0.00750607682104));
#6360=CARTESIAN_POINT('',(-0.110042701095384,0.039020655976741,-0.008106951628591));
#6361=B_SPLINE_CURVE_WITH_KNOTS('',3,(#6353,#6354,#6355,#6356,#6357,#6358,#6359,#6360),.UNSPECIFIED.,.F.,.U.,(4,1,1,1,1,4),(-0.303533900558193,-0.296873369123568,-0.274502900328251,-0.252132431532933,-0.207391493942298,-0.191752195456996),.UNSPECIFIED.);
#6362=EDGE_CURVE('',#6352,#4630,#6361,.T.);
#6363=ORIENTED_EDGE('',*,*,#6362,.F.);
#6364=CARTESIAN_POINT('',(0.138832099088756,0.061417322834646,0.0));
#6365=DIRECTION('',(-1.0,0.0,0.0));
#6366=VECTOR('',#6365,0.277662683544972);
#6367=LINE('',#6364,#6366);
#6368=EDGE_CURVE('',#6239,#6352,#6367,.T.);
#6369=ORIENTED_EDGE('',*,*,#6368,.F.);
#6370=ORIENTED_EDGE('',*,*,#6324,.F.);
#6371=CARTESIAN_POINT('',(0.11003937007874,0.059055118110236,-0.000322668651033));
#6372=VERTEX_POINT('',#6371);
#6373=CARTESIAN_POINT('',(0.11003937007874,0.067161171754262,-0.05085777657939));
#6374=DIRECTION('',(1.0,0.0,0.0));
#6375=DIRECTION('',(0.0,0.727610586583267,-0.685990403935765));
#6376=AXIS2_PLACEMENT_3D('',#6373,#6374,#6375);
#6377=CIRCLE('',#6376,0.051181102362205);
#6378=EDGE_CURVE('',#6372,#6270,#6377,.T.);
#6379=ORIENTED_EDGE('',*,*,#6378,.F.);
#6380=CARTESIAN_POINT('',(0.08996062992126,0.059055118110236,-0.000322668651033));
#6381=DIRECTION('',(1.0,0.0,0.0));
#6382=VECTOR('',#6381,0.02007874015748);
#6383=LINE('',#6380,#6382);
#6384=EDGE_CURVE('',#4184,#6372,#6383,.T.);
#6385=ORIENTED_EDGE('',*,*,#6384,.F.);
#6386=ORIENTED_EDGE('',*,*,#4190,.F.);
#6387=ORIENTED_EDGE('',*,*,#6150,.F.);
#6388=CARTESIAN_POINT('',(0.01003937007874,0.059055118110236,-0.000322668651033));
#6389=VERTEX_POINT('',#6388);
#6390=CARTESIAN_POINT('',(0.01003937007874,0.067161171754262,-0.05085777657939));
#6391=DIRECTION('',(1.0,0.0,0.0));
#6392=DIRECTION('',(0.0,0.727610586583267,-0.685990403935765));
#6393=AXIS2_PLACEMENT_3D('',#6390,#6391,#6392);
#6394=CIRCLE('',#6393,0.051181102362205);
#6395=EDGE_CURVE('',#6389,#6127,#6394,.T.);
#6396=ORIENTED_EDGE('',*,*,#6395,.F.);
#6397=CARTESIAN_POINT('',(-0.01003937007874,0.059055118110236,-0.000322668651033));
#6398=VERTEX_POINT('',#6397);
#6399=CARTESIAN_POINT('',(-0.01003937007874,0.059055118110236,-0.000322668651033));
#6400=DIRECTION('',(1.0,0.0,0.0));
#6401=VECTOR('',#6400,0.02007874015748);
#6402=LINE('',#6399,#6401);
#6403=EDGE_CURVE('',#6398,#6389,#6402,.T.);
#6404=ORIENTED_EDGE('',*,*,#6403,.F.);
#6405=CARTESIAN_POINT('',(-0.01003937007874,0.067161171754262,-0.05085777657939));
#6406=DIRECTION('',(-1.0,0.0,0.0));
#6407=DIRECTION('',(0.0,0.727610586583267,-0.685990403935765));
#6408=AXIS2_PLACEMENT_3D('',#6405,#6406,#6407);
#6409=CIRCLE('',#6408,0.051181102362205);
#6410=EDGE_CURVE('',#5942,#6398,#6409,.T.);
#6411=ORIENTED_EDGE('',*,*,#6410,.F.);
#6412=EDGE_LOOP('',(#6334,#6343,#6349,#6350,#6363,#6369,#6370,#6379,#6385,#6386,#6387,#6396,#6404,#6411));
#6413=FACE_OUTER_BOUND('',#6412,.T.);
#6414=ADVANCED_FACE('',(#6413),#6333,.F.);
#6415=CARTESIAN_POINT('',(-0.110039617273609,0.017089878368808,-0.015746179457084));
#6416=CARTESIAN_POINT('',(-0.111336938542722,0.018475891976354,-0.014650985352133));
#6417=CARTESIAN_POINT('',(-0.115693953941437,0.023195484666813,-0.01122448555729));
#6418=CARTESIAN_POINT('',(-0.123409890554711,0.031897461789453,-0.006432697180721));
#6419=CARTESIAN_POINT('',(-0.131470879614505,0.041584552401358,-0.002935499773317));
#6420=CARTESIAN_POINT('',(-0.137687801825787,0.049949441858086,-0.000940315514619));
#6421=CARTESIAN_POINT('',(-0.141076813446179,0.055285780784703,-0.000090512156946));
#6422=CARTESIAN_POINT('',(-0.142659543956349,0.058646566144321,0.000250642069494));
#6423=CARTESIAN_POINT('',(-0.143021988870769,0.059528246841472,0.000326239750331));
#6424=CARTESIAN_POINT('',(-0.109261853102333,0.018663666062986,-0.016402395967772));
#6425=CARTESIAN_POINT('',(-0.110552079009363,0.019989199524437,-0.015282905673518));
#6426=CARTESIAN_POINT('',(-0.114898758682925,0.024512418621433,-0.011769093029042));
#6427=CARTESIAN_POINT('',(-0.122665967674335,0.032900814243309,-0.006812021161182));
#6428=CARTESIAN_POINT('',(-0.130853000050754,0.042288439581297,-0.003166072987363));
#6429=CARTESIAN_POINT('',(-0.137192899988278,0.050414120262385,-0.001079482903778));
#6430=CARTESIAN_POINT('',(-0.140656274113548,0.055603868999605,-0.000189059388896));
#6431=CARTESIAN_POINT('',(-0.142275076888747,0.058874001523151,0.000168629271602));
#6432=CARTESIAN_POINT('',(-0.142645841107605,0.059731987312273,0.000247901945581));
#6433=CARTESIAN_POINT('',(-0.107835930869965,0.021024286295183,-0.017077589255807));
#6434=CARTESIAN_POINT('',(-0.1091383735132,0.022259150692272,-0.015934588693901));
#6435=CARTESIAN_POINT('',(-0.11353933225064,0.026487940915971,-0.012334883915443));
#6436=CARTESIAN_POINT('',(-0.121469163241164,0.034406020973035,-0.00721201617076));
#6437=CARTESIAN_POINT('',(-0.129892078039727,0.043344347959793,-0.003415806672344));
#6438=CARTESIAN_POINT('',(-0.136437022753842,0.05111118856783,-0.001237264669449));
#6439=CARTESIAN_POINT('',(-0.140018569806,0.056081027730313,-0.000305960799818));
#6440=CARTESIAN_POINT('',(-0.141693760324812,0.059215177506109,0.000068335323668));
#6441=CARTESIAN_POINT('',(-0.142077488970465,0.060037620209678,0.000151298230068));
#6442=CARTESIAN_POINT('',(-0.105528538936628,0.023981042057676,-0.017306824652054));
#6443=CARTESIAN_POINT('',(-0.106884831197609,0.025113679103337,-0.016163027251101));
#6444=CARTESIAN_POINT('',(-0.111471188988993,0.029005596187456,-0.012553859018839));
#6445=CARTESIAN_POINT('',(-0.119751163615575,0.036360268057805,-0.00739191983701));
#6446=CARTESIAN_POINT('',(-0.128559873716951,0.044731954845203,-0.003550919324119));
#6447=CARTESIAN_POINT('',(-0.135408754946933,0.052033678570863,-0.001343240959448));
#6448=CARTESIAN_POINT('',(-0.139157754936618,0.056714324957827,-0.000398582832547));
#6449=CARTESIAN_POINT('',(-0.14091146038523,0.059668452909212,-0.000018806852478));
#6450=CARTESIAN_POINT('',(-0.141313182581588,0.060443778211467,0.000065376272509));
#6451=CARTESIAN_POINT('',(-0.103315802213697,0.026404848948407,-0.017113922943322));
#6452=CARTESIAN_POINT('',(-0.104737528860604,0.027463832681726,-0.015987352025323));
#6453=CARTESIAN_POINT('',(-0.109540959822489,0.031108278162846,-0.012431650316101));
#6454=CARTESIAN_POINT('',(-0.11819100334162,0.038024575926982,-0.00734265186812));
#6455=CARTESIAN_POINT('',(-0.127370576650068,0.045928496293191,-0.003553474969256));
#6456=CARTESIAN_POINT('',(-0.134499665601042,0.052834828867094,-0.001375044548367));
#6457=CARTESIAN_POINT('',(-0.138399749774152,0.057265927922875,-0.000442749610323));
#6458=CARTESIAN_POINT('',(-0.140223704495224,0.060063660215443,-0.000067927045048));
#6459=CARTESIAN_POINT('',(-0.14064150023235,0.060797996211782,0.000015158960865));
#6460=CARTESIAN_POINT('',(-0.100572792839242,0.028869951507016,-0.016334588794929));
#6461=CARTESIAN_POINT('',(-0.102089857242823,0.029873849880921,-0.015252677764828));
#6462=CARTESIAN_POINT('',(-0.107202652372663,0.033322873603478,-0.011844601236888));
#6463=CARTESIAN_POINT('',(-0.116345870354948,0.039840196061284,-0.006990690437231));
#6464=CARTESIAN_POINT('',(-0.125985705980765,0.047262518864015,-0.003390777328947));
#6465=CARTESIAN_POINT('',(-0.133450509905238,0.05373894045433,-0.001324040674967));
#6466=CARTESIAN_POINT('',(-0.137528217131197,0.05789150006009,-0.000440323636375));
#6467=CARTESIAN_POINT('',(-0.139434128312941,0.060512632430741,-0.000085120352574));
#6468=CARTESIAN_POINT('',(-0.139870648818649,0.061200577314013,-0.000006387871535));
#6469=CARTESIAN_POINT('',(-0.09841731814215,0.030360244715884,-0.015274087835651));
#6470=CARTESIAN_POINT('',(-0.1000154852876,0.031355946548239,-0.014245027632486));
#6471=CARTESIAN_POINT('',(-0.105388808189071,0.034758773801485,-0.011016286117538));
#6472=CARTESIAN_POINT('',(-0.114934153620323,0.041097119673005,-0.006465741737629));
#6473=CARTESIAN_POINT('',(-0.124935578996375,0.048222186609702,-0.003121037374295));
#6474=CARTESIAN_POINT('',(-0.132659135477921,0.054402945576086,-0.001207460643178));
#6475=CARTESIAN_POINT('',(-0.136872266105403,0.058354757496646,-0.000390976875881));
#6476=CARTESIAN_POINT('',(-0.138840394061276,0.060846068878945,-0.000063017194456));
#6477=CARTESIAN_POINT('',(-0.139291117393633,0.061499778760186,0.000009665703624));
#6478=CARTESIAN_POINT('',(-0.097339382771611,0.030998570975879,-0.014636789056136));
#6479=CARTESIAN_POINT('',(-0.098978104374701,0.03199958080355,-0.013637664609514));
#6480=CARTESIAN_POINT('',(-0.104481702773077,0.035408175524438,-0.010511734972114));
#6481=CARTESIAN_POINT('',(-0.114228149021425,0.041692936779678,-0.006140278909278));
#6482=CARTESIAN_POINT('',(-0.12441045099169,0.048689168888276,-0.002949853204279));
#6483=CARTESIAN_POINT('',(-0.132263405363836,0.054730477940357,-0.001129685108624));
#6484=CARTESIAN_POINT('',(-0.136544262147489,0.058584500498469,-0.000354425905133));
#6485=CARTESIAN_POINT('',(-0.138543500686652,0.061011734369305,-0.00004319748803));
#6486=CARTESIAN_POINT('',(-0.139001325841708,0.061648503761692,0.000025768817295));
#6487=B_SPLINE_SURFACE_WITH_KNOTS('',3,3,((#6415,#6424,#6433,#6442,#6451,#6460,#6469,#6478),(#6416,#6425,#6434,#6443,#6452,#6461,#6470,#6479),(#6417,#6426,#6435,#6444,#6453,#6462,#6471,#6480),(#6418,#6427,#6436,#6445,#6454,#6463,#6472,#6481),(#6419,#6428,#6437,#6446,#6455,#6464,#6473,#6482),(#6420,#6429,#6438,#6447,#6456,#6465,#6474,#6483),(#6421,#6430,#6439,#6448,#6457,#6466,#6475,#6484),(#6422,#6431,#6440,#6449,#6458,#6467,#6476,#6485),(#6423,#6432,#6441,#6450,#6459,#6468,#6477,#6486)),.UNSPECIFIED.,.F.,.F.,.U.,(4,1,1,1,1,1,4),(4,1,1,1,1,4),(0.14324920725353,0.162650556351671,0.207391493942297,0.252132431532924,0.274502900328237,0.29687336912355,0.304468853249133),(0.0,0.285714285714286,0.428571428571429,0.571428571428571,0.785714285714286,1.0),.UNSPECIFIED.);
#6488=CARTESIAN_POINT('',(-0.141534989195054,0.056385480481352,0.000000019286061));
#6489=VERTEX_POINT('',#6488);
#6490=CARTESIAN_POINT('',(-0.138831043133707,0.06141562718856,-2.124494E-016));
#6491=CARTESIAN_POINT('',(-0.139238411078598,0.061415343170739,-0.000000017440385));
#6492=CARTESIAN_POINT('',(-0.139571260530923,0.061335639387931,-4.302299E-009));
#6493=CARTESIAN_POINT('',(-0.139860977089092,0.061185213169649,-1.488022E-009));
#6494=CARTESIAN_POINT('',(-0.140112077299328,0.061054837276485,9.511404E-010));
#6495=CARTESIAN_POINT('',(-0.140329688651775,0.060870985208662,3.104239E-010));
#6496=CARTESIAN_POINT('',(-0.140521257035556,0.060633409577903,-1.293511E-009));
#6497=CARTESIAN_POINT('',(-0.140550717217277,0.060596874210654,-1.540171E-009));
#6498=CARTESIAN_POINT('',(-0.140579549021888,0.060559062824106,-1.445994E-009));
#6499=CARTESIAN_POINT('',(-0.140607763209738,0.060519961662315,-1.380971E-009));
#6500=CARTESIAN_POINT('',(-0.140678335851657,0.060422157241914,-1.218327E-009));
#6501=CARTESIAN_POINT('',(-0.140745046356718,0.060316280284967,-2.545472E-009));
#6502=CARTESIAN_POINT('',(-0.140808042087639,0.060202145970043,-1.309244E-009));
#6503=CARTESIAN_POINT('',(-0.140871019234278,0.060088045325719,-7.338115E-011));
#6504=CARTESIAN_POINT('',(-0.140930283077377,0.059965693806454,3.776384E-009));
#6505=CARTESIAN_POINT('',(-0.140985818739876,0.059834693393847,4.152354E-009));
#6506=CARTESIAN_POINT('',(-0.141008044244303,0.059782266716659,4.302818E-009));
#6507=CARTESIAN_POINT('',(-0.141029672427561,0.059728455065355,4.105943E-009));
#6508=CARTESIAN_POINT('',(-0.141050701373714,0.059673233880642,4.268783E-009));
#6509=CARTESIAN_POINT('',(-0.141124276099427,0.059480029547465,4.838515E-009));
#6510=CARTESIAN_POINT('',(-0.141190517775592,0.059269570184645,3.152687E-009));
#6511=CARTESIAN_POINT('',(-0.141248938479899,0.05904013222659,1.314469E-009));
#6512=CARTESIAN_POINT('',(-0.141257282053478,0.059007364177873,1.051938E-009));
#6513=CARTESIAN_POINT('',(-0.141265466061468,0.058974209043481,9.412870E-010));
#6514=CARTESIAN_POINT('',(-0.141273487943172,0.058940659770885,9.047814E-010));
#6515=CARTESIAN_POINT('',(-0.141321634317738,0.058739301049257,6.856794E-010));
#6516=CARTESIAN_POINT('',(-0.141363940090682,0.058523746720291,-1.992628E-009));
#6517=CARTESIAN_POINT('',(-0.141399863993671,0.058292457162806,-7.146290E-010));
#6518=CARTESIAN_POINT('',(-0.141441773337987,0.058022631422979,7.763031E-010));
#6519=CARTESIAN_POINT('',(-0.141474994041073,0.057731399901141,2.368501E-009));
#6520=CARTESIAN_POINT('',(-0.141498064066369,0.057415038108348,8.406709E-010));
#6521=CARTESIAN_POINT('',(-0.141503683204976,0.057337982242967,4.685393E-010));
#6522=CARTESIAN_POINT('',(-0.141508700444148,0.057259434771535,6.922710E-010));
#6523=CARTESIAN_POINT('',(-0.141513085610107,0.057179321837008,8.588434E-010));
#6524=CARTESIAN_POINT('',(-0.141526704251618,0.056930521826784,1.376153E-009));
#6525=CARTESIAN_POINT('',(-0.141534230091027,0.056666640677419,-4.086370E-009));
#6526=CARTESIAN_POINT('',(-0.141534641382985,0.056385479972279,-2.444329E-013));
#6527=B_SPLINE_CURVE_WITH_KNOTS('',3,(#6490,#6491,#6492,#6493,#6494,#6495,#6496,#6497,#6498,#6499,#6500,#6501,#6502,#6503,#6504,#6505,#6506,#6507,#6508,#6509,#6510,#6511,#6512,#6513,#6514,#6515,#6516,#6517,#6518,#6519,#6520,#6521,#6522,#6523,#6524,#6525,#6526),.UNSPECIFIED.,.F.,.U.,(4,3,3,3,3,3,3,3,3,3,3,3,4),(0.0,0.003436656689293,0.006415241077586,0.006873300156126,0.008019051346983,0.009164464531418,0.00962286161638,0.011226671885776,0.011455726108042,0.012830482155173,0.01443429242457,0.014824930583252,0.016038102693966),.UNSPECIFIED.);
#6528=EDGE_CURVE('',#6352,#6489,#6527,.T.);
#6529=ORIENTED_EDGE('',*,*,#6528,.F.);
#6530=ORIENTED_EDGE('',*,*,#6362,.T.);
#6531=ORIENTED_EDGE('',*,*,#4638,.T.);
#6532=CARTESIAN_POINT('',(-0.110039617280211,0.01708987837586,-0.015746179451511));
#6533=CARTESIAN_POINT('',(-0.111336978845243,0.018475935034122,-0.014650951328648));
#6534=CARTESIAN_POINT('',(-0.11569391087716,0.023195436099235,-0.011224512301277));
#6535=CARTESIAN_POINT('',(-0.123409890554711,0.031897461789453,-0.006432697180721));
#6536=CARTESIAN_POINT('',(-0.131470879614505,0.041584552401358,-0.002935499773317));
#6537=CARTESIAN_POINT('',(-0.137565183943864,0.049784459091237,-0.000979667023216));
#6538=CARTESIAN_POINT('',(-0.140356077492551,0.054152017797649,-0.000271577973819));
#6539=CARTESIAN_POINT('',(-0.141534893135735,0.056385474942193,0.000000057858472));
#6540=B_SPLINE_CURVE_WITH_KNOTS('',3,(#6532,#6533,#6534,#6535,#6536,#6537,#6538,#6539),.UNSPECIFIED.,.F.,.U.,(4,1,1,1,1,4),(0.143248599553176,0.162650556351671,0.207391493942297,0.252132431532924,0.274502900328237,0.295108496147445),.UNSPECIFIED.);
#6541=EDGE_CURVE('',#4622,#6489,#6540,.T.);
#6542=ORIENTED_EDGE('',*,*,#6541,.T.);
#6543=EDGE_LOOP('',(#6529,#6530,#6531,#6542));
#6544=FACE_OUTER_BOUND('',#6543,.T.);
#6545=ADVANCED_FACE('',(#6544),#6487,.T.);
#6546=CARTESIAN_POINT('',(-0.158300508381201,0.062023917015032,-0.072900229360827));
#6547=DIRECTION('',(0.0,-1.0,0.0));
#6548=DIRECTION('',(-0.224122585727633,0.0,-0.974560960928951));
#6549=AXIS2_PLACEMENT_3D('',#6546,#6547,#6548);
#6550=CYLINDRICAL_SURFACE('',#6549,0.074803149606299);
#6551=ORIENTED_EDGE('',*,*,#5042,.F.);
#6552=CARTESIAN_POINT('',(-0.141535433070866,0.056385480481352,0.0));
#6553=DIRECTION('',(0.0,-1.0,0.0));
#6554=VECTOR('',#6553,0.112768743752003);
#6555=LINE('',#6552,#6554);
#6556=EDGE_CURVE('',#6489,#5015,#6555,.T.);
#6557=ORIENTED_EDGE('',*,*,#6556,.F.);
#6558=ORIENTED_EDGE('',*,*,#6541,.F.);
#6559=ORIENTED_EDGE('',*,*,#4627,.F.);
#6560=EDGE_LOOP('',(#6551,#6557,#6558,#6559));
#6561=FACE_OUTER_BOUND('',#6560,.T.);
#6562=ADVANCED_FACE('',(#6561),#6550,.F.);
#6563=CARTESIAN_POINT('',(-0.111043307086614,0.059055118110236,-0.078527173654062));
#6564=DIRECTION('',(0.0,1.0,0.0));
#6565=DIRECTION('',(0.0,0.0,1.0));
#6566=AXIS2_PLACEMENT_3D('',#6563,#6564,#6565);
#6567=PLANE('',#6566);
#6568=ORIENTED_EDGE('',*,*,#6348,.T.);
#6569=CARTESIAN_POINT('',(-0.08996062992126,0.059055118110236,-0.074803149606299));
#6570=VERTEX_POINT('',#6569);
#6571=CARTESIAN_POINT('',(-0.08996062992126,0.059055118110236,-0.000322668651033));
#6572=DIRECTION('',(0.0,0.0,-1.0));
#6573=VECTOR('',#6572,0.074480480955266);
#6574=LINE('',#6571,#6573);
#6575=EDGE_CURVE('',#6336,#6570,#6574,.T.);
#6576=ORIENTED_EDGE('',*,*,#6575,.T.);
#6577=CARTESIAN_POINT('',(-0.08996062992126,0.059055118110236,-0.074803149606299));
#6578=DIRECTION('',(-1.0,0.0,0.0));
#6579=VECTOR('',#6578,0.02007874015748);
#6580=LINE('',#6577,#6579);
#6581=EDGE_CURVE('',#6570,#4650,#6580,.T.);
#6582=ORIENTED_EDGE('',*,*,#6581,.T.);
#6583=ORIENTED_EDGE('',*,*,#4655,.F.);
#6584=EDGE_LOOP('',(#6568,#6576,#6582,#6583));
#6585=FACE_OUTER_BOUND('',#6584,.T.);
#6586=ADVANCED_FACE('',(#6585),#6567,.T.);
#6587=CARTESIAN_POINT('',(-0.08996062992126,-0.107125984251969,0.00340135539673));
#6588=DIRECTION('',(1.0,0.0,0.0));
#6589=DIRECTION('',(0.0,0.0,-1.0));
#6590=AXIS2_PLACEMENT_3D('',#6587,#6588,#6589);
#6591=PLANE('',#6590);
#6592=ORIENTED_EDGE('',*,*,#4281,.F.);
#6593=CARTESIAN_POINT('',(-0.08996062992126,-0.099212598425197,-0.074803149606299));
#6594=DIRECTION('',(0.0,1.0,0.0));
#6595=VECTOR('',#6594,0.158267716535433);
#6596=LINE('',#6593,#6595);
#6597=EDGE_CURVE('',#4267,#6570,#6596,.T.);
#6598=ORIENTED_EDGE('',*,*,#6597,.T.);
#6599=ORIENTED_EDGE('',*,*,#6575,.F.);
#6600=ORIENTED_EDGE('',*,*,#6342,.T.);
#6601=ORIENTED_EDGE('',*,*,#5962,.F.);
#6602=ORIENTED_EDGE('',*,*,#5770,.T.);
#6603=ORIENTED_EDGE('',*,*,#5712,.F.);
#6604=ORIENTED_EDGE('',*,*,#5081,.T.);
#6605=CARTESIAN_POINT('',(-0.08996062992126,-0.059055118110236,-0.000322668651033));
#6606=DIRECTION('',(0.0,0.0,-1.0));
#6607=VECTOR('',#6606,0.037813757868861);
#6608=LINE('',#6605,#6607);
#6609=EDGE_CURVE('',#5067,#4397,#6608,.T.);
#6610=ORIENTED_EDGE('',*,*,#6609,.T.);
#6611=ORIENTED_EDGE('',*,*,#4402,.T.);
#6612=EDGE_LOOP('',(#6592,#6598,#6599,#6600,#6601,#6602,#6603,#6604,#6610,#6611));
#6613=FACE_OUTER_BOUND('',#6612,.T.);
#6614=ADVANCED_FACE('',(#6613),#6591,.T.);
#6615=CARTESIAN_POINT('',(0.11003937007874,-0.107125984251969,0.00340135539673));
#6616=DIRECTION('',(1.0,0.0,0.0));
#6617=DIRECTION('',(0.0,0.0,-1.0));
#6618=AXIS2_PLACEMENT_3D('',#6615,#6616,#6617);
#6619=PLANE('',#6618);
#6620=ORIENTED_EDGE('',*,*,#4474,.F.);
#6621=ORIENTED_EDGE('',*,*,#4102,.T.);
#6622=CARTESIAN_POINT('',(0.11003937007874,0.059055118110236,-0.000322668651033));
#6623=DIRECTION('',(0.0,0.0,-1.0));
#6624=VECTOR('',#6623,0.074480480955266);
#6625=LINE('',#6622,#6624);
#6626=EDGE_CURVE('',#6372,#4089,#6625,.T.);
#6627=ORIENTED_EDGE('',*,*,#6626,.F.);
#6628=ORIENTED_EDGE('',*,*,#6378,.T.);
#6629=ORIENTED_EDGE('',*,*,#6312,.F.);
#6630=CARTESIAN_POINT('',(0.110039370078735,0.017094708527416,-0.015748031496067));
#6631=DIRECTION('',(0.0,-1.0,0.0));
#6632=VECTOR('',#6631,0.034186273156006);
#6633=LINE('',#6630,#6632);
#6634=EDGE_CURVE('',#6256,#5305,#6633,.T.);
#6635=ORIENTED_EDGE('',*,*,#6634,.T.);
#6636=ORIENTED_EDGE('',*,*,#5313,.F.);
#6637=ORIENTED_EDGE('',*,*,#5152,.T.);
#6638=ORIENTED_EDGE('',*,*,#4929,.T.);
#6639=ORIENTED_EDGE('',*,*,#4247,.T.);
#6640=EDGE_LOOP('',(#6620,#6621,#6627,#6628,#6629,#6635,#6636,#6637,#6638,#6639));
#6641=FACE_OUTER_BOUND('',#6640,.T.);
#6642=ADVANCED_FACE('',(#6641),#6619,.T.);
#6643=CARTESIAN_POINT('',(-0.111043307086614,-0.059055118110236,0.00156801924241));
#6644=DIRECTION('',(0.0,-1.0,0.0));
#6645=DIRECTION('',(0.0,0.0,-1.0));
#6646=AXIS2_PLACEMENT_3D('',#6643,#6644,#6645);
#6647=PLANE('',#6646);
#6648=ORIENTED_EDGE('',*,*,#4410,.T.);
#6649=ORIENTED_EDGE('',*,*,#6609,.F.);
#6650=ORIENTED_EDGE('',*,*,#5072,.T.);
#6651=ORIENTED_EDGE('',*,*,#4562,.T.);
#6652=EDGE_LOOP('',(#6648,#6649,#6650,#6651));
#6653=FACE_OUTER_BOUND('',#6652,.T.);
#6654=ADVANCED_FACE('',(#6653),#6647,.T.);
#6655=CARTESIAN_POINT('',(-0.125001821914726,-0.126968503937008,-0.074803149606299));
#6656=DIRECTION('',(0.0,0.0,1.0));
#6657=DIRECTION('',(1.0,0.0,0.0));
#6658=AXIS2_PLACEMENT_3D('',#6655,#6656,#6657);
#6659=PLANE('',#6658);
#6660=ORIENTED_EDGE('',*,*,#4273,.F.);
#6661=ORIENTED_EDGE('',*,*,#4731,.F.);
#6662=ORIENTED_EDGE('',*,*,#4538,.F.);
#6663=ORIENTED_EDGE('',*,*,#4661,.F.);
#6664=ORIENTED_EDGE('',*,*,#6581,.F.);
#6665=ORIENTED_EDGE('',*,*,#6597,.F.);
#6666=EDGE_LOOP('',(#6660,#6661,#6662,#6663,#6664,#6665));
#6667=FACE_OUTER_BOUND('',#6666,.T.);
#6668=ADVANCED_FACE('',(#6667),#6659,.F.);
#6669=CARTESIAN_POINT('',(0.158300508381201,0.062021532457077,-0.072900229360827));
#6670=DIRECTION('',(0.0,-1.0,0.0));
#6671=DIRECTION('',(0.44721359549996,0.0,-0.894427190999915));
#6672=AXIS2_PLACEMENT_3D('',#6669,#6670,#6671);
#6673=CYLINDRICAL_SURFACE('',#6672,0.074803149606299);
#6674=ORIENTED_EDGE('',*,*,#5327,.F.);
#6675=ORIENTED_EDGE('',*,*,#6634,.F.);
#6676=ORIENTED_EDGE('',*,*,#6267,.F.);
#6677=CARTESIAN_POINT('',(0.141535433070866,-0.056386976135795,0.0));
#6678=DIRECTION('',(0.0,1.0,0.0));
#6679=VECTOR('',#6678,0.112770050641476);
#6680=LINE('',#6677,#6679);
#6681=EDGE_CURVE('',#5287,#6237,#6680,.T.);
#6682=ORIENTED_EDGE('',*,*,#6681,.F.);
#6683=EDGE_LOOP('',(#6674,#6675,#6676,#6682));
#6684=FACE_OUTER_BOUND('',#6683,.T.);
#6685=ADVANCED_FACE('',(#6684),#6673,.F.);
#6686=CARTESIAN_POINT('',(0.088956692913386,0.059055118110236,-0.078527173654062));
#6687=DIRECTION('',(0.0,1.0,0.0));
#6688=DIRECTION('',(0.0,0.0,1.0));
#6689=AXIS2_PLACEMENT_3D('',#6686,#6687,#6688);
#6690=PLANE('',#6689);
#6691=ORIENTED_EDGE('',*,*,#6384,.T.);
#6692=ORIENTED_EDGE('',*,*,#6626,.T.);
#6693=ORIENTED_EDGE('',*,*,#4094,.T.);
#6694=ORIENTED_EDGE('',*,*,#4196,.F.);
#6695=EDGE_LOOP('',(#6691,#6692,#6693,#6694));
#6696=FACE_OUTER_BOUND('',#6695,.T.);
#6697=ADVANCED_FACE('',(#6696),#6690,.T.);
#6698=CARTESIAN_POINT('',(-0.01003937007874,-0.149291338582678,-0.078527173654062));
#6699=DIRECTION('',(-1.0,0.0,0.0));
#6700=DIRECTION('',(0.0,0.0,1.0));
#6701=AXIS2_PLACEMENT_3D('',#6698,#6699,#6700);
#6702=PLANE('',#6701);
#6703=CARTESIAN_POINT('',(-0.01003937007874,0.059055118110236,-0.074803149606299));
#6704=VERTEX_POINT('',#6703);
#6705=CARTESIAN_POINT('',(-0.01003937007874,0.059055118110236,-0.000322668651033));
#6706=DIRECTION('',(0.0,0.0,-1.0));
#6707=VECTOR('',#6706,0.074480480955266);
#6708=LINE('',#6705,#6707);
#6709=EDGE_CURVE('',#6398,#6704,#6708,.T.);
#6710=ORIENTED_EDGE('',*,*,#6709,.T.);
#6711=CARTESIAN_POINT('',(-0.01003937007874,0.059055118110236,-0.074803149606299));
#6712=DIRECTION('',(0.0,-1.0,0.0));
#6713=VECTOR('',#6712,0.177165354330708);
#6714=LINE('',#6711,#6713);
#6715=EDGE_CURVE('',#6704,#4760,#6714,.T.);
#6716=ORIENTED_EDGE('',*,*,#6715,.T.);
#6717=ORIENTED_EDGE('',*,*,#4765,.T.);
#6718=ORIENTED_EDGE('',*,*,#4842,.T.);
#6719=ORIENTED_EDGE('',*,*,#4857,.T.);
#6720=ORIENTED_EDGE('',*,*,#4811,.F.);
#6721=CARTESIAN_POINT('',(-0.01003937007874,-0.059055118110236,-0.000322668651033));
#6722=DIRECTION('',(0.0,0.0,-1.0));
#6723=VECTOR('',#6722,0.037813757868861);
#6724=LINE('',#6721,#6723);
#6725=EDGE_CURVE('',#5102,#4800,#6724,.T.);
#6726=ORIENTED_EDGE('',*,*,#6725,.F.);
#6727=ORIENTED_EDGE('',*,*,#5108,.T.);
#6728=ORIENTED_EDGE('',*,*,#5752,.F.);
#6729=ORIENTED_EDGE('',*,*,#5795,.T.);
#6730=ORIENTED_EDGE('',*,*,#5950,.F.);
#6731=ORIENTED_EDGE('',*,*,#6410,.T.);
#6732=EDGE_LOOP('',(#6710,#6716,#6717,#6718,#6719,#6720,#6726,#6727,#6728,#6729,#6730,#6731));
#6733=FACE_OUTER_BOUND('',#6732,.T.);
#6734=ADVANCED_FACE('',(#6733),#6702,.T.);
#6735=CARTESIAN_POINT('',(-0.011043307086614,-0.059055118110236,0.00156801924241));
#6736=DIRECTION('',(0.0,-1.0,0.0));
#6737=DIRECTION('',(0.0,0.0,-1.0));
#6738=AXIS2_PLACEMENT_3D('',#6735,#6736,#6737);
#6739=PLANE('',#6738);
#6740=ORIENTED_EDGE('',*,*,#4805,.T.);
#6741=CARTESIAN_POINT('',(0.01003937007874,-0.059055118110236,-0.000322668651033));
#6742=DIRECTION('',(0.0,0.0,-1.0));
#6743=VECTOR('',#6742,0.037813757868861);
#6744=LINE('',#6741,#6743);
#6745=EDGE_CURVE('',#5111,#4792,#6744,.T.);
#6746=ORIENTED_EDGE('',*,*,#6745,.F.);
#6747=ORIENTED_EDGE('',*,*,#5116,.T.);
#6748=ORIENTED_EDGE('',*,*,#6725,.T.);
#6749=EDGE_LOOP('',(#6740,#6746,#6747,#6748));
#6750=FACE_OUTER_BOUND('',#6749,.T.);
#6751=ADVANCED_FACE('',(#6750),#6739,.T.);
#6752=CARTESIAN_POINT('',(0.01003937007874,-0.149291338582678,0.00340135539673));
#6753=DIRECTION('',(1.0,0.0,0.0));
#6754=DIRECTION('',(0.0,0.0,-1.0));
#6755=AXIS2_PLACEMENT_3D('',#6752,#6753,#6754);
#6756=PLANE('',#6755);
#6757=ORIENTED_EDGE('',*,*,#6745,.T.);
#6758=ORIENTED_EDGE('',*,*,#4797,.T.);
#6759=ORIENTED_EDGE('',*,*,#4864,.T.);
#6760=ORIENTED_EDGE('',*,*,#4828,.F.);
#6761=ORIENTED_EDGE('',*,*,#4749,.T.);
#6762=CARTESIAN_POINT('',(0.01003937007874,0.059055118110236,-0.074803149606299));
#6763=VERTEX_POINT('',#6762);
#6764=CARTESIAN_POINT('',(0.01003937007874,-0.118110236220472,-0.074803149606299));
#6765=DIRECTION('',(0.0,1.0,0.0));
#6766=VECTOR('',#6765,0.177165354330708);
#6767=LINE('',#6764,#6766);
#6768=EDGE_CURVE('',#4744,#6763,#6767,.T.);
#6769=ORIENTED_EDGE('',*,*,#6768,.T.);
#6770=CARTESIAN_POINT('',(0.01003937007874,0.059055118110236,-0.000322668651033));
#6771=DIRECTION('',(0.0,0.0,-1.0));
#6772=VECTOR('',#6771,0.074480480955266);
#6773=LINE('',#6770,#6772);
#6774=EDGE_CURVE('',#6389,#6763,#6773,.T.);
#6775=ORIENTED_EDGE('',*,*,#6774,.F.);
#6776=ORIENTED_EDGE('',*,*,#6395,.T.);
#6777=ORIENTED_EDGE('',*,*,#6135,.F.);
#6778=ORIENTED_EDGE('',*,*,#5529,.T.);
#6779=ORIENTED_EDGE('',*,*,#5492,.F.);
#6780=ORIENTED_EDGE('',*,*,#5125,.T.);
#6781=EDGE_LOOP('',(#6757,#6758,#6759,#6760,#6761,#6769,#6775,#6776,#6777,#6778,#6779,#6780));
#6782=FACE_OUTER_BOUND('',#6781,.T.);
#6783=ADVANCED_FACE('',(#6782),#6756,.T.);
#6784=CARTESIAN_POINT('',(-0.011043307086614,0.059055118110236,-0.078527173654062));
#6785=DIRECTION('',(0.0,1.0,0.0));
#6786=DIRECTION('',(0.0,0.0,1.0));
#6787=AXIS2_PLACEMENT_3D('',#6784,#6785,#6786);
#6788=PLANE('',#6787);
#6789=ORIENTED_EDGE('',*,*,#6403,.T.);
#6790=ORIENTED_EDGE('',*,*,#6774,.T.);
#6791=CARTESIAN_POINT('',(0.01003937007874,0.059055118110236,-0.074803149606299));
#6792=DIRECTION('',(-1.0,0.0,0.0));
#6793=VECTOR('',#6792,0.02007874015748);
#6794=LINE('',#6791,#6793);
#6795=EDGE_CURVE('',#6763,#6704,#6794,.T.);
#6796=ORIENTED_EDGE('',*,*,#6795,.T.);
#6797=ORIENTED_EDGE('',*,*,#6709,.F.);
#6798=EDGE_LOOP('',(#6789,#6790,#6796,#6797));
#6799=FACE_OUTER_BOUND('',#6798,.T.);
#6800=ADVANCED_FACE('',(#6799),#6788,.T.);
#6801=CARTESIAN_POINT('',(-0.011043307086614,-0.126968503937007,-0.074803149606299));
#6802=DIRECTION('',(0.0,0.0,1.0));
#6803=DIRECTION('',(1.0,0.0,0.0));
#6804=AXIS2_PLACEMENT_3D('',#6801,#6802,#6803);
#6805=PLANE('',#6804);
#6806=ORIENTED_EDGE('',*,*,#6715,.F.);
#6807=ORIENTED_EDGE('',*,*,#6795,.F.);
#6808=ORIENTED_EDGE('',*,*,#6768,.F.);
#6809=ORIENTED_EDGE('',*,*,#4771,.T.);
#6810=EDGE_LOOP('',(#6806,#6807,#6808,#6809));
#6811=FACE_OUTER_BOUND('',#6810,.T.);
#6812=ADVANCED_FACE('',(#6811),#6805,.F.);
#6813=CARTESIAN_POINT('',(-0.104822834645669,-0.089645669291339,0.252504582597346));
#6814=DIRECTION('',(-0.779243696554695,0.0,-0.62672103952219));
#6815=DIRECTION('',(-0.62672103952219,0.0,0.779243696554695));
#6816=AXIS2_PLACEMENT_3D('',#6813,#6814,#6815);
#6817=PLANE('',#6816);
#6818=CARTESIAN_POINT('',(-0.115157480314961,-0.059055118110236,0.265354330708661));
#6819=VERTEX_POINT('',#6818);
#6820=CARTESIAN_POINT('',(-0.105314960629921,-0.059055118110236,0.253116475364552));
#6821=VERTEX_POINT('',#6820);
#6822=CARTESIAN_POINT('',(-0.115157480314961,-0.059055118110236,0.265354330708661));
#6823=DIRECTION('',(0.62672103952219,0.0,-0.779243696554695));
#6824=VECTOR('',#6823,0.015704785804771);
#6825=LINE('',#6822,#6824);
#6826=EDGE_CURVE('',#6819,#6821,#6825,.T.);
#6827=ORIENTED_EDGE('',*,*,#6826,.F.);
#6828=CARTESIAN_POINT('',(-0.115157480314961,-0.088188976377953,0.265354330708661));
#6829=VERTEX_POINT('',#6828);
#6830=CARTESIAN_POINT('',(-0.115157480314961,-0.088188976377953,0.265354330708661));
#6831=DIRECTION('',(0.0,1.0,0.0));
#6832=VECTOR('',#6831,0.029133858267717);
#6833=LINE('',#6830,#6832);
#6834=EDGE_CURVE('',#6829,#6819,#6833,.T.);
#6835=ORIENTED_EDGE('',*,*,#6834,.F.);
#6836=CARTESIAN_POINT('',(-0.105314960629921,-0.088188976377953,0.253116475364552));
#6837=VERTEX_POINT('',#6836);
#6838=CARTESIAN_POINT('',(-0.105314960629921,-0.088188976377953,0.253116475364552));
#6839=DIRECTION('',(-0.62672103952219,-1.767332E-015,0.779243696554695));
#6840=VECTOR('',#6839,0.015704785804771);
#6841=LINE('',#6838,#6840);
#6842=EDGE_CURVE('',#6837,#6829,#6841,.T.);
#6843=ORIENTED_EDGE('',*,*,#6842,.F.);
#6844=CARTESIAN_POINT('',(-0.105314960629921,-0.088188976377953,0.253116475364552));
#6845=DIRECTION('',(0.0,1.0,0.0));
#6846=VECTOR('',#6845,0.029133858267717);
#6847=LINE('',#6844,#6846);
#6848=EDGE_CURVE('',#6837,#6821,#6847,.T.);
#6849=ORIENTED_EDGE('',*,*,#6848,.T.);
#6850=EDGE_LOOP('',(#6827,#6835,#6843,#6849));
#6851=FACE_OUTER_BOUND('',#6850,.T.);
#6852=ADVANCED_FACE('',(#6851),#6817,.F.);
#6853=CARTESIAN_POINT('',(-0.104822834645669,0.05759842519685,0.252504582597346));
#6854=DIRECTION('',(-0.779243696554695,0.0,-0.62672103952219));
#6855=DIRECTION('',(-0.62672103952219,0.0,0.779243696554695));
#6856=AXIS2_PLACEMENT_3D('',#6853,#6854,#6855);
#6857=PLANE('',#6856);
#6858=CARTESIAN_POINT('',(-0.105314960629921,0.059055118110236,0.253116475364552));
#6859=VERTEX_POINT('',#6858);
#6860=CARTESIAN_POINT('',(-0.115157480314961,0.059055118110236,0.265354330708661));
#6861=VERTEX_POINT('',#6860);
#6862=CARTESIAN_POINT('',(-0.105314960629921,0.059055118110236,0.253116475364552));
#6863=DIRECTION('',(-0.62672103952219,0.0,0.779243696554695));
#6864=VECTOR('',#6863,0.015704785804771);
#6865=LINE('',#6862,#6864);
#6866=EDGE_CURVE('',#6859,#6861,#6865,.T.);
#6867=ORIENTED_EDGE('',*,*,#6866,.F.);
#6868=CARTESIAN_POINT('',(-0.105314960629921,0.088188976377953,0.253116475364552));
#6869=VERTEX_POINT('',#6868);
#6870=CARTESIAN_POINT('',(-0.105314960629921,0.059055118110236,0.253116475364552));
#6871=DIRECTION('',(0.0,1.0,0.0));
#6872=VECTOR('',#6871,0.029133858267717);
#6873=LINE('',#6870,#6872);
#6874=EDGE_CURVE('',#6859,#6869,#6873,.T.);
#6875=ORIENTED_EDGE('',*,*,#6874,.T.);
#6876=CARTESIAN_POINT('',(-0.115157480314961,0.088188976377953,0.265354330708661));
#6877=VERTEX_POINT('',#6876);
#6878=CARTESIAN_POINT('',(-0.115157480314961,0.088188976377953,0.265354330708661));
#6879=DIRECTION('',(0.62672103952219,-8.836662E-016,-0.779243696554695));
#6880=VECTOR('',#6879,0.015704785804771);
#6881=LINE('',#6878,#6880);
#6882=EDGE_CURVE('',#6877,#6869,#6881,.T.);
#6883=ORIENTED_EDGE('',*,*,#6882,.F.);
#6884=CARTESIAN_POINT('',(-0.115157480314961,0.059055118110236,0.265354330708661));
#6885=DIRECTION('',(0.0,1.0,0.0));
#6886=VECTOR('',#6885,0.029133858267717);
#6887=LINE('',#6884,#6886);
#6888=EDGE_CURVE('',#6861,#6877,#6887,.T.);
#6889=ORIENTED_EDGE('',*,*,#6888,.F.);
#6890=EDGE_LOOP('',(#6867,#6875,#6883,#6889));
#6891=FACE_OUTER_BOUND('',#6890,.T.);
#6892=ADVANCED_FACE('',(#6891),#6857,.F.);
#6893=CARTESIAN_POINT('',(0.115846456692913,-0.089645669291339,0.253116475364552));
#6894=DIRECTION('',(0.0,0.0,-1.0));
#6895=DIRECTION('',(-1.0,0.0,0.0));
#6896=AXIS2_PLACEMENT_3D('',#6893,#6894,#6895);
#6897=PLANE('',#6896);
#6898=CARTESIAN_POINT('',(0.105314960629921,-0.059055118110236,0.253116475364552));
#6899=VERTEX_POINT('',#6898);
#6900=CARTESIAN_POINT('',(-0.105314960629921,-0.059055118110236,0.253116475364552));
#6901=DIRECTION('',(1.0,0.0,0.0));
#6902=VECTOR('',#6901,0.210629921259842);
#6903=LINE('',#6900,#6902);
#6904=EDGE_CURVE('',#6821,#6899,#6903,.T.);
#6905=ORIENTED_EDGE('',*,*,#6904,.F.);
#6906=ORIENTED_EDGE('',*,*,#6848,.F.);
#6907=CARTESIAN_POINT('',(0.105314960629921,-0.088188976377953,0.253116475364552));
#6908=VERTEX_POINT('',#6907);
#6909=CARTESIAN_POINT('',(0.105314960629921,-0.088188976377953,0.253116475364552));
#6910=DIRECTION('',(-1.0,0.0,0.0));
#6911=VECTOR('',#6910,0.210629921259842);
#6912=LINE('',#6909,#6911);
#6913=EDGE_CURVE('',#6908,#6837,#6912,.T.);
#6914=ORIENTED_EDGE('',*,*,#6913,.F.);
#6915=CARTESIAN_POINT('',(0.105314960629921,-0.088188976377953,0.253116475364552));
#6916=DIRECTION('',(0.0,1.0,0.0));
#6917=VECTOR('',#6916,0.029133858267717);
#6918=LINE('',#6915,#6917);
#6919=EDGE_CURVE('',#6908,#6899,#6918,.T.);
#6920=ORIENTED_EDGE('',*,*,#6919,.T.);
#6921=EDGE_LOOP('',(#6905,#6906,#6914,#6920));
#6922=FACE_OUTER_BOUND('',#6921,.T.);
#6923=ADVANCED_FACE('',(#6922),#6897,.F.);
#6924=CARTESIAN_POINT('',(0.115649606299213,-0.089645669291339,0.265966223475866));
#6925=DIRECTION('',(0.779243696554695,0.0,-0.62672103952219));
#6926=DIRECTION('',(-0.62672103952219,0.0,-0.779243696554695));
#6927=AXIS2_PLACEMENT_3D('',#6924,#6925,#6926);
#6928=PLANE('',#6927);
#6929=CARTESIAN_POINT('',(0.115157480314961,-0.059055118110236,0.265354330708661));
#6930=VERTEX_POINT('',#6929);
#6931=CARTESIAN_POINT('',(0.105314960629921,-0.059055118110236,0.253116475364552));
#6932=DIRECTION('',(0.62672103952219,0.0,0.779243696554695));
#6933=VECTOR('',#6932,0.015704785804771);
#6934=LINE('',#6931,#6933);
#6935=EDGE_CURVE('',#6899,#6930,#6934,.T.);
#6936=ORIENTED_EDGE('',*,*,#6935,.F.);
#6937=ORIENTED_EDGE('',*,*,#6919,.F.);
#6938=CARTESIAN_POINT('',(0.115157480314961,-0.088188976377953,0.265354330708661));
#6939=VERTEX_POINT('',#6938);
#6940=CARTESIAN_POINT('',(0.115157480314961,-0.088188976377953,0.265354330708661));
#6941=DIRECTION('',(-0.62672103952219,-8.836662E-016,-0.779243696554695));
#6942=VECTOR('',#6941,0.015704785804771);
#6943=LINE('',#6940,#6942);
#6944=EDGE_CURVE('',#6939,#6908,#6943,.T.);
#6945=ORIENTED_EDGE('',*,*,#6944,.F.);
#6946=CARTESIAN_POINT('',(0.115157480314961,-0.059055118110236,0.265354330708661));
#6947=DIRECTION('',(0.0,-1.0,0.0));
#6948=VECTOR('',#6947,0.029133858267717);
#6949=LINE('',#6946,#6948);
#6950=EDGE_CURVE('',#6930,#6939,#6949,.T.);
#6951=ORIENTED_EDGE('',*,*,#6950,.F.);
#6952=EDGE_LOOP('',(#6936,#6937,#6945,#6951));
#6953=FACE_OUTER_BOUND('',#6952,.T.);
#6954=ADVANCED_FACE('',(#6953),#6928,.F.);
#6955=CARTESIAN_POINT('',(0.115649606299213,0.05759842519685,0.265966223475866));
#6956=DIRECTION('',(0.779243696554695,0.0,-0.62672103952219));
#6957=DIRECTION('',(-0.62672103952219,0.0,-0.779243696554695));
#6958=AXIS2_PLACEMENT_3D('',#6955,#6956,#6957);
#6959=PLANE('',#6958);
#6960=CARTESIAN_POINT('',(0.115157480314961,0.059055118110236,0.265354330708661));
#6961=VERTEX_POINT('',#6960);
#6962=CARTESIAN_POINT('',(0.105314960629921,0.059055118110236,0.253116475364552));
#6963=VERTEX_POINT('',#6962);
#6964=CARTESIAN_POINT('',(0.115157480314961,0.059055118110236,0.265354330708661));
#6965=DIRECTION('',(-0.62672103952219,0.0,-0.779243696554695));
#6966=VECTOR('',#6965,0.015704785804771);
#6967=LINE('',#6964,#6966);
#6968=EDGE_CURVE('',#6961,#6963,#6967,.T.);
#6969=ORIENTED_EDGE('',*,*,#6968,.F.);
#6970=CARTESIAN_POINT('',(0.115157480314961,0.088188976377953,0.265354330708661));
#6971=VERTEX_POINT('',#6970);
#6972=CARTESIAN_POINT('',(0.115157480314961,0.088188976377953,0.265354330708661));
#6973=DIRECTION('',(0.0,-1.0,0.0));
#6974=VECTOR('',#6973,0.029133858267717);
#6975=LINE('',#6972,#6974);
#6976=EDGE_CURVE('',#6971,#6961,#6975,.T.);
#6977=ORIENTED_EDGE('',*,*,#6976,.F.);
#6978=CARTESIAN_POINT('',(0.105314960629921,0.088188976377953,0.253116475364552));
#6979=VERTEX_POINT('',#6978);
#6980=CARTESIAN_POINT('',(0.105314960629921,0.088188976377953,0.253116475364552));
#6981=DIRECTION('',(0.62672103952219,-8.836662E-016,0.779243696554695));
#6982=VECTOR('',#6981,0.015704785804771);
#6983=LINE('',#6980,#6982);
#6984=EDGE_CURVE('',#6979,#6971,#6983,.T.);
#6985=ORIENTED_EDGE('',*,*,#6984,.F.);
#6986=CARTESIAN_POINT('',(0.105314960629921,0.059055118110236,0.253116475364552));
#6987=DIRECTION('',(0.0,1.0,0.0));
#6988=VECTOR('',#6987,0.029133858267717);
#6989=LINE('',#6986,#6988);
#6990=EDGE_CURVE('',#6963,#6979,#6989,.T.);
#6991=ORIENTED_EDGE('',*,*,#6990,.F.);
#6992=EDGE_LOOP('',(#6969,#6977,#6985,#6991));
#6993=FACE_OUTER_BOUND('',#6992,.T.);
#6994=ADVANCED_FACE('',(#6993),#6959,.F.);
#6995=CARTESIAN_POINT('',(0.115846456692913,0.05759842519685,0.253116475364552));
#6996=DIRECTION('',(0.0,0.0,-1.0));
#6997=DIRECTION('',(-1.0,0.0,0.0));
#6998=AXIS2_PLACEMENT_3D('',#6995,#6996,#6997);
#6999=PLANE('',#6998);
#7000=CARTESIAN_POINT('',(0.105314960629921,0.059055118110236,0.253116475364552));
#7001=DIRECTION('',(-1.0,0.0,0.0));
#7002=VECTOR('',#7001,0.210629921259842);
#7003=LINE('',#7000,#7002);
#7004=EDGE_CURVE('',#6963,#6859,#7003,.T.);
#7005=ORIENTED_EDGE('',*,*,#7004,.F.);
#7006=ORIENTED_EDGE('',*,*,#6990,.T.);
#7007=CARTESIAN_POINT('',(-0.105314960629921,0.088188976377953,0.253116475364552));
#7008=DIRECTION('',(1.0,0.0,0.0));
#7009=VECTOR('',#7008,0.210629921259842);
#7010=LINE('',#7007,#7009);
#7011=EDGE_CURVE('',#6869,#6979,#7010,.T.);
#7012=ORIENTED_EDGE('',*,*,#7011,.F.);
#7013=ORIENTED_EDGE('',*,*,#6874,.F.);
#7014=EDGE_LOOP('',(#7005,#7006,#7012,#7013));
#7015=FACE_OUTER_BOUND('',#7014,.T.);
#7016=ADVANCED_FACE('',(#7015),#6999,.F.);
#7017=CARTESIAN_POINT('',(-0.158720472440945,0.088188976377953,0.277342519685039));
#7018=DIRECTION('',(0.0,-1.0,0.0));
#7019=DIRECTION('',(0.0,0.0,-1.0));
#7020=AXIS2_PLACEMENT_3D('',#7017,#7018,#7019);
#7021=PLANE('',#7020);
#7022=ORIENTED_EDGE('',*,*,#6882,.T.);
#7023=ORIENTED_EDGE('',*,*,#7011,.T.);
#7024=ORIENTED_EDGE('',*,*,#6984,.T.);
#7025=CARTESIAN_POINT('',(0.144291338582677,0.088188976377953,0.265354330708661));
#7026=VERTEX_POINT('',#7025);
#7027=CARTESIAN_POINT('',(0.144291338582677,0.088188976377953,0.265354330708661));
#7028=DIRECTION('',(-1.0,0.0,0.0));
#7029=VECTOR('',#7028,0.029133858267716);
#7030=LINE('',#7027,#7029);
#7031=EDGE_CURVE('',#7026,#6971,#7030,.T.);
#7032=ORIENTED_EDGE('',*,*,#7031,.F.);
#7033=CARTESIAN_POINT('',(0.144291338582677,0.088188976377953,0.025590551181102));
#7034=VERTEX_POINT('',#7033);
#7035=CARTESIAN_POINT('',(0.144291338582677,0.088188976377953,0.025590551181102));
#7036=DIRECTION('',(0.0,0.0,1.0));
#7037=VECTOR('',#7036,0.239763779527559);
#7038=LINE('',#7035,#7037);
#7039=EDGE_CURVE('',#7034,#7026,#7038,.T.);
#7040=ORIENTED_EDGE('',*,*,#7039,.F.);
#7041=CARTESIAN_POINT('',(0.097609673790776,0.088188976377953,0.025590551181102));
#7042=VERTEX_POINT('',#7041);
#7043=CARTESIAN_POINT('',(0.097609673790776,0.088188976377953,0.025590551181102));
#7044=DIRECTION('',(1.0,0.0,0.0));
#7045=VECTOR('',#7044,0.046681664791901);
#7046=LINE('',#7043,#7045);
#7047=EDGE_CURVE('',#7042,#7034,#7046,.T.);
#7048=ORIENTED_EDGE('',*,*,#7047,.F.);
#7049=CARTESIAN_POINT('',(0.081299212598425,0.088188976377953,0.082677165354331));
#7050=VERTEX_POINT('',#7049);
#7051=CARTESIAN_POINT('',(0.097609673790776,0.088188976377953,0.025590551181102));
#7052=DIRECTION('',(-0.274721127897379,0.0,0.961523947640823));
#7053=VECTOR('',#7052,0.059370974912581);
#7054=LINE('',#7051,#7053);
#7055=EDGE_CURVE('',#7042,#7050,#7054,.T.);
#7056=ORIENTED_EDGE('',*,*,#7055,.T.);
#7057=CARTESIAN_POINT('',(0.081299212598425,0.088188976377953,0.114173228346457));
#7058=VERTEX_POINT('',#7057);
#7059=CARTESIAN_POINT('',(0.081299212598425,0.088188976377953,0.082677165354331));
#7060=DIRECTION('',(0.0,0.0,1.0));
#7061=VECTOR('',#7060,0.031496062992126);
#7062=LINE('',#7059,#7061);
#7063=EDGE_CURVE('',#7050,#7058,#7062,.T.);
#7064=ORIENTED_EDGE('',*,*,#7063,.T.);
#7065=CARTESIAN_POINT('',(-0.081299212598425,0.088188976377953,0.114173228346457));
#7066=VERTEX_POINT('',#7065);
#7067=CARTESIAN_POINT('',(0.081299212598425,0.088188976377953,0.114173228346457));
#7068=DIRECTION('',(-1.0,0.0,0.0));
#7069=VECTOR('',#7068,0.16259842519685);
#7070=LINE('',#7067,#7069);
#7071=EDGE_CURVE('',#7058,#7066,#7070,.T.);
#7072=ORIENTED_EDGE('',*,*,#7071,.T.);
#7073=CARTESIAN_POINT('',(-0.081299212598425,0.088188976377953,0.082677165354331));
#7074=VERTEX_POINT('',#7073);
#7075=CARTESIAN_POINT('',(-0.081299212598425,0.088188976377953,0.114173228346457));
#7076=DIRECTION('',(0.0,0.0,-1.0));
#7077=VECTOR('',#7076,0.031496062992126);
#7078=LINE('',#7075,#7077);
#7079=EDGE_CURVE('',#7066,#7074,#7078,.T.);
#7080=ORIENTED_EDGE('',*,*,#7079,.T.);
#7081=CARTESIAN_POINT('',(-0.097609673790776,0.088188976377953,0.025590551181102));
#7082=VERTEX_POINT('',#7081);
#7083=CARTESIAN_POINT('',(-0.081299212598425,0.088188976377953,0.082677165354331));
#7084=DIRECTION('',(-0.274721127897378,-4.674940E-016,-0.961523947640823));
#7085=VECTOR('',#7084,0.059370974912581);
#7086=LINE('',#7083,#7085);
#7087=EDGE_CURVE('',#7074,#7082,#7086,.T.);
#7088=ORIENTED_EDGE('',*,*,#7087,.T.);
#7089=CARTESIAN_POINT('',(-0.144291338582677,0.088188976377953,0.025590551181102));
#7090=VERTEX_POINT('',#7089);
#7091=CARTESIAN_POINT('',(-0.144291338582677,0.088188976377953,0.025590551181102));
#7092=DIRECTION('',(1.0,0.0,0.0));
#7093=VECTOR('',#7092,0.046681664791901);
#7094=LINE('',#7091,#7093);
#7095=EDGE_CURVE('',#7090,#7082,#7094,.T.);
#7096=ORIENTED_EDGE('',*,*,#7095,.F.);
#7097=CARTESIAN_POINT('',(-0.144291338582677,0.088188976377953,0.265354330708661));
#7098=VERTEX_POINT('',#7097);
#7099=CARTESIAN_POINT('',(-0.144291338582677,0.088188976377953,0.265354330708661));
#7100=DIRECTION('',(0.0,0.0,-1.0));
#7101=VECTOR('',#7100,0.239763779527559);
#7102=LINE('',#7099,#7101);
#7103=EDGE_CURVE('',#7098,#7090,#7102,.T.);
#7104=ORIENTED_EDGE('',*,*,#7103,.F.);
#7105=CARTESIAN_POINT('',(-0.115157480314961,0.088188976377953,0.265354330708661));
#7106=DIRECTION('',(-1.0,0.0,0.0));
#7107=VECTOR('',#7106,0.029133858267716);
#7108=LINE('',#7105,#7107);
#7109=EDGE_CURVE('',#6877,#7098,#7108,.T.);
#7110=ORIENTED_EDGE('',*,*,#7109,.F.);
#7111=EDGE_LOOP('',(#7022,#7023,#7024,#7032,#7040,#7048,#7056,#7064,#7072,#7080,#7088,#7096,#7104,#7110));
#7112=FACE_OUTER_BOUND('',#7111,.T.);
#7113=ADVANCED_FACE('',(#7112),#7021,.F.);
#7114=CARTESIAN_POINT('',(-0.154389763779527,-0.059055118110236,0.277755905511811));
#7115=DIRECTION('',(0.0,-1.0,0.0));
#7116=DIRECTION('',(0.0,0.0,-1.0));
#7117=AXIS2_PLACEMENT_3D('',#7114,#7115,#7116);
#7118=PLANE('',#7117);
#7119=ORIENTED_EDGE('',*,*,#6826,.T.);
#7120=ORIENTED_EDGE('',*,*,#6904,.T.);
#7121=ORIENTED_EDGE('',*,*,#6935,.T.);
#7122=CARTESIAN_POINT('',(0.140354330708661,-0.059055118110236,0.265354330708661));
#7123=VERTEX_POINT('',#7122);
#7124=CARTESIAN_POINT('',(0.140354330708661,-0.059055118110236,0.265354330708661));
#7125=DIRECTION('',(-1.0,0.0,0.0));
#7126=VECTOR('',#7125,0.0251968503937);
#7127=LINE('',#7124,#7126);
#7128=EDGE_CURVE('',#7123,#6930,#7127,.T.);
#7129=ORIENTED_EDGE('',*,*,#7128,.F.);
#7130=CARTESIAN_POINT('',(0.140354330708661,-0.059055118110236,0.017322834645669));
#7131=VERTEX_POINT('',#7130);
#7132=CARTESIAN_POINT('',(0.140354330708661,-0.059055118110236,0.265354330708661));
#7133=DIRECTION('',(0.0,0.0,-1.0));
#7134=VECTOR('',#7133,0.248031496062992);
#7135=LINE('',#7132,#7134);
#7136=EDGE_CURVE('',#7123,#7131,#7135,.T.);
#7137=ORIENTED_EDGE('',*,*,#7136,.T.);
#7138=CARTESIAN_POINT('',(-0.140354330708661,-0.059055118110236,0.017322834645669));
#7139=VERTEX_POINT('',#7138);
#7140=CARTESIAN_POINT('',(-0.140354330708661,-0.059055118110236,0.017322834645669));
#7141=DIRECTION('',(1.0,0.0,0.0));
#7142=VECTOR('',#7141,0.280708661417322);
#7143=LINE('',#7140,#7142);
#7144=EDGE_CURVE('',#7139,#7131,#7143,.T.);
#7145=ORIENTED_EDGE('',*,*,#7144,.F.);
#7146=CARTESIAN_POINT('',(-0.140354330708661,-0.059055118110236,0.265354330708661));
#7147=VERTEX_POINT('',#7146);
#7148=CARTESIAN_POINT('',(-0.140354330708661,-0.059055118110236,0.265354330708661));
#7149=DIRECTION('',(0.0,0.0,-1.0));
#7150=VECTOR('',#7149,0.248031496062992);
#7151=LINE('',#7148,#7150);
#7152=EDGE_CURVE('',#7147,#7139,#7151,.T.);
#7153=ORIENTED_EDGE('',*,*,#7152,.F.);
#7154=CARTESIAN_POINT('',(-0.115157480314961,-0.059055118110236,0.265354330708661));
#7155=DIRECTION('',(-1.0,0.0,0.0));
#7156=VECTOR('',#7155,0.0251968503937);
#7157=LINE('',#7154,#7156);
#7158=EDGE_CURVE('',#6819,#7147,#7157,.T.);
#7159=ORIENTED_EDGE('',*,*,#7158,.F.);
#7160=EDGE_LOOP('',(#7119,#7120,#7121,#7129,#7137,#7145,#7153,#7159));
#7161=FACE_OUTER_BOUND('',#7160,.T.);
#7162=ADVANCED_FACE('',(#7161),#7118,.F.);
#7163=CARTESIAN_POINT('',(0.112913385826772,-0.099173228346457,0.265354330708661));
#7164=DIRECTION('',(0.0,0.0,1.0));
#7165=DIRECTION('',(1.0,0.0,0.0));
#7166=AXIS2_PLACEMENT_3D('',#7163,#7164,#7165);
#7167=PLANE('',#7166);
#7168=ORIENTED_EDGE('',*,*,#2554,.T.);
#7169=CARTESIAN_POINT('',(0.16003937007874,-0.074409448818898,0.265354330708661));
#7170=DIRECTION('',(0.0,-1.0,0.0));
#7171=VECTOR('',#7170,0.015748031496063);
#7172=LINE('',#7169,#7171);
#7173=EDGE_CURVE('',#1841,#1383,#7172,.T.);
#7174=ORIENTED_EDGE('',*,*,#7173,.F.);
#7175=ORIENTED_EDGE('',*,*,#1846,.T.);
#7176=ORIENTED_EDGE('',*,*,#3013,.T.);
#7177=ORIENTED_EDGE('',*,*,#3165,.T.);
#7178=CARTESIAN_POINT('',(0.16003937007874,0.090157480314961,0.265354330708661));
#7179=DIRECTION('',(0.0,-1.0,0.0));
#7180=VECTOR('',#7179,0.015748031496063);
#7181=LINE('',#7178,#7180);
#7182=EDGE_CURVE('',#794,#3154,#7181,.T.);
#7183=ORIENTED_EDGE('',*,*,#7182,.F.);
#7184=ORIENTED_EDGE('',*,*,#3097,.T.);
#7185=CARTESIAN_POINT('',(0.144291338582677,0.090157480314961,0.265354330708661));
#7186=DIRECTION('',(0.0,-1.0,0.0));
#7187=VECTOR('',#7186,0.001968503937008);
#7188=LINE('',#7185,#7187);
#7189=EDGE_CURVE('',#2838,#7026,#7188,.T.);
#7190=ORIENTED_EDGE('',*,*,#7189,.T.);
#7191=ORIENTED_EDGE('',*,*,#7031,.T.);
#7192=ORIENTED_EDGE('',*,*,#6976,.T.);
#7193=CARTESIAN_POINT('',(0.140354330708661,0.059055118110236,0.265354330708661));
#7194=VERTEX_POINT('',#7193);
#7195=CARTESIAN_POINT('',(0.115157480314961,0.059055118110236,0.265354330708661));
#7196=DIRECTION('',(1.0,0.0,0.0));
#7197=VECTOR('',#7196,0.0251968503937);
#7198=LINE('',#7195,#7197);
#7199=EDGE_CURVE('',#6961,#7194,#7198,.T.);
#7200=ORIENTED_EDGE('',*,*,#7199,.T.);
#7201=CARTESIAN_POINT('',(0.140354330708661,0.059055118110236,0.265354330708661));
#7202=DIRECTION('',(0.0,-1.0,0.0));
#7203=VECTOR('',#7202,0.118110236220472);
#7204=LINE('',#7201,#7203);
#7205=EDGE_CURVE('',#7194,#7123,#7204,.T.);
#7206=ORIENTED_EDGE('',*,*,#7205,.T.);
#7207=ORIENTED_EDGE('',*,*,#7128,.T.);
#7208=ORIENTED_EDGE('',*,*,#6950,.T.);
#7209=CARTESIAN_POINT('',(0.144291338582677,-0.088188976377953,0.265354330708661));
#7210=VERTEX_POINT('',#7209);
#7211=CARTESIAN_POINT('',(0.115157480314961,-0.088188976377953,0.265354330708661));
#7212=DIRECTION('',(1.0,0.0,0.0));
#7213=VECTOR('',#7212,0.029133858267716);
#7214=LINE('',#7211,#7213);
#7215=EDGE_CURVE('',#6939,#7210,#7214,.T.);
#7216=ORIENTED_EDGE('',*,*,#7215,.T.);
#7217=CARTESIAN_POINT('',(0.144291338582677,-0.088188976377953,0.265354330708661));
#7218=DIRECTION('',(0.0,-1.0,0.0));
#7219=VECTOR('',#7218,0.001968503937008);
#7220=LINE('',#7217,#7219);
#7221=EDGE_CURVE('',#7210,#672,#7220,.T.);
#7222=ORIENTED_EDGE('',*,*,#7221,.T.);
#7223=EDGE_LOOP('',(#7168,#7174,#7175,#7176,#7177,#7183,#7184,#7190,#7191,#7192,#7200,#7206,#7207,#7208,#7216,#7222));
#7224=FACE_OUTER_BOUND('',#7223,.T.);
#7225=ADVANCED_FACE('',(#7224),#7167,.T.);
#7226=CARTESIAN_POINT('',(-0.162283464566929,-0.099173228346457,0.265354330708661));
#7227=DIRECTION('',(0.0,0.0,1.0));
#7228=DIRECTION('',(1.0,0.0,0.0));
#7229=AXIS2_PLACEMENT_3D('',#7226,#7227,#7228);
#7230=PLANE('',#7229);
#7231=ORIENTED_EDGE('',*,*,#2584,.T.);
#7232=CARTESIAN_POINT('',(-0.144291338582677,-0.088188976377953,0.265354330708661));
#7233=VERTEX_POINT('',#7232);
#7234=CARTESIAN_POINT('',(-0.144291338582677,-0.090157480314961,0.265354330708661));
#7235=DIRECTION('',(0.0,1.0,0.0));
#7236=VECTOR('',#7235,0.001968503937008);
#7237=LINE('',#7234,#7236);
#7238=EDGE_CURVE('',#1119,#7233,#7237,.T.);
#7239=ORIENTED_EDGE('',*,*,#7238,.T.);
#7240=CARTESIAN_POINT('',(-0.144291338582677,-0.088188976377953,0.265354330708661));
#7241=DIRECTION('',(1.0,0.0,0.0));
#7242=VECTOR('',#7241,0.029133858267716);
#7243=LINE('',#7240,#7242);
#7244=EDGE_CURVE('',#7233,#6829,#7243,.T.);
#7245=ORIENTED_EDGE('',*,*,#7244,.T.);
#7246=ORIENTED_EDGE('',*,*,#6834,.T.);
#7247=ORIENTED_EDGE('',*,*,#7158,.T.);
#7248=CARTESIAN_POINT('',(-0.140354330708661,0.059055118110236,0.265354330708661));
#7249=VERTEX_POINT('',#7248);
#7250=CARTESIAN_POINT('',(-0.140354330708661,-0.059055118110236,0.265354330708661));
#7251=DIRECTION('',(0.0,1.0,0.0));
#7252=VECTOR('',#7251,0.118110236220472);
#7253=LINE('',#7250,#7252);
#7254=EDGE_CURVE('',#7147,#7249,#7253,.T.);
#7255=ORIENTED_EDGE('',*,*,#7254,.T.);
#7256=CARTESIAN_POINT('',(-0.140354330708661,0.059055118110236,0.265354330708661));
#7257=DIRECTION('',(1.0,0.0,0.0));
#7258=VECTOR('',#7257,0.0251968503937);
#7259=LINE('',#7256,#7258);
#7260=EDGE_CURVE('',#7249,#6861,#7259,.T.);
#7261=ORIENTED_EDGE('',*,*,#7260,.T.);
#7262=ORIENTED_EDGE('',*,*,#6888,.T.);
#7263=ORIENTED_EDGE('',*,*,#7109,.T.);
#7264=CARTESIAN_POINT('',(-0.144291338582677,0.088188976377953,0.265354330708661));
#7265=DIRECTION('',(0.0,1.0,0.0));
#7266=VECTOR('',#7265,0.001968503937008);
#7267=LINE('',#7264,#7266);
#7268=EDGE_CURVE('',#7098,#832,#7267,.T.);
#7269=ORIENTED_EDGE('',*,*,#7268,.T.);
#7270=ORIENTED_EDGE('',*,*,#3113,.T.);
#7271=CARTESIAN_POINT('',(-0.16003937007874,0.074409448818898,0.265354330708661));
#7272=DIRECTION('',(0.0,1.0,0.0));
#7273=VECTOR('',#7272,0.015748031496063);
#7274=LINE('',#7271,#7273);
#7275=EDGE_CURVE('',#2048,#2867,#7274,.T.);
#7276=ORIENTED_EDGE('',*,*,#7275,.F.);
#7277=ORIENTED_EDGE('',*,*,#2053,.T.);
#7278=ORIENTED_EDGE('',*,*,#2934,.T.);
#7279=ORIENTED_EDGE('',*,*,#3068,.T.);
#7280=CARTESIAN_POINT('',(-0.16003937007874,-0.090157480314961,0.265354330708661));
#7281=DIRECTION('',(0.0,1.0,0.0));
#7282=VECTOR('',#7281,0.015748031496063);
#7283=LINE('',#7280,#7282);
#7284=EDGE_CURVE('',#566,#3057,#7283,.T.);
#7285=ORIENTED_EDGE('',*,*,#7284,.F.);
#7286=EDGE_LOOP('',(#7231,#7239,#7245,#7246,#7247,#7255,#7261,#7262,#7263,#7269,#7270,#7276,#7277,#7278,#7279,#7285));
#7287=FACE_OUTER_BOUND('',#7286,.T.);
#7288=ADVANCED_FACE('',(#7287),#7230,.T.);
#7289=CARTESIAN_POINT('',(0.147244094488189,0.087204724409449,-0.027362204724409));
#7290=DIRECTION('',(0.0,0.0,1.0));
#7291=DIRECTION('',(1.0,0.0,0.0));
#7292=AXIS2_PLACEMENT_3D('',#7289,#7290,#7291);
#7293=SPHERICAL_SURFACE('',#7292,0.012795275590551);
#7294=CARTESIAN_POINT('',(0.16003937007874,0.087204724409449,-0.027362204724409));
#7295=VERTEX_POINT('',#7294);
#7296=CARTESIAN_POINT('',(0.147244094488189,0.087204724409449,-0.027362204724409));
#7297=DIRECTION('',(0.0,0.0,-1.0));
#7298=DIRECTION('',(1.0,0.0,0.0));
#7299=AXIS2_PLACEMENT_3D('',#7296,#7297,#7298);
#7300=CIRCLE('',#7299,0.012795275590551);
#7301=EDGE_CURVE('',#7295,#7295,#7300,.T.);
#7302=ORIENTED_EDGE('',*,*,#7301,.T.);
#7303=EDGE_LOOP('',(#7302));
#7304=FACE_OUTER_BOUND('',#7303,.T.);
#7305=ADVANCED_FACE('',(#7304),#7293,.T.);
#7306=CARTESIAN_POINT('',(0.147244094488189,0.087204724409449,0.00136811023622));
#7307=DIRECTION('',(0.0,0.0,-1.0));
#7308=DIRECTION('',(1.0,0.0,0.0));
#7309=AXIS2_PLACEMENT_3D('',#7306,#7307,#7308);
#7310=CYLINDRICAL_SURFACE('',#7309,0.012795275590551);
#7311=ORIENTED_EDGE('',*,*,#7301,.F.);
#7312=EDGE_LOOP('',(#7311));
#7313=FACE_OUTER_BOUND('',#7312,.T.);
#7314=CARTESIAN_POINT('',(0.147244094488189,0.1,0.0));
#7315=VERTEX_POINT('',#7314);
#7316=CARTESIAN_POINT('',(0.16003937007874,0.087204724409449,0.0));
#7317=VERTEX_POINT('',#7316);
#7318=CARTESIAN_POINT('',(0.147244094488189,0.087204724409449,0.0));
#7319=DIRECTION('',(0.0,0.0,1.0));
#7320=DIRECTION('',(1.0,0.0,0.0));
#7321=AXIS2_PLACEMENT_3D('',#7318,#7319,#7320);
#7322=CIRCLE('',#7321,0.012795275590551);
#7323=EDGE_CURVE('',#7315,#7317,#7322,.T.);
#7324=ORIENTED_EDGE('',*,*,#7323,.F.);
#7325=CARTESIAN_POINT('',(0.147244094488189,0.087204724409449,0.0));
#7326=DIRECTION('',(0.0,0.0,1.0));
#7327=DIRECTION('',(1.0,0.0,0.0));
#7328=AXIS2_PLACEMENT_3D('',#7325,#7326,#7327);
#7329=CIRCLE('',#7328,0.012795275590551);
#7330=EDGE_CURVE('',#7317,#7315,#7329,.T.);
#7331=ORIENTED_EDGE('',*,*,#7330,.F.);
#7332=EDGE_LOOP('',(#7324,#7331));
#7333=FACE_BOUND('',#7332,.T.);
#7334=ADVANCED_FACE('',(#7313,#7333),#7310,.T.);
#7335=CARTESIAN_POINT('',(-0.147244094488189,-0.087204724409449,-0.027362204724409));
#7336=DIRECTION('',(0.0,0.0,1.0));
#7337=DIRECTION('',(1.0,0.0,0.0));
#7338=AXIS2_PLACEMENT_3D('',#7335,#7336,#7337);
#7339=SPHERICAL_SURFACE('',#7338,0.012795275590551);
#7340=CARTESIAN_POINT('',(-0.134448818897638,-0.087204724409449,-0.027362204724409));
#7341=VERTEX_POINT('',#7340);
#7342=CARTESIAN_POINT('',(-0.147244094488189,-0.087204724409449,-0.027362204724409));
#7343=DIRECTION('',(0.0,0.0,-1.0));
#7344=DIRECTION('',(1.0,0.0,0.0));
#7345=AXIS2_PLACEMENT_3D('',#7342,#7343,#7344);
#7346=CIRCLE('',#7345,0.012795275590551);
#7347=EDGE_CURVE('',#7341,#7341,#7346,.T.);
#7348=ORIENTED_EDGE('',*,*,#7347,.T.);
#7349=EDGE_LOOP('',(#7348));
#7350=FACE_OUTER_BOUND('',#7349,.T.);
#7351=ADVANCED_FACE('',(#7350),#7339,.T.);
#7352=CARTESIAN_POINT('',(-0.147244094488189,-0.087204724409449,0.00136811023622));
#7353=DIRECTION('',(0.0,0.0,-1.0));
#7354=DIRECTION('',(1.0,0.0,0.0));
#7355=AXIS2_PLACEMENT_3D('',#7352,#7353,#7354);
#7356=CYLINDRICAL_SURFACE('',#7355,0.012795275590551);
#7357=ORIENTED_EDGE('',*,*,#7347,.F.);
#7358=EDGE_LOOP('',(#7357));
#7359=FACE_OUTER_BOUND('',#7358,.T.);
#7360=CARTESIAN_POINT('',(-0.147244094488189,-0.1,0.0));
#7361=VERTEX_POINT('',#7360);
#7362=CARTESIAN_POINT('',(-0.16003937007874,-0.087204724409449,0.0));
#7363=VERTEX_POINT('',#7362);
#7364=CARTESIAN_POINT('',(-0.147244094488189,-0.087204724409449,0.0));
#7365=DIRECTION('',(0.0,0.0,1.0));
#7366=DIRECTION('',(1.0,0.0,0.0));
#7367=AXIS2_PLACEMENT_3D('',#7364,#7365,#7366);
#7368=CIRCLE('',#7367,0.012795275590551);
#7369=EDGE_CURVE('',#7361,#7363,#7368,.T.);
#7370=ORIENTED_EDGE('',*,*,#7369,.F.);
#7371=CARTESIAN_POINT('',(-0.147244094488189,-0.087204724409449,0.0));
#7372=DIRECTION('',(0.0,0.0,1.0));
#7373=DIRECTION('',(1.0,0.0,0.0));
#7374=AXIS2_PLACEMENT_3D('',#7371,#7372,#7373);
#7375=CIRCLE('',#7374,0.012795275590551);
#7376=EDGE_CURVE('',#7363,#7361,#7375,.T.);
#7377=ORIENTED_EDGE('',*,*,#7376,.F.);
#7378=EDGE_LOOP('',(#7370,#7377));
#7379=FACE_BOUND('',#7378,.T.);
#7380=ADVANCED_FACE('',(#7359,#7379),#7356,.T.);
#7381=CARTESIAN_POINT('',(0.147244094488189,-0.087204724409449,-0.027362204724409));
#7382=DIRECTION('',(0.0,0.0,1.0));
#7383=DIRECTION('',(1.0,0.0,0.0));
#7384=AXIS2_PLACEMENT_3D('',#7381,#7382,#7383);
#7385=SPHERICAL_SURFACE('',#7384,0.012795275590551);
#7386=CARTESIAN_POINT('',(0.16003937007874,-0.087204724409449,-0.027362204724409));
#7387=VERTEX_POINT('',#7386);
#7388=CARTESIAN_POINT('',(0.147244094488189,-0.087204724409449,-0.027362204724409));
#7389=DIRECTION('',(0.0,0.0,-1.0));
#7390=DIRECTION('',(1.0,0.0,0.0));
#7391=AXIS2_PLACEMENT_3D('',#7388,#7389,#7390);
#7392=CIRCLE('',#7391,0.012795275590551);
#7393=EDGE_CURVE('',#7387,#7387,#7392,.T.);
#7394=ORIENTED_EDGE('',*,*,#7393,.T.);
#7395=EDGE_LOOP('',(#7394));
#7396=FACE_OUTER_BOUND('',#7395,.T.);
#7397=ADVANCED_FACE('',(#7396),#7385,.T.);
#7398=CARTESIAN_POINT('',(0.147244094488189,-0.087204724409449,0.00136811023622));
#7399=DIRECTION('',(0.0,0.0,-1.0));
#7400=DIRECTION('',(1.0,0.0,0.0));
#7401=AXIS2_PLACEMENT_3D('',#7398,#7399,#7400);
#7402=CYLINDRICAL_SURFACE('',#7401,0.012795275590551);
#7403=ORIENTED_EDGE('',*,*,#7393,.F.);
#7404=EDGE_LOOP('',(#7403));
#7405=FACE_OUTER_BOUND('',#7404,.T.);
#7406=CARTESIAN_POINT('',(0.147244094488189,-0.1,0.0));
#7407=VERTEX_POINT('',#7406);
#7408=CARTESIAN_POINT('',(0.16003937007874,-0.087204724409449,0.0));
#7409=VERTEX_POINT('',#7408);
#7410=CARTESIAN_POINT('',(0.147244094488189,-0.087204724409449,0.0));
#7411=DIRECTION('',(0.0,0.0,1.0));
#7412=DIRECTION('',(1.0,0.0,0.0));
#7413=AXIS2_PLACEMENT_3D('',#7410,#7411,#7412);
#7414=CIRCLE('',#7413,0.012795275590551);
#7415=EDGE_CURVE('',#7407,#7409,#7414,.T.);
#7416=ORIENTED_EDGE('',*,*,#7415,.F.);
#7417=CARTESIAN_POINT('',(0.147244094488189,-0.087204724409449,0.0));
#7418=DIRECTION('',(0.0,0.0,1.0));
#7419=DIRECTION('',(1.0,0.0,0.0));
#7420=AXIS2_PLACEMENT_3D('',#7417,#7418,#7419);
#7421=CIRCLE('',#7420,0.012795275590551);
#7422=EDGE_CURVE('',#7409,#7407,#7421,.T.);
#7423=ORIENTED_EDGE('',*,*,#7422,.F.);
#7424=EDGE_LOOP('',(#7416,#7423));
#7425=FACE_BOUND('',#7424,.T.);
#7426=ADVANCED_FACE('',(#7405,#7425),#7402,.T.);
#7427=CARTESIAN_POINT('',(-0.147244094488189,0.087204724409449,-0.027362204724409));
#7428=DIRECTION('',(0.0,0.0,1.0));
#7429=DIRECTION('',(1.0,0.0,0.0));
#7430=AXIS2_PLACEMENT_3D('',#7427,#7428,#7429);
#7431=SPHERICAL_SURFACE('',#7430,0.012795275590551);
#7432=CARTESIAN_POINT('',(-0.134448818897638,0.087204724409449,-0.027362204724409));
#7433=VERTEX_POINT('',#7432);
#7434=CARTESIAN_POINT('',(-0.147244094488189,0.087204724409449,-0.027362204724409));
#7435=DIRECTION('',(0.0,0.0,-1.0));
#7436=DIRECTION('',(1.0,0.0,0.0));
#7437=AXIS2_PLACEMENT_3D('',#7434,#7435,#7436);
#7438=CIRCLE('',#7437,0.012795275590551);
#7439=EDGE_CURVE('',#7433,#7433,#7438,.T.);
#7440=ORIENTED_EDGE('',*,*,#7439,.T.);
#7441=EDGE_LOOP('',(#7440));
#7442=FACE_OUTER_BOUND('',#7441,.T.);
#7443=ADVANCED_FACE('',(#7442),#7431,.T.);
#7444=CARTESIAN_POINT('',(-0.147244094488189,0.087204724409449,0.00136811023622));
#7445=DIRECTION('',(0.0,0.0,-1.0));
#7446=DIRECTION('',(1.0,0.0,0.0));
#7447=AXIS2_PLACEMENT_3D('',#7444,#7445,#7446);
#7448=CYLINDRICAL_SURFACE('',#7447,0.012795275590551);
#7449=ORIENTED_EDGE('',*,*,#7439,.F.);
#7450=EDGE_LOOP('',(#7449));
#7451=FACE_OUTER_BOUND('',#7450,.T.);
#7452=CARTESIAN_POINT('',(-0.16003937007874,0.087204724409449,0.0));
#7453=VERTEX_POINT('',#7452);
#7454=CARTESIAN_POINT('',(-0.147244094488189,0.1,0.0));
#7455=VERTEX_POINT('',#7454);
#7456=CARTESIAN_POINT('',(-0.147244094488189,0.087204724409449,0.0));
#7457=DIRECTION('',(0.0,0.0,1.0));
#7458=DIRECTION('',(1.0,0.0,0.0));
#7459=AXIS2_PLACEMENT_3D('',#7456,#7457,#7458);
#7460=CIRCLE('',#7459,0.012795275590551);
#7461=EDGE_CURVE('',#7453,#7455,#7460,.T.);
#7462=ORIENTED_EDGE('',*,*,#7461,.F.);
#7463=CARTESIAN_POINT('',(-0.147244094488189,0.087204724409449,0.0));
#7464=DIRECTION('',(0.0,0.0,1.0));
#7465=DIRECTION('',(1.0,0.0,0.0));
#7466=AXIS2_PLACEMENT_3D('',#7463,#7464,#7465);
#7467=CIRCLE('',#7466,0.012795275590551);
#7468=EDGE_CURVE('',#7455,#7453,#7467,.T.);
#7469=ORIENTED_EDGE('',*,*,#7468,.F.);
#7470=EDGE_LOOP('',(#7462,#7469));
#7471=FACE_BOUND('',#7470,.T.);
#7472=ADVANCED_FACE('',(#7451,#7471),#7448,.T.);
#7473=CARTESIAN_POINT('',(-2.731848E-017,1.154328E-019,0.0));
#7474=DIRECTION('',(0.0,0.0,1.0));
#7475=DIRECTION('',(1.0,0.0,0.0));
#7476=AXIS2_PLACEMENT_3D('',#7473,#7474,#7475);
#7477=PLANE('',#7476);
#7478=ORIENTED_EDGE('',*,*,#7330,.T.);
#7479=CARTESIAN_POINT('',(0.16003937007874,0.1,0.0));
#7480=VERTEX_POINT('',#7479);
#7481=CARTESIAN_POINT('',(0.147244094488189,0.1,0.0));
#7482=DIRECTION('',(1.0,0.0,0.0));
#7483=VECTOR('',#7482,0.012795275590551);
#7484=LINE('',#7481,#7483);
#7485=EDGE_CURVE('',#7315,#7480,#7484,.T.);
#7486=ORIENTED_EDGE('',*,*,#7485,.T.);
#7487=CARTESIAN_POINT('',(0.16003937007874,0.1,0.0));
#7488=DIRECTION('',(0.0,-1.0,0.0));
#7489=VECTOR('',#7488,0.012795275590551);
#7490=LINE('',#7487,#7489);
#7491=EDGE_CURVE('',#7480,#7317,#7490,.T.);
#7492=ORIENTED_EDGE('',*,*,#7491,.T.);
#7493=EDGE_LOOP('',(#7478,#7486,#7492));
#7494=FACE_OUTER_BOUND('',#7493,.T.);
#7495=ADVANCED_FACE('',(#7494),#7477,.F.);
#7496=CARTESIAN_POINT('',(-0.160679133858268,-0.100639763779528,0.0));
#7497=DIRECTION('',(0.0,0.0,1.0));
#7498=DIRECTION('',(1.0,0.0,0.0));
#7499=AXIS2_PLACEMENT_3D('',#7496,#7497,#7498);
#7500=PLANE('',#7499);
#7501=ORIENTED_EDGE('',*,*,#7376,.T.);
#7502=CARTESIAN_POINT('',(-0.16003937007874,-0.1,0.0));
#7503=VERTEX_POINT('',#7502);
#7504=CARTESIAN_POINT('',(-0.147244094488189,-0.1,0.0));
#7505=DIRECTION('',(-1.0,0.0,0.0));
#7506=VECTOR('',#7505,0.012795275590551);
#7507=LINE('',#7504,#7506);
#7508=EDGE_CURVE('',#7361,#7503,#7507,.T.);
#7509=ORIENTED_EDGE('',*,*,#7508,.T.);
#7510=CARTESIAN_POINT('',(-0.16003937007874,-0.1,0.0));
#7511=DIRECTION('',(0.0,1.0,0.0));
#7512=VECTOR('',#7511,0.012795275590551);
#7513=LINE('',#7510,#7512);
#7514=EDGE_CURVE('',#7503,#7363,#7513,.T.);
#7515=ORIENTED_EDGE('',*,*,#7514,.T.);
#7516=EDGE_LOOP('',(#7501,#7509,#7515));
#7517=FACE_OUTER_BOUND('',#7516,.T.);
#7518=ADVANCED_FACE('',(#7517),#7500,.F.);
#7519=CARTESIAN_POINT('',(-0.160679133858268,0.086564960629921,0.0));
#7520=DIRECTION('',(0.0,0.0,1.0));
#7521=DIRECTION('',(1.0,0.0,0.0));
#7522=AXIS2_PLACEMENT_3D('',#7519,#7520,#7521);
#7523=PLANE('',#7522);
#7524=ORIENTED_EDGE('',*,*,#7468,.T.);
#7525=CARTESIAN_POINT('',(-0.16003937007874,0.1,0.0));
#7526=VERTEX_POINT('',#7525);
#7527=CARTESIAN_POINT('',(-0.16003937007874,0.087204724409449,0.0));
#7528=DIRECTION('',(0.0,1.0,0.0));
#7529=VECTOR('',#7528,0.012795275590551);
#7530=LINE('',#7527,#7529);
#7531=EDGE_CURVE('',#7453,#7526,#7530,.T.);
#7532=ORIENTED_EDGE('',*,*,#7531,.T.);
#7533=CARTESIAN_POINT('',(-0.16003937007874,0.1,0.0));
#7534=DIRECTION('',(1.0,0.0,0.0));
#7535=VECTOR('',#7534,0.012795275590551);
#7536=LINE('',#7533,#7535);
#7537=EDGE_CURVE('',#7526,#7455,#7536,.T.);
#7538=ORIENTED_EDGE('',*,*,#7537,.T.);
#7539=EDGE_LOOP('',(#7524,#7532,#7538));
#7540=FACE_OUTER_BOUND('',#7539,.T.);
#7541=ADVANCED_FACE('',(#7540),#7523,.F.);
#7542=CARTESIAN_POINT('',(0.146604330708661,-0.100639763779528,0.0));
#7543=DIRECTION('',(0.0,0.0,1.0));
#7544=DIRECTION('',(1.0,0.0,0.0));
#7545=AXIS2_PLACEMENT_3D('',#7542,#7543,#7544);
#7546=PLANE('',#7545);
#7547=ORIENTED_EDGE('',*,*,#7415,.T.);
#7548=CARTESIAN_POINT('',(0.16003937007874,-0.1,0.0));
#7549=VERTEX_POINT('',#7548);
#7550=CARTESIAN_POINT('',(0.16003937007874,-0.087204724409449,0.0));
#7551=DIRECTION('',(0.0,-1.0,0.0));
#7552=VECTOR('',#7551,0.012795275590551);
#7553=LINE('',#7550,#7552);
#7554=EDGE_CURVE('',#7409,#7549,#7553,.T.);
#7555=ORIENTED_EDGE('',*,*,#7554,.T.);
#7556=CARTESIAN_POINT('',(0.16003937007874,-0.1,0.0));
#7557=DIRECTION('',(-1.0,0.0,0.0));
#7558=VECTOR('',#7557,0.012795275590551);
#7559=LINE('',#7556,#7558);
#7560=EDGE_CURVE('',#7549,#7407,#7559,.T.);
#7561=ORIENTED_EDGE('',*,*,#7560,.T.);
#7562=EDGE_LOOP('',(#7547,#7555,#7561));
#7563=FACE_OUTER_BOUND('',#7562,.T.);
#7564=ADVANCED_FACE('',(#7563),#7546,.F.);
#7565=CARTESIAN_POINT('',(-0.176043307086614,-0.11,0.0));
#7566=DIRECTION('',(0.0,0.0,1.0));
#7567=DIRECTION('',(1.0,0.0,0.0));
#7568=AXIS2_PLACEMENT_3D('',#7565,#7566,#7567);
#7569=PLANE('',#7568);
#7570=ORIENTED_EDGE('',*,*,#7422,.T.);
#7571=CARTESIAN_POINT('',(0.10492125984252,-0.1,-5.088522E-017));
#7572=VERTEX_POINT('',#7571);
#7573=CARTESIAN_POINT('',(0.147244094488189,-0.1,0.0));
#7574=DIRECTION('',(-1.0,0.0,0.0));
#7575=VECTOR('',#7574,0.042322834645669);
#7576=LINE('',#7573,#7575);
#7577=EDGE_CURVE('',#7407,#7572,#7576,.T.);
#7578=ORIENTED_EDGE('',*,*,#7577,.T.);
#7579=CARTESIAN_POINT('',(0.10492125984252,-0.076377952755906,0.0));
#7580=VERTEX_POINT('',#7579);
#7581=CARTESIAN_POINT('',(0.10492125984252,-0.1,0.0));
#7582=DIRECTION('',(0.0,1.0,0.0));
#7583=VECTOR('',#7582,0.023622047244094);
#7584=LINE('',#7581,#7583);
#7585=EDGE_CURVE('',#7572,#7580,#7584,.T.);
#7586=ORIENTED_EDGE('',*,*,#7585,.T.);
#7587=CARTESIAN_POINT('',(-0.10492125984252,-0.076377952755906,-3.238150E-017));
#7588=VERTEX_POINT('',#7587);
#7589=CARTESIAN_POINT('',(0.10492125984252,-0.076377952755906,0.0));
#7590=DIRECTION('',(-1.0,0.0,0.0));
#7591=VECTOR('',#7590,0.20984251968504);
#7592=LINE('',#7589,#7591);
#7593=EDGE_CURVE('',#7580,#7588,#7592,.T.);
#7594=ORIENTED_EDGE('',*,*,#7593,.T.);
#7595=CARTESIAN_POINT('',(-0.10492125984252,-0.1,0.0));
#7596=VERTEX_POINT('',#7595);
#7597=CARTESIAN_POINT('',(-0.10492125984252,-0.076377952755906,0.0));
#7598=DIRECTION('',(0.0,-1.0,0.0));
#7599=VECTOR('',#7598,0.023622047244094);
#7600=LINE('',#7597,#7599);
#7601=EDGE_CURVE('',#7588,#7596,#7600,.T.);
#7602=ORIENTED_EDGE('',*,*,#7601,.T.);
#7603=CARTESIAN_POINT('',(-0.10492125984252,-0.1,0.0));
#7604=DIRECTION('',(-1.0,0.0,0.0));
#7605=VECTOR('',#7604,0.042322834645669);
#7606=LINE('',#7603,#7605);
#7607=EDGE_CURVE('',#7596,#7361,#7606,.T.);
#7608=ORIENTED_EDGE('',*,*,#7607,.T.);
#7609=ORIENTED_EDGE('',*,*,#7369,.T.);
#7610=CARTESIAN_POINT('',(-0.16003937007874,-0.087204724409449,0.0));
#7611=DIRECTION('',(0.0,1.0,0.0));
#7612=VECTOR('',#7611,0.174409448818898);
#7613=LINE('',#7610,#7612);
#7614=EDGE_CURVE('',#7363,#7453,#7613,.T.);
#7615=ORIENTED_EDGE('',*,*,#7614,.T.);
#7616=ORIENTED_EDGE('',*,*,#7461,.T.);
#7617=CARTESIAN_POINT('',(-0.10492125984252,0.1,-5.088522E-017));
#7618=VERTEX_POINT('',#7617);
#7619=CARTESIAN_POINT('',(-0.147244094488189,0.1,0.0));
#7620=DIRECTION('',(1.0,0.0,0.0));
#7621=VECTOR('',#7620,0.042322834645669);
#7622=LINE('',#7619,#7621);
#7623=EDGE_CURVE('',#7455,#7618,#7622,.T.);
#7624=ORIENTED_EDGE('',*,*,#7623,.T.);
#7625=CARTESIAN_POINT('',(-0.10492125984252,0.076377952755906,-3.238150E-017));
#7626=VERTEX_POINT('',#7625);
#7627=CARTESIAN_POINT('',(-0.10492125984252,0.1,0.0));
#7628=DIRECTION('',(0.0,-1.0,0.0));
#7629=VECTOR('',#7628,0.023622047244094);
#7630=LINE('',#7627,#7629);
#7631=EDGE_CURVE('',#7618,#7626,#7630,.T.);
#7632=ORIENTED_EDGE('',*,*,#7631,.T.);
#7633=CARTESIAN_POINT('',(0.10492125984252,0.076377952755906,0.0));
#7634=VERTEX_POINT('',#7633);
#7635=CARTESIAN_POINT('',(-0.10492125984252,0.076377952755906,0.0));
#7636=DIRECTION('',(1.0,0.0,0.0));
#7637=VECTOR('',#7636,0.20984251968504);
#7638=LINE('',#7635,#7637);
#7639=EDGE_CURVE('',#7626,#7634,#7638,.T.);
#7640=ORIENTED_EDGE('',*,*,#7639,.T.);
#7641=CARTESIAN_POINT('',(0.10492125984252,0.1,0.0));
#7642=VERTEX_POINT('',#7641);
#7643=CARTESIAN_POINT('',(0.10492125984252,0.076377952755906,0.0));
#7644=DIRECTION('',(0.0,1.0,0.0));
#7645=VECTOR('',#7644,0.023622047244094);
#7646=LINE('',#7643,#7645);
#7647=EDGE_CURVE('',#7634,#7642,#7646,.T.);
#7648=ORIENTED_EDGE('',*,*,#7647,.T.);
#7649=CARTESIAN_POINT('',(0.10492125984252,0.1,0.0));
#7650=DIRECTION('',(1.0,0.0,0.0));
#7651=VECTOR('',#7650,0.042322834645669);
#7652=LINE('',#7649,#7651);
#7653=EDGE_CURVE('',#7642,#7315,#7652,.T.);
#7654=ORIENTED_EDGE('',*,*,#7653,.T.);
#7655=ORIENTED_EDGE('',*,*,#7323,.T.);
#7656=CARTESIAN_POINT('',(0.16003937007874,0.087204724409449,0.0));
#7657=DIRECTION('',(0.0,-1.0,0.0));
#7658=VECTOR('',#7657,0.174409448818898);
#7659=LINE('',#7656,#7658);
#7660=EDGE_CURVE('',#7317,#7409,#7659,.T.);
#7661=ORIENTED_EDGE('',*,*,#7660,.T.);
#7662=EDGE_LOOP('',(#7570,#7578,#7586,#7594,#7602,#7608,#7609,#7615,#7616,#7624,#7632,#7640,#7648,#7654,#7655,#7661));
#7663=FACE_OUTER_BOUND('',#7662,.T.);
#7664=ORIENTED_EDGE('',*,*,#6253,.T.);
#7665=ORIENTED_EDGE('',*,*,#6368,.T.);
#7666=ORIENTED_EDGE('',*,*,#6528,.T.);
#7667=ORIENTED_EDGE('',*,*,#6556,.T.);
#7668=ORIENTED_EDGE('',*,*,#5031,.T.);
#7669=ORIENTED_EDGE('',*,*,#5176,.T.);
#7670=ORIENTED_EDGE('',*,*,#5301,.T.);
#7671=ORIENTED_EDGE('',*,*,#6681,.T.);
#7672=EDGE_LOOP('',(#7664,#7665,#7666,#7667,#7668,#7669,#7670,#7671));
#7673=FACE_BOUND('',#7672,.T.);
#7674=ADVANCED_FACE('',(#7663,#7673),#7569,.F.);
#7675=CARTESIAN_POINT('',(-0.089429133858267,-0.08759842519685,0.115439669441246));
#7676=DIRECTION('',(1.237643E-016,-0.90630778703665,0.4226182617407));
#7677=DIRECTION('',(0.0,-0.4226182617407,-0.90630778703665));
#7678=AXIS2_PLACEMENT_3D('',#7675,#7676,#7677);
#7679=PLANE('',#7678);
#7680=ORIENTED_EDGE('',*,*,#4003,.T.);
#7681=ORIENTED_EDGE('',*,*,#1734,.T.);
#7682=CARTESIAN_POINT('',(-0.081299212598425,-0.1,0.088844406450675));
#7683=DIRECTION('',(1.0,0.0,0.0));
#7684=VECTOR('',#7683,0.16259842519685);
#7685=LINE('',#7682,#7684);
#7686=EDGE_CURVE('',#1729,#712,#7685,.T.);
#7687=ORIENTED_EDGE('',*,*,#7686,.T.);
#7688=ORIENTED_EDGE('',*,*,#719,.T.);
#7689=ORIENTED_EDGE('',*,*,#3946,.T.);
#7690=CARTESIAN_POINT('',(0.081299212598425,-0.088188976377953,0.114173228346457));
#7691=DIRECTION('',(-1.0,0.0,0.0));
#7692=VECTOR('',#7691,0.16259842519685);
#7693=LINE('',#7690,#7692);
#7694=EDGE_CURVE('',#3935,#3998,#7693,.T.);
#7695=ORIENTED_EDGE('',*,*,#7694,.T.);
#7696=EDGE_LOOP('',(#7680,#7681,#7687,#7688,#7689,#7695));
#7697=FACE_OUTER_BOUND('',#7696,.T.);
#7698=ADVANCED_FACE('',(#7697),#7679,.T.);
#7699=CARTESIAN_POINT('',(-0.089429133858267,0.100590551181102,0.087577965355886));
#7700=DIRECTION('',(0.0,0.90630778703665,0.422618261740699));
#7701=DIRECTION('',(0.0,-0.422618261740699,0.90630778703665));
#7702=AXIS2_PLACEMENT_3D('',#7699,#7700,#7701);
#7703=PLANE('',#7702);
#7704=CARTESIAN_POINT('',(0.081299212598425,0.088188976377953,0.114173228346457));
#7705=DIRECTION('',(0.0,0.422618261740701,-0.906307787036649));
#7706=VECTOR('',#7705,0.00465787713219);
#7707=LINE('',#7704,#7706);
#7708=EDGE_CURVE('',#7058,#1634,#7707,.T.);
#7709=ORIENTED_EDGE('',*,*,#7708,.T.);
#7710=ORIENTED_EDGE('',*,*,#1641,.T.);
#7711=CARTESIAN_POINT('',(0.081299212598425,0.1,0.088844406450675));
#7712=DIRECTION('',(-1.0,0.0,0.0));
#7713=VECTOR('',#7712,0.16259842519685);
#7714=LINE('',#7711,#7713);
#7715=EDGE_CURVE('',#1636,#752,#7714,.T.);
#7716=ORIENTED_EDGE('',*,*,#7715,.T.);
#7717=ORIENTED_EDGE('',*,*,#759,.T.);
#7718=CARTESIAN_POINT('',(-0.081299212598425,0.090157480314961,0.109951758030493));
#7719=DIRECTION('',(0.0,-0.422618261740697,0.906307787036651));
#7720=VECTOR('',#7719,0.00465787713219);
#7721=LINE('',#7718,#7720);
#7722=EDGE_CURVE('',#754,#7066,#7721,.T.);
#7723=ORIENTED_EDGE('',*,*,#7722,.T.);
#7724=ORIENTED_EDGE('',*,*,#7071,.F.);
#7725=EDGE_LOOP('',(#7709,#7710,#7716,#7717,#7723,#7724));
#7726=FACE_OUTER_BOUND('',#7725,.T.);
#7727=ADVANCED_FACE('',(#7726),#7703,.T.);
#7728=CARTESIAN_POINT('',(-0.22,0.1,-0.017716535433071));
#7729=DIRECTION('',(0.0,1.0,0.0));
#7730=DIRECTION('',(0.0,0.0,1.0));
#7731=AXIS2_PLACEMENT_3D('',#7728,#7729,#7730);
#7732=PLANE('',#7731);
#7733=CARTESIAN_POINT('',(0.097609673790776,0.1,0.025590551181102));
#7734=VERTEX_POINT('',#7733);
#7735=CARTESIAN_POINT('',(0.10492125984252,0.1,0.0));
#7736=DIRECTION('',(-0.274721127897379,0.0,0.961523947640823));
#7737=VECTOR('',#7736,0.026614574960812);
#7738=LINE('',#7735,#7737);
#7739=EDGE_CURVE('',#7642,#7734,#7738,.T.);
#7740=ORIENTED_EDGE('',*,*,#7739,.T.);
#7741=CARTESIAN_POINT('',(0.144291338582677,0.1,0.025590551181102));
#7742=VERTEX_POINT('',#7741);
#7743=CARTESIAN_POINT('',(0.097609673790776,0.1,0.025590551181102));
#7744=DIRECTION('',(1.0,0.0,0.0));
#7745=VECTOR('',#7744,0.046681664791901);
#7746=LINE('',#7743,#7745);
#7747=EDGE_CURVE('',#7734,#7742,#7746,.T.);
#7748=ORIENTED_EDGE('',*,*,#7747,.T.);
#7749=CARTESIAN_POINT('',(0.144291338582677,0.1,0.025590551181102));
#7750=DIRECTION('',(0.0,0.0,1.0));
#7751=VECTOR('',#7750,0.239763779527559);
#7752=LINE('',#7749,#7751);
#7753=EDGE_CURVE('',#7742,#2836,#7752,.T.);
#7754=ORIENTED_EDGE('',*,*,#7753,.T.);
#7755=ORIENTED_EDGE('',*,*,#2856,.T.);
#7756=ORIENTED_EDGE('',*,*,#2755,.T.);
#7757=ORIENTED_EDGE('',*,*,#2699,.F.);
#7758=ORIENTED_EDGE('',*,*,#2669,.T.);
#7759=ORIENTED_EDGE('',*,*,#2646,.F.);
#7760=ORIENTED_EDGE('',*,*,#2791,.F.);
#7761=ORIENTED_EDGE('',*,*,#847,.T.);
#7762=CARTESIAN_POINT('',(-0.144291338582677,0.1,0.025590551181102));
#7763=VERTEX_POINT('',#7762);
#7764=CARTESIAN_POINT('',(-0.144291338582677,0.1,0.265354330708661));
#7765=DIRECTION('',(0.0,0.0,-1.0));
#7766=VECTOR('',#7765,0.239763779527559);
#7767=LINE('',#7764,#7766);
#7768=EDGE_CURVE('',#834,#7763,#7767,.T.);
#7769=ORIENTED_EDGE('',*,*,#7768,.T.);
#7770=CARTESIAN_POINT('',(-0.097609673790776,0.1,0.025590551181102));
#7771=VERTEX_POINT('',#7770);
#7772=CARTESIAN_POINT('',(-0.144291338582677,0.1,0.025590551181102));
#7773=DIRECTION('',(1.0,0.0,0.0));
#7774=VECTOR('',#7773,0.046681664791901);
#7775=LINE('',#7772,#7774);
#7776=EDGE_CURVE('',#7763,#7771,#7775,.T.);
#7777=ORIENTED_EDGE('',*,*,#7776,.T.);
#7778=CARTESIAN_POINT('',(-0.097609673790776,0.1,0.025590551181102));
#7779=DIRECTION('',(-0.274721127897379,0.0,-0.961523947640823));
#7780=VECTOR('',#7779,0.026614574960812);
#7781=LINE('',#7778,#7780);
#7782=EDGE_CURVE('',#7771,#7618,#7781,.T.);
#7783=ORIENTED_EDGE('',*,*,#7782,.T.);
#7784=ORIENTED_EDGE('',*,*,#7623,.F.);
#7785=ORIENTED_EDGE('',*,*,#7537,.F.);
#7786=CARTESIAN_POINT('',(-0.16003937007874,0.1,0.0));
#7787=DIRECTION('',(0.0,0.0,1.0));
#7788=VECTOR('',#7787,0.265354330708661);
#7789=LINE('',#7786,#7788);
#7790=EDGE_CURVE('',#7526,#2869,#7789,.T.);
#7791=ORIENTED_EDGE('',*,*,#7790,.T.);
#7792=ORIENTED_EDGE('',*,*,#2887,.T.);
#7793=ORIENTED_EDGE('',*,*,#2100,.F.);
#7794=ORIENTED_EDGE('',*,*,#2201,.F.);
#7795=ORIENTED_EDGE('',*,*,#1940,.T.);
#7796=ORIENTED_EDGE('',*,*,#807,.T.);
#7797=CARTESIAN_POINT('',(0.16003937007874,0.1,0.0));
#7798=DIRECTION('',(0.0,0.0,1.0));
#7799=VECTOR('',#7798,0.265354330708661);
#7800=LINE('',#7797,#7799);
#7801=EDGE_CURVE('',#7480,#792,#7800,.T.);
#7802=ORIENTED_EDGE('',*,*,#7801,.F.);
#7803=ORIENTED_EDGE('',*,*,#7485,.F.);
#7804=ORIENTED_EDGE('',*,*,#7653,.F.);
#7805=EDGE_LOOP('',(#7740,#7748,#7754,#7755,#7756,#7757,#7758,#7759,#7760,#7761,#7769,#7777,#7783,#7784,#7785,#7791,#7792,#7793,#7794,#7795,#7796,#7802,#7803,#7804));
#7806=FACE_OUTER_BOUND('',#7805,.T.);
#7807=ORIENTED_EDGE('',*,*,#7715,.F.);
#7808=ORIENTED_EDGE('',*,*,#1663,.T.);
#7809=ORIENTED_EDGE('',*,*,#1708,.T.);
#7810=ORIENTED_EDGE('',*,*,#767,.T.);
#7811=EDGE_LOOP('',(#7807,#7808,#7809,#7810));
#7812=FACE_BOUND('',#7811,.T.);
#7813=ADVANCED_FACE('',(#7806,#7812),#7732,.T.);
#7814=CARTESIAN_POINT('',(0.081299212598425,0.088090551181103,0.115748031496063));
#7815=DIRECTION('',(1.0,0.0,0.0));
#7816=DIRECTION('',(0.0,0.0,-1.0));
#7817=AXIS2_PLACEMENT_3D('',#7814,#7815,#7816);
#7818=PLANE('',#7817);
#7819=ORIENTED_EDGE('',*,*,#3136,.T.);
#7820=ORIENTED_EDGE('',*,*,#7708,.F.);
#7821=ORIENTED_EDGE('',*,*,#7063,.F.);
#7822=CARTESIAN_POINT('',(0.081299212598425,0.090157480314961,0.082677165354331));
#7823=DIRECTION('',(0.0,-1.0,0.0));
#7824=VECTOR('',#7823,0.001968503937008);
#7825=LINE('',#7822,#7824);
#7826=EDGE_CURVE('',#3131,#7050,#7825,.T.);
#7827=ORIENTED_EDGE('',*,*,#7826,.F.);
#7828=EDGE_LOOP('',(#7819,#7820,#7821,#7827));
#7829=FACE_OUTER_BOUND('',#7828,.T.);
#7830=ADVANCED_FACE('',(#7829),#7818,.T.);
#7831=CARTESIAN_POINT('',(0.08011811023622,0.075196850393701,0.086811023622047));
#7832=DIRECTION('',(0.961523947640823,0.0,0.274721127897378));
#7833=DIRECTION('',(0.274721127897378,0.0,-0.961523947640823));
#7834=AXIS2_PLACEMENT_3D('',#7831,#7832,#7833);
#7835=PLANE('',#7834);
#7836=ORIENTED_EDGE('',*,*,#7055,.F.);
#7837=CARTESIAN_POINT('',(0.097609673790776,0.1,0.025590551181102));
#7838=DIRECTION('',(0.0,-1.0,0.0));
#7839=VECTOR('',#7838,0.011811023622047);
#7840=LINE('',#7837,#7839);
#7841=EDGE_CURVE('',#7734,#7042,#7840,.T.);
#7842=ORIENTED_EDGE('',*,*,#7841,.F.);
#7843=ORIENTED_EDGE('',*,*,#7739,.F.);
#7844=ORIENTED_EDGE('',*,*,#7647,.F.);
#7845=CARTESIAN_POINT('',(0.081299212598425,0.076377952755906,0.082677165354331));
#7846=VERTEX_POINT('',#7845);
#7847=CARTESIAN_POINT('',(0.10492125984252,0.076377952755906,0.0));
#7848=DIRECTION('',(-0.274721127897378,1.613967E-016,0.961523947640823));
#7849=VECTOR('',#7848,0.085985549873392);
#7850=LINE('',#7847,#7849);
#7851=EDGE_CURVE('',#7634,#7846,#7850,.T.);
#7852=ORIENTED_EDGE('',*,*,#7851,.T.);
#7853=CARTESIAN_POINT('',(0.081299212598425,0.088188976377953,0.082677165354331));
#7854=DIRECTION('',(0.0,-1.0,0.0));
#7855=VECTOR('',#7854,0.011811023622047);
#7856=LINE('',#7853,#7855);
#7857=EDGE_CURVE('',#7050,#7846,#7856,.T.);
#7858=ORIENTED_EDGE('',*,*,#7857,.F.);
#7859=EDGE_LOOP('',(#7836,#7842,#7843,#7844,#7852,#7858));
#7860=FACE_OUTER_BOUND('',#7859,.T.);
#7861=ADVANCED_FACE('',(#7860),#7835,.F.);
#7862=CARTESIAN_POINT('',(-0.106102362204724,0.075196850393701,-0.004133858267717));
#7863=DIRECTION('',(-0.961523947640823,0.0,0.274721127897378));
#7864=DIRECTION('',(0.274721127897378,0.0,0.961523947640823));
#7865=AXIS2_PLACEMENT_3D('',#7862,#7863,#7864);
#7866=PLANE('',#7865);
#7867=ORIENTED_EDGE('',*,*,#7087,.F.);
#7868=CARTESIAN_POINT('',(-0.081299212598425,0.076377952755906,0.082677165354331));
#7869=VERTEX_POINT('',#7868);
#7870=CARTESIAN_POINT('',(-0.081299212598425,0.088188976377953,0.082677165354331));
#7871=DIRECTION('',(0.0,-1.0,0.0));
#7872=VECTOR('',#7871,0.011811023622047);
#7873=LINE('',#7870,#7872);
#7874=EDGE_CURVE('',#7074,#7869,#7873,.T.);
#7875=ORIENTED_EDGE('',*,*,#7874,.T.);
#7876=CARTESIAN_POINT('',(-0.081299212598425,0.076377952755906,0.082677165354331));
#7877=DIRECTION('',(-0.274721127897379,0.0,-0.961523947640823));
#7878=VECTOR('',#7877,0.085985549873392);
#7879=LINE('',#7876,#7878);
#7880=EDGE_CURVE('',#7869,#7626,#7879,.T.);
#7881=ORIENTED_EDGE('',*,*,#7880,.T.);
#7882=ORIENTED_EDGE('',*,*,#7631,.F.);
#7883=ORIENTED_EDGE('',*,*,#7782,.F.);
#7884=CARTESIAN_POINT('',(-0.097609673790776,0.088188976377953,0.025590551181102));
#7885=DIRECTION('',(0.0,1.0,0.0));
#7886=VECTOR('',#7885,0.011811023622047);
#7887=LINE('',#7884,#7886);
#7888=EDGE_CURVE('',#7082,#7771,#7887,.T.);
#7889=ORIENTED_EDGE('',*,*,#7888,.F.);
#7890=EDGE_LOOP('',(#7867,#7875,#7881,#7882,#7883,#7889));
#7891=FACE_OUTER_BOUND('',#7890,.T.);
#7892=ADVANCED_FACE('',(#7891),#7866,.F.);
#7893=CARTESIAN_POINT('',(-0.115413385826772,0.076377952755905,0.086811023622048));
#7894=DIRECTION('',(0.0,-1.0,0.0));
#7895=DIRECTION('',(0.0,0.0,-1.0));
#7896=AXIS2_PLACEMENT_3D('',#7893,#7894,#7895);
#7897=PLANE('',#7896);
#7898=ORIENTED_EDGE('',*,*,#7851,.F.);
#7899=ORIENTED_EDGE('',*,*,#7639,.F.);
#7900=ORIENTED_EDGE('',*,*,#7880,.F.);
#7901=CARTESIAN_POINT('',(0.081299212598425,0.076377952755906,0.082677165354331));
#7902=DIRECTION('',(-1.0,0.0,0.0));
#7903=VECTOR('',#7902,0.16259842519685);
#7904=LINE('',#7901,#7903);
#7905=EDGE_CURVE('',#7846,#7869,#7904,.T.);
#7906=ORIENTED_EDGE('',*,*,#7905,.F.);
#7907=EDGE_LOOP('',(#7898,#7899,#7900,#7906));
#7908=FACE_OUTER_BOUND('',#7907,.T.);
#7909=ADVANCED_FACE('',(#7908),#7897,.F.);
#7910=CARTESIAN_POINT('',(-0.095275590551181,0.087598425196851,0.025590551181102));
#7911=DIRECTION('',(0.0,0.0,-1.0));
#7912=DIRECTION('',(-1.0,0.0,0.0));
#7913=AXIS2_PLACEMENT_3D('',#7910,#7911,#7912);
#7914=PLANE('',#7913);
#7915=ORIENTED_EDGE('',*,*,#7888,.T.);
#7916=ORIENTED_EDGE('',*,*,#7776,.F.);
#7917=CARTESIAN_POINT('',(-0.144291338582677,0.1,0.025590551181102));
#7918=DIRECTION('',(0.0,-1.0,0.0));
#7919=VECTOR('',#7918,0.011811023622047);
#7920=LINE('',#7917,#7919);
#7921=EDGE_CURVE('',#7763,#7090,#7920,.T.);
#7922=ORIENTED_EDGE('',*,*,#7921,.T.);
#7923=ORIENTED_EDGE('',*,*,#7095,.T.);
#7924=EDGE_LOOP('',(#7915,#7916,#7922,#7923));
#7925=FACE_OUTER_BOUND('',#7924,.T.);
#7926=ADVANCED_FACE('',(#7925),#7914,.F.);
#7927=CARTESIAN_POINT('',(-0.081299212598425,0.088090551181103,0.081102362204725));
#7928=DIRECTION('',(-1.0,0.0,0.0));
#7929=DIRECTION('',(0.0,0.0,1.0));
#7930=AXIS2_PLACEMENT_3D('',#7927,#7928,#7929);
#7931=PLANE('',#7930);
#7932=ORIENTED_EDGE('',*,*,#3125,.T.);
#7933=CARTESIAN_POINT('',(-0.081299212598425,0.090157480314961,0.082677165354331));
#7934=DIRECTION('',(0.0,-1.0,0.0));
#7935=VECTOR('',#7934,0.001968503937008);
#7936=LINE('',#7933,#7935);
#7937=EDGE_CURVE('',#3120,#7074,#7936,.T.);
#7938=ORIENTED_EDGE('',*,*,#7937,.T.);
#7939=ORIENTED_EDGE('',*,*,#7079,.F.);
#7940=ORIENTED_EDGE('',*,*,#7722,.F.);
#7941=EDGE_LOOP('',(#7932,#7938,#7939,#7940));
#7942=FACE_OUTER_BOUND('',#7941,.T.);
#7943=ADVANCED_FACE('',(#7942),#7931,.T.);
#7944=CARTESIAN_POINT('',(0.089429133858268,0.075688976377953,0.082677165354331));
#7945=DIRECTION('',(0.0,0.0,-1.0));
#7946=DIRECTION('',(-1.0,0.0,0.0));
#7947=AXIS2_PLACEMENT_3D('',#7944,#7945,#7946);
#7948=PLANE('',#7947);
#7949=ORIENTED_EDGE('',*,*,#3142,.T.);
#7950=ORIENTED_EDGE('',*,*,#7826,.T.);
#7951=ORIENTED_EDGE('',*,*,#7857,.T.);
#7952=ORIENTED_EDGE('',*,*,#7905,.T.);
#7953=ORIENTED_EDGE('',*,*,#7874,.F.);
#7954=ORIENTED_EDGE('',*,*,#7937,.F.);
#7955=EDGE_LOOP('',(#7949,#7950,#7951,#7952,#7953,#7954));
#7956=FACE_OUTER_BOUND('',#7955,.T.);
#7957=ADVANCED_FACE('',(#7956),#7948,.T.);
#7958=CARTESIAN_POINT('',(0.146625421822272,0.087598425196851,0.025590551181102));
#7959=DIRECTION('',(0.0,0.0,-1.0));
#7960=DIRECTION('',(-1.0,0.0,0.0));
#7961=AXIS2_PLACEMENT_3D('',#7958,#7959,#7960);
#7962=PLANE('',#7961);
#7963=ORIENTED_EDGE('',*,*,#7841,.T.);
#7964=ORIENTED_EDGE('',*,*,#7047,.T.);
#7965=CARTESIAN_POINT('',(0.144291338582677,0.1,0.025590551181102));
#7966=DIRECTION('',(0.0,-1.0,0.0));
#7967=VECTOR('',#7966,0.011811023622047);
#7968=LINE('',#7965,#7967);
#7969=EDGE_CURVE('',#7742,#7034,#7968,.T.);
#7970=ORIENTED_EDGE('',*,*,#7969,.F.);
#7971=ORIENTED_EDGE('',*,*,#7747,.F.);
#7972=EDGE_LOOP('',(#7963,#7964,#7970,#7971));
#7973=FACE_OUTER_BOUND('',#7972,.T.);
#7974=ADVANCED_FACE('',(#7973),#7962,.F.);
#7975=CARTESIAN_POINT('',(0.144291338582677,0.087598425196851,0.277342519685039));
#7976=DIRECTION('',(1.0,0.0,0.0));
#7977=DIRECTION('',(0.0,0.0,-1.0));
#7978=AXIS2_PLACEMENT_3D('',#7975,#7976,#7977);
#7979=PLANE('',#7978);
#7980=ORIENTED_EDGE('',*,*,#7039,.T.);
#7981=ORIENTED_EDGE('',*,*,#7189,.F.);
#7982=ORIENTED_EDGE('',*,*,#2843,.F.);
#7983=ORIENTED_EDGE('',*,*,#7753,.F.);
#7984=ORIENTED_EDGE('',*,*,#7969,.T.);
#7985=EDGE_LOOP('',(#7980,#7981,#7982,#7983,#7984));
#7986=FACE_OUTER_BOUND('',#7985,.T.);
#7987=ADVANCED_FACE('',(#7986),#7979,.F.);
#7988=CARTESIAN_POINT('',(-0.144291338582677,0.087598425196851,0.013602362204724));
#7989=DIRECTION('',(-1.0,0.0,0.0));
#7990=DIRECTION('',(0.0,0.0,1.0));
#7991=AXIS2_PLACEMENT_3D('',#7988,#7989,#7990);
#7992=PLANE('',#7991);
#7993=ORIENTED_EDGE('',*,*,#7103,.T.);
#7994=ORIENTED_EDGE('',*,*,#7921,.F.);
#7995=ORIENTED_EDGE('',*,*,#7768,.F.);
#7996=ORIENTED_EDGE('',*,*,#839,.F.);
#7997=ORIENTED_EDGE('',*,*,#7268,.F.);
#7998=EDGE_LOOP('',(#7993,#7994,#7995,#7996,#7997));
#7999=FACE_OUTER_BOUND('',#7998,.T.);
#8000=ADVANCED_FACE('',(#7999),#7992,.F.);
#8001=CARTESIAN_POINT('',(0.080118110236221,-0.101181102362205,0.086811023622048));
#8002=DIRECTION('',(0.961523947640823,0.0,0.274721127897378));
#8003=DIRECTION('',(0.274721127897378,0.0,-0.961523947640823));
#8004=AXIS2_PLACEMENT_3D('',#8001,#8002,#8003);
#8005=PLANE('',#8004);
#8006=CARTESIAN_POINT('',(0.097609673790776,-0.088188976377953,0.025590551181102));
#8007=VERTEX_POINT('',#8006);
#8008=CARTESIAN_POINT('',(0.081299212598425,-0.088188976377953,0.082677165354331));
#8009=DIRECTION('',(0.274721127897379,0.0,-0.961523947640823));
#8010=VECTOR('',#8009,0.059370974912581);
#8011=LINE('',#8008,#8010);
#8012=EDGE_CURVE('',#3927,#8007,#8011,.T.);
#8013=ORIENTED_EDGE('',*,*,#8012,.F.);
#8014=ORIENTED_EDGE('',*,*,#3985,.T.);
#8015=CARTESIAN_POINT('',(0.10492125984252,-0.076377952755906,0.0));
#8016=DIRECTION('',(-0.274721127897378,-1.613967E-016,0.961523947640823));
#8017=VECTOR('',#8016,0.085985549873392);
#8018=LINE('',#8015,#8017);
#8019=EDGE_CURVE('',#7580,#3974,#8018,.T.);
#8020=ORIENTED_EDGE('',*,*,#8019,.F.);
#8021=ORIENTED_EDGE('',*,*,#7585,.F.);
#8022=CARTESIAN_POINT('',(0.097609673790776,-0.1,0.025590551181102));
#8023=VERTEX_POINT('',#8022);
#8024=CARTESIAN_POINT('',(0.097609673790776,-0.1,0.025590551181102));
#8025=DIRECTION('',(0.274721127897379,0.0,-0.961523947640823));
#8026=VECTOR('',#8025,0.026614574960812);
#8027=LINE('',#8024,#8026);
#8028=EDGE_CURVE('',#8023,#7572,#8027,.T.);
#8029=ORIENTED_EDGE('',*,*,#8028,.F.);
#8030=CARTESIAN_POINT('',(0.097609673790776,-0.088188976377953,0.025590551181102));
#8031=DIRECTION('',(0.0,-1.0,0.0));
#8032=VECTOR('',#8031,0.011811023622047);
#8033=LINE('',#8030,#8032);
#8034=EDGE_CURVE('',#8007,#8023,#8033,.T.);
#8035=ORIENTED_EDGE('',*,*,#8034,.F.);
#8036=EDGE_LOOP('',(#8013,#8014,#8020,#8021,#8029,#8035));
#8037=FACE_OUTER_BOUND('',#8036,.T.);
#8038=ADVANCED_FACE('',(#8037),#8005,.F.);
#8039=CARTESIAN_POINT('',(-0.106102362204724,-0.101181102362205,-0.004133858267717));
#8040=DIRECTION('',(-0.961523947640823,0.0,0.274721127897378));
#8041=DIRECTION('',(0.274721127897378,0.0,0.961523947640823));
#8042=AXIS2_PLACEMENT_3D('',#8039,#8040,#8041);
#8043=PLANE('',#8042);
#8044=CARTESIAN_POINT('',(-0.097609673790776,-0.088188976377953,0.025590551181102));
#8045=VERTEX_POINT('',#8044);
#8046=CARTESIAN_POINT('',(-0.097609673790776,-0.088188976377953,0.025590551181102));
#8047=DIRECTION('',(0.274721127897378,-7.012410E-016,0.961523947640823));
#8048=VECTOR('',#8047,0.059370974912581);
#8049=LINE('',#8046,#8048);
#8050=EDGE_CURVE('',#8045,#3958,#8049,.T.);
#8051=ORIENTED_EDGE('',*,*,#8050,.F.);
#8052=CARTESIAN_POINT('',(-0.097609673790776,-0.1,0.025590551181102));
#8053=VERTEX_POINT('',#8052);
#8054=CARTESIAN_POINT('',(-0.097609673790776,-0.1,0.025590551181102));
#8055=DIRECTION('',(0.0,1.0,0.0));
#8056=VECTOR('',#8055,0.011811023622047);
#8057=LINE('',#8054,#8056);
#8058=EDGE_CURVE('',#8053,#8045,#8057,.T.);
#8059=ORIENTED_EDGE('',*,*,#8058,.F.);
#8060=CARTESIAN_POINT('',(-0.10492125984252,-0.1,0.0));
#8061=DIRECTION('',(0.274721127897379,0.0,0.961523947640823));
#8062=VECTOR('',#8061,0.026614574960812);
#8063=LINE('',#8060,#8062);
#8064=EDGE_CURVE('',#7596,#8053,#8063,.T.);
#8065=ORIENTED_EDGE('',*,*,#8064,.F.);
#8066=ORIENTED_EDGE('',*,*,#7601,.F.);
#8067=CARTESIAN_POINT('',(-0.081299212598425,-0.076377952755906,0.082677165354331));
#8068=DIRECTION('',(-0.274721127897379,0.0,-0.961523947640823));
#8069=VECTOR('',#8068,0.085985549873392);
#8070=LINE('',#8067,#8069);
#8071=EDGE_CURVE('',#3966,#7588,#8070,.T.);
#8072=ORIENTED_EDGE('',*,*,#8071,.F.);
#8073=ORIENTED_EDGE('',*,*,#3971,.F.);
#8074=EDGE_LOOP('',(#8051,#8059,#8065,#8066,#8072,#8073));
#8075=FACE_OUTER_BOUND('',#8074,.T.);
#8076=ADVANCED_FACE('',(#8075),#8043,.F.);
#8077=CARTESIAN_POINT('',(-0.115413385826772,-0.076377952755906,-0.004133858267717));
#8078=DIRECTION('',(0.0,1.0,0.0));
#8079=DIRECTION('',(0.0,0.0,1.0));
#8080=AXIS2_PLACEMENT_3D('',#8077,#8078,#8079);
#8081=PLANE('',#8080);
#8082=ORIENTED_EDGE('',*,*,#8019,.T.);
#8083=ORIENTED_EDGE('',*,*,#3979,.T.);
#8084=ORIENTED_EDGE('',*,*,#8071,.T.);
#8085=ORIENTED_EDGE('',*,*,#7593,.F.);
#8086=EDGE_LOOP('',(#8082,#8083,#8084,#8085));
#8087=FACE_OUTER_BOUND('',#8086,.T.);
#8088=ADVANCED_FACE('',(#8087),#8081,.F.);
#8089=CARTESIAN_POINT('',(-0.22,-0.1,0.372047244094488));
#8090=DIRECTION('',(0.0,-1.0,0.0));
#8091=DIRECTION('',(0.0,0.0,-1.0));
#8092=AXIS2_PLACEMENT_3D('',#8089,#8090,#8091);
#8093=PLANE('',#8092);
#8094=ORIENTED_EDGE('',*,*,#8064,.T.);
#8095=CARTESIAN_POINT('',(-0.144291338582677,-0.1,0.025590551181102));
#8096=VERTEX_POINT('',#8095);
#8097=CARTESIAN_POINT('',(-0.097609673790776,-0.1,0.025590551181102));
#8098=DIRECTION('',(-1.0,0.0,0.0));
#8099=VECTOR('',#8098,0.046681664791901);
#8100=LINE('',#8097,#8099);
#8101=EDGE_CURVE('',#8053,#8096,#8100,.T.);
#8102=ORIENTED_EDGE('',*,*,#8101,.T.);
#8103=CARTESIAN_POINT('',(-0.144291338582677,-0.1,0.025590551181102));
#8104=DIRECTION('',(0.0,0.0,1.0));
#8105=VECTOR('',#8104,0.239763779527559);
#8106=LINE('',#8103,#8105);
#8107=EDGE_CURVE('',#8096,#1117,#8106,.T.);
#8108=ORIENTED_EDGE('',*,*,#8107,.T.);
#8109=ORIENTED_EDGE('',*,*,#1146,.T.);
#8110=ORIENTED_EDGE('',*,*,#2806,.T.);
#8111=ORIENTED_EDGE('',*,*,#2478,.F.);
#8112=ORIENTED_EDGE('',*,*,#2531,.T.);
#8113=ORIENTED_EDGE('',*,*,#2737,.F.);
#8114=ORIENTED_EDGE('',*,*,#2825,.F.);
#8115=ORIENTED_EDGE('',*,*,#687,.T.);
#8116=CARTESIAN_POINT('',(0.144291338582677,-0.1,0.025590551181102));
#8117=VERTEX_POINT('',#8116);
#8118=CARTESIAN_POINT('',(0.144291338582677,-0.1,0.265354330708661));
#8119=DIRECTION('',(0.0,0.0,-1.0));
#8120=VECTOR('',#8119,0.239763779527559);
#8121=LINE('',#8118,#8120);
#8122=EDGE_CURVE('',#674,#8117,#8121,.T.);
#8123=ORIENTED_EDGE('',*,*,#8122,.T.);
#8124=CARTESIAN_POINT('',(0.144291338582677,-0.1,0.025590551181102));
#8125=DIRECTION('',(-1.0,0.0,0.0));
#8126=VECTOR('',#8125,0.046681664791901);
#8127=LINE('',#8124,#8126);
#8128=EDGE_CURVE('',#8117,#8023,#8127,.T.);
#8129=ORIENTED_EDGE('',*,*,#8128,.T.);
#8130=ORIENTED_EDGE('',*,*,#8028,.T.);
#8131=ORIENTED_EDGE('',*,*,#7577,.F.);
#8132=ORIENTED_EDGE('',*,*,#7560,.F.);
#8133=CARTESIAN_POINT('',(0.16003937007874,-0.1,0.0));
#8134=DIRECTION('',(0.0,0.0,1.0));
#8135=VECTOR('',#8134,0.265354330708661);
#8136=LINE('',#8133,#8135);
#8137=EDGE_CURVE('',#7549,#1385,#8136,.T.);
#8138=ORIENTED_EDGE('',*,*,#8137,.T.);
#8139=ORIENTED_EDGE('',*,*,#1453,.T.);
#8140=ORIENTED_EDGE('',*,*,#1592,.F.);
#8141=ORIENTED_EDGE('',*,*,#1495,.T.);
#8142=ORIENTED_EDGE('',*,*,#1954,.F.);
#8143=ORIENTED_EDGE('',*,*,#2262,.F.);
#8144=ORIENTED_EDGE('',*,*,#2084,.T.);
#8145=ORIENTED_EDGE('',*,*,#1100,.T.);
#8146=ORIENTED_EDGE('',*,*,#1207,.F.);
#8147=ORIENTED_EDGE('',*,*,#579,.T.);
#8148=CARTESIAN_POINT('',(-0.16003937007874,-0.1,0.0));
#8149=DIRECTION('',(0.0,0.0,1.0));
#8150=VECTOR('',#8149,0.265354330708661);
#8151=LINE('',#8148,#8150);
#8152=EDGE_CURVE('',#7503,#564,#8151,.T.);
#8153=ORIENTED_EDGE('',*,*,#8152,.F.);
#8154=ORIENTED_EDGE('',*,*,#7508,.F.);
#8155=ORIENTED_EDGE('',*,*,#7607,.F.);
#8156=EDGE_LOOP('',(#8094,#8102,#8108,#8109,#8110,#8111,#8112,#8113,#8114,#8115,#8123,#8129,#8130,#8131,#8132,#8138,#8139,#8140,#8141,#8142,#8143,#8144,#8145,#8146,#8147,#8153,#8154,#8155));
#8157=FACE_OUTER_BOUND('',#8156,.T.);
#8158=ORIENTED_EDGE('',*,*,#7686,.F.);
#8159=ORIENTED_EDGE('',*,*,#1747,.T.);
#8160=ORIENTED_EDGE('',*,*,#1688,.T.);
#8161=ORIENTED_EDGE('',*,*,#727,.T.);
#8162=EDGE_LOOP('',(#8158,#8159,#8160,#8161));
#8163=FACE_BOUND('',#8162,.T.);
#8164=ADVANCED_FACE('',(#8157,#8163),#8093,.T.);
#8165=CARTESIAN_POINT('',(-0.095275590551181,-0.100590551181102,0.025590551181102));
#8166=DIRECTION('',(0.0,0.0,-1.0));
#8167=DIRECTION('',(-1.0,0.0,0.0));
#8168=AXIS2_PLACEMENT_3D('',#8165,#8166,#8167);
#8169=PLANE('',#8168);
#8170=ORIENTED_EDGE('',*,*,#8058,.T.);
#8171=CARTESIAN_POINT('',(-0.144291338582677,-0.088188976377953,0.025590551181102));
#8172=VERTEX_POINT('',#8171);
#8173=CARTESIAN_POINT('',(-0.144291338582677,-0.088188976377953,0.025590551181102));
#8174=DIRECTION('',(1.0,0.0,0.0));
#8175=VECTOR('',#8174,0.046681664791901);
#8176=LINE('',#8173,#8175);
#8177=EDGE_CURVE('',#8172,#8045,#8176,.T.);
#8178=ORIENTED_EDGE('',*,*,#8177,.F.);
#8179=CARTESIAN_POINT('',(-0.144291338582677,-0.1,0.025590551181102));
#8180=DIRECTION('',(0.0,1.0,0.0));
#8181=VECTOR('',#8180,0.011811023622047);
#8182=LINE('',#8179,#8181);
#8183=EDGE_CURVE('',#8096,#8172,#8182,.T.);
#8184=ORIENTED_EDGE('',*,*,#8183,.F.);
#8185=ORIENTED_EDGE('',*,*,#8101,.F.);
#8186=EDGE_LOOP('',(#8170,#8178,#8184,#8185));
#8187=FACE_OUTER_BOUND('',#8186,.T.);
#8188=ADVANCED_FACE('',(#8187),#8169,.F.);
#8189=CARTESIAN_POINT('',(0.146625421822272,-0.100590551181102,0.025590551181102));
#8190=DIRECTION('',(0.0,0.0,-1.0));
#8191=DIRECTION('',(-1.0,0.0,0.0));
#8192=AXIS2_PLACEMENT_3D('',#8189,#8190,#8191);
#8193=PLANE('',#8192);
#8194=ORIENTED_EDGE('',*,*,#8034,.T.);
#8195=ORIENTED_EDGE('',*,*,#8128,.F.);
#8196=CARTESIAN_POINT('',(0.144291338582677,-0.088188976377953,0.025590551181102));
#8197=VERTEX_POINT('',#8196);
#8198=CARTESIAN_POINT('',(0.144291338582677,-0.1,0.025590551181102));
#8199=DIRECTION('',(0.0,1.0,0.0));
#8200=VECTOR('',#8199,0.011811023622047);
#8201=LINE('',#8198,#8200);
#8202=EDGE_CURVE('',#8117,#8197,#8201,.T.);
#8203=ORIENTED_EDGE('',*,*,#8202,.T.);
#8204=CARTESIAN_POINT('',(0.097609673790776,-0.088188976377953,0.025590551181102));
#8205=DIRECTION('',(1.0,0.0,0.0));
#8206=VECTOR('',#8205,0.046681664791901);
#8207=LINE('',#8204,#8206);
#8208=EDGE_CURVE('',#8007,#8197,#8207,.T.);
#8209=ORIENTED_EDGE('',*,*,#8208,.F.);
#8210=EDGE_LOOP('',(#8194,#8195,#8203,#8209));
#8211=FACE_OUTER_BOUND('',#8210,.T.);
#8212=ADVANCED_FACE('',(#8211),#8193,.F.);
#8213=CARTESIAN_POINT('',(0.144291338582677,-0.100590551181102,0.277342519685039));
#8214=DIRECTION('',(1.0,0.0,0.0));
#8215=DIRECTION('',(0.0,0.0,-1.0));
#8216=AXIS2_PLACEMENT_3D('',#8213,#8214,#8215);
#8217=PLANE('',#8216);
#8218=CARTESIAN_POINT('',(0.144291338582677,-0.088188976377953,0.025590551181102));
#8219=DIRECTION('',(0.0,0.0,1.0));
#8220=VECTOR('',#8219,0.239763779527559);
#8221=LINE('',#8218,#8220);
#8222=EDGE_CURVE('',#8197,#7210,#8221,.T.);
#8223=ORIENTED_EDGE('',*,*,#8222,.F.);
#8224=ORIENTED_EDGE('',*,*,#8202,.F.);
#8225=ORIENTED_EDGE('',*,*,#8122,.F.);
#8226=ORIENTED_EDGE('',*,*,#679,.F.);
#8227=ORIENTED_EDGE('',*,*,#7221,.F.);
#8228=EDGE_LOOP('',(#8223,#8224,#8225,#8226,#8227));
#8229=FACE_OUTER_BOUND('',#8228,.T.);
#8230=ADVANCED_FACE('',(#8229),#8217,.F.);
#8231=CARTESIAN_POINT('',(-0.144291338582677,-0.100590551181102,0.013602362204724));
#8232=DIRECTION('',(-1.0,0.0,0.0));
#8233=DIRECTION('',(0.0,0.0,1.0));
#8234=AXIS2_PLACEMENT_3D('',#8231,#8232,#8233);
#8235=PLANE('',#8234);
#8236=CARTESIAN_POINT('',(-0.144291338582677,-0.088188976377953,0.265354330708661));
#8237=DIRECTION('',(0.0,0.0,-1.0));
#8238=VECTOR('',#8237,0.239763779527559);
#8239=LINE('',#8236,#8238);
#8240=EDGE_CURVE('',#7233,#8172,#8239,.T.);
#8241=ORIENTED_EDGE('',*,*,#8240,.F.);
#8242=ORIENTED_EDGE('',*,*,#7238,.F.);
#8243=ORIENTED_EDGE('',*,*,#1124,.F.);
#8244=ORIENTED_EDGE('',*,*,#8107,.F.);
#8245=ORIENTED_EDGE('',*,*,#8183,.T.);
#8246=EDGE_LOOP('',(#8241,#8242,#8243,#8244,#8245));
#8247=FACE_OUTER_BOUND('',#8246,.T.);
#8248=ADVANCED_FACE('',(#8247),#8235,.F.);
#8249=CARTESIAN_POINT('',(-0.158720472440945,-0.088188976377953,0.013602362204724));
#8250=DIRECTION('',(0.0,1.0,0.0));
#8251=DIRECTION('',(0.0,0.0,1.0));
#8252=AXIS2_PLACEMENT_3D('',#8249,#8250,#8251);
#8253=PLANE('',#8252);
#8254=ORIENTED_EDGE('',*,*,#6842,.T.);
#8255=ORIENTED_EDGE('',*,*,#7244,.F.);
#8256=ORIENTED_EDGE('',*,*,#8240,.T.);
#8257=ORIENTED_EDGE('',*,*,#8177,.T.);
#8258=ORIENTED_EDGE('',*,*,#8050,.T.);
#8259=ORIENTED_EDGE('',*,*,#4009,.F.);
#8260=ORIENTED_EDGE('',*,*,#7694,.F.);
#8261=ORIENTED_EDGE('',*,*,#3940,.F.);
#8262=ORIENTED_EDGE('',*,*,#8012,.T.);
#8263=ORIENTED_EDGE('',*,*,#8208,.T.);
#8264=ORIENTED_EDGE('',*,*,#8222,.T.);
#8265=ORIENTED_EDGE('',*,*,#7215,.F.);
#8266=ORIENTED_EDGE('',*,*,#6944,.T.);
#8267=ORIENTED_EDGE('',*,*,#6913,.T.);
#8268=EDGE_LOOP('',(#8254,#8255,#8256,#8257,#8258,#8259,#8260,#8261,#8262,#8263,#8264,#8265,#8266,#8267));
#8269=FACE_OUTER_BOUND('',#8268,.T.);
#8270=ADVANCED_FACE('',(#8269),#8253,.F.);
#8271=CARTESIAN_POINT('',(0.140354330708661,-0.06496062992126,0.277755905511811));
#8272=DIRECTION('',(1.0,0.0,0.0));
#8273=DIRECTION('',(0.0,0.0,-1.0));
#8274=AXIS2_PLACEMENT_3D('',#8271,#8272,#8273);
#8275=PLANE('',#8274);
#8276=CARTESIAN_POINT('',(0.140354330708661,0.059055118110236,0.017322834645669));
#8277=VERTEX_POINT('',#8276);
#8278=CARTESIAN_POINT('',(0.140354330708661,-0.059055118110236,0.017322834645669));
#8279=DIRECTION('',(0.0,1.0,0.0));
#8280=VECTOR('',#8279,0.118110236220472);
#8281=LINE('',#8278,#8280);
#8282=EDGE_CURVE('',#7131,#8277,#8281,.T.);
#8283=ORIENTED_EDGE('',*,*,#8282,.F.);
#8284=ORIENTED_EDGE('',*,*,#7136,.F.);
#8285=ORIENTED_EDGE('',*,*,#7205,.F.);
#8286=CARTESIAN_POINT('',(0.140354330708661,0.059055118110236,0.265354330708661));
#8287=DIRECTION('',(0.0,0.0,-1.0));
#8288=VECTOR('',#8287,0.248031496062992);
#8289=LINE('',#8286,#8288);
#8290=EDGE_CURVE('',#7194,#8277,#8289,.T.);
#8291=ORIENTED_EDGE('',*,*,#8290,.T.);
#8292=EDGE_LOOP('',(#8283,#8284,#8285,#8291));
#8293=FACE_OUTER_BOUND('',#8292,.T.);
#8294=ADVANCED_FACE('',(#8293),#8275,.F.);
#8295=CARTESIAN_POINT('',(-0.154389763779527,0.059055118110236,0.004921259842519));
#8296=DIRECTION('',(0.0,1.0,0.0));
#8297=DIRECTION('',(0.0,0.0,1.0));
#8298=AXIS2_PLACEMENT_3D('',#8295,#8296,#8297);
#8299=PLANE('',#8298);
#8300=ORIENTED_EDGE('',*,*,#6866,.T.);
#8301=ORIENTED_EDGE('',*,*,#7260,.F.);
#8302=CARTESIAN_POINT('',(-0.140354330708661,0.059055118110236,0.017322834645669));
#8303=VERTEX_POINT('',#8302);
#8304=CARTESIAN_POINT('',(-0.140354330708661,0.059055118110236,0.265354330708661));
#8305=DIRECTION('',(0.0,0.0,-1.0));
#8306=VECTOR('',#8305,0.248031496062992);
#8307=LINE('',#8304,#8306);
#8308=EDGE_CURVE('',#7249,#8303,#8307,.T.);
#8309=ORIENTED_EDGE('',*,*,#8308,.T.);
#8310=CARTESIAN_POINT('',(0.140354330708661,0.059055118110236,0.017322834645669));
#8311=DIRECTION('',(-1.0,0.0,0.0));
#8312=VECTOR('',#8311,0.280708661417322);
#8313=LINE('',#8310,#8312);
#8314=EDGE_CURVE('',#8277,#8303,#8313,.T.);
#8315=ORIENTED_EDGE('',*,*,#8314,.F.);
#8316=ORIENTED_EDGE('',*,*,#8290,.F.);
#8317=ORIENTED_EDGE('',*,*,#7199,.F.);
#8318=ORIENTED_EDGE('',*,*,#6968,.T.);
#8319=ORIENTED_EDGE('',*,*,#7004,.T.);
#8320=EDGE_LOOP('',(#8300,#8301,#8309,#8315,#8316,#8317,#8318,#8319));
#8321=FACE_OUTER_BOUND('',#8320,.T.);
#8322=ADVANCED_FACE('',(#8321),#8299,.F.);
#8323=CARTESIAN_POINT('',(-0.140354330708661,-0.06496062992126,0.004921259842519));
#8324=DIRECTION('',(-1.0,0.0,0.0));
#8325=DIRECTION('',(0.0,0.0,1.0));
#8326=AXIS2_PLACEMENT_3D('',#8323,#8324,#8325);
#8327=PLANE('',#8326);
#8328=CARTESIAN_POINT('',(-0.140354330708661,0.059055118110236,0.017322834645669));
#8329=DIRECTION('',(0.0,-1.0,0.0));
#8330=VECTOR('',#8329,0.118110236220472);
#8331=LINE('',#8328,#8330);
#8332=EDGE_CURVE('',#8303,#7139,#8331,.T.);
#8333=ORIENTED_EDGE('',*,*,#8332,.F.);
#8334=ORIENTED_EDGE('',*,*,#8308,.F.);
#8335=ORIENTED_EDGE('',*,*,#7254,.F.);
#8336=ORIENTED_EDGE('',*,*,#7152,.T.);
#8337=EDGE_LOOP('',(#8333,#8334,#8335,#8336));
#8338=FACE_OUTER_BOUND('',#8337,.T.);
#8339=ADVANCED_FACE('',(#8338),#8327,.F.);
#8340=CARTESIAN_POINT('',(-0.154389763779527,-0.06496062992126,0.017322834645669));
#8341=DIRECTION('',(0.0,0.0,1.0));
#8342=DIRECTION('',(1.0,0.0,0.0));
#8343=AXIS2_PLACEMENT_3D('',#8340,#8341,#8342);
#8344=PLANE('',#8343);
#8345=ORIENTED_EDGE('',*,*,#8282,.T.);
#8346=ORIENTED_EDGE('',*,*,#8314,.T.);
#8347=ORIENTED_EDGE('',*,*,#8332,.T.);
#8348=ORIENTED_EDGE('',*,*,#7144,.T.);
#8349=EDGE_LOOP('',(#8345,#8346,#8347,#8348));
#8350=FACE_OUTER_BOUND('',#8349,.T.);
#8351=ADVANCED_FACE('',(#8350),#8344,.T.);
#8352=CARTESIAN_POINT('',(0.16003937007874,-0.11,0.278622047244094));
#8353=DIRECTION('',(1.0,0.0,0.0));
#8354=DIRECTION('',(0.0,0.0,-1.0));
#8355=AXIS2_PLACEMENT_3D('',#8352,#8353,#8354);
#8356=PLANE('',#8355);
#8357=ORIENTED_EDGE('',*,*,#799,.T.);
#8358=ORIENTED_EDGE('',*,*,#7182,.T.);
#8359=ORIENTED_EDGE('',*,*,#3253,.T.);
#8360=ORIENTED_EDGE('',*,*,#7173,.T.);
#8361=ORIENTED_EDGE('',*,*,#1390,.T.);
#8362=ORIENTED_EDGE('',*,*,#8137,.F.);
#8363=ORIENTED_EDGE('',*,*,#7554,.F.);
#8364=ORIENTED_EDGE('',*,*,#7660,.F.);
#8365=ORIENTED_EDGE('',*,*,#7491,.F.);
#8366=ORIENTED_EDGE('',*,*,#7801,.T.);
#8367=EDGE_LOOP('',(#8357,#8358,#8359,#8360,#8361,#8362,#8363,#8364,#8365,#8366));
#8368=FACE_OUTER_BOUND('',#8367,.T.);
#8369=ADVANCED_FACE('',(#8368),#8356,.T.);
#8370=CARTESIAN_POINT('',(-0.16003937007874,-0.11,-0.013267716535433));
#8371=DIRECTION('',(-1.0,0.0,0.0));
#8372=DIRECTION('',(0.0,0.0,1.0));
#8373=AXIS2_PLACEMENT_3D('',#8370,#8371,#8372);
#8374=PLANE('',#8373);
#8375=ORIENTED_EDGE('',*,*,#571,.T.);
#8376=ORIENTED_EDGE('',*,*,#7284,.T.);
#8377=ORIENTED_EDGE('',*,*,#3270,.T.);
#8378=ORIENTED_EDGE('',*,*,#7275,.T.);
#8379=ORIENTED_EDGE('',*,*,#2874,.T.);
#8380=ORIENTED_EDGE('',*,*,#7790,.F.);
#8381=ORIENTED_EDGE('',*,*,#7531,.F.);
#8382=ORIENTED_EDGE('',*,*,#7614,.F.);
#8383=ORIENTED_EDGE('',*,*,#7514,.F.);
#8384=ORIENTED_EDGE('',*,*,#8152,.T.);
#8385=EDGE_LOOP('',(#8375,#8376,#8377,#8378,#8379,#8380,#8381,#8382,#8383,#8384));
#8386=FACE_OUTER_BOUND('',#8385,.T.);
#8387=ADVANCED_FACE('',(#8386),#8374,.T.);
#8388=CLOSED_SHELL('',(#194,#234,#274,#305,#336,#367,#398,#422,#446,#495,#526,#557,#665,#705,#745,#785,#825,#865,#905,#945,#977,#1001,#1035,#1110,#1150,#1172,#1189,#1211,#1228,#1240,#1252,#1294,#1325,#1376,#1457,#1474,#1542,#1564,#1581,#1603,#1615,#1627,#1667,#1698,#1720,#1751,#1793,#1856,#1958,#2000,#2063,#2174,#2212,#2237,#2267,#2284,#2328,#2352,#2362,#2386,#2396,#2420,#2430,#2454,#2464,#2504,#2535,#2616,#2656,#2687,#2718,#2742,#2773,#2795,#2812,#2829,#2860,#2891,#2922,#2946,#2970,#3001,#3025,#3049,#3082,#3146,#3179,#3209,#3231,#3243,#3260,#3277,#3289,#3320,#3351,#3391,#3431,#3471,#3502,#3524,#3546,#3568,#3600,#3640,#3671,#3702,#3724,#3736,#3764,#3797,#3821,#3847,#3864,#3882,#3899,#3919,#3950,#3990,#4014,#4073,#4121,#4201,#4258,#4317,#4365,#4389,#4446,#4485,#4509,#4548,#4665,#4682,#4694,#4718,#4735,#4775,#4815,#4846,#4868,#4885,#4904,#4916,#4940,#5058,#5180,#5331,#5516,#5551,#5757,#5799,#5982,#6154,#6328,#6414,#6545,#6562,#6586,#6614,#6642,#6654,#6668,#6685,#6697,#6734,#6751,#6783,#6800,#6812,#6852,#6892,#6923,#6954,#6994,#7016,#7113,#7162,#7225,#7288,#7305,#7334,#7351,#7380,#7397,#7426,#7443,#7472,#7495,#7518,#7541,#7564,#7674,#7698,#7727,#7813,#7830,#7861,#7892,#7909,#7926,#7943,#7957,#7974,#7987,#8000,#8038,#8076,#8088,#8164,#8188,#8212,#8230,#8248,#8270,#8294,#8322,#8339,#8351,#8369,#8387));
#8389=MANIFOLD_SOLID_BREP('',#8388);
#8390=COLOUR_RGB('',0.75,0.75,0.75);
#8391=FILL_AREA_STYLE_COLOUR('',#8390);
#8392=FILL_AREA_STYLE('',(#8391));
#8393=SURFACE_STYLE_FILL_AREA(#8392);
#8394=SURFACE_SIDE_STYLE('',(#8393));
#8395=SURFACE_STYLE_USAGE(.BOTH.,#8394);
#8396=PRESENTATION_STYLE_ASSIGNMENT((#8395));
#8397=STYLED_ITEM('',(#8396),#8389);
#8398=MECHANICAL_DESIGN_GEOMETRIC_PRESENTATION_REPRESENTATION('',(#8397),#123);
#8399=ADVANCED_BREP_SHAPE_REPRESENTATION('ABSR',(#8389),#123);
#8400=SHAPE_REPRESENTATION_RELATIONSHIP('SRR','None',#8399,#128);
ENDSEC;
END-ISO-10303-21;
