ISO-10303-21;
HEADER;
FILE_DESCRIPTION (( 'STEP AP203' ),
    '1' );
FILE_NAME ('CUI_DEVICES_TB006-508-02BE.step',
    '2019-10-21T19:29:23',
    ( '' ),
    ( '' ),
    'SwSTEP 2.0',
    'SolidWorks 2019',
    '' );
FILE_SCHEMA (( 'CONFIG_CONTROL_DESIGN' ));
ENDSEC;

DATA;
#1 = EDGE_LOOP ( 'NONE', ( #2055, #2723 ) ) ;
#2 = CARTESIAN_POINT ( 'NONE',  ( 3.700000000000030820, 9.172066347966081779, 3.355072805355764132 ) ) ;
#3 = CARTESIAN_POINT ( 'NONE',  ( 4.100000000000029843, 8.424999999988358468, 3.245138427246524238 ) ) ;
#4 = PLANE ( 'NONE',  #3348 ) ;
#5 = CARTESIAN_POINT ( 'NONE',  ( 0.0000000000000000000, 0.0000000000000000000, 2.539999999999998703 ) ) ;
#6 = CARTESIAN_POINT ( 'NONE',  ( 8.200000000000001066, -1.910508788209123021E-15, 2.539999999999999147 ) ) ;
#7 = CARTESIAN_POINT ( 'NONE',  ( 4.100000000000029843, 8.081542908144001558, 12.00985723323455545 ) ) ;
#8 = DIRECTION ( 'NONE',  ( 0.0000000000000000000, 1.000000000000000000, 0.0000000000000000000 ) ) ;
#9 = LINE ( 'NONE', #3363, #459 ) ;
#10 = EDGE_LOOP ( 'NONE', ( #2673, #458, #1247, #4076 ) ) ;
#11 = EDGE_CURVE ( 'NONE', #2051, #879, #2576, .T. ) ;
#12 = CARTESIAN_POINT ( 'NONE',  ( 2.615454147287531228, 7.925000000000029132, 4.221506747454399466 ) ) ;
#13 = CARTESIAN_POINT ( 'NONE',  ( 4.100000000000029843, 9.999999999999998224, 8.235000000000001208 ) ) ;
#14 = EDGE_CURVE ( 'NONE', #4145, #4280, #3508, .T. ) ;
#15 = CARTESIAN_POINT ( 'NONE',  ( 3.283599450211223125, 7.013978277215957569, 8.766020063032080145 ) ) ;
#16 = EDGE_CURVE ( 'NONE', #1592, #2212, #2176, .T. ) ;
#17 = DIRECTION ( 'NONE',  ( 0.0000000000000000000, 0.0000000000000000000, 1.000000000000000000 ) ) ;
#18 = EDGE_LOOP ( 'NONE', ( #4166, #2867, #2628, #3364 ) ) ;
#19 = EDGE_LOOP ( 'NONE', ( #1858, #2379, #1487, #598 ) ) ;
#20 = CARTESIAN_POINT ( 'NONE',  ( 4.499999999995151434, 9.190470140720972125, 3.374189297105160801 ) ) ;
#21 = ORIENTED_EDGE ( 'NONE', *, *, #1421, .F. ) ;
#22 = ORIENTED_EDGE ( 'NONE', *, *, #1629, .F. ) ;
#23 = CARTESIAN_POINT ( 'NONE',  ( 4.458100252007902498, 9.224999999999999645, 8.456025160453627620 ) ) ;
#24 = DIRECTION ( 'NONE',  ( 0.3807526626610419629, 0.0000000000000000000, 0.9246769218903037046 ) ) ;
#25 = VECTOR ( 'NONE', #996, 1000.000000000000000 ) ;
#26 = FACE_OUTER_BOUND ( 'NONE', #3036, .T. ) ;
#27 = LINE ( 'NONE', #3794, #2840 ) ;
#28 = VECTOR ( 'NONE', #1616, 1000.000000000000000 ) ;
#29 = DIRECTION ( 'NONE',  ( 2.439454888092379849E-15, -1.000000000000000000, 0.0000000000000000000 ) ) ;
#30 = CARTESIAN_POINT ( 'NONE',  ( 4.350000000000020073, -0.05000000000000588002, 41.07999999999999829 ) ) ;
#31 = AXIS2_PLACEMENT_3D ( 'NONE', #3518, #855, #4231 ) ;
#32 = ORIENTED_EDGE ( 'NONE', *, *, #4035, .F. ) ;
#33 = VECTOR ( 'NONE', #1960, 1000.000000000000000 ) ;
#34 = VECTOR ( 'NONE', #3462, 1000.000000000000000 ) ;
#35 = CARTESIAN_POINT ( 'NONE',  ( 4.100000000000029843, 8.081542908144001558, 10.16000000000000014 ) ) ;
#36 = CARTESIAN_POINT ( 'NONE',  ( 3.850000000000020073, -0.05000000000000805189, 10.65999999999999837 ) ) ;
#37 = CARTESIAN_POINT ( 'NONE',  ( 4.500000000000030198, 9.225000000000001421, 8.552685758152019702 ) ) ;
#38 = ORIENTED_EDGE ( 'NONE', *, *, #120, .T. ) ;
#39 = CARTESIAN_POINT ( 'NONE',  ( 5.832738161537428745, 6.847311610549292382, 5.080000000000000071 ) ) ;
#40 = AXIS2_PLACEMENT_3D ( 'NONE', #101, #387, #3033 ) ;
#41 = ADVANCED_FACE ( 'NONE', ( #3042, #3984, #2030 ), #3319, .T. ) ;
#42 = VERTEX_POINT ( 'NONE', #1322 ) ;
#43 = PLANE ( 'NONE',  #3642 ) ;
#44 = AXIS2_PLACEMENT_3D ( 'NONE', #3879, #856, #3903 ) ;
#45 = ORIENTED_EDGE ( 'NONE', *, *, #2199, .F. ) ;
#46 = VERTEX_POINT ( 'NONE', #2696 ) ;
#47 = ADVANCED_BREP_SHAPE_REPRESENTATION ( '', ( #3868, #395 ), #4272 ) ;
#48 = CARTESIAN_POINT ( 'NONE',  ( 5.394150445614099176, 7.600555402323279530, 5.079999999999999183 ) ) ;
#49 = FACE_OUTER_BOUND ( 'NONE', #2490, .T. ) ;
#50 = ADVANCED_FACE ( 'NONE', ( #26 ), #339, .F. ) ;
#51 = DIRECTION ( 'NONE',  ( -0.0000000000000000000, -0.0000000000000000000, -1.000000000000000000 ) ) ;
#52 = CARTESIAN_POINT ( 'NONE',  ( 4.499999999998679279, 9.216174707614932515, 8.500495312870191000 ) ) ;
#53 = APPROVAL_STATUS ( 'not_yet_approved' ) ;
#54 = ORIENTED_EDGE ( 'NONE', *, *, #2554, .F. ) ;
#55 = CARTESIAN_POINT ( 'NONE',  ( 3.283599450211238668, 7.662354761811801751, 11.55397993696793435 ) ) ;
#56 = DIRECTION ( 'NONE',  ( -9.745637505487679766E-17, 1.000000000000000000, 0.0000000000000000000 ) ) ;
#57 = ORIENTED_EDGE ( 'NONE', *, *, #3573, .T. ) ;
#58 = CARTESIAN_POINT ( 'NONE',  ( 2.875399175316839528, 6.034811610549288829, 3.855399175316807980 ) ) ;
#59 = VERTEX_POINT ( 'NONE', #672 ) ;
#60 = DIRECTION ( 'NONE',  ( -1.000000000000000000, 0.0000000000000000000, -0.0000000000000000000 ) ) ;
#61 = CARTESIAN_POINT ( 'NONE',  ( 0.4000000000000288325, 8.077181834648555991, 6.930000000000003268 ) ) ;
#62 = ORIENTED_EDGE ( 'NONE', *, *, #420, .T. ) ;
#63 = ORIENTED_EDGE ( 'NONE', *, *, #3437, .F. ) ;
#64 = EDGE_CURVE ( 'NONE', #957, #4145, #3819, .T. ) ;
#65 = CARTESIAN_POINT ( 'NONE',  ( 4.100000000000028955, 5.975555402323279530, 6.374150445614070293 ) ) ;
#66 = CARTESIAN_POINT ( 'NONE',  ( 3.691799725105626706, 7.474854761811803527, 8.596640950747339360 ) ) ;
#67 = CARTESIAN_POINT ( 'NONE',  ( 0.5242640687119588527, 7.924999999999996270, 11.94786796564403630 ) ) ;
#68 = CARTESIAN_POINT ( 'NONE',  ( 0.3937153579602993281, 4.000000000000069278, 13.20000000000000107 ) ) ;
#69 = CARTESIAN_POINT ( 'NONE',  ( 3.058861877317097910, 4.892222068989946493, 10.76975464081159650 ) ) ;
#70 = DIRECTION ( 'NONE',  ( 1.000000000000000000, 0.0000000000000000000, 0.0000000000000000000 ) ) ;
#71 = APPROVAL_ROLE ( '' ) ;
#72 = ORIENTED_EDGE ( 'NONE', *, *, #3051, .F. ) ;
#73 = CARTESIAN_POINT ( 'NONE',  ( 3.728531723911043372, 9.081542908098345634, 3.312415105558463857 ) ) ;
#74 = DIRECTION ( 'NONE',  ( 0.0000000000000000000, 1.000000000000000000, 0.0000000000000000000 ) ) ;
#75 = CYLINDRICAL_SURFACE ( 'NONE', #3771, 0.7000000000000000666 ) ;
#76 = CARTESIAN_POINT ( 'NONE',  ( 7.800000000000031797, 8.074999999999997513, 12.01000000000000334 ) ) ;
#77 = ORIENTED_EDGE ( 'NONE', *, *, #794, .F. ) ;
#78 = ORIENTED_EDGE ( 'NONE', *, *, #1020, .F. ) ;
#79 = DIRECTION ( 'NONE',  ( 0.0000000000000000000, 0.0000000000000000000, 1.000000000000000000 ) ) ;
#80 = LINE ( 'NONE', #1440, #2242 ) ;
#81 = ORIENTED_EDGE ( 'NONE', *, *, #999, .F. ) ;
#82 = ORIENTED_EDGE ( 'NONE', *, *, #2418, .T. ) ;
#83 = CARTESIAN_POINT ( 'NONE',  ( 4.100000000000031619, 6.454021428478469602, 3.347261838462599837 ) ) ;
#84 = CARTESIAN_POINT ( 'NONE',  ( 4.508200274894412551, 6.933188095145137453, 8.596640950747332255 ) ) ;
#85 = CARTESIAN_POINT ( 'NONE',  ( 4.916400549788839669, 4.763978277215957569, 11.55397993696793080 ) ) ;
#86 = CARTESIAN_POINT ( 'NONE',  ( 4.100000000000029843, 9.081542908120354696, 10.16000000000000014 ) ) ;
#87 = DIRECTION ( 'NONE',  ( 1.000000000000000000, -1.001908583198310010E-14, 0.0000000000000000000 ) ) ;
#88 = CARTESIAN_POINT ( 'NONE',  ( 3.058861877317098799, 5.392222068989945605, 10.76975464081159473 ) ) ;
#89 = VECTOR ( 'NONE', #2737, 1000.000000000000000 ) ;
#90 = DIRECTION ( 'NONE',  ( 0.0000000000000000000, 1.000000000000000000, 0.0000000000000000000 ) ) ;
#91 = EDGE_CURVE ( 'NONE', #3244, #1902, #2662, .T. ) ;
#92 = EDGE_CURVE ( 'NONE', #3476, #551, #3963, .T. ) ;
#93 = DIRECTION ( 'NONE',  ( 0.0000000000000000000, 0.0000000000000000000, 1.000000000000000000 ) ) ;
#94 = AXIS2_PLACEMENT_3D ( 'NONE', #4086, #730, #2438 ) ;
#95 = ORIENTED_EDGE ( 'NONE', *, *, #2140, .F. ) ;
#96 = DIRECTION ( 'NONE',  ( 0.9847835588179361110, -0.1737853339090520144, 0.0000000000000000000 ) ) ;
#97 =( BOUNDED_CURVE ( )  B_SPLINE_CURVE ( 3, ( #3166, #1396, #2730, #2406 ),
 .UNSPECIFIED., .F., .T. ) 
 B_SPLINE_CURVE_WITH_KNOTS ( ( 4, 4 ),
 ( 0.1746721990082522047, 1.570796326794899667 ),
 .UNSPECIFIED. ) 
 CURVE ( )  GEOMETRIC_REPRESENTATION_ITEM ( )  RATIONAL_B_SPLINE_CURVE ( ( 1.000000000000000000, 0.8440594686672554525, 0.8440594686672554525, 1.000000000000000000 ) ) 
 REPRESENTATION_ITEM ( '' )  );
#98 = DIRECTION ( 'NONE',  ( 0.0000000000000000000, 0.9805806756909205557, 0.1961161351381819073 ) ) ;
#99 = CIRCLE ( 'NONE', #31, 1.834861572753476278 ) ;
#100 = ADVANCED_FACE ( 'NONE', ( #3360 ), #2989, .F. ) ;
#101 = CARTESIAN_POINT ( 'NONE',  ( 7.449999999999999289, 5.799999999999999822, 12.69999999999999929 ) ) ;
#102 = CARTESIAN_POINT ( 'NONE',  ( 4.099999999999989875, 7.924999999988812327, 5.080000000000000071 ) ) ;
#103 = AXIS2_PLACEMENT_3D ( 'NONE', #3086, #70, #3341 ) ;
#104 = ORIENTED_EDGE ( 'NONE', *, *, #3422, .T. ) ;
#105 = CC_DESIGN_APPROVAL ( #3723, ( #3924 ) ) ;
#106 = CIRCLE ( 'NONE', #885, 0.2999999999999999334 ) ;
#107 = ORIENTED_EDGE ( 'NONE', *, *, #3681, .T. ) ;
#108 = FACE_OUTER_BOUND ( 'NONE', #3331, .T. ) ;
#109 = LINE ( 'NONE', #746, #3005 ) ;
#110 = VERTEX_POINT ( 'NONE', #3010 ) ;
#111 = VECTOR ( 'NONE', #2075, 999.9999999999998863 ) ;
#112 = CARTESIAN_POINT ( 'NONE',  ( 4.404877320405817365, 7.496388735656601021, 11.32764428414853519 ) ) ;
#113 = CARTESIAN_POINT ( 'NONE',  ( 3.850000000000020073, -3.800000000000010036, 10.66000000000000014 ) ) ;
#114 = CARTESIAN_POINT ( 'NONE',  ( 7.199999999999998401, 5.799999999999999822, 11.53500000000000014 ) ) ;
#115 = DIRECTION ( 'NONE',  ( 0.0000000000000000000, -0.9990482215819266321, -0.04361938736375864378 ) ) ;
#116 = CARTESIAN_POINT ( 'NONE',  ( 2.706020063032101852, 5.120688095145136565, 10.97640054978879931 ) ) ;
#117 =( NAMED_UNIT ( * ) PLANE_ANGLE_UNIT ( ) SI_UNIT ( $, .RADIAN. ) );
#118 = ORIENTED_EDGE ( 'NONE', *, *, #585, .F. ) ;
#119 = CARTESIAN_POINT ( 'NONE',  ( 4.099999999999989875, 10.00000000000000000, 5.080000000000000071 ) ) ;
#120 = EDGE_CURVE ( 'NONE', #2589, #1061, #357, .T. ) ;
#121 = EDGE_CURVE ( 'NONE', #3786, #2000, #3025, .T. ) ;
#122 = CARTESIAN_POINT ( 'NONE',  ( 3.283599450211242665, 7.162354761811802639, 11.55397993696793968 ) ) ;
#123 = CARTESIAN_POINT ( 'NONE',  ( 3.700000000000030376, 9.225000000000001421, 6.687314241847981400 ) ) ;
#124 = VERTEX_POINT ( 'NONE', #4349 ) ;
#125 = EDGE_CURVE ( 'NONE', #1112, #4142, #1692, .T. ) ;
#126 = ORIENTED_EDGE ( 'NONE', *, *, #2685, .T. ) ;
#127 = CARTESIAN_POINT ( 'NONE',  ( 36.60000000000000142, -2.800000000000010036, 9.660000000000000142 ) ) ;
#128 = CARTESIAN_POINT ( 'NONE',  ( 7.199999999999999289, 4.050000000000020250, 3.705000000000000071 ) ) ;
#129 = ORIENTED_EDGE ( 'NONE', *, *, #824, .T. ) ;
#130 = ORIENTED_EDGE ( 'NONE', *, *, #580, .F. ) ;
#131 = CARTESIAN_POINT ( 'NONE',  ( 3.490245359188462348, 6.767222068989949157, 9.118861877317074871 ) ) ;
#132 = DIRECTION ( 'NONE',  ( 0.0000000000000000000, 0.0000000000000000000, 1.000000000000000000 ) ) ;
#133 = EDGE_LOOP ( 'NONE', ( #3350, #1353, #4080, #396 ) ) ;
#134 = CARTESIAN_POINT ( 'NONE',  ( 7.597500000000013465, 2.891205793294678326E-16, 2.540000000000005365 ) ) ;
#135 = CARTESIAN_POINT ( 'NONE',  ( 3.283599450211224013, 4.995688095145138341, 8.766020063032073040 ) ) ;
#136 = CARTESIAN_POINT ( 'NONE',  ( 7.675735931288098612, 7.924999999999998046, 3.292132034355965242 ) ) ;
#137 = DIRECTION ( 'NONE',  ( 1.000000000000000000, 0.0000000000000000000, 0.0000000000000000000 ) ) ;
#138 = VERTEX_POINT ( 'NONE', #609 ) ;
#139 = CC_DESIGN_PERSON_AND_ORGANIZATION_ASSIGNMENT ( #3887, #2898, ( #2857 ) ) ;
#140 = CARTESIAN_POINT ( 'NONE',  ( 0.6025000000000194644, 7.115670688174991703E-14, 2.539999999999998703 ) ) ;
#141 = ADVANCED_FACE ( 'NONE', ( #3339 ), #632, .T. ) ;
#142 = CARTESIAN_POINT ( 'NONE',  ( 2.706020063032108514, 6.620688095145136565, 10.97640054978881352 ) ) ;
#143 = CARTESIAN_POINT ( 'NONE',  ( 3.700000000007861445, 9.166118242191700460, 11.89112347702351613 ) ) ;
#144 = ORIENTED_EDGE ( 'NONE', *, *, #3538, .T. ) ;
#145 = CARTESIAN_POINT ( 'NONE',  ( 2.875399175316840861, 5.034811610549289718, 3.855399175316808869 ) ) ;
#146 = EDGE_CURVE ( 'NONE', #874, #352, #1712, .T. ) ;
#147 = EDGE_CURVE ( 'NONE', #312, #2001, #1014, .T. ) ;
#148 = ORIENTED_EDGE ( 'NONE', *, *, #2448, .T. ) ;
#149 = PLANE ( 'NONE',  #3118 ) ;
#150 = LINE ( 'NONE', #3189, #263 ) ;
#151 = ORIENTED_EDGE ( 'NONE', *, *, #2090, .T. ) ;
#152 = CARTESIAN_POINT ( 'NONE',  ( 3.490245359188457908, 7.433888735656603686, 11.20113812268296449 ) ) ;
#153 = DIRECTION ( 'NONE',  ( -8.972707634362790352E-16, 1.000000000000000000, 0.0000000000000000000 ) ) ;
#154 = VERTEX_POINT ( 'NONE', #1031 ) ;
#155 = CARTESIAN_POINT ( 'NONE',  ( 8.199999999999999289, 5.799999999999999822, 12.69999999999999929 ) ) ;
#156 = CARTESIAN_POINT ( 'NONE',  ( 4.508200274894438309, 5.224854761811802639, 11.72335904925266270 ) ) ;
#157 = CARTESIAN_POINT ( 'NONE',  ( 3.700000000000029932, 8.425000000000000711, 12.16000000000000014 ) ) ;
#158 = APPROVAL_STATUS ( 'not_yet_approved' ) ;
#159 = ORIENTED_EDGE ( 'NONE', *, *, #1085, .F. ) ;
#160 = CARTESIAN_POINT ( 'NONE',  ( 3.700000000000030376, 9.225000000000001421, 6.687314241847981400 ) ) ;
#161 = AXIS2_PLACEMENT_3D ( 'NONE', #318, #2047, #966 ) ;
#162 = EDGE_CURVE ( 'NONE', #201, #3476, #939, .T. ) ;
#163 = LINE ( 'NONE', #869, #671 ) ;
#164 = B_SPLINE_CURVE_WITH_KNOTS ( 'NONE', 3,
 ( #936, #3318, #2945, #298 ),
 .UNSPECIFIED., .F., .F.,
 ( 4, 4 ),
 ( 6.180038996999234173E-15, 0.0006572000998865493724 ),
 .UNSPECIFIED. ) ;
#165 = CARTESIAN_POINT ( 'NONE',  ( 0.4000951929440735300, 8.079363150079460709, 8.310047596472021070 ) ) ;
#166 = VECTOR ( 'NONE', #2882, 1000.000000000000000 ) ;
#167 = CARTESIAN_POINT ( 'NONE',  ( 2.536640950747369061, 6.599854761811804416, 10.56820027489440683 ) ) ;
#168 = CARTESIAN_POINT ( 'NONE',  ( 3.700000000006334222, 9.120601777122299580, 11.91523273519654502 ) ) ;
#169 = ORIENTED_EDGE ( 'NONE', *, *, #436, .F. ) ;
#170 = LINE ( 'NONE', #1531, #1161 ) ;
#171 = VECTOR ( 'NONE', #2428, 1000.000000000000000 ) ;
#172 = CARTESIAN_POINT ( 'NONE',  ( 5.014631961217390632, 6.663055402323279530, 4.165368038782649052 ) ) ;
#173 = AXIS2_PLACEMENT_3D ( 'NONE', #3410, #1815, #722 ) ;
#174 = ORIENTED_EDGE ( 'NONE', *, *, #1264, .F. ) ;
#175 = DIRECTION ( 'NONE',  ( 0.4472135954999579832, 4.012716842533309779E-16, -0.8944271909999159664 ) ) ;
#176 = CARTESIAN_POINT ( 'NONE',  ( 0.6025000000000222400, 5.799999999999999822, 2.540000000000000036 ) ) ;
#177 = ADVANCED_FACE ( 'NONE', ( #3653 ), #3301, .T. ) ;
#178 = EDGE_CURVE ( 'NONE', #1430, #3390, #1718, .T. ) ;
#179 = AXIS2_PLACEMENT_3D ( 'NONE', #2481, #1138, #1800 ) ;
#180 = CARTESIAN_POINT ( 'NONE',  ( 3.691799725105633811, 5.974854761811804416, 8.596640950747339360 ) ) ;
#181 = DIRECTION ( 'NONE',  ( 1.000000000000000000, -1.171453342316279939E-15, 0.0000000000000000000 ) ) ;
#182 = EDGE_LOOP ( 'NONE', ( #1177, #1011, #3734 ) ) ;
#183 = CARTESIAN_POINT ( 'NONE',  ( 1.436619526395266133, 5.200000000000070344, 3.059999999999988063 ) ) ;
#184 = DIRECTION ( 'NONE',  ( 0.1736481776669292765, -0.9848077530122083534, 0.0000000000000000000 ) ) ;
#185 = CIRCLE ( 'NONE', #743, 0.2999999999999999334 ) ;
#186 = DATE_AND_TIME ( #1519, #3763 ) ;
#187 = PRODUCT_DEFINITION_SHAPE ( 'NONE', 'NONE',  #4357 ) ;
#188 = ORIENTED_EDGE ( 'NONE', *, *, #3400, .F. ) ;
#189 = CARTESIAN_POINT ( 'NONE',  ( 1.596496361454494028, 9.225000000000001421, 6.163831382359820310 ) ) ;
#190 = VECTOR ( 'NONE', #4252, 1000.000000000000227 ) ;
#191 = DIRECTION ( 'NONE',  ( -1.794541526872559599E-16, 1.000000000000000000, -3.589083053745119197E-16 ) ) ;
#192 = CARTESIAN_POINT ( 'NONE',  ( 2.706020063032102740, 6.638978277215956680, 10.97640054978880464 ) ) ;
#193 = CARTESIAN_POINT ( 'NONE',  ( 3.700000000000030820, 9.081542908109350165, 11.92134750665580079 ) ) ;
#194 = ORIENTED_EDGE ( 'NONE', *, *, #1127, .T. ) ;
#195 = CARTESIAN_POINT ( 'NONE',  ( 4.100000000000028066, 5.454021428478469602, 3.347261838462598060 ) ) ;
#196 = CARTESIAN_POINT ( 'NONE',  ( 2.805849554385960509, 6.850555402323281307, 5.080000000000001847 ) ) ;
#197 = ORIENTED_EDGE ( 'NONE', *, *, #472, .F. ) ;
#198 = FACE_BOUND ( 'NONE', #4158, .T. ) ;
#199 = CARTESIAN_POINT ( 'NONE',  ( 4.957877978904691396, 7.924999999999992717, 11.64466843175467581 ) ) ;
#200 = ORIENTED_EDGE ( 'NONE', *, *, #1506, .T. ) ;
#201 = VERTEX_POINT ( 'NONE', #2780 ) ;
#202 = CC_DESIGN_PERSON_AND_ORGANIZATION_ASSIGNMENT ( #488, #1591, ( #3916 ) ) ;
#203 = CARTESIAN_POINT ( 'NONE',  ( 2.706020063032108514, 6.620688095145136565, 10.97640054978881352 ) ) ;
#204 = EDGE_CURVE ( 'NONE', #4152, #2226, #2013, .T. ) ;
#205 = CARTESIAN_POINT ( 'NONE',  ( 8.199999999999999289, 5.799999999999999822, 6.955000000000000071 ) ) ;
#206 = B_SPLINE_CURVE_WITH_KNOTS ( 'NONE', 3,
 ( #306, #3291, #3329, #3001, #3998, #1668, #641, #3973, #950, #2672, #4341, #1334, #4016, #1650, #3645, #2285 ),
 .UNSPECIFIED., .F., .F.,
 ( 4, 3, 3, 3, 3, 4 ),
 ( 2.006150512526493238E-14, 4.949588726112322820E-05, 9.895544406315776313E-05, 0.0001489806963037674928, 0.0002002499056886179610, 0.0002311089491953385096 ),
 .UNSPECIFIED. ) ;
#207 = ORIENTED_EDGE ( 'NONE', *, *, #620, .F. ) ;
#208 = CARTESIAN_POINT ( 'NONE',  ( 3.700000000000030820, 9.081542908109350165, 11.92134750665580079 ) ) ;
#209 = PLANE ( 'NONE',  #1611 ) ;
#210 = CARTESIAN_POINT ( 'NONE',  ( 8.200000000000020606, 5.199999999999999289, 12.03500000000001080 ) ) ;
#211 = SECURITY_CLASSIFICATION_LEVEL ( 'unclassified' ) ;
#212 = EDGE_CURVE ( 'NONE', #1902, #2099, #2124, .T. ) ;
#213 = CARTESIAN_POINT ( 'NONE',  ( 2.615608813645056152, 7.925000000000027356, 11.01848969236245601 ) ) ;
#214 = CARTESIAN_POINT ( 'NONE',  ( -5.421010862427194300E-17, 4.250000000000000000, 2.540000000000000480 ) ) ;
#215 = CARTESIAN_POINT ( 'NONE',  ( 4.100000000000030731, 7.925000000000001599, 3.380000000000008775 ) ) ;
#216 = CARTESIAN_POINT ( 'NONE',  ( 2.706020063032108514, 6.138978277215955792, 10.97640054978881352 ) ) ;
#217 = CARTESIAN_POINT ( 'NONE',  ( 4.100000000000029843, 7.839788415400875898, 3.714498333299415034 ) ) ;
#218 = ORIENTED_EDGE ( 'NONE', *, *, #414, .T. ) ;
#219 = CARTESIAN_POINT ( 'NONE',  ( 0.7000000000000310418, 7.924999999999997158, 6.780000000000000249 ) ) ;
#220 = CARTESIAN_POINT ( 'NONE',  ( 4.100000000000029843, 5.704021428478466937, 6.812738161537398973 ) ) ;
#221 = ORIENTED_EDGE ( 'NONE', *, *, #3892, .F. ) ;
#222 = DIRECTION ( 'NONE',  ( 0.0000000000000000000, 1.000000000000000000, 0.0000000000000000000 ) ) ;
#223 = CARTESIAN_POINT ( 'NONE',  ( 5.142964352657243055, 7.924999999999985612, 11.52131056921004770 ) ) ;
#224 = VERTEX_POINT ( 'NONE', #1796 ) ;
#225 = ADVANCED_FACE ( 'NONE', ( #772 ), #3727, .T. ) ;
#226 = CARTESIAN_POINT ( 'NONE',  ( 4.916400549788817465, 6.912354761811805304, 8.766020063032069487 ) ) ;
#227 = DIRECTION ( 'NONE',  ( -1.000000000000000000, 0.0000000000000000000, 0.0000000000000000000 ) ) ;
#228 = ORIENTED_EDGE ( 'NONE', *, *, #1886, .F. ) ;
#229 = CARTESIAN_POINT ( 'NONE',  ( 2.875399175316839084, 7.141521428478466937, 6.304600824683189053 ) ) ;
#230 = FACE_OUTER_BOUND ( 'NONE', #3119, .T. ) ;
#231 = DIRECTION ( 'NONE',  ( 0.0000000000000000000, 0.0000000000000000000, 1.000000000000000000 ) ) ;
#232 = PERSON_AND_ORGANIZATION ( #3197, #1464 ) ;
#233 = CARTESIAN_POINT ( 'NONE',  ( 3.057144067782251007, 7.925000000000022027, 11.52121349368270842 ) ) ;
#234 = DIRECTION ( 'NONE',  ( -0.0000000000000000000, -0.0000000000000000000, -1.000000000000000000 ) ) ;
#235 = EDGE_CURVE ( 'NONE', #1061, #1392, #3128, .T. ) ;
#236 = CARTESIAN_POINT ( 'NONE',  ( 1.387778780781445676E-14, 7.815970093361070490E-14, 12.69999999999999929 ) ) ;
#237 = EDGE_CURVE ( 'NONE', #2099, #59, #2754, .T. ) ;
#238 = CARTESIAN_POINT ( 'NONE',  ( 3.650000000000019895, -0.05000000000000599798, 9.659999999999994813 ) ) ;
#239 = CARTESIAN_POINT ( 'NONE',  ( 3.283599450211224458, 5.680644943882623643, 11.55397993696793080 ) ) ;
#240 = CARTESIAN_POINT ( 'NONE',  ( 8.199999999999999289, 5.500000000000000000, 12.69999999999999929 ) ) ;
#241 = CARTESIAN_POINT ( 'NONE',  ( 4.100000000000029843, 8.074999999999999289, 3.229999999999999538 ) ) ;
#242 = CARTESIAN_POINT ( 'NONE',  ( 7.799714466474574337, 8.081542908104976775, 3.230142766762729600 ) ) ;
#243 = EDGE_CURVE ( 'NONE', #1399, #624, #2083, .T. ) ;
#244 = VECTOR ( 'NONE', #17, 1000.000000000000000 ) ;
#245 = DIRECTION ( 'NONE',  ( -1.000000000000000000, 0.0000000000000000000, 0.0000000000000000000 ) ) ;
#246 = ORIENTED_EDGE ( 'NONE', *, *, #2002, .F. ) ;
#247 = CARTESIAN_POINT ( 'NONE',  ( 3.650000000000019895, -0.05000000000000599798, 9.660000000000001918 ) ) ;
#248 = CARTESIAN_POINT ( 'NONE',  ( 4.326053975245859107, 7.924999999999999822, 8.460350207161081215 ) ) ;
#249 = AXIS2_PLACEMENT_3D ( 'NONE', #2640, #2337, #2969 ) ;
#250 = ORIENTED_EDGE ( 'NONE', *, *, #3286, .F. ) ;
#251 = CARTESIAN_POINT ( 'NONE',  ( 5.141138122682959555, 6.058888735656613456, 10.76975464081160005 ) ) ;
#252 = AXIS2_PLACEMENT_3D ( 'NONE', #314, #2315, #1356 ) ;
#253 = DIRECTION ( 'NONE',  ( 7.770685602167440362E-15, 1.000000000000000000, 0.0000000000000000000 ) ) ;
#254 = EDGE_LOOP ( 'NONE', ( #2512, #404, #2234, #2810, #477, #3808, #761, #1834 ) ) ;
#255 = LINE ( 'NONE', #2598, #3469 ) ;
#256 = AXIS2_PLACEMENT_3D ( 'NONE', #737, #2088, #3366 ) ;
#257 = CARTESIAN_POINT ( 'NONE',  ( 3.843649167310390524, 3.964985001829767482E-14, 12.69999999999999929 ) ) ;
#258 = APPLICATION_PROTOCOL_DEFINITION ( 'international standard', 'config_control_design', 1994, #2913 ) ;
#259 = AXIS2_PLACEMENT_3D ( 'NONE', #1049, #1006, #2736 ) ;
#260 = ORIENTED_EDGE ( 'NONE', *, *, #2392, .T. ) ;
#261 = VECTOR ( 'NONE', #2870, 1000.000000000000000 ) ;
#262 = CARTESIAN_POINT ( 'NONE',  ( 4.288528990223755777, 7.924999999999998046, 3.549733856568368928 ) ) ;
#263 = VECTOR ( 'NONE', #3519, 1000.000000000000114 ) ;
#264 = ADVANCED_FACE ( 'NONE', ( #2411 ), #3152, .T. ) ;
#265 = CARTESIAN_POINT ( 'NONE',  ( 4.916400549788822794, 5.763978277215956680, 11.55397993696793080 ) ) ;
#266 = EDGE_CURVE ( 'NONE', #1371, #2108, #2478, .T. ) ;
#267 = CARTESIAN_POINT ( 'NONE',  ( 3.741899747991006109, 9.224999999999997868, 3.376025160449426465 ) ) ;
#268 = CARTESIAN_POINT ( 'NONE',  ( 3.700000000000030820, 9.081542908109350165, 11.92134750665580079 ) ) ;
#269 = CARTESIAN_POINT ( 'NONE',  ( 7.456259223559908556, 4.952135600172702823, 8.656870388220044177 ) ) ;
#270 = LINE ( 'NONE', #4295, #1456 ) ;
#271 = EDGE_CURVE ( 'NONE', #502, #1079, #438, .T. ) ;
#272 = ORIENTED_EDGE ( 'NONE', *, *, #2046, .F. ) ;
#273 = PLANE ( 'NONE',  #308 ) ;
#274 = CARTESIAN_POINT ( 'NONE',  ( 4.500000000000031086, 9.129905675435589174, 11.91081728385456984 ) ) ;
#275 = ORIENTED_EDGE ( 'NONE', *, *, #4329, .F. ) ;
#276 = CARTESIAN_POINT ( 'NONE',  ( 3.058861877317104572, 6.392222068989948269, 10.76975464081161249 ) ) ;
#277 = CARTESIAN_POINT ( 'NONE',  ( 6.900000000000027889, 1.500000000000035083, 3.705000000000000071 ) ) ;
#278 = VERTEX_POINT ( 'NONE', #2720 ) ;
#279 = CARTESIAN_POINT ( 'NONE',  ( 4.100000000000026290, 7.222311610549287941, 6.812738161537398973 ) ) ;
#280 = CARTESIAN_POINT ( 'NONE',  ( 3.850000000000020073, -3.800000000000010036, 10.46000000000000263 ) ) ;
#281 = CARTESIAN_POINT ( 'NONE',  ( 6.899999999999989697, 1.500000000000049960, 6.455000000000000071 ) ) ;
#282 = CARTESIAN_POINT ( 'NONE',  ( 7.482726028965259957, 5.102114164136371421, 8.643636985517368032 ) ) ;
#283 = PLANE ( 'NONE',  #2710 ) ;
#284 = CARTESIAN_POINT ( 'NONE',  ( 7.482726028965259957, 5.102114164136371421, 11.67636301448263048 ) ) ;
#285 = CARTESIAN_POINT ( 'NONE',  ( 4.508200274894427650, 5.724854761811802639, 11.72335904925266803 ) ) ;
#286 = CARTESIAN_POINT ( 'NONE',  ( 7.799714466474571672, 8.081542908104976775, 6.929857233237271430 ) ) ;
#287 = CARTESIAN_POINT ( 'NONE',  ( 7.587500000000006573, -2.602085213965210642E-15, 12.70000000000001883 ) ) ;
#288 = CARTESIAN_POINT ( 'NONE',  ( 1.232500000000049889, 7.112366251504909087E-14, 13.19999999999999929 ) ) ;
#289 = DIRECTION ( 'NONE',  ( 0.0000000000000000000, 1.097926250618230054E-16, -1.000000000000000000 ) ) ;
#290 = VERTEX_POINT ( 'NONE', #1473 ) ;
#291 = ADVANCED_FACE ( 'NONE', ( #2799 ), #3813, .T. ) ;
#292 = CARTESIAN_POINT ( 'NONE',  ( 5.141138122682963996, 5.642222068989948269, 9.550245359188432204 ) ) ;
#293 = EDGE_CURVE ( 'NONE', #110, #3147, #3024, .T. ) ;
#294 = FACE_OUTER_BOUND ( 'NONE', #18, .T. ) ;
#295 = ORIENTED_EDGE ( 'NONE', *, *, #1085, .T. ) ;
#296 = LINE ( 'NONE', #1968, #28 ) ;
#297 = CARTESIAN_POINT ( 'NONE',  ( 2.875399175316841749, 7.641521428478466937, 6.304600824683190829 ) ) ;
#298 = CARTESIAN_POINT ( 'NONE',  ( 4.500000000000030198, 8.424999999994179589, 8.369269146080927868 ) ) ;
#299 = DIRECTION ( 'NONE',  ( -0.3807526626610430731, 0.0000000000000000000, 0.9246769218903032606 ) ) ;
#300 = LINE ( 'NONE', #3607, #3688 ) ;
#301 = CARTESIAN_POINT ( 'NONE',  ( 3.700000000000030820, 9.081542908109291545, 6.841347506652643240 ) ) ;
#302 = CARTESIAN_POINT ( 'NONE',  ( 2.706020063032101408, 6.120688095145136565, 10.97640054978879753 ) ) ;
#303 = CARTESIAN_POINT ( 'NONE',  ( 7.800000000000028244, 8.077181834648555991, 6.929999999999999716 ) ) ;
#304 = VECTOR ( 'NONE', #3944, 1000.000000000000000 ) ;
#305 = CARTESIAN_POINT ( 'NONE',  ( 36.60000000000000142, -2.800000000000010036, 10.66000000000000014 ) ) ;
#306 = CARTESIAN_POINT ( 'NONE',  ( 3.700000000000030376, 9.081542908099722311, 8.398652493344059167 ) ) ;
#307 = ORIENTED_EDGE ( 'NONE', *, *, #1934, .T. ) ;
#308 = AXIS2_PLACEMENT_3D ( 'NONE', #4015, #1367, #2688 ) ;
#309 = VECTOR ( 'NONE', #2583, 1000.000000000000000 ) ;
#310 = LINE ( 'NONE', #2654, #1387 ) ;
#311 = EDGE_CURVE ( 'NONE', #138, #528, #3482, .T. ) ;
#312 = VERTEX_POINT ( 'NONE', #2394 ) ;
#313 = ADVANCED_FACE ( 'NONE', ( #711 ), #3443, .T. ) ;
#314 = CARTESIAN_POINT ( 'NONE',  ( 4.100000000000029843, 8.424999999988358468, 10.16000000000000014 ) ) ;
#315 = AXIS2_PLACEMENT_3D ( 'NONE', #2452, #3498, #1062 ) ;
#316 = CARTESIAN_POINT ( 'NONE',  ( 4.350000000000020961, -3.800000000000009592, 46.15999999999999659 ) ) ;
#317 = AXIS2_PLACEMENT_3D ( 'NONE', #3716, #74, #1432 ) ;
#318 = CARTESIAN_POINT ( 'NONE',  ( 4.100000000000029843, 8.424999999988358468, 10.16000000000000014 ) ) ;
#319 = ADVANCED_FACE ( 'NONE', ( #3034 ), #3290, .F. ) ;
#320 = CARTESIAN_POINT ( 'NONE',  ( 1.212500000000006350, 6.591949208711866959E-14, 12.70000000000001883 ) ) ;
#321 = FACE_BOUND ( 'NONE', #3880, .T. ) ;
#322 = CC_DESIGN_APPROVAL ( #2551, ( #3837 ) ) ;
#323 = AXIS2_PLACEMENT_3D ( 'NONE', #659, #2686, #1606 ) ;
#324 = CARTESIAN_POINT ( 'NONE',  ( 6.900000000000010125, 0.0000000000000000000, 3.704999999999985860 ) ) ;
#325 = CARTESIAN_POINT ( 'NONE',  ( 4.916400549788814800, 6.412354761811803527, 8.766020063032069487 ) ) ;
#326 = CARTESIAN_POINT ( 'NONE',  ( 2.443366647804103398, 7.925000000000029132, 4.637377151623674365 ) ) ;
#327 = VECTOR ( 'NONE', #3575, 1000.000000000000000 ) ;
#328 = CARTESIAN_POINT ( 'NONE',  ( 2.875399175316839973, 5.141521428478470490, 6.304600824683193494 ) ) ;
#329 = CIRCLE ( 'NONE', #3208, 1.849857233237279130 ) ;
#330 = FACE_OUTER_BOUND ( 'NONE', #1132, .T. ) ;
#331 = FACE_OUTER_BOUND ( 'NONE', #1610, .T. ) ;
#332 = ORIENTED_EDGE ( 'NONE', *, *, #522, .F. ) ;
#333 = CARTESIAN_POINT ( 'NONE',  ( 4.499999999992201793, 9.151265186000749452, 3.339877857122154570 ) ) ;
#334 = EDGE_LOOP ( 'NONE', ( #350, #1537, #2634, #3910 ) ) ;
#335 = APPROVAL ( #53, 'UNSPECIFIED' ) ;
#336 = CARTESIAN_POINT ( 'NONE',  ( 6.821194192556787605, 9.224999999999999645, 8.952643136253149336 ) ) ;
#337 = DIRECTION ( 'NONE',  ( -1.171453342316279939E-15, -1.000000000000000000, 0.0000000000000000000 ) ) ;
#338 = EDGE_CURVE ( 'NONE', #699, #874, #2039, .T. ) ;
#339 = PLANE ( 'NONE',  #1229 ) ;
#340 = LINE ( 'NONE', #4149, #951 ) ;
#341 = EDGE_CURVE ( 'NONE', #3521, #548, #660, .T. ) ;
#342 = EDGE_CURVE ( 'NONE', #3786, #3370, #3368, .T. ) ;
#343 = DIRECTION ( 'NONE',  ( 1.137056007587446178E-16, 0.3713906763298382430, -0.9284766908949655395 ) ) ;
#344 = ORIENTED_EDGE ( 'NONE', *, *, #555, .F. ) ;
#345 = CARTESIAN_POINT ( 'NONE',  ( -1.084202172485501846E-16, 4.249999999999999112, 12.69999999999999929 ) ) ;
#346 = DIRECTION ( 'NONE',  ( -8.566593008251145548E-15, -1.000000000000000000, -3.527451611052576577E-15 ) ) ;
#347 = CARTESIAN_POINT ( 'NONE',  ( 2.706020063032101408, 7.620688095145134788, 10.97640054978879576 ) ) ;
#348 = DIRECTION ( 'NONE',  ( 0.0000000000000000000, 0.0000000000000000000, -1.000000000000000000 ) ) ;
#349 = ORIENTED_EDGE ( 'NONE', *, *, #2393, .T. ) ;
#350 = ORIENTED_EDGE ( 'NONE', *, *, #492, .F. ) ;
#351 = CARTESIAN_POINT ( 'NONE',  ( 4.499999999993725019, 9.104033493637674113, 3.321415060469143476 ) ) ;
#352 = VERTEX_POINT ( 'NONE', #4340 ) ;
#353 = VERTEX_POINT ( 'NONE', #949 ) ;
#354 = EDGE_CURVE ( 'NONE', #3147, #1438, #2629, .T. ) ;
#355 = CARTESIAN_POINT ( 'NONE',  ( 4.100000000000029843, 7.725555402323280418, 3.912355715851499660 ) ) ;
#356 = CARTESIAN_POINT ( 'NONE',  ( 8.199999999999999289, 5.500000000000000000, 2.539999999999999591 ) ) ;
#357 = LINE ( 'NONE', #3629, #2762 ) ;
#358 = CARTESIAN_POINT ( 'NONE',  ( 4.500000000000032863, 9.089088554383481622, 8.398990332087073796 ) ) ;
#359 = CARTESIAN_POINT ( 'NONE',  ( 6.900000000000023448, 1.500000000000028644, 11.53500000000000014 ) ) ;
#360 = FACE_OUTER_BOUND ( 'NONE', #1201, .T. ) ;
#361 = EDGE_LOOP ( 'NONE', ( #1435, #829, #1239, #1355 ) ) ;
#362 = ADVANCED_FACE ( 'NONE', ( #2648 ), #1667, .T. ) ;
#363 = APPROVAL ( #403, 'UNSPECIFIED' ) ;
#364 = CARTESIAN_POINT ( 'NONE',  ( 8.199999999999999289, 4.000000000000067502, 12.69999999999999929 ) ) ;
#365 = CARTESIAN_POINT ( 'NONE',  ( 3.650000000000019895, -0.05000000000000599798, 4.580000000000000959 ) ) ;
#366 = CARTESIAN_POINT ( 'NONE',  ( 3.700000000000031264, 9.224999999999980105, 11.78495802691807093 ) ) ;
#367 = ORIENTED_EDGE ( 'NONE', *, *, #2734, .T. ) ;
#368 = CARTESIAN_POINT ( 'NONE',  ( 2.367261838462630053, 7.579021428478469602, 5.079999999999998295 ) ) ;
#369 = ORIENTED_EDGE ( 'NONE', *, *, #1452, .T. ) ;
#370 = CARTESIAN_POINT ( 'NONE',  ( 4.100000000000029843, 8.081542908144001558, 5.080000000000000071 ) ) ;
#371 = EDGE_LOOP ( 'NONE', ( #1723, #307, #3500, #2160, #1189, #1538 ) ) ;
#372 = CARTESIAN_POINT ( 'NONE',  ( 4.100000000000029843, 7.925000000000005151, 3.516640950747329519 ) ) ;
#373 = DIRECTION ( 'NONE',  ( 0.0000000000000000000, 0.0000000000000000000, -1.000000000000000000 ) ) ;
#374 = AXIS2_PLACEMENT_3D ( 'NONE', #399, #795, #3747 ) ;
#375 = CARTESIAN_POINT ( 'NONE',  ( 0.4000000000000287770, 8.074999999999997513, 8.310000000000000497 ) ) ;
#376 = LINE ( 'NONE', #1449, #2572 ) ;
#377 = VECTOR ( 'NONE', #2084, 1000.000000000000000 ) ;
#378 =( NAMED_UNIT ( * ) SI_UNIT ( $, .STERADIAN. ) SOLID_ANGLE_UNIT ( ) );
#379 = CIRCLE ( 'NONE', #252, 1.834861572756557591 ) ;
#380 = ORIENTED_EDGE ( 'NONE', *, *, #178, .T. ) ;
#381 = DIRECTION ( 'NONE',  ( 0.0000000000000000000, 1.000000000000000000, 0.0000000000000000000 ) ) ;
#382 = CIRCLE ( 'NONE', #959, 1.737500000031868108 ) ;
#383 = CIRCLE ( 'NONE', #1956, 1.850000000000000089 ) ;
#384 = EDGE_CURVE ( 'NONE', #3296, #3369, #2567, .T. ) ;
#385 = CC_DESIGN_APPROVAL ( #2361, ( #1527 ) ) ;
#386 = CIRCLE ( 'NONE', #809, 0.1499999999999999667 ) ;
#387 = DIRECTION ( 'NONE',  ( 0.0000000000000000000, 1.000000000000000000, 0.0000000000000000000 ) ) ;
#388 = CARTESIAN_POINT ( 'NONE',  ( 7.449999999999999289, 5.799999999999999822, 2.539999999999999147 ) ) ;
#389 = EDGE_LOOP ( 'NONE', ( #2866, #3859, #3423 ) ) ;
#390 = VECTOR ( 'NONE', #4214, 1000.000000000000000 ) ;
#391 = ADVANCED_FACE ( 'NONE', ( #2326 ), #273, .T. ) ;
#392 = ORIENTED_EDGE ( 'NONE', *, *, #3454, .T. ) ;
#393 = LINE ( 'NONE', #3076, #2145 ) ;
#394 = LINE ( 'NONE', #432, #2783 ) ;
#395 = AXIS2_PLACEMENT_3D ( 'NONE', #3156, #3107, #3135 ) ;
#396 = ORIENTED_EDGE ( 'NONE', *, *, #1696, .F. ) ;
#397 = CARTESIAN_POINT ( 'NONE',  ( 2.367261838462629608, 6.579021428478473155, 5.080000000000012506 ) ) ;
#398 = FACE_OUTER_BOUND ( 'NONE', #1149, .T. ) ;
#399 = CARTESIAN_POINT ( 'NONE',  ( 7.899999999999999467, 5.500000000000000000, 12.69999999999999929 ) ) ;
#400 = CARTESIAN_POINT ( 'NONE',  ( 4.350000000000020073, -2.800000000000074429, 5.579999999999994742 ) ) ;
#401 = CARTESIAN_POINT ( 'NONE',  ( 7.587500000000007461, -3.323899421286336944E-16, 12.70000000000000462 ) ) ;
#402 = PLANE ( 'NONE',  #2022 ) ;
#403 = APPROVAL_STATUS ( 'not_yet_approved' ) ;
#404 = ORIENTED_EDGE ( 'NONE', *, *, #2527, .T. ) ;
#405 = CARTESIAN_POINT ( 'NONE',  ( 8.199999999999999289, 5.200000000000002842, 2.540000000000000036 ) ) ;
#406 = CARTESIAN_POINT ( 'NONE',  ( 5.493979936967957833, 7.870688095145135676, 9.343599450211206303 ) ) ;
#407 = FACE_OUTER_BOUND ( 'NONE', #3165, .T. ) ;
#408 = ORIENTED_EDGE ( 'NONE', *, *, #3429, .T. ) ;
#409 = ORIENTED_EDGE ( 'NONE', *, *, #2237, .F. ) ;
#410 = CARTESIAN_POINT ( 'NONE',  ( 8.199999999999999289, -3.996802888650562757E-15, 12.69999999999999929 ) ) ;
#411 = DIRECTION ( 'NONE',  ( 0.9333456062030596190, -0.3589790793088689647, -0.0000000000000000000 ) ) ;
#412 = ORIENTED_EDGE ( 'NONE', *, *, #4012, .F. ) ;
#413 = EDGE_CURVE ( 'NONE', #1530, #1061, #947, .T. ) ;
#414 = EDGE_CURVE ( 'NONE', #3389, #2113, #2343, .T. ) ;
#415 = CARTESIAN_POINT ( 'NONE',  ( 4.100000000000029843, 7.454021428478468714, 3.347261838462598948 ) ) ;
#416 = CARTESIAN_POINT ( 'NONE',  ( 2.932355715851526767, 7.371388735656604574, 10.46487732040578855 ) ) ;
#417 = CARTESIAN_POINT ( 'NONE',  ( 3.691799725105628038, 4.974854761811805304, 8.596640950747337584 ) ) ;
#418 = DIRECTION ( 'NONE',  ( -0.9659258262890684232, 0.2588190451025201844, 0.0000000000000000000 ) ) ;
#419 = FACE_OUTER_BOUND ( 'NONE', #133, .T. ) ;
#420 = EDGE_CURVE ( 'NONE', #1438, #4071, #3328, .T. ) ;
#421 = CARTESIAN_POINT ( 'NONE',  ( 3.490245359188446805, 5.267222068989947381, 9.118861877317078424 ) ) ;
#422 = DIRECTION ( 'NONE',  ( 0.0000000000000000000, 0.0000000000000000000, 1.000000000000000000 ) ) ;
#423 = ORIENTED_EDGE ( 'NONE', *, *, #4137, .F. ) ;
#424 = DIRECTION ( 'NONE',  ( 0.0000000000000000000, 0.0000000000000000000, -1.000000000000000000 ) ) ;
#425 = CARTESIAN_POINT ( 'NONE',  ( 3.283599450211223125, 7.495688095145137453, 8.766020063032080145 ) ) ;
#426 =( BOUNDED_SURFACE ( )  B_SPLINE_SURFACE ( 3, 3, ( 
 ( #2151, #1342, #1642, #4268 ),
 ( #4025, #1008, #1257, #3320 ),
 ( #673, #967, #2679, #4007 ),
 ( #1943, #4350, #633, #3275 ) ),
 .UNSPECIFIED., .F., .F., .F. ) 
 B_SPLINE_SURFACE_WITH_KNOTS ( ( 4, 4 ),
 ( 4, 4 ),
 ( 0.0000000000000000000, 1.000000000000000000 ),
 ( 0.0000000000000000000, 1.000000000000000000 ),
 .UNSPECIFIED. ) 
 GEOMETRIC_REPRESENTATION_ITEM ( )  RATIONAL_B_SPLINE_SURFACE ( (
 ( 1.000000000000000000, 0.3333333333333334259, 0.3333333333333334259, 1.000000000000000000),
 ( 0.8047378541243622729, 0.2682459513747875168, 0.2682459513747875168, 0.8047378541243622729),
 ( 0.8047378541243622729, 0.2682459513747875168, 0.2682459513747875168, 0.8047378541243622729),
 ( 1.000000000000000000, 0.3333333333333334259, 0.3333333333333334259, 1.000000000000000000) ) ) 
 REPRESENTATION_ITEM ( '' )  SURFACE ( )  );
#427 = CARTESIAN_POINT ( 'NONE',  ( 4.350000000000020073, 0.6499999999999940270, 4.580000000000000959 ) ) ;
#428 = ORIENTED_EDGE ( 'NONE', *, *, #271, .F. ) ;
#429 = CARTESIAN_POINT ( 'NONE',  ( 5.832738161537430521, 5.347311610549287941, 5.079999999999998295 ) ) ;
#430 = ORIENTED_EDGE ( 'NONE', *, *, #162, .F. ) ;
#431 = DIRECTION ( 'NONE',  ( -0.0000000000000000000, -1.000000000000000000, -0.0000000000000000000 ) ) ;
#432 = CARTESIAN_POINT ( 'NONE',  ( 6.900000000000019895, 1.500000000000029976, 11.53500000000000014 ) ) ;
#433 = ORIENTED_EDGE ( 'NONE', *, *, #4220, .T. ) ;
#434 = VERTEX_POINT ( 'NONE', #3000 ) ;
#435 = CARTESIAN_POINT ( 'NONE',  ( 5.267644284148529366, 7.621388735656613456, 9.855122679594211732 ) ) ;
#436 = EDGE_CURVE ( 'NONE', #1961, #499, #1333, .T. ) ;
#437 = CARTESIAN_POINT ( 'NONE',  ( 5.663359049252695065, 4.868144943882622755, 9.751799725105614769 ) ) ;
#438 = LINE ( 'NONE', #2437, #89 ) ;
#439 = FACE_OUTER_BOUND ( 'NONE', #2650, .T. ) ;
#440 = CARTESIAN_POINT ( 'NONE',  ( 5.663359049252695065, 5.349854761811804416, 9.751799725105614769 ) ) ;
#441 = AXIS2_PLACEMENT_3D ( 'NONE', #3110, #96, #1408 ) ;
#442 = CARTESIAN_POINT ( 'NONE',  ( 4.350000000000020073, 0.6499999999999940270, 41.07999999999999829 ) ) ;
#443 = EDGE_CURVE ( 'NONE', #666, #4317, #3972, .T. ) ;
#444 = CIRCLE ( 'NONE', #1235, 0.1500000000000008271 ) ;
#445 = ORIENTED_EDGE ( 'NONE', *, *, #1828, .T. ) ;
#446 = DIRECTION ( 'NONE',  ( 4.252590795525834858E-16, -0.9805806756909195565, 0.1961161351381869589 ) ) ;
#447 = CIRCLE ( 'NONE', #1376, 0.1500000000000008271 ) ;
#448 = CARTESIAN_POINT ( 'NONE',  ( 2.706020063032108514, 6.555644943882624531, 9.343599450211193869 ) ) ;
#449 = CARTESIAN_POINT ( 'NONE',  ( 3.700000000006336887, 9.104033493637675889, 6.838584939530856666 ) ) ;
#450 = AXIS2_PLACEMENT_3D ( 'NONE', #3045, #1053, #1406 ) ;
#451 = VERTEX_POINT ( 'NONE', #2384 ) ;
#452 = CARTESIAN_POINT ( 'NONE',  ( 4.100000000000029843, 5.222311610549289718, 6.812738161537398973 ) ) ;
#453 = VECTOR ( 'NONE', #184, 999.9999999999998863 ) ;
#454 = ORIENTED_EDGE ( 'NONE', *, *, #2121, .T. ) ;
#455 = DIRECTION ( 'NONE',  ( -1.000000000000000000, 0.0000000000000000000, -0.0000000000000000000 ) ) ;
#456 = CARTESIAN_POINT ( 'NONE',  ( 7.200000000000020606, 3.500000000000030198, 8.784999999999993037 ) ) ;
#457 = ORIENTED_EDGE ( 'NONE', *, *, #3161, .F. ) ;
#458 = ORIENTED_EDGE ( 'NONE', *, *, #580, .T. ) ;
#459 = VECTOR ( 'NONE', #343, 999.9999999999998863 ) ;
#460 = CARTESIAN_POINT ( 'NONE',  ( 2.536640950747366841, 7.099854761811803527, 10.56820027489440150 ) ) ;
#461 = AXIS2_PLACEMENT_3D ( 'NONE', #1848, #2880, #2578 ) ;
#462 = CARTESIAN_POINT ( 'NONE',  ( 5.663359049252690625, 4.826478277215956680, 10.56820027489441038 ) ) ;
#463 = CARTESIAN_POINT ( 'NONE',  ( 4.100000000000029843, 7.925000000000005151, 8.596640950747330479 ) ) ;
#464 = CARTESIAN_POINT ( 'NONE',  ( 7.449999999999999289, 5.799999999999999822, 12.69999999999999929 ) ) ;
#465 = CARTESIAN_POINT ( 'NONE',  ( 3.795122679594239212, 5.246388735656614344, 8.992355715851504172 ) ) ;
#466 = CARTESIAN_POINT ( 'NONE',  ( 4.100000000000029843, 7.987132034355963306, 6.930000000000000604 ) ) ;
#467 = EDGE_CURVE ( 'NONE', #1351, #3877, #2702, .T. ) ;
#468 = PERSON_AND_ORGANIZATION ( #3197, #1464 ) ;
#469 = ORIENTED_EDGE ( 'NONE', *, *, #2298, .F. ) ;
#470 = ADVANCED_FACE ( 'NONE', ( #331 ), #3314, .T. ) ;
#471 = CARTESIAN_POINT ( 'NONE',  ( 6.900000000000015454, 1.500000000000046185, 6.454999999999993854 ) ) ;
#472 = EDGE_CURVE ( 'NONE', #1534, #3450, #3053, .T. ) ;
#473 = CARTESIAN_POINT ( 'NONE',  ( 3.691799725105646690, 6.701478277215957569, 11.72335904925267513 ) ) ;
#474 = CARTESIAN_POINT ( 'NONE',  ( 3.700000000004909140, 9.179561790847536429, 11.87932355486648461 ) ) ;
#475 = ORIENTED_EDGE ( 'NONE', *, *, #3493, .F. ) ;
#476 = CARTESIAN_POINT ( 'NONE',  ( 2.367261838462629164, 5.097311610549287941, 5.080000000000008953 ) ) ;
#477 = ORIENTED_EDGE ( 'NONE', *, *, #64, .T. ) ;
#478 = DIRECTION ( 'NONE',  ( 0.0000000000000000000, 0.0000000000000000000, 1.000000000000000000 ) ) ;
#479 = DIRECTION ( 'NONE',  ( -0.3807526626610430731, 0.0000000000000000000, -0.9246769218903032606 ) ) ;
#480 = ORIENTED_EDGE ( 'NONE', *, *, #663, .T. ) ;
#481 = CARTESIAN_POINT ( 'NONE',  ( 5.267644284148528477, 7.121388735656615232, 9.855122679594213508 ) ) ;
#482 = CARTESIAN_POINT ( 'NONE',  ( 4.508200274894438309, 5.224854761811802639, 11.72335904925266270 ) ) ;
#483 = EDGE_CURVE ( 'NONE', #2488, #768, #3142, .T. ) ;
#484 = VERTEX_POINT ( 'NONE', #37 ) ;
#485 = DIRECTION ( 'NONE',  ( -1.000000000000000000, 1.171453342316279939E-15, 0.0000000000000000000 ) ) ;
#486 = CARTESIAN_POINT ( 'NONE',  ( 4.508200274894424098, 5.433188095145135676, 8.596640950747332255 ) ) ;
#487 = DIRECTION ( 'NONE',  ( 0.0000000000000000000, -1.000000000000000000, -0.0000000000000000000 ) ) ;
#488 = PERSON_AND_ORGANIZATION ( #3197, #1464 ) ;
#489 = CARTESIAN_POINT ( 'NONE',  ( 2.399936083953148280, 7.925000000000032685, 9.934945612905233148 ) ) ;
#490 = CARTESIAN_POINT ( 'NONE',  ( 6.457696791671260428, 9.699999999999999289, 12.69999999999999929 ) ) ;
#491 = FACE_OUTER_BOUND ( 'NONE', #3764, .T. ) ;
#492 = EDGE_CURVE ( 'NONE', #4120, #3807, #1594, .T. ) ;
#493 = CARTESIAN_POINT ( 'NONE',  ( 4.508200274894412551, 6.243144943882621867, 11.72335904925267513 ) ) ;
#494 = ADVANCED_FACE ( 'NONE', ( #407 ), #1764, .T. ) ;
#495 = CARTESIAN_POINT ( 'NONE',  ( 6.922777448336191242, 9.081542908107913092, 3.827572026869639377 ) ) ;
#496 = ORIENTED_EDGE ( 'NONE', *, *, #2788, .T. ) ;
#497 = DIRECTION ( 'NONE',  ( -8.505181591051049474E-16, 0.9805806756909211108, -0.1961161351381794649 ) ) ;
#498 = CARTESIAN_POINT ( 'NONE',  ( 5.014631961217390632, 6.163055402323277754, 4.165368038782640170 ) ) ;
#499 = VERTEX_POINT ( 'NONE', #388 ) ;
#500 = DIRECTION ( 'NONE',  ( 0.0000000000000000000, 0.0000000000000000000, 1.000000000000000000 ) ) ;
#501 = CARTESIAN_POINT ( 'NONE',  ( 4.958513877826381311, 7.924999999999989164, 8.675439021339791168 ) ) ;
#502 = VERTEX_POINT ( 'NONE', #4154 ) ;
#503 = ORIENTED_EDGE ( 'NONE', *, *, #1620, .T. ) ;
#504 = CARTESIAN_POINT ( 'NONE',  ( 2.706020063032100964, 7.537354761811804416, 9.343599450211215185 ) ) ;
#505 = CARTESIAN_POINT ( 'NONE',  ( 6.457696791671260428, 9.699999999999999289, 2.540000000000000480 ) ) ;
#506 = ORIENTED_EDGE ( 'NONE', *, *, #1236, .T. ) ;
#507 = FACE_OUTER_BOUND ( 'NONE', #3572, .T. ) ;
#508 = CARTESIAN_POINT ( 'NONE',  ( 3.700000000000030376, 8.862695448255804465, 8.388854107941766003 ) ) ;
#509 = CARTESIAN_POINT ( 'NONE',  ( 7.800000000000026468, 7.987132034355963306, 6.930000000000000604 ) ) ;
#510 = PERSON_AND_ORGANIZATION ( #3197, #1464 ) ;
#511 = ORIENTED_EDGE ( 'NONE', *, *, #14, .F. ) ;
#512 = CARTESIAN_POINT ( 'NONE',  ( 4.500000000000030198, 8.424999999992948574, 6.870730853915971714 ) ) ;
#513 = VECTOR ( 'NONE', #2809, 1000.000000000000000 ) ;
#514 = CARTESIAN_POINT ( 'NONE',  ( 0.4000951929440726418, 8.079363150079460709, 12.00995240352797744 ) ) ;
#515 = AXIS2_PLACEMENT_3D ( 'NONE', #753, #1359, #2105 ) ;
#516 = CARTESIAN_POINT ( 'NONE',  ( 4.916400549788816576, 7.245688095145134788, 11.55397993696793790 ) ) ;
#517 = CARTESIAN_POINT ( 'NONE',  ( 3.700000000004909140, 9.201559185024050791, 11.85207401348598388 ) ) ;
#518 = VERTEX_POINT ( 'NONE', #2726 ) ;
#519 = CARTESIAN_POINT ( 'NONE',  ( 0.7000000000000283773, 7.924999999999997158, 3.379999999999999893 ) ) ;
#520 = VECTOR ( 'NONE', #1679, 1000.000000000000000 ) ;
#521 = CARTESIAN_POINT ( 'NONE',  ( 5.832738161537427857, 6.329021428478468714, 5.080000000000000071 ) ) ;
#522 = EDGE_CURVE ( 'NONE', #3740, #3931, #4138, .T. ) ;
#523 = AXIS2_PLACEMENT_3D ( 'NONE', #1349, #1743, #424 ) ;
#524 = ORIENTED_EDGE ( 'NONE', *, *, #562, .T. ) ;
#525 = CARTESIAN_POINT ( 'NONE',  ( 7.751694291205250664, 5.200000000000010836, 3.429152854397374384 ) ) ;
#526 = CARTESIAN_POINT ( 'NONE',  ( 5.756785773293546349, 7.924999999999978506, 9.717368669376879708 ) ) ;
#527 = VERTEX_POINT ( 'NONE', #3091 ) ;
#528 = VERTEX_POINT ( 'NONE', #3782 ) ;
#529 = CC_DESIGN_SECURITY_CLASSIFICATION ( #1527, ( #4357 ) ) ;
#530 = CARTESIAN_POINT ( 'NONE',  ( 2.536640950747361956, 6.058188095145138341, 9.751799725105616545 ) ) ;
#531 = DESIGN_CONTEXT ( 'detailed design', #3283, 'design' ) ;
#532 = EDGE_CURVE ( 'NONE', #2589, #154, #1412, .T. ) ;
#533 = DIRECTION ( 'NONE',  ( -0.0000000000000000000, 0.0000000000000000000, -1.000000000000000000 ) ) ;
#534 = ORIENTED_EDGE ( 'NONE', *, *, #235, .F. ) ;
#535 = CARTESIAN_POINT ( 'NONE',  ( 4.290049235261566452, 7.944347618985646342, 3.516640950747329519 ) ) ;
#536 = CARTESIAN_POINT ( 'NONE',  ( 4.500000000000030198, 9.225000000000001421, 11.76731424184778874 ) ) ;
#537 = AXIS2_PLACEMENT_3D ( 'NONE', #3266, #3861, #1613 ) ;
#538 = APPROVAL_STATUS ( 'not_yet_approved' ) ;
#539 = VERTEX_POINT ( 'NONE', #718 ) ;
#540 = CARTESIAN_POINT ( 'NONE',  ( 3.759351855913754203, 9.225000000000001421, 11.78093118730478217 ) ) ;
#541 = CARTESIAN_POINT ( 'NONE',  ( 4.100000000000029843, 8.000000000009777068, 12.08499999995638063 ) ) ;
#542 = LINE ( 'NONE', #1948, #2378 ) ;
#543 = CARTESIAN_POINT ( 'NONE',  ( 3.283599450211243109, 6.513978277215956680, 8.766020063032071263 ) ) ;
#544 = DIRECTION ( 'NONE',  ( -0.0000000000000000000, 0.4999999999999804601, -0.8660254037844500319 ) ) ;
#545 = ORIENTED_EDGE ( 'NONE', *, *, #1452, .F. ) ;
#546 = CARTESIAN_POINT ( 'NONE',  ( 4.100000000000030731, 8.074999999999999289, 6.930000000000000604 ) ) ;
#547 = CARTESIAN_POINT ( 'NONE',  ( 5.394150445614099176, 5.600555402323277754, 5.079999999999999183 ) ) ;
#548 = VERTEX_POINT ( 'NONE', #2112 ) ;
#549 = DIRECTION ( 'NONE',  ( -0.8944271909999158554, 0.0000000000000000000, -0.4472135954999579277 ) ) ;
#550 = CARTESIAN_POINT ( 'NONE',  ( 5.756633352195343889, 7.924999999999977618, 10.60262284837692270 ) ) ;
#551 = VERTEX_POINT ( 'NONE', #3447 ) ;
#552 = EDGE_LOOP ( 'NONE', ( #3002, #3855, #3434, #3955, #3974, #719 ) ) ;
#553 = CARTESIAN_POINT ( 'NONE',  ( 5.493979936967956057, 6.287354761811802639, 10.97640054978879931 ) ) ;
#554 = CARTESIAN_POINT ( 'NONE',  ( 3.700000000000029932, 9.224999999999999645, 10.16000000000000014 ) ) ;
#555 = EDGE_CURVE ( 'NONE', #3715, #3525, #3706, .T. ) ;
#556 = ORIENTED_EDGE ( 'NONE', *, *, #796, .T. ) ;
#557 = DIRECTION ( 'NONE',  ( 0.0000000000000000000, -0.0000000000000000000, 1.000000000000000000 ) ) ;
#558 = CARTESIAN_POINT ( 'NONE',  ( 7.751694291205249776, 5.200000000000010836, 6.455000000000000071 ) ) ;
#559 = DIRECTION ( 'NONE',  ( -0.8944271909999155223, 1.730497532533077596E-15, -0.4472135954999587049 ) ) ;
#560 = DATE_AND_TIME ( #1941, #2851 ) ;
#561 = CARTESIAN_POINT ( 'NONE',  ( 2.400079403622374485, 7.925000000000030909, 10.38505211761316716 ) ) ;
#562 = EDGE_CURVE ( 'NONE', #1210, #1845, #3821, .T. ) ;
#563 = CARTESIAN_POINT ( 'NONE',  ( 7.751694291205250664, 5.200000000000010836, 6.730847145602625758 ) ) ;
#564 = FACE_OUTER_BOUND ( 'NONE', #1741, .T. ) ;
#565 = CARTESIAN_POINT ( 'NONE',  ( 5.756785773293908726, 7.924999999999978506, 4.637368669383958419 ) ) ;
#566 = CARTESIAN_POINT ( 'NONE',  ( 5.663359049252689736, 5.868144943882623643, 9.751799725105597005 ) ) ;
#567 = CARTESIAN_POINT ( 'NONE',  ( 6.821194192556390590, 9.225000000000001421, 3.872643136253510310 ) ) ;
#568 = EDGE_LOOP ( 'NONE', ( #408, #129, #2826, #3387 ) ) ;
#569 = CARTESIAN_POINT ( 'NONE',  ( 5.832738161537428745, 4.847311610549289718, 5.080000000000000071 ) ) ;
#570 = LINE ( 'NONE', #1929, #1669 ) ;
#571 = ORIENTED_EDGE ( 'NONE', *, *, #2208, .T. ) ;
#572 = DIRECTION ( 'NONE',  ( 0.0000000000000000000, 1.000000000000000000, 0.0000000000000000000 ) ) ;
#573 = FACE_OUTER_BOUND ( 'NONE', #3840, .T. ) ;
#574 = ORIENTED_EDGE ( 'NONE', *, *, #121, .T. ) ;
#575 = CARTESIAN_POINT ( 'NONE',  ( 3.490245359188463237, 6.433888735656614344, 11.20113812268297160 ) ) ;
#576 = DIRECTION ( 'NONE',  ( 0.0000000000000000000, 0.0000000000000000000, -1.000000000000000000 ) ) ;
#577 = ORIENTED_EDGE ( 'NONE', *, *, #977, .F. ) ;
#578 = CARTESIAN_POINT ( 'NONE',  ( 2.367261838462630053, 7.097311610549292382, 5.079999999999998295 ) ) ;
#579 = DIRECTION ( 'NONE',  ( -0.0000000000000000000, -1.000000000000000000, -0.0000000000000000000 ) ) ;
#580 = EDGE_CURVE ( 'NONE', #2073, #2212, #3338, .T. ) ;
#581 = PERSON_AND_ORGANIZATION_ROLE ( 'classification_officer' ) ;
#582 = CARTESIAN_POINT ( 'NONE',  ( 3.057035647342805529, 7.925000000000022027, 8.798689430789957910 ) ) ;
#583 = LINE ( 'NONE', #320, #520 ) ;
#584 = DIRECTION ( 'NONE',  ( 0.0000000000000000000, 1.000000000000000000, 0.0000000000000000000 ) ) ;
#585 = EDGE_CURVE ( 'NONE', #1362, #1430, #2808, .T. ) ;
#586 = CARTESIAN_POINT ( 'NONE',  ( 0.4002855335254774660, 8.081542908104839995, 8.310142766762723454 ) ) ;
#587 = AXIS2_PLACEMENT_3D ( 'NONE', #2678, #4024, #1007 ) ;
#588 = CARTESIAN_POINT ( 'NONE',  ( 4.916400549788825458, 5.263978277215956680, 11.55397993696793257 ) ) ;
#589 = CARTESIAN_POINT ( 'NONE',  ( 1.511423906586792709, 9.224999999999997868, 6.228516016336472561 ) ) ;
#590 = CARTESIAN_POINT ( 'NONE',  ( 0.4000000000000262235, 7.987132034355963306, 3.229999999999999094 ) ) ;
#591 = CARTESIAN_POINT ( 'NONE',  ( 5.394150445614101841, 5.100555402323278642, 5.079999999999999183 ) ) ;
#592 = VECTOR ( 'NONE', #4055, 1000.000000000000000 ) ;
#593 = PLANE ( 'NONE',  #3917 ) ;
#594 = EDGE_LOOP ( 'NONE', ( #3144, #3240, #2443, #457 ) ) ;
#595 = CARTESIAN_POINT ( 'NONE',  ( 4.440648144086410731, 9.225000000000001421, 11.78093118730476263 ) ) ;
#596 = CARTESIAN_POINT ( 'NONE',  ( 6.900000000000011013, 3.500000000000050182, 6.455000000000000071 ) ) ;
#597 = AXIS2_PLACEMENT_3D ( 'NONE', #2005, #2289, #557 ) ;
#598 = ORIENTED_EDGE ( 'NONE', *, *, #1721, .T. ) ;
#599 = CARTESIAN_POINT ( 'NONE',  ( 4.916400549788817465, 6.745688095145135676, 11.55397993696793613 ) ) ;
#600 = AXIS2_PLACEMENT_3D ( 'NONE', #2772, #3787, #4121 ) ;
#601 = CARTESIAN_POINT ( 'NONE',  ( 3.700000000000030820, 9.081542908109291545, 6.841347506652643240 ) ) ;
#602 = ORIENTED_EDGE ( 'NONE', *, *, #562, .F. ) ;
#603 = DIRECTION ( 'NONE',  ( -8.566593008251147126E-15, -1.000000000000000000, 3.527451611052589199E-15 ) ) ;
#604 = VECTOR ( 'NONE', #654, 1000.000000000000000 ) ;
#605 = VECTOR ( 'NONE', #346, 1000.000000000000000 ) ;
#606 = CARTESIAN_POINT ( 'NONE',  ( 4.500000000000030198, 9.225000000000001421, 8.552685758152019702 ) ) ;
#607 = DIRECTION ( 'NONE',  ( 0.0000000000000000000, 0.0000000000000000000, 1.000000000000000000 ) ) ;
#608 = CC_DESIGN_PERSON_AND_ORGANIZATION_ASSIGNMENT ( #915, #3915, ( #3421 ) ) ;
#609 = CARTESIAN_POINT ( 'NONE',  ( 6.753139117574929351, 9.752094453300079735, 2.540000000000000480 ) ) ;
#610 = CARTESIAN_POINT ( 'NONE',  ( 8.199999999999999289, 5.200000000000006395, 12.69999999999999929 ) ) ;
#611 = EDGE_CURVE ( 'NONE', #3521, #1097, #2607, .T. ) ;
#612 = VECTOR ( 'NONE', #1271, 1000.000000000000000 ) ;
#613 = CARTESIAN_POINT ( 'NONE',  ( 4.099999999999989875, 10.00000000000000000, 3.155000000000000693 ) ) ;
#614 = PLANE ( 'NONE',  #1813 ) ;
#615 = VECTOR ( 'NONE', #1907, 999.9999999999998863 ) ;
#616 = CARTESIAN_POINT ( 'NONE',  ( 3.283599450211223569, 5.013978277215956680, 8.766020063032081922 ) ) ;
#617 = CARTESIAN_POINT ( 'NONE',  ( 1.378805807436775943, 9.224999999999996092, 6.287356863749635316 ) ) ;
#618 = EDGE_CURVE ( 'NONE', #2887, #3971, #1556, .T. ) ;
#619 = DIRECTION ( 'NONE',  ( 8.505181591050789150E-16, -0.9805806756909208888, -0.1961161351381802698 ) ) ;
#620 = EDGE_CURVE ( 'NONE', #138, #499, #873, .T. ) ;
#621 = CARTESIAN_POINT ( 'NONE',  ( 7.799904807055985323, 8.079363150079551303, 3.230047596472024551 ) ) ;
#622 = CARTESIAN_POINT ( 'NONE',  ( 0.7000000000000330402, 7.924999999999998046, 11.85999999999999943 ) ) ;
#623 = CARTESIAN_POINT ( 'NONE',  ( 3.650000000000019895, -0.05000000000000599798, 4.580000000000000959 ) ) ;
#624 = VERTEX_POINT ( 'NONE', #805 ) ;
#625 = CARTESIAN_POINT ( 'NONE',  ( 4.916400549788825458, 5.745688095145138341, 11.55397993696793257 ) ) ;
#626 = CARTESIAN_POINT ( 'NONE',  ( 3.700000000000198241, 9.221952082813025697, 3.441700615117213591 ) ) ;
#627 = CARTESIAN_POINT ( 'NONE',  ( 5.832738161537429633, 6.347311610549289718, 5.079999999999997407 ) ) ;
#628 = CARTESIAN_POINT ( 'NONE',  ( 5.014631961217392409, 7.538055402323268872, 5.994631961217360860 ) ) ;
#629 = FACE_OUTER_BOUND ( 'NONE', #1988, .T. ) ;
#630 = DATE_TIME_ROLE ( 'classification_date' ) ;
#631 = EDGE_CURVE ( 'NONE', #518, #801, #2202, .T. ) ;
#632 = PLANE ( 'NONE',  #587 ) ;
#633 = CARTESIAN_POINT ( 'NONE',  ( 7.500000000000025757, 7.924999999999998046, 8.460000000000000853 ) ) ;
#634 = CARTESIAN_POINT ( 'NONE',  ( 4.100000000000028066, 8.077181834648511582, 12.00999999999999801 ) ) ;
#635 = CARTESIAN_POINT ( 'NONE',  ( 4.508200274894427650, 5.243144943882623643, 11.72335904925266803 ) ) ;
#636 = CARTESIAN_POINT ( 'NONE',  ( 3.057035647333228301, 7.925000000000022027, 3.718689430799560380 ) ) ;
#637 = CARTESIAN_POINT ( 'NONE',  ( 2.875399175316840861, 5.516521428478469602, 3.855399175316808869 ) ) ;
#638 = EDGE_CURVE ( 'NONE', #1286, #801, #3564, .T. ) ;
#639 = EDGE_CURVE ( 'NONE', #1550, #3571, #2904, .T. ) ;
#640 = DIRECTION ( 'NONE',  ( -1.001908583198310010E-14, -1.000000000000000000, 0.0000000000000000000 ) ) ;
#641 = CARTESIAN_POINT ( 'NONE',  ( 3.700000000000029932, 9.172066347966058686, 8.435072805355746439 ) ) ;
#642 = ORIENTED_EDGE ( 'NONE', *, *, #3132, .T. ) ;
#643 = ORIENTED_EDGE ( 'NONE', *, *, #937, .F. ) ;
#644 = ADVANCED_FACE ( 'NONE', ( #1900 ), #3101, .T. ) ;
#645 = CARTESIAN_POINT ( 'NONE',  ( 3.700000000000029932, 9.129905675408533483, 3.329182716134512887 ) ) ;
#646 = ORIENTED_EDGE ( 'NONE', *, *, #4057, .F. ) ;
#647 = CARTESIAN_POINT ( 'NONE',  ( 4.100000000000030731, 6.954021428478471378, 3.347261838462599393 ) ) ;
#648 = DIRECTION ( 'NONE',  ( 0.2588190451025201844, 0.9659258262890684232, 0.0000000000000000000 ) ) ;
#649 = CARTESIAN_POINT ( 'NONE',  ( 4.100000000000029843, 7.954021428478470490, 8.596640950747330479 ) ) ;
#650 = DATE_AND_TIME ( #3962, #964 ) ;
#651 = DIRECTION ( 'NONE',  ( 1.000000000000000000, 0.0000000000000000000, 0.0000000000000000000 ) ) ;
#652 = LINE ( 'NONE', #1323, #2139 ) ;
#653 = CARTESIAN_POINT ( 'NONE',  ( 6.768715357960306989, 5.200000000000005507, 13.20000000000000284 ) ) ;
#654 = DIRECTION ( 'NONE',  ( -1.000000000000000000, -0.0000000000000000000, -0.0000000000000000000 ) ) ;
#655 = CARTESIAN_POINT ( 'NONE',  ( 5.663359049252689736, 6.349854761811802639, 9.751799725105597005 ) ) ;
#656 = B_SPLINE_CURVE_WITH_KNOTS ( 'NONE', 3,
 ( #2048, #2697, #4044, #3174 ),
 .UNSPECIFIED., .F., .F.,
 ( 4, 4 ),
 ( 0.0000000000000000000, 0.0005602187495296583053 ),
 .UNSPECIFIED. ) ;
#657 = CARTESIAN_POINT ( 'NONE',  ( 4.100000000000037836, 4.975555402323279530, 6.374150445614081839 ) ) ;
#658 = CC_DESIGN_DATE_AND_TIME_ASSIGNMENT ( #650, #630, ( #1527 ) ) ;
#659 = CARTESIAN_POINT ( 'NONE',  ( 7.737707999845789608, 5.199999999999999289, 2.880502153854100023 ) ) ;
#660 = LINE ( 'NONE', #288, #3621 ) ;
#661 = VERTEX_POINT ( 'NONE', #3345 ) ;
#662 = AXIS2_PLACEMENT_3D ( 'NONE', #2019, #3718, #1704 ) ;
#663 = EDGE_CURVE ( 'NONE', #2025, #46, #3563, .T. ) ;
#664 = VECTOR ( 'NONE', #3011, 1000.000000000000000 ) ;
#665 = CARTESIAN_POINT ( 'NONE',  ( 4.499999999992201793, 9.166118242191695131, 3.348876522976479198 ) ) ;
#666 = VERTEX_POINT ( 'NONE', #2669 ) ;
#667 = EDGE_CURVE ( 'NONE', #1567, #1768, #2400, .T. ) ;
#668 = CARTESIAN_POINT ( 'NONE',  ( 5.324600824683223266, 7.766521428478473155, 6.304600824683190829 ) ) ;
#669 = AXIS2_PLACEMENT_3D ( 'NONE', #2210, #175, #549 ) ;
#670 = DIRECTION ( 'NONE',  ( 1.000000000000000000, -1.001908583198310010E-14, 0.0000000000000000000 ) ) ;
#671 = VECTOR ( 'NONE', #3559, 1000.000000000000341 ) ;
#672 = CARTESIAN_POINT ( 'NONE',  ( 6.900000000000026112, 3.500000000000030198, 11.53500000000000014 ) ) ;
#673 = CARTESIAN_POINT ( 'NONE',  ( 4.100000000000029843, 7.924999999999996270, 11.94786796564403630 ) ) ;
#674 = PLANE ( 'NONE',  #1317 ) ;
#675 = VECTOR ( 'NONE', #1648, 1000.000000000000114 ) ;
#676 = CARTESIAN_POINT ( 'NONE',  ( 7.751694291205290632, 5.199999999999994849, 11.81084714560264537 ) ) ;
#677 = CARTESIAN_POINT ( 'NONE',  ( 6.900000000000011013, 3.500000000000050182, 3.704999999999996518 ) ) ;
#678 = ORIENTED_EDGE ( 'NONE', *, *, #618, .T. ) ;
#679 = CARTESIAN_POINT ( 'NONE',  ( 4.500000000000030198, 8.425000000000000711, 3.080000000000000071 ) ) ;
#680 = AXIS2_PLACEMENT_3D ( 'NONE', #2568, #1566, #1913 ) ;
#681 = DIRECTION ( 'NONE',  ( -1.794541526872559599E-16, 1.000000000000000000, 3.589083053745119197E-16 ) ) ;
#682 = LOCAL_TIME ( 19, 29, 23.00000000000000000, #2784 ) ;
#683 = EDGE_CURVE ( 'NONE', #4280, #2226, #921, .T. ) ;
#684 = DIRECTION ( 'NONE',  ( 0.0000000000000000000, 1.000000000000000000, 0.0000000000000000000 ) ) ;
#685 = CARTESIAN_POINT ( 'NONE',  ( 7.799714466474582331, 8.081542908104839995, 12.00985723323727683 ) ) ;
#686 = VERTEX_POINT ( 'NONE', #4029 ) ;
#687 = EDGE_LOOP ( 'NONE', ( #3804, #3030, #2917, #3592, #1587, #2119 ) ) ;
#688 = CARTESIAN_POINT ( 'NONE',  ( 4.500000000000030198, 9.224999999999980105, 3.455041973081923068 ) ) ;
#689 = ORIENTED_EDGE ( 'NONE', *, *, #1748, .T. ) ;
#690 = ORIENTED_EDGE ( 'NONE', *, *, #1188, .F. ) ;
#691 = CARTESIAN_POINT ( 'NONE',  ( 6.922777448336582040, 9.081542908107884671, 8.907572026869276627 ) ) ;
#692 = CARTESIAN_POINT ( 'NONE',  ( 7.899999999999999467, 5.799999999999999822, 12.69999999999999929 ) ) ;
#693 = ADVANCED_FACE ( 'NONE', ( #1012 ), #1330, .T. ) ;
#694 = EDGE_CURVE ( 'NONE', #2495, #833, #1951, .T. ) ;
#695 = CARTESIAN_POINT ( 'NONE',  ( 3.873556653226071234, 7.925000000000008704, 8.460356306558159289 ) ) ;
#696 = DIRECTION ( 'NONE',  ( 0.0000000000000000000, 1.000000000000000000, 0.0000000000000000000 ) ) ;
#697 = FACE_BOUND ( 'NONE', #1, .T. ) ;
#698 = CARTESIAN_POINT ( 'NONE',  ( 0.4000000000000279443, 8.074999999999997513, 12.01000000000000156 ) ) ;
#699 = VERTEX_POINT ( 'NONE', #345 ) ;
#700 = DIRECTION ( 'NONE',  ( 0.0000000000000000000, 0.0000000000000000000, 1.000000000000000000 ) ) ;
#701 = CARTESIAN_POINT ( 'NONE',  ( 4.100000000000029843, 7.925000000000001599, 8.459999999999999076 ) ) ;
#702 = CARTESIAN_POINT ( 'NONE',  ( 4.508200274894425874, 7.433188095145135676, 8.596640950747335808 ) ) ;
#703 = CARTESIAN_POINT ( 'NONE',  ( 4.100000000000029843, 7.925000000000005151, -133.0279999999999916 ) ) ;
#704 = ORIENTED_EDGE ( 'NONE', *, *, #4164, .T. ) ;
#705 = ORIENTED_EDGE ( 'NONE', *, *, #2177, .F. ) ;
#706 = DIRECTION ( 'NONE',  ( 0.0000000000000000000, -1.000000000000000000, 0.0000000000000000000 ) ) ;
#707 = EDGE_LOOP ( 'NONE', ( #4344, #2745, #2938, #2774, #3705, #2749, #744, #2041, #2399, #2530, #169, #3832, #3163, #3858, #1485, #3617, #1895, #275 ) ) ;
#708 = ORIENTED_EDGE ( 'NONE', *, *, #4219, .T. ) ;
#709 = CARTESIAN_POINT ( 'NONE',  ( 4.470707025832531656, 9.166319812942806067, 8.396037418795886609 ) ) ;
#710 = DIRECTION ( 'NONE',  ( -1.000000000000000000, 0.0000000000000000000, -1.224646799147353207E-16 ) ) ;
#711 = FACE_OUTER_BOUND ( 'NONE', #10, .T. ) ;
#712 = CARTESIAN_POINT ( 'NONE',  ( 4.499999999993726796, 9.120601777122296028, 8.404767264803453486 ) ) ;
#713 = LINE ( 'NONE', #359, #2148 ) ;
#714 = EDGE_CURVE ( 'NONE', #3433, #4034, #3949, .T. ) ;
#715 = VERTEX_POINT ( 'NONE', #3674 ) ;
#716 = ADVANCED_FACE ( 'NONE', ( #2279 ), #1326, .T. ) ;
#717 = DIRECTION ( 'NONE',  ( 0.0000000000000000000, 0.0000000000000000000, 1.000000000000000000 ) ) ;
#718 = CARTESIAN_POINT ( 'NONE',  ( 7.456259223559868587, 4.952135600172728580, 6.583129611779933832 ) ) ;
#719 = ORIENTED_EDGE ( 'NONE', *, *, #3100, .F. ) ;
#720 = CARTESIAN_POINT ( 'NONE',  ( 5.324600824683218825, 5.891521428478468714, 3.855399175316809757 ) ) ;
#721 = ORIENTED_EDGE ( 'NONE', *, *, #2788, .F. ) ;
#722 = DIRECTION ( 'NONE',  ( -1.000000000000000000, 0.0000000000000000000, 0.0000000000000000000 ) ) ;
#723 = CARTESIAN_POINT ( 'NONE',  ( 4.099999999999989875, 7.999999999952933649, 7.004999999935535016 ) ) ;
#724 = ORIENTED_EDGE ( 'NONE', *, *, #3140, .F. ) ;
#725 = ORIENTED_EDGE ( 'NONE', *, *, #3252, .F. ) ;
#726 = CARTESIAN_POINT ( 'NONE',  ( 5.324600824683218825, 7.391521428478472266, 3.855399175316809313 ) ) ;
#727 = DIRECTION ( 'NONE',  ( 0.0000000000000000000, 0.0000000000000000000, 1.000000000000000000 ) ) ;
#728 = VECTOR ( 'NONE', #1115, 1000.000000000000000 ) ;
#729 = CARTESIAN_POINT ( 'NONE',  ( 0.5242640687119596299, 7.924999999999996270, 8.372132034355965757 ) ) ;
#730 = DIRECTION ( 'NONE',  ( -0.0000000000000000000, -1.000000000000000000, -0.0000000000000000000 ) ) ;
#731 = CC_DESIGN_PERSON_AND_ORGANIZATION_ASSIGNMENT ( #3203, #581, ( #3703 ) ) ;
#732 = CARTESIAN_POINT ( 'NONE',  ( 0.0000000000000000000, 0.0000000000000000000, 0.0000000000000000000 ) ) ;
#733 = VECTOR ( 'NONE', #1375, 1000.000000000000000 ) ;
#734 = ORIENTED_EDGE ( 'NONE', *, *, #4031, .T. ) ;
#735 = APPROVAL_PERSON_ORGANIZATION ( #4221, #2551, #895 ) ;
#736 = VECTOR ( 'NONE', #4134, 1000.000000000000000 ) ;
#737 = CARTESIAN_POINT ( 'NONE',  ( 4.100000000000030731, 8.074999999999999289, 3.379999999999999449 ) ) ;
#738 = AXIS2_PLACEMENT_3D ( 'NONE', #3298, #579, #2967 ) ;
#739 = EDGE_CURVE ( 'NONE', #1314, #2133, #1431, .T. ) ;
#740 = CARTESIAN_POINT ( 'NONE',  ( 2.706020063032100964, 7.537354761811804416, 9.343599450211215185 ) ) ;
#741 = DIRECTION ( 'NONE',  ( 0.0000000000000000000, 0.0000000000000000000, -1.000000000000000000 ) ) ;
#742 = ORIENTED_EDGE ( 'NONE', *, *, #2170, .T. ) ;
#743 = AXIS2_PLACEMENT_3D ( 'NONE', #1816, #1131, #2748 ) ;
#744 = ORIENTED_EDGE ( 'NONE', *, *, #3762, .F. ) ;
#745 = CARTESIAN_POINT ( 'NONE',  ( 3.700000000000030376, 8.643847809268498494, 3.299059723437351987 ) ) ;
#746 = CARTESIAN_POINT ( 'NONE',  ( 8.199999999999999289, 4.000000000000072831, 2.540000000000000036 ) ) ;
#747 = AXIS2_PLACEMENT_3D ( 'NONE', #3857, #4210, #3594 ) ;
#748 = EDGE_LOOP ( 'NONE', ( #4063, #1958, #3999, #38 ) ) ;
#749 = CARTESIAN_POINT ( 'NONE',  ( 5.394150445614100065, 6.100555402323281307, 5.080000000000000071 ) ) ;
#750 = CARTESIAN_POINT ( 'NONE',  ( 4.916400549788826346, 7.745688095145139229, 11.55397993696793435 ) ) ;
#751 = CARTESIAN_POINT ( 'NONE',  ( 8.199999999999992184, 1.000000000000050182, 6.954999999999992077 ) ) ;
#752 = CARTESIAN_POINT ( 'NONE',  ( 4.657328879471678285, 7.924999999999999822, 8.701199823579489845 ) ) ;
#753 = CARTESIAN_POINT ( 'NONE',  ( 4.100000000000029843, 8.074999999999999289, 10.16000000000000014 ) ) ;
#754 = CARTESIAN_POINT ( 'NONE',  ( 2.932355715851531208, 5.329722068989945605, 9.855122679594211732 ) ) ;
#755 = LINE ( 'NONE', #3442, #1735 ) ;
#756 = ORIENTED_EDGE ( 'NONE', *, *, #2141, .F. ) ;
#757 = CARTESIAN_POINT ( 'NONE',  ( 3.728531723911100659, 9.081542908098343858, 6.847584894441547831 ) ) ;
#758 = CARTESIAN_POINT ( 'NONE',  ( 1.242500000000049898, 7.112366251504909087E-14, 3.060000000000000053 ) ) ;
#759 = CARTESIAN_POINT ( 'NONE',  ( 3.283599450211238668, 7.180644943882620979, 11.55397993696793435 ) ) ;
#760 = CARTESIAN_POINT ( 'NONE',  ( 7.800000000000031797, 8.074999999999997513, 8.310000000000000497 ) ) ;
#761 = ORIENTED_EDGE ( 'NONE', *, *, #204, .T. ) ;
#762 = CARTESIAN_POINT ( 'NONE',  ( 2.875399175316839973, 5.534811610549292382, 3.855399175316811089 ) ) ;
#763 = ADVANCED_FACE ( 'NONE', ( #3070 ), #2109, .T. ) ;
#764 = VERTEX_POINT ( 'NONE', #4089 ) ;
#765 = CARTESIAN_POINT ( 'NONE',  ( 4.100000000000029843, 10.00000000000000888, 10.16000000000000014 ) ) ;
#766 = FACE_OUTER_BOUND ( 'NONE', #4049, .T. ) ;
#767 = ORIENTED_EDGE ( 'NONE', *, *, #888, .F. ) ;
#768 = VERTEX_POINT ( 'NONE', #2416 ) ;
#769 = CARTESIAN_POINT ( 'NONE',  ( 4.404877320405821806, 6.996388735656612567, 11.32764428414853342 ) ) ;
#770 = EDGE_CURVE ( 'NONE', #3475, #4018, #778, .T. ) ;
#771 = CARTESIAN_POINT ( 'NONE',  ( 3.691799725105628038, 4.493144943882624531, 8.596640950747337584 ) ) ;
#772 = FACE_OUTER_BOUND ( 'NONE', #4277, .T. ) ;
#773 = CARTESIAN_POINT ( 'NONE',  ( 4.500000000000030198, 9.225000000000001421, 8.552685758152019702 ) ) ;
#774 = CARTESIAN_POINT ( 'NONE',  ( 3.283599450211234227, 5.662354761811805304, 11.55397993696793435 ) ) ;
#775 = PLANE ( 'NONE',  #806 ) ;
#776 = CALENDAR_DATE ( 2019, 21, 10 ) ;
#777 = EDGE_LOOP ( 'NONE', ( #3148, #721, #3217, #2043 ) ) ;
#778 = LINE ( 'NONE', #2380, #2915 ) ;
#779 = CARTESIAN_POINT ( 'NONE',  ( 8.199999999999999289, 5.799999999999999822, 12.69999999999999929 ) ) ;
#780 = CARTESIAN_POINT ( 'NONE',  ( 3.691799725105633367, 7.201478277215954016, 11.72335904925266625 ) ) ;
#781 = CARTESIAN_POINT ( 'NONE',  ( 3.700000000004910028, 9.190470140720973902, 6.785810702894838897 ) ) ;
#782 = EDGE_LOOP ( 'NONE', ( #344, #1176, #1395, #475 ) ) ;
#783 = CARTESIAN_POINT ( 'NONE',  ( 2.875399175316839973, 6.016521428478466937, 3.855399175316811089 ) ) ;
#784 = APPROVAL ( #2846, 'UNSPECIFIED' ) ;
#785 = ORIENTED_EDGE ( 'NONE', *, *, #3080, .F. ) ;
#786 = DIRECTION ( 'NONE',  ( 0.0000000000000000000, -0.0000000000000000000, -1.000000000000000000 ) ) ;
#787 = CARTESIAN_POINT ( 'NONE',  ( 4.100000000000030731, 8.074999999999999289, 6.930000000000000604 ) ) ;
#788 = ORIENTED_EDGE ( 'NONE', *, *, #2587, .F. ) ;
#789 = ORIENTED_EDGE ( 'NONE', *, *, #2901, .F. ) ;
#790 = EDGE_CURVE ( 'NONE', #3877, #1351, #1305, .T. ) ;
#791 = CARTESIAN_POINT ( 'NONE',  ( 3.795122679594252091, 6.954722068989946493, 11.32764428414853874 ) ) ;
#792 = CARTESIAN_POINT ( 'NONE',  ( 4.508200274894438309, 4.743144943882623643, 11.72335904925266270 ) ) ;
#794 = EDGE_CURVE ( 'NONE', #3906, #1004, #1866, .T. ) ;
#793 = APPLICATION_CONTEXT ( 'configuration controlled 3d designs of mechanical parts and assemblies' ) ;
#795 = DIRECTION ( 'NONE',  ( 0.0000000000000000000, 0.0000000000000000000, -1.000000000000000000 ) ) ;
#796 = EDGE_CURVE ( 'NONE', #764, #502, #4223, .T. ) ;
#797 = DIRECTION ( 'NONE',  ( -0.0000000000000000000, 1.097926250618230054E-16, 1.000000000000000000 ) ) ;
#798 = CARTESIAN_POINT ( 'NONE',  ( 2.932355715851526323, 5.371388735656611679, 10.46487732040579033 ) ) ;
#799 = VECTOR ( 'NONE', #2930, 999.9999999999998863 ) ;
#800 = CARTESIAN_POINT ( 'NONE',  ( 7.800000000000030020, 8.074999999999997513, 3.230000000000000870 ) ) ;
#801 = VERTEX_POINT ( 'NONE', #1140 ) ;
#802 = CARTESIAN_POINT ( 'NONE',  ( 4.500000000000030198, 9.224999999999999645, 5.080000000000000071 ) ) ;
#803 = VECTOR ( 'NONE', #986, 1000.000000000000000 ) ;
#804 = CARTESIAN_POINT ( 'NONE',  ( 4.916400549788814800, 5.930644943882622755, 8.766020063032069487 ) ) ;
#805 = CARTESIAN_POINT ( 'NONE',  ( 4.348212002188462044, 3.459253763378795848E-14, 9.660000000000001918 ) ) ;
#806 = AXIS2_PLACEMENT_3D ( 'NONE', #1843, #4194, #2526 ) ;
#807 = EDGE_LOOP ( 'NONE', ( #118, #1063, #32, #3883 ) ) ;
#808 = CARTESIAN_POINT ( 'NONE',  ( 2.367261838462630941, 5.597311610549290606, 5.080000000000009841 ) ) ;
#809 = AXIS2_PLACEMENT_3D ( 'NONE', #2045, #3669, #3374 ) ;
#810 = EDGE_CURVE ( 'NONE', #3715, #2792, #4348, .T. ) ;
#811 = EDGE_LOOP ( 'NONE', ( #1855, #857, #3513 ) ) ;
#812 = CARTESIAN_POINT ( 'NONE',  ( 4.100000000000029843, 8.081542908144001558, 8.310142766765446609 ) ) ;
#813 = PLANE ( 'NONE',  #1324 ) ;
#814 = VERTEX_POINT ( 'NONE', #4242 ) ;
#815 = ORIENTED_EDGE ( 'NONE', *, *, #1545, .F. ) ;
#816 = AXIS2_PLACEMENT_3D ( 'NONE', #2616, #576, #227 ) ;
#817 = CARTESIAN_POINT ( 'NONE',  ( 2.536640950747369505, 7.558188095145135676, 9.751799725105595229 ) ) ;
#818 = AXIS2_PLACEMENT_3D ( 'NONE', #2722, #4070, #3014 ) ;
#819 = CARTESIAN_POINT ( 'NONE',  ( 8.199999999999999289, 5.799999999999999822, 12.03500000000000014 ) ) ;
#820 = EDGE_LOOP ( 'NONE', ( #2367, #2264, #433, #3019 ) ) ;
#821 = DIRECTION ( 'NONE',  ( -1.000000000000000000, -2.195852501236460108E-16, 0.0000000000000000000 ) ) ;
#822 = CARTESIAN_POINT ( 'NONE',  ( 3.691799725105628038, 4.974854761811805304, 8.596640950747337584 ) ) ;
#823 = CARTESIAN_POINT ( 'NONE',  ( 4.100000000000029843, 7.924999999999998046, 6.780000000000000249 ) ) ;
#824 = EDGE_CURVE ( 'NONE', #3296, #1399, #897, .T. ) ;
#825 = ADVANCED_FACE ( 'NONE', ( #1574 ), #1869, .T. ) ;
#826 = MECHANICAL_CONTEXT ( 'NONE', #2913, 'mechanical' ) ;
#827 = CARTESIAN_POINT ( 'NONE',  ( 4.500000000000030198, 8.425000000000000711, 8.160000000000000142 ) ) ;
#828 = CARTESIAN_POINT ( 'NONE',  ( 4.508200274894412551, 6.451478277215954904, 8.596640950747332255 ) ) ;
#829 = ORIENTED_EDGE ( 'NONE', *, *, #3437, .T. ) ;
#830 = CARTESIAN_POINT ( 'NONE',  ( 4.100000000000029843, 7.925000000000005151, 8.646907539380281449 ) ) ;
#831 = CARTESIAN_POINT ( 'NONE',  ( 2.875399175316840417, 6.641521428478466937, 6.304600824683189941 ) ) ;
#832 = CARTESIAN_POINT ( 'NONE',  ( 36.60000000000000142, -2.800000000000010036, 5.580000000000000071 ) ) ;
#833 = VERTEX_POINT ( 'NONE', #512 ) ;
#834 = CARTESIAN_POINT ( 'NONE',  ( 4.458100252007964670, 9.224999999999999645, 11.86397483954636201 ) ) ;
#835 = DIRECTION ( 'NONE',  ( -0.0000000000000000000, -1.000000000000000000, -0.0000000000000000000 ) ) ;
#836 = ORIENTED_EDGE ( 'NONE', *, *, #3548, .F. ) ;
#837 = CARTESIAN_POINT ( 'NONE',  ( 5.493979936967957833, 7.787354761811804416, 10.97640054978880286 ) ) ;
#838 = DIRECTION ( 'NONE',  ( 1.171453342316279939E-15, 1.000000000000000000, 0.0000000000000000000 ) ) ;
#839 = ORIENTED_EDGE ( 'NONE', *, *, #1269, .T. ) ;
#840 = CARTESIAN_POINT ( 'NONE',  ( 4.500000000000031086, 9.081542908114077051, 3.318652493347571397 ) ) ;
#841 = CARTESIAN_POINT ( 'NONE',  ( 5.493979936967960498, 5.287354761811803527, 10.97640054978879931 ) ) ;
#842 = DATE_AND_TIME ( #3865, #2715 ) ;
#843 = ORIENTED_EDGE ( 'NONE', *, *, #311, .T. ) ;
#844 = DIRECTION ( 'NONE',  ( 1.000000000000000000, -1.001908583198310010E-14, 0.0000000000000000000 ) ) ;
#845 = ADVANCED_FACE ( 'NONE', ( #2878 ), #4323, .T. ) ;
#846 = PLANE ( 'NONE',  #3477 ) ;
#847 = CARTESIAN_POINT ( 'NONE',  ( 4.542657327989739535, 7.924999999999999822, 3.423379701213259185 ) ) ;
#848 = CARTESIAN_POINT ( 'NONE',  ( 5.493979936967957833, 6.305644943882622755, 10.97640054978879931 ) ) ;
#849 = CARTESIAN_POINT ( 'NONE',  ( 3.700000000007861445, 9.151265186000756557, 11.90012214287784076 ) ) ;
#850 = ORIENTED_EDGE ( 'NONE', *, *, #3300, .F. ) ;
#851 = DIRECTION ( 'NONE',  ( -1.000000000000000000, 0.0000000000000000000, -0.0000000000000000000 ) ) ;
#852 = ADVANCED_FACE ( 'NONE', ( #3509 ), #3847, .T. ) ;
#853 = CARTESIAN_POINT ( 'NONE',  ( 5.324600824683218825, 6.391521428478468714, 3.855399175316809313 ) ) ;
#854 = ORIENTED_EDGE ( 'NONE', *, *, #3332, .T. ) ;
#855 = DIRECTION ( 'NONE',  ( -0.0000000000000000000, -1.000000000000000000, -0.0000000000000000000 ) ) ;
#856 = DIRECTION ( 'NONE',  ( -0.0000000000000000000, -1.000000000000000000, -0.0000000000000000000 ) ) ;
#857 = ORIENTED_EDGE ( 'NONE', *, *, #4113, .T. ) ;
#858 = EDGE_LOOP ( 'NONE', ( #3274, #3888, #3520, #260 ) ) ;
#859 = CARTESIAN_POINT ( 'NONE',  ( 4.404877320405820029, 5.704722068989946493, 8.992355715851500619 ) ) ;
#860 = PLANE ( 'NONE',  #4058 ) ;
#861 = VERTEX_POINT ( 'NONE', #3228 ) ;
#862 = DIRECTION ( 'NONE',  ( -1.171453342316279939E-15, -1.000000000000000000, 0.0000000000000000000 ) ) ;
#863 = CARTESIAN_POINT ( 'NONE',  ( 4.500000000000031086, 8.862695448274918064, 6.851145892054217867 ) ) ;
#864 = AXIS2_PLACEMENT_3D ( 'NONE', #4043, #1678, #651 ) ;
#865 = SHAPE_DEFINITION_REPRESENTATION ( #1775, #3751 ) ;
#866 = ORIENTED_EDGE ( 'NONE', *, *, #1150, .F. ) ;
#867 = CARTESIAN_POINT ( 'NONE',  ( 1.283007271895418189, 9.166319812937834044, 8.910138628582579656 ) ) ;
#868 = AXIS2_PLACEMENT_3D ( 'NONE', #1000, #3698, #4033 ) ;
#869 = CARTESIAN_POINT ( 'NONE',  ( 7.199999999999978861, 3.500000000000050182, 3.705000000000012061 ) ) ;
#870 = CARTESIAN_POINT ( 'NONE',  ( 5.142855932213580061, 7.924999999999989164, 3.718786506313224827 ) ) ;
#871 = VECTOR ( 'NONE', #1425, 1000.000000000000114 ) ;
#872 = CARTESIAN_POINT ( 'NONE',  ( 4.508200274894433868, 6.743144943882624531, 11.72335904925266448 ) ) ;
#873 = LINE ( 'NONE', #1167, #799 ) ;
#874 = VERTEX_POINT ( 'NONE', #214 ) ;
#875 = CARTESIAN_POINT ( 'NONE',  ( 2.367261838462630497, 5.079021428478468714, 5.080000000000007176 ) ) ;
#876 = CIRCLE ( 'NONE', #3343, 1.924999999999999600 ) ;
#877 = CARTESIAN_POINT ( 'NONE',  ( 5.014631961217392409, 5.663055402323283083, 4.165368038782638394 ) ) ;
#878 = EDGE_CURVE ( 'NONE', #4317, #1079, #1827, .T. ) ;
#879 = VERTEX_POINT ( 'NONE', #563 ) ;
#880 = CARTESIAN_POINT ( 'NONE',  ( 4.100000000000029843, 8.081542908104799139, 10.16000000000000014 ) ) ;
#881 = CARTESIAN_POINT ( 'NONE',  ( 4.542657327979951809, 7.924999999999999822, 8.503379701203442664 ) ) ;
#882 = ORIENTED_EDGE ( 'NONE', *, *, #3744, .T. ) ;
#883 = ORIENTED_EDGE ( 'NONE', *, *, #1481, .T. ) ;
#884 = LOCAL_TIME ( 19, 29, 23.00000000000000000, #2946 ) ;
#885 = AXIS2_PLACEMENT_3D ( 'NONE', #1015, #3697, #245 ) ;
#886 = CARTESIAN_POINT ( 'NONE',  ( 5.267644284148529366, 6.079722068989948269, 10.46487732040579921 ) ) ;
#887 = DESIGN_CONTEXT ( 'detailed design', #3588, 'design' ) ;
#888 = EDGE_CURVE ( 'NONE', #2093, #4215, #1922, .T. ) ;
#889 = LINE ( 'NONE', #2596, #612 ) ;
#890 = ORIENTED_EDGE ( 'NONE', *, *, #3731, .F. ) ;
#891 =( BOUNDED_SURFACE ( )  B_SPLINE_SURFACE ( 3, 3, ( 
 ( #1728, #3432, #2773, #4122 ),
 ( #1148, #1417, #1789, #1489 ),
 ( #4144, #3806, #61, #3146 ),
 ( #4097, #2492, #2429, #787 ) ),
 .UNSPECIFIED., .F., .F., .F. ) 
 B_SPLINE_SURFACE_WITH_KNOTS ( ( 4, 4 ),
 ( 4, 4 ),
 ( 0.0000000000000000000, 1.000000000000000000 ),
 ( 0.0000000000000000000, 1.000000000000000000 ),
 .UNSPECIFIED. ) 
 GEOMETRIC_REPRESENTATION_ITEM ( )  RATIONAL_B_SPLINE_SURFACE ( (
 ( 1.000000000000000000, 0.3333333333333332038, 0.3333333333333332038, 1.000000000000000000),
 ( 0.9998413513865973545, 0.3332804504621990072, 0.3332804504621990072, 0.9998413513865973545),
 ( 0.9998413513865973545, 0.3332804504621990072, 0.3332804504621990072, 0.9998413513865973545),
 ( 1.000000000000000000, 0.3333333333333332038, 0.3333333333333332038, 1.000000000000000000) ) ) 
 REPRESENTATION_ITEM ( '' )  SURFACE ( )  );
#892 = CARTESIAN_POINT ( 'NONE',  ( 2.367261838462630941, 7.079021428478473155, 5.080000000000000959 ) ) ;
#893 = DIRECTION ( 'NONE',  ( 0.0000000000000000000, 1.000000000000000000, 0.0000000000000000000 ) ) ;
#894 = VECTOR ( 'NONE', #2050, 1000.000000000000000 ) ;
#895 = APPROVAL_ROLE ( '' ) ;
#896 = CARTESIAN_POINT ( 'NONE',  ( 4.100000000000029843, 7.925000000000001599, 11.85999999999999410 ) ) ;
#897 = LINE ( 'NONE', #2553, #1082 ) ;
#898 = CARTESIAN_POINT ( 'NONE',  ( 5.584545852712497371, 7.924999999999982059, 5.938493252545677059 ) ) ;
#899 = CARTESIAN_POINT ( 'NONE',  ( 5.493979936967949840, 5.888978277215957569, 9.343599450211192092 ) ) ;
#900 = CARTESIAN_POINT ( 'NONE',  ( 3.700000000001383960, 9.221989643054655517, 11.80284666571573560 ) ) ;
#901 = ORIENTED_EDGE ( 'NONE', *, *, #1853, .T. ) ;
#902 = CARTESIAN_POINT ( 'NONE',  ( 4.100000000000029843, 8.074999999999999289, 8.460000000000000853 ) ) ;
#903 = EDGE_LOOP ( 'NONE', ( #4322, #4038, #1750, #4183 ) ) ;
#904 = DIRECTION ( 'NONE',  ( -1.000000000000000000, 0.0000000000000000000, -0.0000000000000000000 ) ) ;
#905 = CARTESIAN_POINT ( 'NONE',  ( 4.500000000000031086, 9.081542908114077051, 3.318652493347571397 ) ) ;
#906 = EDGE_LOOP ( 'NONE', ( #1560, #2021, #3262, #1276 ) ) ;
#907 = ADVANCED_FACE ( 'NONE', ( #2805 ), #426, .T. ) ;
#908 = CARTESIAN_POINT ( 'NONE',  ( 3.795122679594239212, 5.954722068989946493, 11.32764428414852986 ) ) ;
#909 = FACE_OUTER_BOUND ( 'NONE', #2833, .T. ) ;
#910 = ORIENTED_EDGE ( 'NONE', *, *, #2496, .F. ) ;
#911 = CARTESIAN_POINT ( 'NONE',  ( 5.832738161537426969, 7.347311610549286165, 5.079999999999998295 ) ) ;
#912 = ADVANCED_FACE ( 'NONE', ( #1622 ), #2010, .F. ) ;
#913 = CARTESIAN_POINT ( 'NONE',  ( 6.603503638545562993, 9.225000000000001421, 11.24383138235982038 ) ) ;
#914 = CARTESIAN_POINT ( 'NONE',  ( 4.499999999999864109, 9.223976478198693485, 6.708120510780811507 ) ) ;
#915 = PERSON_AND_ORGANIZATION ( #3197, #1464 ) ;
#916 = CARTESIAN_POINT ( 'NONE',  ( 2.738797601682464666, 7.925000000000025580, 9.117159105065248070 ) ) ;
#917 = DIRECTION ( 'NONE',  ( 0.0000000000000000000, 1.097926250618230054E-16, -1.000000000000000000 ) ) ;
#918 = CARTESIAN_POINT ( 'NONE',  ( 6.375000000000030198, 4.049999999999999822, 8.785000000000000142 ) ) ;
#919 = CARTESIAN_POINT ( 'NONE',  ( 8.199999999999999289, 5.799999999999999822, 2.539999999999998703 ) ) ;
#920 = CARTESIAN_POINT ( 'NONE',  ( 5.663359049252691513, 5.368144943882622755, 9.751799725105593453 ) ) ;
#921 = B_SPLINE_CURVE_WITH_KNOTS ( 'NONE', 3,
 ( #1281, #3306, #3658, #2646 ),
 .UNSPECIFIED., .F., .F.,
 ( 4, 4 ),
 ( 4.651984046685431668E-15, 0.0006572000998892529389 ),
 .UNSPECIFIED. ) ;
#922 = DIRECTION ( 'NONE',  ( -0.0000000000000000000, 0.0000000000000000000, 1.000000000000000000 ) ) ;
#923 = CARTESIAN_POINT ( 'NONE',  ( 5.327175604926639885, 4.400589584530780307, 4.108494097616709695 ) ) ;
#924 = CARTESIAN_POINT ( 'NONE',  ( 7.799904807055982658, 8.079363150079551303, 6.929952403527976479 ) ) ;
#925 = ORIENTED_EDGE ( 'NONE', *, *, #4266, .F. ) ;
#926 = CARTESIAN_POINT ( 'NONE',  ( 6.900000000000069633, 7.924999999999959854, -133.0279999999999916 ) ) ;
#927 = CARTESIAN_POINT ( 'NONE',  ( 4.100000000000029843, 7.925000000000001599, 11.85999999999999410 ) ) ;
#928 = EDGE_LOOP ( 'NONE', ( #2463, #3701, #2817, #2500, #708, #1413 ) ) ;
#929 = CC_DESIGN_PERSON_AND_ORGANIZATION_ASSIGNMENT ( #232, #3943, ( #3837 ) ) ;
#930 = CARTESIAN_POINT ( 'NONE',  ( 5.663359049252689736, 6.349854761811802639, 9.751799725105597005 ) ) ;
#931 = EDGE_CURVE ( 'NONE', #2000, #1510, #4021, .T. ) ;
#932 = CARTESIAN_POINT ( 'NONE',  ( 4.350000000000020073, -3.800000000000010036, 10.46000000000000085 ) ) ;
#933 = EDGE_LOOP ( 'NONE', ( #1025, #3412, #3157, #4139 ) ) ;
#934 = CARTESIAN_POINT ( 'NONE',  ( 3.700000000000030376, 9.225000000000001421, 11.76731424184797525 ) ) ;
#935 = DIRECTION ( 'NONE',  ( -0.3807526626610430731, 0.0000000000000000000, -0.9246769218903032606 ) ) ;
#936 = CARTESIAN_POINT ( 'NONE',  ( 4.500000000000031086, 9.081542908114133894, 8.398652493344412662 ) ) ;
#937 = EDGE_CURVE ( 'NONE', #1607, #2261, #444, .T. ) ;
#938 = EDGE_CURVE ( 'NONE', #2924, #548, #652, .T. ) ;
#939 = LINE ( 'NONE', #2294, #1153 ) ;
#940 = CARTESIAN_POINT ( 'NONE',  ( 7.199999999999979750, 3.500000000000050182, 6.455000000000000071 ) ) ;
#941 = DIRECTION ( 'NONE',  ( 1.000000000000000000, 0.0000000000000000000, -0.0000000000000000000 ) ) ;
#942 = CARTESIAN_POINT ( 'NONE',  ( 4.100000000000028955, 8.079363150079460709, 8.310047596472022846 ) ) ;
#943 = CARTESIAN_POINT ( 'NONE',  ( 2.536640950747368617, 5.558188095145136565, 9.751799725105595229 ) ) ;
#944 = CARTESIAN_POINT ( 'NONE',  ( 1.283007271895866497, 9.166319812937846478, 3.830138628583002358 ) ) ;
#945 = DIRECTION ( 'NONE',  ( -0.0000000000000000000, 1.097926250618230054E-16, 1.000000000000000000 ) ) ;
#946 = CARTESIAN_POINT ( 'NONE',  ( 7.751694291205250664, 5.200000000000010836, 3.429152854397374384 ) ) ;
#947 = CIRCLE ( 'NONE', #2493, 0.2999999999999999334 ) ;
#948 = FACE_OUTER_BOUND ( 'NONE', #820, .T. ) ;
#949 = CARTESIAN_POINT ( 'NONE',  ( 1.212500000000005240, 5.878677456751751123E-14, 12.70000000000000284 ) ) ;
#950 = CARTESIAN_POINT ( 'NONE',  ( 3.700000000000108091, 9.195517069810247079, 8.459273225066048951 ) ) ;
#951 = VECTOR ( 'NONE', #115, 1000.000000000000000 ) ;
#952 = ORIENTED_EDGE ( 'NONE', *, *, #878, .F. ) ;
#953 = ADVANCED_FACE ( 'NONE', ( #3687 ), #3302, .T. ) ;
#954 = CARTESIAN_POINT ( 'NONE',  ( 3.058861877317099687, 5.808888735656613456, 9.550245359188435756 ) ) ;
#955 = CIRCLE ( 'NONE', #2302, 0.6999999999999999556 ) ;
#956 = CARTESIAN_POINT ( 'NONE',  ( 3.700000000000030820, 9.159632248212837169, 3.344238920752732547 ) ) ;
#957 = VERTEX_POINT ( 'NONE', #2031 ) ;
#958 = CARTESIAN_POINT ( 'NONE',  ( 4.100000000000026290, 7.704021428478468714, 6.812738161537398973 ) ) ;
#959 = AXIS2_PLACEMENT_3D ( 'NONE', #2667, #8, #2320 ) ;
#960 = AXIS2_PLACEMENT_3D ( 'NONE', #2272, #2573, #607 ) ;
#961 = LINE ( 'NONE', #3527, #453 ) ;
#962 = CARTESIAN_POINT ( 'NONE',  ( 4.499999999999954703, 9.203880595346305427, 6.766291873865981188 ) ) ;
#963 = PERSON_AND_ORGANIZATION_ROLE ( 'classification_officer' ) ;
#964 = LOCAL_TIME ( 19, 29, 23.00000000000000000, #2350 ) ;
#965 = AXIS2_PLACEMENT_3D ( 'NONE', #2248, #2290, #1253 ) ;
#966 = DIRECTION ( 'NONE',  ( 0.0000000000000000000, 0.0000000000000000000, -1.000000000000000000 ) ) ;
#967 = CARTESIAN_POINT ( 'NONE',  ( 7.675735931288101277, 7.924999999999996270, 11.94786796564403630 ) ) ;
#968 = CIRCLE ( 'NONE', #3561, 0.2999999999999999334 ) ;
#969 = EDGE_CURVE ( 'NONE', #715, #3862, #300, .T. ) ;
#970 = FACE_OUTER_BOUND ( 'NONE', #3006, .T. ) ;
#971 = EDGE_CURVE ( 'NONE', #3241, #3397, #1593, .T. ) ;
#972 = CARTESIAN_POINT ( 'NONE',  ( 4.500000000000030198, 8.424999999993005417, 11.95073085391912748 ) ) ;
#973 = CC_DESIGN_APPROVAL ( #363, ( #1151 ) ) ;
#974 = CARTESIAN_POINT ( 'NONE',  ( 4.508200274894424098, 5.433188095145135676, 8.596640950747332255 ) ) ;
#975 = CARTESIAN_POINT ( 'NONE',  ( 3.759351855913463325, 9.224999999999999645, 3.459068812695277551 ) ) ;
#976 = CARTESIAN_POINT ( 'NONE',  ( 2.367261838462630497, 5.079021428478468714, 5.080000000000007176 ) ) ;
#977 = EDGE_CURVE ( 'NONE', #2793, #3767, #2991, .T. ) ;
#978 = DIRECTION ( 'NONE',  ( 0.0000000000000000000, -1.000000000000000000, -0.0000000000000000000 ) ) ;
#979 = DIRECTION ( 'NONE',  ( 1.000000000000000000, 0.0000000000000000000, -0.0000000000000000000 ) ) ;
#980 = CARTESIAN_POINT ( 'NONE',  ( 4.499999999999954703, 9.212450302931927126, 11.83150111598496679 ) ) ;
#981 = ORIENTED_EDGE ( 'NONE', *, *, #3108, .T. ) ;
#982 = CARTESIAN_POINT ( 'NONE',  ( 5.493979936967961386, 5.787354761811805304, 10.97640054978879220 ) ) ;
#983 = FACE_OUTER_BOUND ( 'NONE', #3595, .T. ) ;
#984 = ORIENTED_EDGE ( 'NONE', *, *, #2257, .T. ) ;
#985 = CARTESIAN_POINT ( 'NONE',  ( 4.100000000000028066, 6.222311610549289718, 6.812738161537398085 ) ) ;
#986 = DIRECTION ( 'NONE',  ( 0.4008721094621766623, -3.178478400792667378E-15, 0.9161340250505625171 ) ) ;
#987 = DIRECTION ( 'NONE',  ( 0.0000000000000000000, 1.000000000000000000, 0.0000000000000000000 ) ) ;
#988 = APPROVAL_STATUS ( 'not_yet_approved' ) ;
#989 = DIRECTION ( 'NONE',  ( -1.001908583198310010E-14, -1.000000000000000000, 0.0000000000000000000 ) ) ;
#990 = DIRECTION ( 'NONE',  ( 0.3807526626610431286, -4.627092588741581022E-15, -0.9246769218903032606 ) ) ;
#991 = PLANE ( 'NONE',  #1030 ) ;
#992 = CC_DESIGN_PERSON_AND_ORGANIZATION_ASSIGNMENT ( #2574, #1549, ( #3924 ) ) ;
#993 = DIRECTION ( 'NONE',  ( 0.3807526626610419629, 0.0000000000000000000, -0.9246769218903037046 ) ) ;
#994 = CARTESIAN_POINT ( 'NONE',  ( 2.706020063032101408, 5.638978277215956680, 10.97640054978879753 ) ) ;
#995 = ADVANCED_FACE ( 'NONE', ( #4331 ), #3945, .T. ) ;
#996 = DIRECTION ( 'NONE',  ( 0.0000000000000000000, 0.0000000000000000000, 1.000000000000000000 ) ) ;
#997 = CARTESIAN_POINT ( 'NONE',  ( 4.100000000000030731, 8.074999999999999289, 3.229999999999999538 ) ) ;
#998 = PLANE ( 'NONE',  #3003 ) ;
#999 = EDGE_CURVE ( 'NONE', #768, #2957, #2948, .T. ) ;
#1000 = CARTESIAN_POINT ( 'NONE',  ( 4.099999999999989875, 10.00000000000000000, 5.080000000000000071 ) ) ;
#1001 = CARTESIAN_POINT ( 'NONE',  ( 1.212500000000018341, 5.799999999999999822, 12.69999999999999929 ) ) ;
#1002 = ORIENTED_EDGE ( 'NONE', *, *, #4135, .T. ) ;
#1003 = DIRECTION ( 'NONE',  ( -0.0000000000000000000, 1.097926250618230054E-16, 1.000000000000000000 ) ) ;
#1004 = VERTEX_POINT ( 'NONE', #3671 ) ;
#1005 = DIRECTION ( 'NONE',  ( -0.8457800632220618953, 0.3253000243161776051, 0.4228900316110316138 ) ) ;
#1006 = DIRECTION ( 'NONE',  ( 0.0000000000000000000, 1.000000000000000000, 0.0000000000000000000 ) ) ;
#1007 = DIRECTION ( 'NONE',  ( 1.000000000000000000, -1.934755058819819918E-15, 0.0000000000000000000 ) ) ;
#1008 = CARTESIAN_POINT ( 'NONE',  ( 7.800000000000030909, 7.987132034355958865, 12.01000000000000334 ) ) ;
#1009 = LINE ( 'NONE', #4009, #894 ) ;
#1010 = CARTESIAN_POINT ( 'NONE',  ( 6.763380473604823528, 5.200000000000009948, 3.060000000000002274 ) ) ;
#1011 = ORIENTED_EDGE ( 'NONE', *, *, #354, .F. ) ;
#1012 = FACE_OUTER_BOUND ( 'NONE', #1927, .T. ) ;
#1013 = LINE ( 'NONE', #2359, #1524 ) ;
#1014 = CIRCLE ( 'NONE', #3044, 1.924999999999999600 ) ;
#1015 = CARTESIAN_POINT ( 'NONE',  ( 6.457696791671260428, 9.699999999999999289, 12.69999999999999929 ) ) ;
#1016 = DIRECTION ( 'NONE',  ( -1.000000000000000000, -0.0000000000000000000, 0.0000000000000000000 ) ) ;
#1017 = EDGE_LOOP ( 'NONE', ( #2693, #2541, #2431, #4246 ) ) ;
#1018 = VECTOR ( 'NONE', #3458, 1000.000000000000000 ) ;
#1019 = EDGE_CURVE ( 'NONE', #548, #353, #583, .T. ) ;
#1020 = EDGE_CURVE ( 'NONE', #2246, #3817, #4288, .T. ) ;
#1021 = AXIS2_PLACEMENT_3D ( 'NONE', #155, #3526, #2872 ) ;
#1022 = ORIENTED_EDGE ( 'NONE', *, *, #204, .F. ) ;
#1023 = CARTESIAN_POINT ( 'NONE',  ( 4.499999999998681055, 9.216174707614932515, 3.420495312870189153 ) ) ;
#1024 = ORIENTED_EDGE ( 'NONE', *, *, #1571, .F. ) ;
#1025 = ORIENTED_EDGE ( 'NONE', *, *, #611, .F. ) ;
#1026 = LINE ( 'NONE', #1402, #4256 ) ;
#1027 = CIRCLE ( 'NONE', #3628, 1.737500000011022783 ) ;
#1028 = DIRECTION ( 'NONE',  ( 0.0000000000000000000, 1.000000000000000000, 0.0000000000000000000 ) ) ;
#1029 = SECURITY_CLASSIFICATION_LEVEL ( 'unclassified' ) ;
#1030 = AXIS2_PLACEMENT_3D ( 'NONE', #3321, #1897, #1643 ) ;
#1031 = CARTESIAN_POINT ( 'NONE',  ( 6.457696791671260428, 9.999999999999998224, 2.540000000000000480 ) ) ;
#1032 = DIRECTION ( 'NONE',  ( 0.0000000000000000000, 0.0000000000000000000, 1.000000000000000000 ) ) ;
#1033 = VECTOR ( 'NONE', #3224, 1000.000000000000000 ) ;
#1034 = B_SPLINE_SURFACE_WITH_KNOTS ( 'NONE', 3, 1, ( 
 ( #649, #2007 ),
 ( #3337, #3008 ),
 ( #1113, #3860 ),
 ( #3522, #1512 ),
 ( #4163, #435 ),
 ( #2839, #2138 ),
 ( #837, #2475 ),
 ( #750, #1793 ),
 ( #4187, #112 ),
 ( #1838, #2521 ),
 ( #3455, #152 ),
 ( #3791, #3171 ),
 ( #2818, #416 ),
 ( #817, #1444 ),
 ( #504, #4146 ),
 ( #2497, #3501 ),
 ( #66, #2102 ),
 ( #2122, #1133 ),
 ( #1492, #3811 ),
 ( #3082, #3124 ),
 ( #3436, #481 ),
 ( #1152, #2752 ),
 ( #3149, #1776 ),
 ( #1179, #2164 ),
 ( #3835, #769 ),
 ( #2187, #791 ),
 ( #2456, #1420 ),
 ( #1470, #3478 ),
 ( #460, #3099 ),
 ( #1819, #4101 ),
 ( #1087, #4126 ),
 ( #2797, #131 ),
 ( #2434, #3770 ),
 ( #84, #2777 ),
 ( #226, #3648 ),
 ( #3294, #2914 ),
 ( #2615, #1888 ),
 ( #4301, #3219 ),
 ( #4213, #4255 ),
 ( #599, #1911 ),
 ( #1964, #1223 ),
 ( #2892, #3263 ),
 ( #1248, #575 ),
 ( #203, #276 ),
 ( #1565, #1290 ),
 ( #1270, #3546 ),
 ( #1585, #3574 ),
 ( #2632, #2940 ),
 ( #1935, #1860 ),
 ( #2566, #2594 ),
 ( #3936, #3956 ),
 ( #1635, #2243 ),
 ( #930, #4235 ),
 ( #3907, #886 ),
 ( #553, #251 ),
 ( #4281, #2287 ),
 ( #3596, #3242 ),
 ( #2215, #908 ),
 ( #2265, #1612 ),
 ( #3620, #2962 ),
 ( #3975, #2543 ),
 ( #530, #3881 ),
 ( #1203, #954 ),
 ( #2311, #3193 ),
 ( #180, #1540 ),
 ( #2868, #859 ),
 ( #1311, #4319 ),
 ( #2653, #292 ),
 ( #1653, #2980 ),
 ( #4000, #1986 ),
 ( #982, #2328 ),
 ( #625, #3313 ),
 ( #1137, #1759 ),
 ( #3105, #2460 ),
 ( #774, #2106 ),
 ( #3441, #88 ),
 ( #2126, #798 ),
 ( #2439, #754 ),
 ( #2480, #3461 ),
 ( #1157, #421 ),
 ( #2504, #465 ),
 ( #486, #1842 ),
 ( #3154, #4131 ),
 ( #3842, #1117 ),
 ( #440, #3505 ),
 ( #2782, #1185 ),
 ( #841, #3175 ),
 ( #1496, #1799 ),
 ( #156, #3815 ),
 ( #2525, #4150 ),
 ( #3775, #3130 ),
 ( #116, #69 ),
 ( #4193, #3864 ),
 ( #3484, #1426 ),
 ( #3795, #1517 ),
 ( #135, #1780 ),
 ( #822, #1451 ),
 ( #2192, #1475 ),
 ( #4168, #2168 ),
 ( #3085, #2801 ),
 ( #2146, #1823 ),
 ( #2845, #2822 ) ),
 .UNSPECIFIED., .F., .F., .F.,
 ( 4, 2, 2, 2, 2, 2, 2, 2, 2, 2, 2, 2, 2, 2, 2, 2, 2, 2, 2, 2, 2, 2, 2, 2, 2, 2, 2, 2, 2, 2, 2, 2, 2, 2, 2, 2, 2, 2, 2, 2, 2, 2, 2, 2, 2, 2, 2, 2, 2, 2, 4 ),
 ( 2, 2 ),
 ( 0.0000000000000000000, 0.02031639591913380130, 0.04063279183826760260, 0.06094918775740130329, 0.08126558367653509418, 0.1015819795956690030, 0.1218983755148029952, 0.1422147714339359881, 0.1625311673530699941, 0.1828475632722040001, 0.2031639591913380061, 0.2234803551104720121, 0.2437967510296049911, 0.2641131469487389971, 0.2844295428678729754, 0.3047459387870070091, 0.3250623347061399881, 0.3453787306252740219, 0.3656951265444080001, 0.3860115224635419784, 0.4063279183826760121, 0.4266443143018089912, 0.4469607102209430249, 0.4672771061400770032, 0.4875935020592109814, 0.5079098979783439605, 0.5282262938974779942, 0.5485426898166120280, 0.5688590857357459507, 0.5891754816548799845, 0.6094918775740130190, 0.6298082734931470528, 0.6501246694122809755, 0.6704410653314150093, 0.6907574612505480438, 0.7110738571696819665, 0.7313902530888160003, 0.7517066490079500340, 0.7720230449270839568, 0.7923394408462169913, 0.8126558367653510251, 0.8329722326844849478, 0.8532886286036189816, 0.8736050245227520161, 0.8939214204418860499, 0.9142378163610199726, 0.9345542122801540064, 0.9548706081992870409, 0.9751870041184209636, 0.9955034000375549974, 1.000000000000000000 ),
 ( -1.373433038289546189E-15, 0.1270273264120261869 ),
 .UNSPECIFIED. ) ;
#1035 = EDGE_LOOP ( 'NONE', ( #1337, #1850, #1817, #4283 ) ) ;
#1036 = AXIS2_PLACEMENT_3D ( 'NONE', #3665, #1636, #4302 ) ;
#1037 = FACE_OUTER_BOUND ( 'NONE', #19, .T. ) ;
#1038 = CONICAL_SURFACE ( 'NONE', #44, 1.849857233234554865, 0.04363323129827938185 ) ;
#1039 = DIRECTION ( 'NONE',  ( 0.0000000000000000000, 1.000000000000000000, 0.0000000000000000000 ) ) ;
#1040 = CARTESIAN_POINT ( 'NONE',  ( 4.100000000000029843, 7.839788415400875898, 8.794498333299415549 ) ) ;
#1041 = ORIENTED_EDGE ( 'NONE', *, *, #4108, .F. ) ;
#1042 = ORIENTED_EDGE ( 'NONE', *, *, #2527, .F. ) ;
#1043 = DIRECTION ( 'NONE',  ( 0.0000000000000000000, 1.000000000000000000, 0.0000000000000000000 ) ) ;
#1044 = ADVANCED_FACE ( 'NONE', ( #2621 ), #2295, .F. ) ;
#1045 = EDGE_LOOP ( 'NONE', ( #2727, #1908, #785, #2891 ) ) ;
#1046 = ORIENTED_EDGE ( 'NONE', *, *, #14, .T. ) ;
#1047 = EDGE_CURVE ( 'NONE', #484, #4152, #3169, .T. ) ;
#1048 = CARTESIAN_POINT ( 'NONE',  ( 4.471468276088663707, 9.081542908107884671, 8.392415105558818311 ) ) ;
#1049 = CARTESIAN_POINT ( 'NONE',  ( 4.100000000000029843, 9.224999999999999645, 10.16000000000000014 ) ) ;
#1050 = DIRECTION ( 'NONE',  ( -0.0000000000000000000, -1.000000000000000000, -0.0000000000000000000 ) ) ;
#1051 = ADVANCED_FACE ( 'NONE', ( #2755 ), #3195, .F. ) ;
#1052 = CARTESIAN_POINT ( 'NONE',  ( 4.099999999999989875, 7.999999999952933649, 5.080000000000000071 ) ) ;
#1053 = DIRECTION ( 'NONE',  ( 0.9161340250505545235, -9.178825430581685652E-15, -0.4008721094621948144 ) ) ;
#1054 = CARTESIAN_POINT ( 'NONE',  ( 4.100000000000028955, 8.074999999999999289, 12.01000000000000156 ) ) ;
#1055 = ORIENTED_EDGE ( 'NONE', *, *, #2446, .F. ) ;
#1056 = DIRECTION ( 'NONE',  ( -0.0000000000000000000, -0.0000000000000000000, -1.000000000000000000 ) ) ;
#1057 = FACE_OUTER_BOUND ( 'NONE', #1145, .T. ) ;
#1058 =( BOUNDED_CURVE ( )  B_SPLINE_CURVE ( 3, ( #2835, #4182, #2518, #2185 ),
 .UNSPECIFIED., .F., .T. ) 
 B_SPLINE_CURVE_WITH_KNOTS ( ( 4, 4 ),
 ( 0.0000000000000000000, 1.000000000000000000 ),
 .UNSPECIFIED. ) 
 CURVE ( )  GEOMETRIC_REPRESENTATION_ITEM ( )  RATIONAL_B_SPLINE_CURVE ( ( 1.000000000000000000, 0.4943309657473931029, 0.4943309657473931029, 1.000000000000000000 ) ) 
 REPRESENTATION_ITEM ( '' )  );
#1059 = CARTESIAN_POINT ( 'NONE',  ( 3.700000000004910028, 9.179561790847532876, 6.799323554866488095 ) ) ;
#1060 = EDGE_LOOP ( 'NONE', ( #2689, #107, #3798, #2331, #3789, #200 ) ) ;
#1061 = VERTEX_POINT ( 'NONE', #2395 ) ;
#1062 = DIRECTION ( 'NONE',  ( 0.0000000000000000000, 0.0000000000000000000, -1.000000000000000000 ) ) ;
#1063 = ORIENTED_EDGE ( 'NONE', *, *, #3988, .T. ) ;
#1064 = ORIENTED_EDGE ( 'NONE', *, *, #3631, .T. ) ;
#1065 = CARTESIAN_POINT ( 'NONE',  ( 2.805849554385960509, 5.850555402323282195, 5.080000000000001847 ) ) ;
#1066 = DIRECTION ( 'NONE',  ( 1.000000000000000000, -1.171453342316279939E-15, 0.0000000000000000000 ) ) ;
#1067 = CARTESIAN_POINT ( 'NONE',  ( 4.100000000000029843, 7.924999999999996270, 8.372132034355965757 ) ) ;
#1068 = DIRECTION ( 'NONE',  ( 0.0000000000000000000, 0.0000000000000000000, 1.000000000000000000 ) ) ;
#1069 = DIRECTION ( 'NONE',  ( 0.0000000000000000000, 0.0000000000000000000, 1.000000000000000000 ) ) ;
#1070 = EDGE_CURVE ( 'NONE', #3476, #1967, #3774, .T. ) ;
#1071 = EDGE_CURVE ( 'NONE', #278, #957, #2920, .T. ) ;
#1072 = APPROVAL_DATE_TIME ( #3732, #363 ) ;
#1073 = EDGE_LOOP ( 'NONE', ( #524, #3874, #4356, #1706 ) ) ;
#1074 = DIRECTION ( 'NONE',  ( -0.0000000000000000000, 0.0000000000000000000, -1.000000000000000000 ) ) ;
#1075 = CARTESIAN_POINT ( 'NONE',  ( 4.509286442004640350, 7.451478277215947799, 8.596640950747330479 ) ) ;
#1076 = CARTESIAN_POINT ( 'NONE',  ( 3.700000000007858780, 9.151265186000753005, 6.820122142877844240 ) ) ;
#1077 = ORIENTED_EDGE ( 'NONE', *, *, #585, .T. ) ;
#1078 = CARTESIAN_POINT ( 'NONE',  ( 2.875399175316838640, 5.159811610549289718, 6.304600824683190829 ) ) ;
#1079 = VERTEX_POINT ( 'NONE', #2412 ) ;
#1080 = CARTESIAN_POINT ( 'NONE',  ( 3.700000000000029932, 8.424999999992952127, 3.289269146084028428 ) ) ;
#1081 = FACE_OUTER_BOUND ( 'NONE', #1244, .T. ) ;
#1082 = VECTOR ( 'NONE', #844, 1000.000000000000000 ) ;
#1083 = ORIENTED_EDGE ( 'NONE', *, *, #1071, .T. ) ;
#1084 = ORIENTED_EDGE ( 'NONE', *, *, #1212, .T. ) ;
#1085 = EDGE_CURVE ( 'NONE', #4215, #3521, #3026, .T. ) ;
#1086 = CARTESIAN_POINT ( 'NONE',  ( 5.324600824683222378, 6.766521428478468714, 6.304600824683190829 ) ) ;
#1087 = CARTESIAN_POINT ( 'NONE',  ( 2.706020063032108514, 7.037354761811802639, 9.343599450211193869 ) ) ;
#1088 = AXIS2_PLACEMENT_3D ( 'NONE', #940, #2318, #3654 ) ;
#1089 = CARTESIAN_POINT ( 'NONE',  ( 2.706020063032101852, 5.120688095145136565, 10.97640054978879931 ) ) ;
#1090 = CARTESIAN_POINT ( 'NONE',  ( 6.977500000000024016, 5.799999999999999822, 2.540000000000000036 ) ) ;
#1091 = CARTESIAN_POINT ( 'NONE',  ( 6.374999999999990230, 4.050000000000020250, 6.455000000000000071 ) ) ;
#1092 = VECTOR ( 'NONE', #1364, 1000.000000000000000 ) ;
#1093 = CARTESIAN_POINT ( 'NONE',  ( 4.479747180801576967, 7.934673809492821306, 8.633161507376650334 ) ) ;
#1094 = DIRECTION ( 'NONE',  ( 5.341834311579552492E-18, -0.9990482215819266321, 0.04361938736375864378 ) ) ;
#1095 = CARTESIAN_POINT ( 'NONE',  ( 0.0000000000000000000, 0.0000000000000000000, 0.0000000000000000000 ) ) ;
#1096 = VECTOR ( 'NONE', #455, 1000.000000000000000 ) ;
#1097 = VERTEX_POINT ( 'NONE', #68 ) ;
#1098 = CARTESIAN_POINT ( 'NONE',  ( 7.597500000000025011, 5.799999999999999822, 2.540000000000000036 ) ) ;
#1099 = ADVANCED_FACE ( 'NONE', ( #1713 ), #1116, .T. ) ;
#1100 = EDGE_CURVE ( 'NONE', #2565, #2771, #3043, .T. ) ;
#1101 = CIRCLE ( 'NONE', #1605, 1.924999999999999600 ) ;
#1102 = LINE ( 'NONE', #758, #3760 ) ;
#1103 = CONICAL_SURFACE ( 'NONE', #2233, 1.924999999956380048, 1.190289949708666528 ) ;
#1104 = CARTESIAN_POINT ( 'NONE',  ( 5.493979936967957833, 7.388978277215956680, 9.343599450211206303 ) ) ;
#1105 = DIRECTION ( 'NONE',  ( -1.000000000000000000, -0.0000000000000000000, 0.0000000000000000000 ) ) ;
#1106 = ORIENTED_EDGE ( 'NONE', *, *, #4207, .T. ) ;
#1107 = EDGE_CURVE ( 'NONE', #2073, #2261, #4253, .T. ) ;
#1108 = VECTOR ( 'NONE', #3830, 1000.000000000000000 ) ;
#1109 = ORIENTED_EDGE ( 'NONE', *, *, #1100, .F. ) ;
#1110 = LINE ( 'NONE', #410, #2707 ) ;
#1111 = CARTESIAN_POINT ( 'NONE',  ( 4.500000000000031086, 9.081542908114077051, 3.318652493347571397 ) ) ;
#1112 = VERTEX_POINT ( 'NONE', #6 ) ;
#1113 = CARTESIAN_POINT ( 'NONE',  ( 4.916943633343930919, 7.912354761811804416, 8.766020063032067711 ) ) ;
#1114 = CARTESIAN_POINT ( 'NONE',  ( 3.700000000000030376, 9.081542908099722311, 8.398652493344059167 ) ) ;
#1115 = DIRECTION ( 'NONE',  ( -1.794541526872559599E-16, 1.000000000000000000, 3.589083053745119197E-16 ) ) ;
#1116 = PLANE ( 'NONE',  #2992 ) ;
#1117 = CARTESIAN_POINT ( 'NONE',  ( 5.141138122682955114, 5.142222068989947381, 9.550245359188432204 ) ) ;
#1118 = CARTESIAN_POINT ( 'NONE',  ( 4.100000000000029843, 7.924999999999997158, 3.292132034355964798 ) ) ;
#1119 =( NAMED_UNIT ( * ) SI_UNIT ( $, .STERADIAN. ) SOLID_ANGLE_UNIT ( ) );
#1120 = ORIENTED_EDGE ( 'NONE', *, *, #3605, .F. ) ;
#1121 = CC_DESIGN_PERSON_AND_ORGANIZATION_ASSIGNMENT ( #510, #1230, ( #3421 ) ) ;
#1122 = FACE_OUTER_BOUND ( 'NONE', #2935, .T. ) ;
#1123 = ADVANCED_FACE ( 'NONE', ( #419 ), #1779, .F. ) ;
#1124 = CARTESIAN_POINT ( 'NONE',  ( 4.508200274894426762, 7.724854761811803527, 11.72335904925266625 ) ) ;
#1125 = CARTESIAN_POINT ( 'NONE',  ( 3.700000000001380407, 9.221989643054653740, 6.722846665715741743 ) ) ;
#1126 = EDGE_LOOP ( 'NONE', ( #2385, #2404, #925, #3292 ) ) ;
#1127 = EDGE_CURVE ( 'NONE', #1615, #2108, #376, .T. ) ;
#1128 = EDGE_CURVE ( 'NONE', #2113, #2133, #27, .T. ) ;
#1129 = ORIENTED_EDGE ( 'NONE', *, *, #338, .T. ) ;
#1130 = CARTESIAN_POINT ( 'NONE',  ( 3.850000000000020073, -3.800000000000010036, 5.379999999999999893 ) ) ;
#1131 = DIRECTION ( 'NONE',  ( -0.0000000000000000000, -0.0000000000000000000, 1.000000000000000000 ) ) ;
#1132 = EDGE_LOOP ( 'NONE', ( #63, #2283, #1491, #1064 ) ) ;
#1133 = CARTESIAN_POINT ( 'NONE',  ( 4.404877320405816477, 7.204722068989945605, 8.992355715851500619 ) ) ;
#1134 = CARTESIAN_POINT ( 'NONE',  ( 3.691799725105639141, 4.701478277215955792, 11.72335904925266448 ) ) ;
#1135 = CARTESIAN_POINT ( 'NONE',  ( 4.350000000000020073, -3.800000000000010036, 41.07999999999999829 ) ) ;
#1136 = CARTESIAN_POINT ( 'NONE',  ( 3.850000000000020073, -3.800000000000010036, 41.07999999999999829 ) ) ;
#1137 = CARTESIAN_POINT ( 'NONE',  ( 4.508200274894427650, 5.724854761811802639, 11.72335904925266803 ) ) ;
#1138 = DIRECTION ( 'NONE',  ( 2.439454888092379849E-15, -1.000000000000000000, 0.0000000000000000000 ) ) ;
#1139 = VERTEX_POINT ( 'NONE', #3361 ) ;
#1140 = CARTESIAN_POINT ( 'NONE',  ( 7.806284642039723387, -4.467145999633268183E-16, 13.20000000000000107 ) ) ;
#1141 = EDGE_CURVE ( 'NONE', #110, #1438, #656, .T. ) ;
#1142 = DIRECTION ( 'NONE',  ( 0.0000000000000000000, 0.0000000000000000000, 1.000000000000000000 ) ) ;
#1143 = CARTESIAN_POINT ( 'NONE',  ( 4.916400549788817465, 6.912354761811805304, 8.766020063032069487 ) ) ;
#1144 = CARTESIAN_POINT ( 'NONE',  ( 3.700000000000030820, 9.081542908109291545, 6.841347506652643240 ) ) ;
#1145 = EDGE_LOOP ( 'NONE', ( #506, #2268, #4342, #3952 ) ) ;
#1146 = ORIENTED_EDGE ( 'NONE', *, *, #1716, .F. ) ;
#1147 = CARTESIAN_POINT ( 'NONE',  ( 6.763380473604792442, 5.204170427930421283E-15, 3.060000000000000053 ) ) ;
#1148 = CARTESIAN_POINT ( 'NONE',  ( 4.100000000000029843, 8.079363150079551303, 3.230047596472023663 ) ) ;
#1149 = EDGE_LOOP ( 'NONE', ( #890, #3777, #2408, #2831 ) ) ;
#1150 = EDGE_CURVE ( 'NONE', #1942, #1845, #340, .T. ) ;
#1151 = PRODUCT_DEFINITION ( 'UNKNOWN', '', #3421, #531 ) ;
#1152 = CARTESIAN_POINT ( 'NONE',  ( 5.663359049252690625, 7.308188095145134788, 10.56820027489440506 ) ) ;
#1153 = VECTOR ( 'NONE', #1972, 1000.000000000000114 ) ;
#1154 = CARTESIAN_POINT ( 'NONE',  ( 5.269107669014218231, 4.886910415469221114, 9.118727182257467589 ) ) ;
#1155 = ORIENTED_EDGE ( 'NONE', *, *, #1410, .F. ) ;
#1156 = CARTESIAN_POINT ( 'NONE',  ( 6.768715357960283896, 5.404765845948477858E-15, 13.19999999999999751 ) ) ;
#1157 = CARTESIAN_POINT ( 'NONE',  ( 3.283599450211223569, 5.495688095145136565, 8.766020063032081922 ) ) ;
#1158 = VECTOR ( 'NONE', #922, 1000.000000000000000 ) ;
#1159 = FACE_OUTER_BOUND ( 'NONE', #777, .T. ) ;
#1160 = DIRECTION ( 'NONE',  ( 1.000000000000000000, 0.0000000000000000000, 0.0000000000000000000 ) ) ;
#1161 = VECTOR ( 'NONE', #851, 1000.000000000000000 ) ;
#1162 = ORIENTED_EDGE ( 'NONE', *, *, #3660, .F. ) ;
#1163 = DIRECTION ( 'NONE',  ( 0.0000000000000000000, 0.0000000000000000000, 1.000000000000000000 ) ) ;
#1164 = VECTOR ( 'NONE', #3593, 1000.000000000000114 ) ;
#1165 = CARTESIAN_POINT ( 'NONE',  ( 5.663359049252693289, 6.849854761811804416, 9.751799725105607664 ) ) ;
#1166 = APPROVAL_PERSON_ORGANIZATION ( #2482, #335, #2803 ) ;
#1167 = CARTESIAN_POINT ( 'NONE',  ( 6.753139117574935568, 9.752094453300040655, 2.540000000000000036 ) ) ;
#1168 = AXIS2_PLACEMENT_3D ( 'NONE', #2874, #3776, #2505 ) ;
#1169 = ORIENTED_EDGE ( 'NONE', *, *, #2049, .F. ) ;
#1170 = CARTESIAN_POINT ( 'NONE',  ( 5.378852288121650282, 4.395978571521530043, 4.182815843185180071 ) ) ;
#1171 = CARTESIAN_POINT ( 'NONE',  ( 2.805849554385960065, 6.350555402323283971, 5.080000000000009841 ) ) ;
#1172 = VECTOR ( 'NONE', #727, 1000.000000000000000 ) ;
#1173 = CARTESIAN_POINT ( 'NONE',  ( 4.100000000000029843, 10.00000000000000888, 10.16000000000000014 ) ) ;
#1174 = CARTESIAN_POINT ( 'NONE',  ( 8.199999999999999289, 5.200000000000009948, 12.69999999999999929 ) ) ;
#1175 = CARTESIAN_POINT ( 'NONE',  ( 5.461202398317586137, 7.924999999999983835, 11.20284089493475754 ) ) ;
#1176 = ORIENTED_EDGE ( 'NONE', *, *, #810, .T. ) ;
#1177 = ORIENTED_EDGE ( 'NONE', *, *, #420, .F. ) ;
#1178 = VECTOR ( 'NONE', #2117, 1000.000000000000000 ) ;
#1179 = CARTESIAN_POINT ( 'NONE',  ( 4.916400549788816576, 7.245688095145134788, 11.55397993696793790 ) ) ;
#1180 = VECTOR ( 'NONE', #1536, 1000.000000000000000 ) ;
#1181 = ADVANCED_FACE ( 'NONE', ( #1891 ), #3551, .T. ) ;
#1182 = CARTESIAN_POINT ( 'NONE',  ( 4.500000000000030198, 9.224999999999999645, 10.16000000000000014 ) ) ;
#1183 = ORIENTED_EDGE ( 'NONE', *, *, #3252, .T. ) ;
#1184 = CARTESIAN_POINT ( 'NONE',  ( 4.350000000000020961, -3.800000000000009592, 9.860000000000001208 ) ) ;
#1185 = CARTESIAN_POINT ( 'NONE',  ( 5.267644284148529366, 5.079722068989946493, 10.46487732040580454 ) ) ;
#1186 = DIRECTION ( 'NONE',  ( -9.745637505487679766E-17, 1.000000000000000000, 0.0000000000000000000 ) ) ;
#1187 = COORDINATED_UNIVERSAL_TIME_OFFSET ( 0, 0, .AHEAD. ) ;
#1188 = EDGE_CURVE ( 'NONE', #3571, #1921, #2661, .T. ) ;
#1189 = ORIENTED_EDGE ( 'NONE', *, *, #1682, .T. ) ;
#1190 = CARTESIAN_POINT ( 'NONE',  ( 1.511423906586349064, 9.225000000000001421, 11.30851601633672310 ) ) ;
#1191 = CARTESIAN_POINT ( 'NONE',  ( 6.900000000000027889, 1.500000000000027311, 8.785000000000000142 ) ) ;
#1192 = FACE_OUTER_BOUND ( 'NONE', #3463, .T. ) ;
#1193 = CARTESIAN_POINT ( 'NONE',  ( 3.283599450211243109, 6.995688095145136565, 8.766020063032071263 ) ) ;
#1194 = ORIENTED_EDGE ( 'NONE', *, *, #4220, .F. ) ;
#1195 = CARTESIAN_POINT ( 'NONE',  ( 4.100000000000029843, 7.924999999999998046, 3.380000000000000338 ) ) ;
#1196 = CARTESIAN_POINT ( 'NONE',  ( 3.185368038782669053, 6.913055402323280418, 5.994631961217360860 ) ) ;
#1197 = DIRECTION ( 'NONE',  ( 1.000000000000000000, 0.0000000000000000000, 0.0000000000000000000 ) ) ;
#1198 = EDGE_LOOP ( 'NONE', ( #2369, #349, #3330, #3218 ) ) ;
#1199 = CARTESIAN_POINT ( 'NONE',  ( 7.751694291205249776, 5.200000000000010836, 3.429152854397375272 ) ) ;
#1200 = CARTESIAN_POINT ( 'NONE',  ( 3.850000000000020073, -0.05000000000000805189, 5.579999999999998295 ) ) ;
#1201 = EDGE_LOOP ( 'NONE', ( #4075, #981, #4093, #2863 ) ) ;
#1202 = ORIENTED_EDGE ( 'NONE', *, *, #414, .F. ) ;
#1203 = CARTESIAN_POINT ( 'NONE',  ( 2.706020063032101408, 6.037354761811801751, 9.343599450211215185 ) ) ;
#1204 = DIRECTION ( 'NONE',  ( 0.0000000000000000000, 1.000000000000000000, 1.097926250618230054E-16 ) ) ;
#1205 = ORIENTED_EDGE ( 'NONE', *, *, #2876, .F. ) ;
#1206 = DIRECTION ( 'NONE',  ( 1.583609927488660088E-14, 1.000000000000000000, -0.0000000000000000000 ) ) ;
#1207 = CARTESIAN_POINT ( 'NONE',  ( 3.700000000000030376, 9.081542908099722311, 8.398652493344059167 ) ) ;
#1208 = CYLINDRICAL_SURFACE ( 'NONE', #960, 1.924999999999999600 ) ;
#1209 = COORDINATED_UNIVERSAL_TIME_OFFSET ( 0, 0, .AHEAD. ) ;
#1210 = VERTEX_POINT ( 'NONE', #1568 ) ;
#1211 = CARTESIAN_POINT ( 'NONE',  ( 1.511423906586366384, 9.225000000000001421, 9.011483983663232777 ) ) ;
#1212 = EDGE_CURVE ( 'NONE', #3906, #2495, #1298, .T. ) ;
#1213 = CARTESIAN_POINT ( 'NONE',  ( 3.850000000000020073, -3.800000000000010036, 46.15999999999999659 ) ) ;
#1214 = DIRECTION ( 'NONE',  ( 0.4008721094621947034, -4.767717601188959849E-15, 0.9161340250505545235 ) ) ;
#1215 = CARTESIAN_POINT ( 'NONE',  ( 5.663359049252692401, 6.868144943882624531, 9.751799725105602334 ) ) ;
#1216 = ORIENTED_EDGE ( 'NONE', *, *, #1677, .T. ) ;
#1217 = CARTESIAN_POINT ( 'NONE',  ( 5.006746955128923204, 4.907743748802546158, 3.723508508963614627 ) ) ;
#1218 = CARTESIAN_POINT ( 'NONE',  ( 5.832738161537428745, 7.329021428478469602, 5.080000000000000071 ) ) ;
#1219 = ORIENTED_EDGE ( 'NONE', *, *, #342, .F. ) ;
#1220 = FACE_OUTER_BOUND ( 'NONE', #1782, .T. ) ;
#1221 = CARTESIAN_POINT ( 'NONE',  ( 4.100000000000029843, 8.081542908144001558, 5.080000000000000071 ) ) ;
#1222 = ORIENTED_EDGE ( 'NONE', *, *, #694, .T. ) ;
#1223 = CARTESIAN_POINT ( 'NONE',  ( 4.404877320405807595, 6.496388735656614344, 11.32764428414853874 ) ) ;
#1224 = PLANE ( 'NONE',  #2655 ) ;
#1225 = ORIENTED_EDGE ( 'NONE', *, *, #3510, .T. ) ;
#1226 = DIRECTION ( 'NONE',  ( -8.505181591050746748E-16, 0.9805806756909211108, -0.1961161351381792983 ) ) ;
#1227 = LINE ( 'NONE', #3941, #2085 ) ;
#1228 = FACE_OUTER_BOUND ( 'NONE', #3761, .T. ) ;
#1229 = AXIS2_PLACEMENT_3D ( 'NONE', #2336, #3686, #299 ) ;
#1230 = PERSON_AND_ORGANIZATION_ROLE ( 'design_supplier' ) ;
#1231 = VERTEX_POINT ( 'NONE', #2167 ) ;
#1232 = CARTESIAN_POINT ( 'NONE',  ( 3.728531723911389761, 9.081542908098320765, 8.392415105558390209 ) ) ;
#1233 = AXIS2_PLACEMENT_3D ( 'NONE', #1135, #1380, #2458 ) ;
#1234 = CARTESIAN_POINT ( 'NONE',  ( 4.500000000000030198, 8.424999999994179589, 8.369269146080927868 ) ) ;
#1235 = AXIS2_PLACEMENT_3D ( 'NONE', #3964, #2352, #1300 ) ;
#1236 = EDGE_CURVE ( 'NONE', #124, #2960, #2821, .T. ) ;
#1237 = CARTESIAN_POINT ( 'NONE',  ( 3.691799725105647134, 6.474854761811802639, 8.596640950747332255 ) ) ;
#1238 = CARTESIAN_POINT ( 'NONE',  ( 4.440648144086633664, 9.225000000000001421, 6.700931187304716374 ) ) ;
#1239 = ORIENTED_EDGE ( 'NONE', *, *, #2237, .T. ) ;
#1240 = CARTESIAN_POINT ( 'NONE',  ( 4.100000000000039613, 4.722311610549289718, 6.812738161537398085 ) ) ;
#1241 = AXIS2_PLACEMENT_3D ( 'NONE', #926, #1561, #4209 ) ;
#1242 = CARTESIAN_POINT ( 'NONE',  ( 7.199999999999978861, 3.500000000000050182, 3.705000000000008509 ) ) ;
#1243 = VECTOR ( 'NONE', #2879, 1000.000000000000000 ) ;
#1244 = EDGE_LOOP ( 'NONE', ( #3237, #689, #1754, #3550, #1890, #1335, #3472, #602 ) ) ;
#1245 = CARTESIAN_POINT ( 'NONE',  ( 0.0000000000000000000, 0.0000000000000000000, 12.69999999999999929 ) ) ;
#1246 = CARTESIAN_POINT ( 'NONE',  ( 5.584545852713135972, 7.924999999999982059, 11.01849325254501188 ) ) ;
#1247 = ORIENTED_EDGE ( 'NONE', *, *, #16, .F. ) ;
#1248 = CARTESIAN_POINT ( 'NONE',  ( 3.283599450211243109, 6.662354761811802639, 11.55397993696793790 ) ) ;
#1249 = FACE_OUTER_BOUND ( 'NONE', #1017, .T. ) ;
#1250 = CIRCLE ( 'NONE', #816, 0.2999999999999999334 ) ;
#1251 = ORIENTED_EDGE ( 'NONE', *, *, #1292, .F. ) ;
#1252 = CARTESIAN_POINT ( 'NONE',  ( 5.324600824683222378, 6.284811610549291494, 6.304600824683190829 ) ) ;
#1253 = DIRECTION ( 'NONE',  ( 1.000000000000000000, 0.0000000000000000000, 0.0000000000000000000 ) ) ;
#1254 = CARTESIAN_POINT ( 'NONE',  ( 4.500000000000030198, 9.081542908114151658, 6.841347506653715271 ) ) ;
#1255 = DATE_AND_TIME ( #2922, #1962 ) ;
#1256 = CARTESIAN_POINT ( 'NONE',  ( 2.443366647804399161, 7.925000000000029132, 9.717377151623379561 ) ) ;
#1257 = CARTESIAN_POINT ( 'NONE',  ( 7.800000000000030909, 7.987132034355958865, 8.309999999999998721 ) ) ;
#1258 = DIRECTION ( 'NONE',  ( -1.000000000000000000, 1.001908583198310010E-14, -0.0000000000000000000 ) ) ;
#1259 = CARTESIAN_POINT ( 'NONE',  ( 4.500000000000031086, 9.225000000000001421, 11.77769247165916155 ) ) ;
#1260 = CARTESIAN_POINT ( 'NONE',  ( 3.283599450211224458, 6.162354761811802639, 11.55397993696793080 ) ) ;
#1261 = CARTESIAN_POINT ( 'NONE',  ( 3.700000000001383960, 9.216174707614934292, 11.81950468712980395 ) ) ;
#1262 = CARTESIAN_POINT ( 'NONE',  ( 4.100000000000035172, 4.954021428478471378, 3.347261838462602501 ) ) ;
#1263 = CARTESIAN_POINT ( 'NONE',  ( 4.100000000000030731, 8.081542908104976775, 3.230142766762727824 ) ) ;
#1264 = EDGE_CURVE ( 'NONE', #3397, #2569, #2843, .T. ) ;
#1265 = VERTEX_POINT ( 'NONE', #3223 ) ;
#1266 = FACE_OUTER_BOUND ( 'NONE', #1631, .T. ) ;
#1267 = LINE ( 'NONE', #1583, #190 ) ;
#1268 = ORIENTED_EDGE ( 'NONE', *, *, #212, .F. ) ;
#1269 = EDGE_CURVE ( 'NONE', #1430, #1746, #3229, .T. ) ;
#1270 = CARTESIAN_POINT ( 'NONE',  ( 2.536640950747366396, 6.558188095145137453, 9.751799725105604111 ) ) ;
#1271 = DIRECTION ( 'NONE',  ( -0.0000000000000000000, -1.000000000000000000, -0.0000000000000000000 ) ) ;
#1272 = EDGE_LOOP ( 'NONE', ( #3722, #1787, #3738, #1463 ) ) ;
#1273 = CARTESIAN_POINT ( 'NONE',  ( 4.348212002188462044, 3.459253763378795848E-14, 10.65999999999999837 ) ) ;
#1274 = FACE_OUTER_BOUND ( 'NONE', #1198, .T. ) ;
#1275 = CARTESIAN_POINT ( 'NONE',  ( 4.500000000000031086, 9.159632248237191021, 6.815761079230339803 ) ) ;
#1276 = ORIENTED_EDGE ( 'NONE', *, *, #2002, .T. ) ;
#1277 = DIRECTION ( 'NONE',  ( -0.3807526626610430731, 0.0000000000000000000, 0.9246769218903032606 ) ) ;
#1278 = DIRECTION ( 'NONE',  ( 0.0000000000000000000, 0.0000000000000000000, 1.000000000000000000 ) ) ;
#1279 = CARTESIAN_POINT ( 'NONE',  ( 0.4002855335254766334, 8.081542908104839995, 12.00985723323727505 ) ) ;
#1280 = CARTESIAN_POINT ( 'NONE',  ( 2.706020063032099632, 5.620688095145138341, 10.97640054978879398 ) ) ;
#1281 = CARTESIAN_POINT ( 'NONE',  ( 4.500000000000030198, 8.424999999993005417, 11.95073085391912748 ) ) ;
#1282 = EDGE_CURVE ( 'NONE', #1286, #2545, #1474, .T. ) ;
#1283 = PLANE ( 'NONE',  #1726 ) ;
#1284 = CARTESIAN_POINT ( 'NONE',  ( 5.327175604926639885, 4.882299402459969961, 4.108494097616709695 ) ) ;
#1285 = CARTESIAN_POINT ( 'NONE',  ( 0.4734025767434820176, 5.200000000000070344, 13.01788662576990063 ) ) ;
#1286 = VERTEX_POINT ( 'NONE', #1156 ) ;
#1287 = DIRECTION ( 'NONE',  ( 7.770685602167440362E-15, 1.000000000000000000, 0.0000000000000000000 ) ) ;
#1288 = CARTESIAN_POINT ( 'NONE',  ( 4.500000000000031086, 9.184644423522644985, 11.87396786330009846 ) ) ;
#1289 = VERTEX_POINT ( 'NONE', #2502 ) ;
#1290 = CARTESIAN_POINT ( 'NONE',  ( 2.932355715851532540, 6.371388735656616120, 10.46487732040580809 ) ) ;
#1291 = CARTESIAN_POINT ( 'NONE',  ( 3.700000000000030376, 9.225000000000001421, 6.687314241847981400 ) ) ;
#1292 = EDGE_CURVE ( 'NONE', #1231, #764, #1546, .T. ) ;
#1293 = ORIENTED_EDGE ( 'NONE', *, *, #3187, .F. ) ;
#1294 = EDGE_CURVE ( 'NONE', #1079, #1399, #3904, .T. ) ;
#1295 = CARTESIAN_POINT ( 'NONE',  ( 2.367261838462630941, 6.597311610549291494, 5.080000000000000959 ) ) ;
#1296 = DIRECTION ( 'NONE',  ( 0.9847835588179361110, -0.1737853339090520144, 0.0000000000000000000 ) ) ;
#1297 = DIRECTION ( 'NONE',  ( -1.000000000000000000, 1.583609927488660088E-14, 0.0000000000000000000 ) ) ;
#1298 = B_SPLINE_CURVE_WITH_KNOTS ( 'NONE', 3,
 ( #840, #4216, #2479, #3129 ),
 .UNSPECIFIED., .F., .F.,
 ( 4, 4 ),
 ( 6.235630347582945031E-15, 0.0006572000998864365069 ),
 .UNSPECIFIED. ) ;
#1299 = DIRECTION ( 'NONE',  ( 0.0000000000000000000, 0.0000000000000000000, 1.000000000000000000 ) ) ;
#1300 = DIRECTION ( 'NONE',  ( 0.0000000000000000000, 0.0000000000000000000, 1.000000000000000000 ) ) ;
#1301 = DIRECTION ( 'NONE',  ( 0.0000000000000000000, 0.0000000000000000000, 1.000000000000000000 ) ) ;
#1302 = CARTESIAN_POINT ( 'NONE',  ( 7.199999999999978861, 3.500000000000050182, 6.455000000000000071 ) ) ;
#1303 = CARTESIAN_POINT ( 'NONE',  ( 3.691799725105633811, 5.493144943882623643, 8.596640950747339360 ) ) ;
#1304 = LINE ( 'NONE', #4338, #3273 ) ;
#1305 = CIRCLE ( 'NONE', #3752, 1.924999999999999600 ) ;
#1306 = DIRECTION ( 'NONE',  ( 1.137056007587446178E-16, 0.3713906763298382430, -0.9284766908949655395 ) ) ;
#1307 = CARTESIAN_POINT ( 'NONE',  ( 4.100000000000028955, 8.079363150079460709, 12.00995240352797744 ) ) ;
#1308 = LINE ( 'NONE', #1001, #2660 ) ;
#1309 = VECTOR ( 'NONE', #2738, 1000.000000000000000 ) ;
#1310 = ORIENTED_EDGE ( 'NONE', *, *, #3080, .T. ) ;
#1311 = CARTESIAN_POINT ( 'NONE',  ( 4.916400549788835228, 5.912354761811802639, 8.766020063032080145 ) ) ;
#1312 = AXIS2_PLACEMENT_3D ( 'NONE', #35, #2724, #2401 ) ;
#1313 = DIRECTION ( 'NONE',  ( 0.0000000000000000000, 1.000000000000000000, 0.0000000000000000000 ) ) ;
#1314 = VERTEX_POINT ( 'NONE', #134 ) ;
#1315 = CARTESIAN_POINT ( 'NONE',  ( 5.832738161537429633, 6.829021428478471378, 5.079999999999997407 ) ) ;
#1316 = CC_DESIGN_PERSON_AND_ORGANIZATION_ASSIGNMENT ( #3248, #4286, ( #3837 ) ) ;
#1317 = AXIS2_PLACEMENT_3D ( 'NONE', #2033, #3362, #1360 ) ;
#1318 = CARTESIAN_POINT ( 'NONE',  ( 2.875399175316840861, 7.516521428478470490, 3.855399175316810645 ) ) ;
#1319 = PLANE ( 'NONE',  #2716 ) ;
#1320 = ADVANCED_FACE ( 'NONE', ( #439 ), #3911, .F. ) ;
#1321 = VECTOR ( 'NONE', #2207, 1000.000000000000000 ) ;
#1322 = CARTESIAN_POINT ( 'NONE',  ( 6.900000000000024336, 1.500000000000023981, 11.53499999999999481 ) ) ;
#1323 = CARTESIAN_POINT ( 'NONE',  ( 1.431284642039768906, 5.200000000000070344, 13.19999999999998685 ) ) ;
#1324 = AXIS2_PLACEMENT_3D ( 'NONE', #2731, #3095, #2794 ) ;
#1325 = LINE ( 'NONE', #1623, #2366 ) ;
#1326 =( BOUNDED_SURFACE ( )  B_SPLINE_SURFACE ( 3, 3, ( 
 ( #975, #3610, #589, #3281 ),
 ( #267, #1626, #617, #4292 ),
 ( #3968, #944, #1978, #1386 ),
 ( #73, #2063, #1761, #757 ) ),
 .UNSPECIFIED., .F., .F., .F. ) 
 B_SPLINE_SURFACE_WITH_KNOTS ( ( 4, 4 ),
 ( 4, 4 ),
 ( 0.0000000000000000000, 1.000000000000000000 ),
 ( 0.0000000000000000000, 1.000000000000000000 ),
 .UNSPECIFIED. ) 
 GEOMETRIC_REPRESENTATION_ITEM ( )  RATIONAL_B_SPLINE_SURFACE ( (
 ( 1.000000000000000000, 0.4704421950437751021, 0.4704421950437751021, 1.000000000000000000),
 ( 0.8149093080299110170, 0.3833677236311952008, 0.3833677236311952008, 0.8149093080299110170),
 ( 0.8149093080299110170, 0.3833677236311952008, 0.3833677236311952008, 0.8149093080299110170),
 ( 1.000000000000000000, 0.4704421950437751021, 0.4704421950437751021, 1.000000000000000000) ) ) 
 REPRESENTATION_ITEM ( '' )  SURFACE ( )  );
#1327 = ADVANCED_FACE ( 'NONE', ( #3841 ), #3460, .T. ) ;
#1328 = CARTESIAN_POINT ( 'NONE',  ( 4.100000000000029843, 7.925000000000005151, 3.516640950747329519 ) ) ;
#1329 = CARTESIAN_POINT ( 'NONE',  ( 5.663359049252699506, 5.808188095145137453, 10.56820027489438374 ) ) ;
#1330 = PLANE ( 'NONE',  #1944 ) ;
#1331 = DIRECTION ( 'NONE',  ( -0.0000000000000000000, -0.0000000000000000000, -1.000000000000000000 ) ) ;
#1332 = FACE_OUTER_BOUND ( 'NONE', #3557, .T. ) ;
#1333 = LINE ( 'NONE', #3311, #1790 ) ;
#1334 = CARTESIAN_POINT ( 'NONE',  ( 3.700000000000199130, 9.218617688769484175, 8.504934929233405327 ) ) ;
#1335 = ORIENTED_EDGE ( 'NONE', *, *, #3100, .T. ) ;
#1336 = DIRECTION ( 'NONE',  ( -0.4008721094621767733, 0.0000000000000000000, -0.9161340250505624061 ) ) ;
#1337 = ORIENTED_EDGE ( 'NONE', *, *, #3548, .T. ) ;
#1338 = FACE_OUTER_BOUND ( 'NONE', #811, .T. ) ;
#1339 = CARTESIAN_POINT ( 'NONE',  ( 3.650000000000019895, -0.05000000000000599798, 5.579999999999994742 ) ) ;
#1340 = CONTEXT_DEPENDENT_SHAPE_REPRESENTATION ( #2464, #187 ) ;
#1341 = DIRECTION ( 'NONE',  ( 0.0000000000000000000, 0.0000000000000000000, 1.000000000000000000 ) ) ;
#1342 = CARTESIAN_POINT ( 'NONE',  ( 7.800000000000031797, 8.074999999999997513, 12.01000000000000334 ) ) ;
#1343 = DIRECTION ( 'NONE',  ( 0.0000000000000000000, 0.0000000000000000000, 1.000000000000000000 ) ) ;
#1344 = LINE ( 'NONE', #2681, #3407 ) ;
#1345 = CARTESIAN_POINT ( 'NONE',  ( 3.691799725105628482, 5.701478277215957569, 11.72335904925266448 ) ) ;
#1346 = CARTESIAN_POINT ( 'NONE',  ( 4.500000000000030198, 9.225000000000001421, 3.472685758152018742 ) ) ;
#1347 = ADVANCED_FACE ( 'NONE', ( #507 ), #1516, .T. ) ;
#1348 = ADVANCED_FACE ( 'NONE', ( #3504 ), #2144, .T. ) ;
#1349 = CARTESIAN_POINT ( 'NONE',  ( 4.100000000000029843, 8.424999999988358468, 5.080000000000000071 ) ) ;
#1350 = DIRECTION ( 'NONE',  ( -1.000000000000000000, -0.0000000000000000000, 0.0000000000000000000 ) ) ;
#1351 = VERTEX_POINT ( 'NONE', #1841 ) ;
#1352 = EDGE_CURVE ( 'NONE', #2488, #4254, #1797, .T. ) ;
#1353 = ORIENTED_EDGE ( 'NONE', *, *, #2140, .T. ) ;
#1354 = CARTESIAN_POINT ( 'NONE',  ( 1.222500000000035225, 4.000000000000070166, 2.540000000000000036 ) ) ;
#1355 = ORIENTED_EDGE ( 'NONE', *, *, #2365, .F. ) ;
#1356 = DIRECTION ( 'NONE',  ( 0.0000000000000000000, 0.0000000000000000000, -1.000000000000000000 ) ) ;
#1357 = DIRECTION ( 'NONE',  ( -0.0000000000000000000, 1.097926250618230054E-16, 1.000000000000000000 ) ) ;
#1358 = DIRECTION ( 'NONE',  ( 0.0000000000000000000, 1.000000000000000000, 0.0000000000000000000 ) ) ;
#1359 = DIRECTION ( 'NONE',  ( 0.0000000000000000000, 1.000000000000000000, 0.0000000000000000000 ) ) ;
#1360 = DIRECTION ( 'NONE',  ( -1.000000000000000000, 3.356196254551240174E-16, 0.0000000000000000000 ) ) ;
#1361 = PLANE ( 'NONE',  #3491 ) ;
#1362 = VERTEX_POINT ( 'NONE', #934 ) ;
#1363 = CARTESIAN_POINT ( 'NONE',  ( 4.500000000000030198, 9.225000000000001421, 6.687314241847786001 ) ) ;
#1364 = DIRECTION ( 'NONE',  ( -0.0000000000000000000, -0.0000000000000000000, -1.000000000000000000 ) ) ;
#1365 = EDGE_CURVE ( 'NONE', #2099, #3786, #255, .T. ) ;
#1366 = CARTESIAN_POINT ( 'NONE',  ( 3.691799725105626706, 6.993144943882623643, 8.596640950747339360 ) ) ;
#1367 = DIRECTION ( 'NONE',  ( 0.0000000000000000000, 1.000000000000000000, 0.0000000000000000000 ) ) ;
#1368 = ORIENTED_EDGE ( 'NONE', *, *, #1128, .F. ) ;
#1369 = VECTOR ( 'NONE', #1105, 1000.000000000000000 ) ;
#1370 = EDGE_CURVE ( 'NONE', #1490, #1534, #296, .T. ) ;
#1371 = VERTEX_POINT ( 'NONE', #3979 ) ;
#1372 = CARTESIAN_POINT ( 'NONE',  ( 4.499999999993725019, 9.096630297189978620, 3.319917196961271522 ) ) ;
#1373 = EDGE_LOOP ( 'NONE', ( #2238, #1162, #1109, #1293 ) ) ;
#1374 = EDGE_LOOP ( 'NONE', ( #144, #1670 ) ) ;
#1375 = DIRECTION ( 'NONE',  ( 2.195852501236460108E-16, -1.000000000000000000, 0.0000000000000000000 ) ) ;
#1376 = AXIS2_PLACEMENT_3D ( 'NONE', #902, #2260, #3591 ) ;
#1377 = FACE_OUTER_BOUND ( 'NONE', #2386, .T. ) ;
#1378 = AXIS2_PLACEMENT_3D ( 'NONE', #238, #3921, #2623 ) ;
#1379 = VECTOR ( 'NONE', #2949, 1000.000000000000000 ) ;
#1380 = DIRECTION ( 'NONE',  ( 0.0000000000000000000, -1.000000000000000000, 0.0000000000000000000 ) ) ;
#1381 = DIRECTION ( 'NONE',  ( -0.3807526626610422960, 4.627092588741581811E-15, -0.9246769218903034826 ) ) ;
#1382 = AXIS2_PLACEMENT_3D ( 'NONE', #1339, #3685, #2718 ) ;
#1383 = FACE_OUTER_BOUND ( 'NONE', #3503, .T. ) ;
#1384 = PRODUCT ( 'CUI_DEVICES_TB006-508-02BE', 'CUI_DEVICES_TB006-508-02BE', '', ( #2462 ) ) ;
#1385 = ORIENTED_EDGE ( 'NONE', *, *, #2170, .F. ) ;
#1386 = CARTESIAN_POINT ( 'NONE',  ( 3.729292974166160679, 9.166319812937844702, 6.843962581209575902 ) ) ;
#1387 = VECTOR ( 'NONE', #2023, 1000.000000000000000 ) ;
#1388 = CARTESIAN_POINT ( 'NONE',  ( 7.811619526395251256, 5.200000000000002842, 3.059999999999989395 ) ) ;
#1389 = AXIS2_PLACEMENT_3D ( 'NONE', #732, #3489, #1160 ) ;
#1390 = CARTESIAN_POINT ( 'NONE',  ( 3.650000000000019895, -0.05000000000000599798, 41.07999999999999829 ) ) ;
#1391 = DIRECTION ( 'NONE',  ( -9.745637505487679766E-17, 1.000000000000000000, 0.0000000000000000000 ) ) ;
#1392 = VERTEX_POINT ( 'NONE', #3940 ) ;
#1393 = CARTESIAN_POINT ( 'NONE',  ( 2.875399175316839084, 6.659811610549289718, 6.304600824683189053 ) ) ;
#1394 = ADVANCED_FACE ( 'NONE', ( #2943 ), #4284, .T. ) ;
#1395 = ORIENTED_EDGE ( 'NONE', *, *, #3681, .F. ) ;
#1396 = CARTESIAN_POINT ( 'NONE',  ( 7.482726028965222653, 5.102114164136395402, 6.596363014482612641 ) ) ;
#1397 = CARTESIAN_POINT ( 'NONE',  ( 0.3883804736048026007, 7.204555177058230938E-14, 3.059999999999998277 ) ) ;
#1398 = ORIENTED_EDGE ( 'NONE', *, *, #1107, .T. ) ;
#1399 = VERTEX_POINT ( 'NONE', #1273 ) ;
#1400 = ADVANCED_FACE ( 'NONE', ( #3600 ), #1499, .T. ) ;
#1401 = ADVANCED_FACE ( 'NONE', ( #2513 ), #2253, .T. ) ;
#1402 = CARTESIAN_POINT ( 'NONE',  ( 7.587500000000025224, 5.799999999999999822, 12.69999999999999929 ) ) ;
#1403 = CARTESIAN_POINT ( 'NONE',  ( 3.700000000000029932, 8.425000000000000711, 7.080000000000000071 ) ) ;
#1404 = CARTESIAN_POINT ( 'NONE',  ( 0.4000000000000288325, 7.987132034355958865, 8.309999999999998721 ) ) ;
#1405 = CARTESIAN_POINT ( 'NONE',  ( 4.499999999995153210, 9.201559185024049015, 8.467925986514012848 ) ) ;
#1406 = DIRECTION ( 'NONE',  ( -0.4008721094621948144, 0.0000000000000000000, -0.9161340250505545235 ) ) ;
#1407 = ORIENTED_EDGE ( 'NONE', *, *, #4035, .T. ) ;
#1408 = DIRECTION ( 'NONE',  ( 0.1737853339090520144, 0.9847835588179361110, 0.0000000000000000000 ) ) ;
#1409 = CARTESIAN_POINT ( 'NONE',  ( 6.848402576743479742, 5.200000000000009948, 13.01788662576990063 ) ) ;
#1410 = EDGE_CURVE ( 'NONE', #4018, #1231, #1877, .T. ) ;
#1411 = CARTESIAN_POINT ( 'NONE',  ( 5.663359049252693289, 7.849854761811800863, 9.751799725105604111 ) ) ;
#1412 = LINE ( 'NONE', #2766, #2136 ) ;
#1413 = ORIENTED_EDGE ( 'NONE', *, *, #2734, .F. ) ;
#1414 = CARTESIAN_POINT ( 'NONE',  ( 2.875399175316840861, 6.141521428478471378, 6.304600824683189941 ) ) ;
#1415 = ORIENTED_EDGE ( 'NONE', *, *, #2418, .F. ) ;
#1416 = CARTESIAN_POINT ( 'NONE',  ( 4.099999999999989875, 10.00000000000000000, 5.080000000000000071 ) ) ;
#1417 = CARTESIAN_POINT ( 'NONE',  ( 0.4000951929440744181, 8.079363150079551303, 3.230047596472023219 ) ) ;
#1418 = ORIENTED_EDGE ( 'NONE', *, *, #92, .T. ) ;
#1419 = CARTESIAN_POINT ( 'NONE',  ( 5.014631961217390632, 7.038055402323278642, 5.994631961217359084 ) ) ;
#1420 = CARTESIAN_POINT ( 'NONE',  ( 3.490245359188460572, 6.933888735656614344, 11.20113812268296982 ) ) ;
#1421 = EDGE_CURVE ( 'NONE', #3740, #201, #4247, .T. ) ;
#1422 = ADVANCED_FACE ( 'NONE', ( #3257 ), #2931, .T. ) ;
#1423 = CARTESIAN_POINT ( 'NONE',  ( 5.378852288121650282, 4.877688389450709927, 9.262815843185180142 ) ) ;
#1424 = DIRECTION ( 'NONE',  ( 0.0000000000000000000, 0.0000000000000000000, 1.000000000000000000 ) ) ;
#1425 = DIRECTION ( 'NONE',  ( 8.505181591051763393E-16, -0.9805806756909217770, -0.1961161351381755513 ) ) ;
#1426 = CARTESIAN_POINT ( 'NONE',  ( 2.932355715851534317, 4.829722068989947381, 9.855122679594206403 ) ) ;
#1427 = FACE_OUTER_BOUND ( 'NONE', #552, .T. ) ;
#1428 = PERSON_AND_ORGANIZATION_ROLE ( 'design_owner' ) ;
#1429 = EDGE_CURVE ( 'NONE', #539, #527, #3852, .T. ) ;
#1430 = VERTEX_POINT ( 'NONE', #268 ) ;
#1431 = LINE ( 'NONE', #1098, #2071 ) ;
#1432 = DIRECTION ( 'NONE',  ( 0.0000000000000000000, 0.0000000000000000000, 1.000000000000000000 ) ) ;
#1433 = CYLINDRICAL_SURFACE ( 'NONE', #3133, 0.7000000000000000666 ) ;
#1434 = CARTESIAN_POINT ( 'NONE',  ( 4.100000000000028955, 8.077181834648511582, 12.00999999999999801 ) ) ;
#1435 = ORIENTED_EDGE ( 'NONE', *, *, #2961, .F. ) ;
#1436 = CARTESIAN_POINT ( 'NONE',  ( 4.100000000000028955, 6.204021428478468714, 6.812738161537398973 ) ) ;
#1437 = VECTOR ( 'NONE', #2317, 1000.000000000000114 ) ;
#1438 = VERTEX_POINT ( 'NONE', #830 ) ;
#1439 = FACE_OUTER_BOUND ( 'NONE', #3075, .T. ) ;
#1440 = CARTESIAN_POINT ( 'NONE',  ( 8.199999999999999289, -3.996802888650562757E-15, 12.69999999999999929 ) ) ;
#1441 = AXIS2_PLACEMENT_3D ( 'NONE', #86, #1821, #4148 ) ;
#1442 = ORIENTED_EDGE ( 'NONE', *, *, #1912, .F. ) ;
#1443 = CARTESIAN_POINT ( 'NONE',  ( 5.394150445614100065, 7.100555402323281307, 5.080000000000001847 ) ) ;
#1444 = CARTESIAN_POINT ( 'NONE',  ( 2.932355715851532096, 7.329722068989940276, 9.855122679594209956 ) ) ;
#1445 = VECTOR ( 'NONE', #4238, 1000.000000000000000 ) ;
#1446 = PRODUCT_RELATED_PRODUCT_CATEGORY ( 'detail', '', ( #1384 ) ) ;
#1447 = CARTESIAN_POINT ( 'NONE',  ( 5.663359049252695065, 5.349854761811804416, 9.751799725105614769 ) ) ;
#1448 = DIRECTION ( 'NONE',  ( 0.0000000000000000000, 0.0000000000000000000, 1.000000000000000000 ) ) ;
#1449 = CARTESIAN_POINT ( 'NONE',  ( 6.977500000000005365, 1.127570259384924611E-14, 2.539999999999981828 ) ) ;
#1450 = CIRCLE ( 'NONE', #173, 0.2999999999999999334 ) ;
#1451 = CARTESIAN_POINT ( 'NONE',  ( 3.795122679594241877, 4.746388735656616120, 8.992355715851507725 ) ) ;
#1452 = EDGE_CURVE ( 'NONE', #551, #3740, #2181, .T. ) ;
#1453 = PERSON_AND_ORGANIZATION ( #3197, #1464 ) ;
#1454 = AXIS2_PLACEMENT_3D ( 'NONE', #4309, #2297, #3303 ) ;
#1455 = ORIENTED_EDGE ( 'NONE', *, *, #2371, .F. ) ;
#1456 = VECTOR ( 'NONE', #1981, 1000.000000000000000 ) ;
#1457 = LINE ( 'NONE', #2789, #736 ) ;
#1458 = EDGE_CURVE ( 'NONE', #2733, #1615, #170, .T. ) ;
#1459 = AXIS2_PLACEMENT_3D ( 'NONE', #370, #2453, #3060 ) ;
#1460 = DIRECTION ( 'NONE',  ( -1.000000000000000000, 0.0000000000000000000, 0.0000000000000000000 ) ) ;
#1461 = CARTESIAN_POINT ( 'NONE',  ( 4.100000000000029843, 8.074999999999999289, 8.310000000000000497 ) ) ;
#1462 = PRODUCT_DEFINITION_SHAPE ( 'NONE', 'NONE',  #3924 ) ;
#1463 = ORIENTED_EDGE ( 'NONE', *, *, #3335, .T. ) ;
#1464 = ORGANIZATION ( 'UNSPECIFIED', 'UNSPECIFIED', '' ) ;
#1465 = VERTEX_POINT ( 'NONE', #4293 ) ;
#1466 = CARTESIAN_POINT ( 'NONE',  ( 3.843649167310384307, 3.964779598406013081E-14, 4.580000000000000959 ) ) ;
#1467 = FACE_OUTER_BOUND ( 'NONE', #2877, .T. ) ;
#1468 = ORIENTED_EDGE ( 'NONE', *, *, #472, .T. ) ;
#1469 = ORIENTED_EDGE ( 'NONE', *, *, #2963, .T. ) ;
#1470 = CARTESIAN_POINT ( 'NONE',  ( 2.706020063032102740, 7.120688095145135676, 10.97640054978880464 ) ) ;
#1471 = DIRECTION ( 'NONE',  ( -0.0000000000000000000, 1.000000000000000000, -1.097926250618230054E-16 ) ) ;
#1472 = ADVANCED_FACE ( 'NONE', ( #2626 ), #1283, .T. ) ;
#1473 = CARTESIAN_POINT ( 'NONE',  ( 3.700000000000029932, 8.424999999994179589, 6.870730853915917535 ) ) ;
#1474 = LINE ( 'NONE', #4167, #1445 ) ;
#1475 = CARTESIAN_POINT ( 'NONE',  ( 4.404877320405811147, 4.704722068989948269, 8.992355715851495290 ) ) ;
#1476 = PLANE ( 'NONE',  #3058 ) ;
#1477 = DATE_TIME_ROLE ( 'creation_date' ) ;
#1478 = ORIENTED_EDGE ( 'NONE', *, *, #2990, .F. ) ;
#1479 = DIRECTION ( 'NONE',  ( -0.0000000000000000000, -1.000000000000000000, -0.0000000000000000000 ) ) ;
#1480 = CARTESIAN_POINT ( 'NONE',  ( 3.850000000000020073, -3.800000000000010036, 10.46000000000000085 ) ) ;
#1481 = EDGE_CURVE ( 'NONE', #4317, #1265, #1979, .T. ) ;
#1482 = CARTESIAN_POINT ( 'NONE',  ( 2.536640950747369061, 6.118144943882624531, 10.56820027489440683 ) ) ;
#1483 = ORIENTED_CLOSED_SHELL ( 'NONE', *, #3749, .F. );
#1484 = CARTESIAN_POINT ( 'NONE',  ( 7.800000000000030909, 8.077181834648511582, 8.309999999999998721 ) ) ;
#1485 = ORIENTED_EDGE ( 'NONE', *, *, #739, .T. ) ;
#1486 = DIRECTION ( 'NONE',  ( 0.0000000000000000000, 0.0000000000000000000, 1.000000000000000000 ) ) ;
#1487 = ORIENTED_EDGE ( 'NONE', *, *, #3836, .T. ) ;
#1488 = CARTESIAN_POINT ( 'NONE',  ( 8.199999999999997513, 1.000000000000043521, 3.205000000000010285 ) ) ;
#1489 = CARTESIAN_POINT ( 'NONE',  ( 4.100000000000030731, 8.079363150079551303, 6.929952403527976479 ) ) ;
#1490 = VERTEX_POINT ( 'NONE', #3307 ) ;
#1491 = ORIENTED_EDGE ( 'NONE', *, *, #2365, .T. ) ;
#1492 = CARTESIAN_POINT ( 'NONE',  ( 4.916400549788823682, 7.412354761811804416, 8.766020063032073040 ) ) ;
#1493 = DIRECTION ( 'NONE',  ( 0.0000000000000000000, -1.000000000000000000, 1.097926250618230054E-16 ) ) ;
#1494 = ORIENTED_EDGE ( 'NONE', *, *, #146, .T. ) ;
#1495 = DIRECTION ( 'NONE',  ( 2.195852501236460108E-16, -1.000000000000000000, 0.0000000000000000000 ) ) ;
#1496 = CARTESIAN_POINT ( 'NONE',  ( 4.916400549788839669, 5.245688095145137453, 11.55397993696793080 ) ) ;
#1497 = CARTESIAN_POINT ( 'NONE',  ( 7.500000000000030198, 7.924999999999998046, 3.379999999999999449 ) ) ;
#1498 = CARTESIAN_POINT ( 'NONE',  ( 0.0000000000000000000, 0.0000000000000000000, 0.0000000000000000000 ) ) ;
#1499 = B_SPLINE_SURFACE_WITH_KNOTS ( 'NONE', 3, 1, ( 
 ( #3386, #2270 ),
 ( #3245, #3297 ),
 ( #2728, #3650 ),
 ( #911, #2618 ),
 ( #1938, #2314 ),
 ( #279, #958 ),
 ( #4260, #1638 ),
 ( #578, #368 ),
 ( #1656, #3268 ),
 ( #2966, #3959 ),
 ( #1724, #1989 ),
 ( #39, #2918 ),
 ( #4304, #3056 ),
 ( #1915, #4003 ),
 ( #1393, #229 ),
 ( #1295, #892 ),
 ( #2247, #2985 ),
 ( #2635, #647 ),
 ( #3316, #4324 ),
 ( #627, #1315 ),
 ( #1252, #2657 ),
 ( #985, #2332 ),
 ( #1588, #3667 ),
 ( #3577, #2158 ),
 ( #58, #1747 ),
 ( #3406, #1812 ),
 ( #4140, #2811 ),
 ( #3739, #4156 ),
 ( #3825, #3784 ),
 ( #1766, #1436 ),
 ( #3803, #1414 ),
 ( #808, #2768 ),
 ( #762, #783 ),
 ( #3496, #2132 ),
 ( #2114, #720 ),
 ( #429, #2069 ),
 ( #2424, #3449 ),
 ( #452, #4094 ),
 ( #1078, #2094 ),
 ( #476, #3164 ),
 ( #145, #1505 ),
 ( #3566, #195 ),
 ( #3590, #2859 ),
 ( #569, #2884 ),
 ( #4228, #2560 ),
 ( #1240, #2204 ),
 ( #1928, #3535 ),
 ( #1558, #875 ),
 ( #2280, #2535 ),
 ( #3285, #1262 ),
 ( #3927, #1217 ),
 ( #923, #3611 ),
 ( #1170, #1579 ) ),
 .UNSPECIFIED., .F., .F., .F.,
 ( 4, 1, 1, 1, 1, 1, 1, 1, 1, 1, 1, 1, 1, 1, 1, 1, 1, 1, 1, 1, 1, 1, 1, 1, 1, 1, 1, 1, 1, 1, 1, 1, 1, 1, 1, 1, 1, 1, 1, 1, 1, 1, 1, 1, 1, 1, 1, 1, 1, 1, 4 ),
 ( 2, 2 ),
 ( 0.0000000000000000000, 0.02031639591913380130, 0.04063279183826760260, 0.06094918775740130329, 0.08126558367653509418, 0.1015819795956690030, 0.1218983755148029952, 0.1422147714339359881, 0.1625311673530699941, 0.1828475632722040001, 0.2031639591913380061, 0.2234803551104720121, 0.2437967510296049911, 0.2641131469487389971, 0.2844295428678729754, 0.3047459387870070091, 0.3250623347061399881, 0.3453787306252740219, 0.3656951265444080001, 0.3860115224635419784, 0.4063279183826760121, 0.4266443143018089912, 0.4469607102209430249, 0.4672771061400770032, 0.4875935020592109814, 0.5079098979783439605, 0.5282262938974779942, 0.5485426898166120280, 0.5688590857357459507, 0.5891754816548799845, 0.6094918775740130190, 0.6298082734931470528, 0.6501246694122809755, 0.6704410653314150093, 0.6907574612505480438, 0.7110738571696819665, 0.7313902530888160003, 0.7517066490079500340, 0.7720230449270839568, 0.7923394408462169913, 0.8126558367653510251, 0.8329722326844849478, 0.8532886286036189816, 0.8736050245227520161, 0.8939214204418860499, 0.9142378163610199726, 0.9345542122801540064, 0.9548706081992870409, 0.9751870041184209636, 0.9955034000375549974, 1.000000000000000000 ),
 ( 0.9397532966979376123, 1.000000000000001776 ),
 .UNSPECIFIED. ) ;
#1500 = ORIENTED_EDGE ( 'NONE', *, *, #1977, .F. ) ;
#1501 = LINE ( 'NONE', #4270, #1379 ) ;
#1502 = CARTESIAN_POINT ( 'NONE',  ( 3.691799725105625374, 6.493144943882621867, 8.596640950747339360 ) ) ;
#1503 = CARTESIAN_POINT ( 'NONE',  ( 6.821194192556390590, 9.225000000000001421, 6.287356863746495605 ) ) ;
#1504 = ORIENTED_EDGE ( 'NONE', *, *, #3470, .F. ) ;
#1505 = CARTESIAN_POINT ( 'NONE',  ( 2.875399175316840861, 5.516521428478469602, 3.855399175316808869 ) ) ;
#1506 = EDGE_CURVE ( 'NONE', #290, #451, #1627, .T. ) ;
#1507 = ORIENTED_EDGE ( 'NONE', *, *, #1629, .T. ) ;
#1508 = LINE ( 'NONE', #1174, #1603 ) ;
#1509 = CARTESIAN_POINT ( 'NONE',  ( 3.700000000000030820, 9.225000000000001421, 8.552685758152215101 ) ) ;
#1510 = VERTEX_POINT ( 'NONE', #3829 ) ;
#1511 = ORIENTED_EDGE ( 'NONE', *, *, #1892, .F. ) ;
#1512 = CARTESIAN_POINT ( 'NONE',  ( 5.141138122682961331, 7.642222068989949157, 9.550245359188430427 ) ) ;
#1513 = DIRECTION ( 'NONE',  ( 0.0000000000000000000, 0.0000000000000000000, 1.000000000000000000 ) ) ;
#1514 = ORIENTED_EDGE ( 'NONE', *, *, #2638, .F. ) ;
#1515 =( BOUNDED_CURVE ( )  B_SPLINE_CURVE ( 3, ( #3028, #284, #4310, #676 ),
 .UNSPECIFIED., .F., .T. ) 
 B_SPLINE_CURVE_WITH_KNOTS ( ( 4, 4 ),
 ( 0.1746721990082396037, 1.570796326794899667 ),
 .UNSPECIFIED. ) 
 CURVE ( )  GEOMETRIC_REPRESENTATION_ITEM ( )  RATIONAL_B_SPLINE_CURVE ( ( 1.000000000000000000, 0.8440594686672527880, 0.8440594686672527880, 1.000000000000000000 ) ) 
 REPRESENTATION_ITEM ( '' )  );
#1516 = PLANE ( 'NONE',  #3270 ) ;
#1517 = CARTESIAN_POINT ( 'NONE',  ( 3.058861877317104128, 4.808888735656615232, 9.550245359188430427 ) ) ;
#1518 = AXIS2_PLACEMENT_3D ( 'NONE', #2421, #3737, #1391 ) ;
#1519 = CALENDAR_DATE ( 2019, 21, 10 ) ;
#1520 = VECTOR ( 'NONE', #786, 1000.000000000000000 ) ;
#1521 = CARTESIAN_POINT ( 'NONE',  ( 3.242122021095522388, 7.925000000000018474, 8.675331568245272962 ) ) ;
#1522 = CARTESIAN_POINT ( 'NONE',  ( 3.759351855913781293, 9.225000000000001421, 8.539068812695211008 ) ) ;
#1523 = DIRECTION ( 'NONE',  ( 0.9333456062030591749, -0.3589790793088701304, 0.0000000000000000000 ) ) ;
#1524 = VECTOR ( 'NONE', #1074, 1000.000000000000000 ) ;
#1525 = CARTESIAN_POINT ( 'NONE',  ( 4.100000000000028066, 8.079363150079460709, 12.00995240352797744 ) ) ;
#1526 = CARTESIAN_POINT ( 'NONE',  ( 3.283599450211243553, 6.013978277215956680, 8.766020063032071263 ) ) ;
#1527 = SECURITY_CLASSIFICATION ( '', '', #1029 ) ;
#1528 = CARTESIAN_POINT ( 'NONE',  ( 3.700000000000032596, 9.089088554377120488, 11.92100966791370631 ) ) ;
#1529 = VECTOR ( 'NONE', #584, 1000.000000000000000 ) ;
#1530 = VERTEX_POINT ( 'NONE', #3741 ) ;
#1531 = CARTESIAN_POINT ( 'NONE',  ( 6.957500000000050200, 5.204170427930421283E-15, 3.060000000000000053 ) ) ;
#1532 = CARTESIAN_POINT ( 'NONE',  ( 5.324600824683221489, 7.266521428478467826, 6.304600824683189941 ) ) ;
#1533 = CIRCLE ( 'NONE', #1382, 0.2000000000000000944 ) ;
#1534 = VERTEX_POINT ( 'NONE', #1488 ) ;
#1535 = CARTESIAN_POINT ( 'NONE',  ( 4.100000000000029843, 8.081542908104799139, 3.230142766766815665 ) ) ;
#1536 = DIRECTION ( 'NONE',  ( -0.0000000000000000000, -1.000000000000000000, -0.0000000000000000000 ) ) ;
#1537 = ORIENTED_EDGE ( 'NONE', *, *, #3194, .T. ) ;
#1538 = ORIENTED_EDGE ( 'NONE', *, *, #3573, .F. ) ;
#1539 = CIRCLE ( 'NONE', #3288, 1.850000000000000089 ) ;
#1540 = CARTESIAN_POINT ( 'NONE',  ( 3.795122679594242321, 5.746388735656612567, 8.992355715851502396 ) ) ;
#1541 = CC_DESIGN_APPROVAL ( #335, ( #3421 ) ) ;
#1542 = DIRECTION ( 'NONE',  ( -1.000000000000000000, -5.782411586589358033E-15, 0.0000000000000000000 ) ) ;
#1543 = EDGE_CURVE ( 'NONE', #451, #1840, #2549, .T. ) ;
#1544 = ORIENTED_EDGE ( 'NONE', *, *, #3605, .T. ) ;
#1545 = EDGE_CURVE ( 'NONE', #3901, #861, #2471, .T. ) ;
#1546 = LINE ( 'NONE', #1184, #1794 ) ;
#1547 = CARTESIAN_POINT ( 'NONE',  ( 1.222500000000005693, 5.984795992119984476E-14, 2.540000000000018243 ) ) ;
#1548 = CARTESIAN_POINT ( 'NONE',  ( 7.500000000000028422, 7.924999999999998046, 6.780000000000000249 ) ) ;
#1549 = PERSON_AND_ORGANIZATION_ROLE ( 'creator' ) ;
#1550 = VERTEX_POINT ( 'NONE', #2134 ) ;
#1551 = EDGE_CURVE ( 'NONE', #957, #2308, #2161, .T. ) ;
#1552 = CARTESIAN_POINT ( 'NONE',  ( 4.350000000000020073, 0.6499999999999940270, 9.659999999999994813 ) ) ;
#1553 = CARTESIAN_POINT ( 'NONE',  ( 4.100000000000029843, 8.074999999999999289, 12.01000000000000156 ) ) ;
#1554 = LINE ( 'NONE', #2950, #2304 ) ;
#1555 = CARTESIAN_POINT ( 'NONE',  ( 5.663359049252692401, 7.349854761811802639, 9.751799725105602334 ) ) ;
#1556 = LINE ( 'NONE', #240, #3190 ) ;
#1557 = ORIENTED_EDGE ( 'NONE', *, *, #413, .F. ) ;
#1558 = CARTESIAN_POINT ( 'NONE',  ( 2.367261838462630497, 4.597311610549291494, 5.080000000000007176 ) ) ;
#1559 = CARTESIAN_POINT ( 'NONE',  ( 5.394150445614100953, 6.600555402323281307, 5.080000000000000959 ) ) ;
#1560 = ORIENTED_EDGE ( 'NONE', *, *, #3151, .F. ) ;
#1561 = DIRECTION ( 'NONE',  ( 1.583609927488660088E-14, 1.000000000000000000, -0.0000000000000000000 ) ) ;
#1562 = CARTESIAN_POINT ( 'NONE',  ( 4.326443346773823251, 7.925000000000001599, 11.85964369344189073 ) ) ;
#1563 = EDGE_LOOP ( 'NONE', ( #1042, #1621, #3249, #380, #1478, #1083, #2286, #1024 ) ) ;
#1564 = EDGE_LOOP ( 'NONE', ( #3576, #22, #1251, #1155 ) ) ;
#1565 = CARTESIAN_POINT ( 'NONE',  ( 2.536640950747369061, 6.599854761811804416, 10.56820027489440683 ) ) ;
#1566 = DIRECTION ( 'NONE',  ( 0.0000000000000000000, 0.0000000000000000000, -1.000000000000000000 ) ) ;
#1567 = VERTEX_POINT ( 'NONE', #3094 ) ;
#1568 = CARTESIAN_POINT ( 'NONE',  ( 4.100000000000029843, 8.081542908104799139, 6.929857233233185809 ) ) ;
#1569 = CYLINDRICAL_SURFACE ( 'NONE', #965, 0.2000000000000000944 ) ;
#1570 = CARTESIAN_POINT ( 'NONE',  ( 6.900000000000069633, 7.924999999999959854, -127.9480000000000075 ) ) ;
#1571 = EDGE_CURVE ( 'NONE', #1607, #2308, #3200, .T. ) ;
#1572 = COORDINATED_UNIVERSAL_TIME_OFFSET ( 0, 0, .AHEAD. ) ;
#1573 = ORIENTED_EDGE ( 'NONE', *, *, #2413, .F. ) ;
#1574 = FACE_OUTER_BOUND ( 'NONE', #4208, .T. ) ;
#1575 = EDGE_CURVE ( 'NONE', #1961, #2887, #1450, .T. ) ;
#1576 = CARTESIAN_POINT ( 'NONE',  ( 5.799920596377864612, 7.924999999999975842, 4.854947882386005276 ) ) ;
#1577 = CARTESIAN_POINT ( 'NONE',  ( 2.536640950747366396, 6.076478277215957569, 9.751799725105604111 ) ) ;
#1578 = ORIENTED_EDGE ( 'NONE', *, *, #2189, .F. ) ;
#1579 = CARTESIAN_POINT ( 'NONE',  ( 5.378852288121650282, 4.877688389450709927, 4.182815843185180071 ) ) ;
#1580 = CARTESIAN_POINT ( 'NONE',  ( 4.100000000000031619, 6.475555402323281307, 6.374150445614071181 ) ) ;
#1581 = ORIENTED_EDGE ( 'NONE', *, *, #2208, .F. ) ;
#1582 = LINE ( 'NONE', #4251, #3471 ) ;
#1583 = CARTESIAN_POINT ( 'NONE',  ( 7.456259223559910332, 4.952135600172700158, 11.66312961177997032 ) ) ;
#1584 = ORIENTED_EDGE ( 'NONE', *, *, #1630, .F. ) ;
#1585 = CARTESIAN_POINT ( 'NONE',  ( 2.706020063032103184, 6.537354761811803527, 9.343599450211206303 ) ) ;
#1586 = CARTESIAN_POINT ( 'NONE',  ( 3.850000000000020073, -3.800000000000010036, 4.779999999999999361 ) ) ;
#1587 = ORIENTED_EDGE ( 'NONE', *, *, #91, .F. ) ;
#1588 = CARTESIAN_POINT ( 'NONE',  ( 2.875399175316840417, 6.159811610549288829, 6.304600824683189941 ) ) ;
#1589 = CYLINDRICAL_SURFACE ( 'NONE', #3993, 0.3000000000000007661 ) ;
#1590 = CARTESIAN_POINT ( 'NONE',  ( 4.100000000000029843, 7.925000000045655746, 8.422499999968133366 ) ) ;
#1591 = PERSON_AND_ORGANIZATION_ROLE ( 'classification_officer' ) ;
#1592 = VERTEX_POINT ( 'NONE', #3451 ) ;
#1593 = LINE ( 'NONE', #610, #3826 ) ;
#1594 = CIRCLE ( 'NONE', #4041, 1.737500000011022783 ) ;
#1595 = ADVANCED_FACE ( 'NONE', ( #1751 ), #2814, .F. ) ;
#1596 = FACE_OUTER_BOUND ( 'NONE', #4227, .T. ) ;
#1597 = CARTESIAN_POINT ( 'NONE',  ( 4.543307611923409262, 7.924999999999996270, 6.736506118481199401 ) ) ;
#1598 = AXIS2_PLACEMENT_3D ( 'NONE', #2663, #917, #3340 ) ;
#1599 = CARTESIAN_POINT ( 'NONE',  ( 4.508200274894432980, 5.451478277215955792, 8.596640950747342913 ) ) ;
#1600 = ADVANCED_FACE ( 'NONE', ( #108 ), #3765, .F. ) ;
#1601 = CARTESIAN_POINT ( 'NONE',  ( 4.100000000000030731, 7.987132034355965082, 6.929999999999999716 ) ) ;
#1602 = ADVANCED_FACE ( 'NONE', ( #1439 ), #2097, .T. ) ;
#1603 = VECTOR ( 'NONE', #2611, 1000.000000000000000 ) ;
#1604 = CARTESIAN_POINT ( 'NONE',  ( 7.800000000000029132, 8.074999999999997513, 6.930000000000000604 ) ) ;
#1605 = AXIS2_PLACEMENT_3D ( 'NONE', #4224, #3139, #1142 ) ;
#1606 = DIRECTION ( 'NONE',  ( 0.3807526626610419629, 0.0000000000000000000, 0.9246769218903037046 ) ) ;
#1607 = VERTEX_POINT ( 'NONE', #3431 ) ;
#1608 = CARTESIAN_POINT ( 'NONE',  ( 6.899999999999989697, 1.500000000000049960, 6.455000000000000071 ) ) ;
#1609 = CARTESIAN_POINT ( 'NONE',  ( 5.142855932217978321, 7.924999999999989164, 8.798786506317602729 ) ) ;
#1610 = EDGE_LOOP ( 'NONE', ( #272, #3168, #2837, #4036 ) ) ;
#1611 = AXIS2_PLACEMENT_3D ( 'NONE', #4262, #1865, #1639 ) ;
#1612 = CARTESIAN_POINT ( 'NONE',  ( 3.490245359188447249, 5.933888735656613456, 11.20113812268296094 ) ) ;
#1613 = DIRECTION ( 'NONE',  ( -0.1736481776669300536, 0.9848077530122081313, 0.0000000000000000000 ) ) ;
#1614 = VECTOR ( 'NONE', #1513, 1000.000000000000000 ) ;
#1615 = VERTEX_POINT ( 'NONE', #1147 ) ;
#1616 = DIRECTION ( 'NONE',  ( 8.972707634362790352E-16, -1.000000000000000000, -0.0000000000000000000 ) ) ;
#1617 = DIRECTION ( 'NONE',  ( 0.0000000000000000000, 0.0000000000000000000, 1.000000000000000000 ) ) ;
#1618 = CARTESIAN_POINT ( 'NONE',  ( 4.500000000000031086, 9.225000000000001421, 6.697692471659136615 ) ) ;
#1619 = APPROVAL_DATE_TIME ( #186, #3723 ) ;
#1620 = EDGE_CURVE ( 'NONE', #4142, #2983, #1110, .T. ) ;
#1621 = ORIENTED_EDGE ( 'NONE', *, *, #1630, .T. ) ;
#1622 = FACE_OUTER_BOUND ( 'NONE', #182, .T. ) ;
#1623 = CARTESIAN_POINT ( 'NONE',  ( 7.751694291205289744, 5.200000000000000178, 8.509152854397353138 ) ) ;
#1624 = CARTESIAN_POINT ( 'NONE',  ( 5.584391186354818792, 7.924999999999982059, 4.221510307630969905 ) ) ;
#1625 = CARTESIAN_POINT ( 'NONE',  ( 5.493979936967961386, 5.787354761811805304, 10.97640054978879220 ) ) ;
#1626 = CARTESIAN_POINT ( 'NONE',  ( 1.378805807436735309, 9.224999999999997868, 3.872643136250450979 ) ) ;
#1627 = LINE ( 'NONE', #2953, #1520 ) ;
#1628 = CARTESIAN_POINT ( 'NONE',  ( 2.805849554385959177, 4.850555402323281307, 5.080000000000008065 ) ) ;
#1629 = EDGE_CURVE ( 'NONE', #764, #3475, #3805, .T. ) ;
#1630 = EDGE_CURVE ( 'NONE', #2617, #1746, #2225, .T. ) ;
#1631 = EDGE_LOOP ( 'NONE', ( #2631, #1129, #1494, #1573 ) ) ;
#1632 = CARTESIAN_POINT ( 'NONE',  ( 6.310887241768075526E-30, 4.250000000000000000, 12.69999999999999929 ) ) ;
#1633 = CARTESIAN_POINT ( 'NONE',  ( 4.500000000000031086, 9.145199570770756736, 11.90464665521995613 ) ) ;
#1634 = ORIENTED_EDGE ( 'NONE', *, *, #2990, .T. ) ;
#1635 = CARTESIAN_POINT ( 'NONE',  ( 5.493979936967949840, 6.370688095145136565, 9.343599450211192092 ) ) ;
#1636 = DIRECTION ( 'NONE',  ( 0.0000000000000000000, 0.0000000000000000000, 1.000000000000000000 ) ) ;
#1637 = ORIENTED_EDGE ( 'NONE', *, *, #938, .T. ) ;
#1638 = CARTESIAN_POINT ( 'NONE',  ( 2.875399175316841749, 7.641521428478466937, 6.304600824683190829 ) ) ;
#1639 = DIRECTION ( 'NONE',  ( -0.9333456062030596190, 0.3589790793088689647, 0.0000000000000000000 ) ) ;
#1640 = PLANE ( 'NONE',  #2848 ) ;
#1641 = DIRECTION ( 'NONE',  ( 0.3589790793088689647, 0.9333456062030596190, -0.0000000000000000000 ) ) ;
#1642 = CARTESIAN_POINT ( 'NONE',  ( 7.800000000000031797, 8.074999999999997513, 8.310000000000000497 ) ) ;
#1643 = DIRECTION ( 'NONE',  ( 0.0000000000000000000, -0.9805806756909205557, 0.1961161351381819073 ) ) ;
#1644 = DIRECTION ( 'NONE',  ( -0.4008721094621968684, 0.0000000000000000000, 0.9161340250505536353 ) ) ;
#1645 = CARTESIAN_POINT ( 'NONE',  ( 2.706020063032100520, 5.055644943882622755, 9.343599450211216961 ) ) ;
#1646 = CARTESIAN_POINT ( 'NONE',  ( 6.603503638545562104, 9.225000000000001421, 3.996168617640179832 ) ) ;
#1647 = CARTESIAN_POINT ( 'NONE',  ( 4.100000000000030731, 8.077181834648554215, 3.229999999999999538 ) ) ;
#1648 = DIRECTION ( 'NONE',  ( -0.4008721094621767733, 0.0000000000000000000, -0.9161340250505624061 ) ) ;
#1649 = CARTESIAN_POINT ( 'NONE',  ( 7.799714466474582331, 8.081542908104839995, 8.310142766762723454 ) ) ;
#1650 = CARTESIAN_POINT ( 'NONE',  ( 3.700000000000199130, 9.223976478196641793, 8.531879489198432864 ) ) ;
#1651 = ORIENTED_EDGE ( 'NONE', *, *, #2638, .T. ) ;
#1652 = EDGE_CURVE ( 'NONE', #814, #2552, #876, .T. ) ;
#1653 = CARTESIAN_POINT ( 'NONE',  ( 5.663359049252691513, 5.849854761811801751, 9.751799725105593453 ) ) ;
#1654 = DIRECTION ( 'NONE',  ( 0.0000000000000000000, 0.0000000000000000000, 1.000000000000000000 ) ) ;
#1655 = EDGE_LOOP ( 'NONE', ( #2534, #815, #1792, #72 ) ) ;
#1656 = CARTESIAN_POINT ( 'NONE',  ( 2.875399175316840861, 7.034811610549288829, 3.855399175316810645 ) ) ;
#1657 = CARTESIAN_POINT ( 'NONE',  ( 3.185368038782671274, 7.413055402323271537, 5.994631961217359084 ) ) ;
#1658 = PLANE ( 'NONE',  #3282 ) ;
#1659 = CARTESIAN_POINT ( 'NONE',  ( 7.200000000000020606, 3.500000000000030198, 8.784999999999991260 ) ) ;
#1660 = DIRECTION ( 'NONE',  ( -1.000000000000000000, 0.0000000000000000000, -0.0000000000000000000 ) ) ;
#1661 = CARTESIAN_POINT ( 'NONE',  ( 7.199999999999979750, 3.500000000000050182, 6.455000000000000071 ) ) ;
#1662 = CARTESIAN_POINT ( 'NONE',  ( 2.706020063032101408, 6.037354761811801751, 9.343599450211215185 ) ) ;
#1663 = DIRECTION ( 'NONE',  ( 0.0000000000000000000, 0.0000000000000000000, 1.000000000000000000 ) ) ;
#1664 = CARTESIAN_POINT ( 'NONE',  ( 7.599398324623832579, 5.200000000000011724, 3.505300837688082982 ) ) ;
#1665 = AXIS2_PLACEMENT_3D ( 'NONE', #1136, #821, #1495 ) ;
#1666 = CARTESIAN_POINT ( 'NONE',  ( 4.100000000000029843, 8.000000000009777068, 10.16000000000000014 ) ) ;
#1667 = PLANE ( 'NONE',  #4173 ) ;
#1668 = CARTESIAN_POINT ( 'NONE',  ( 3.700000000000029932, 9.159632248212810524, 8.424238920752717519 ) ) ;
#1669 = VECTOR ( 'NONE', #3258, 1000.000000000000000 ) ;
#1670 = ORIENTED_EDGE ( 'NONE', *, *, #3988, .F. ) ;
#1671 = AXIS2_PLACEMENT_3D ( 'NONE', #2622, #3965, #1301 ) ;
#1672 = CARTESIAN_POINT ( 'NONE',  ( 3.700000000000107203, 9.212450302919554801, 3.408498883987038930 ) ) ;
#1673 = VERTEX_POINT ( 'NONE', #1466 ) ;
#1674 = VECTOR ( 'NONE', #98, 1000.000000000000000 ) ;
#1675 = CARTESIAN_POINT ( 'NONE',  ( 6.922777448336631778, 9.081542908107884671, 11.41242797313062596 ) ) ;
#1676 = CARTESIAN_POINT ( 'NONE',  ( 8.199999999999999289, -3.996802888650562757E-15, 2.539999999999998703 ) ) ;
#1677 = EDGE_CURVE ( 'NONE', #539, #879, #97, .T. ) ;
#1678 = DIRECTION ( 'NONE',  ( 0.0000000000000000000, 0.0000000000000000000, 1.000000000000000000 ) ) ;
#1679 = DIRECTION ( 'NONE',  ( -0.4008721094621948144, 0.0000000000000000000, -0.9161340250505545235 ) ) ;
#1680 = CIRCLE ( 'NONE', #2087, 0.6999999999999999556 ) ;
#1681 = CARTESIAN_POINT ( 'NONE',  ( 3.700000000000029932, 8.424999999994179589, 6.870730853915917535 ) ) ;
#1682 = EDGE_CURVE ( 'NONE', #1967, #2473, #1835, .T. ) ;
#1683 = CARTESIAN_POINT ( 'NONE',  ( 5.663359049252692401, 5.826478277215956680, 10.56820027489439973 ) ) ;
#1684 = CARTESIAN_POINT ( 'NONE',  ( 6.603503638545562104, 9.225000000000001421, 6.163831382359820310 ) ) ;
#1685 = FACE_OUTER_BOUND ( 'NONE', #2364, .T. ) ;
#1686 = DIRECTION ( 'NONE',  ( 1.000000000000000000, -1.934755058819819918E-15, 0.0000000000000000000 ) ) ;
#1687 = ORIENTED_EDGE ( 'NONE', *, *, #1833, .F. ) ;
#1688 = CARTESIAN_POINT ( 'NONE',  ( 4.499999999992201793, 9.136807545357715554, 3.331118752227103741 ) ) ;
#1689 = PERSON ( 'NAUO-PER1', 'UNSPECIFIED', 'UNSPECIFIED', ('UNSPECIFIED'), ('UNSPECIFIED'), ('UNSPECIFIED') ) ;
#1690 = CARTESIAN_POINT ( 'NONE',  ( 8.199999999999981526, 1.000000000000052847, 3.205000000000043148 ) ) ;
#1691 = LINE ( 'NONE', #4082, #1172 ) ;
#1692 = LINE ( 'NONE', #2009, #3891 ) ;
#1693 = CARTESIAN_POINT ( 'NONE',  ( 4.499999999995153210, 9.179561790847532876, 8.440676445133512118 ) ) ;
#1694 = EDGE_CURVE ( 'NONE', #4215, #2004, #393, .T. ) ;
#1695 = CARTESIAN_POINT ( 'NONE',  ( 4.100000000000029843, 7.925000000000005151, -127.9480000000000075 ) ) ;
#1696 = EDGE_CURVE ( 'NONE', #2924, #1097, #1881, .T. ) ;
#1697 = CARTESIAN_POINT ( 'NONE',  ( 6.848402576743479742, 5.200000000000009948, 13.01788662576990063 ) ) ;
#1698 = LINE ( 'NONE', #2753, #3920 ) ;
#1699 = VERTEX_POINT ( 'NONE', #3902 ) ;
#1700 = CARTESIAN_POINT ( 'NONE',  ( 2.738797601692064987, 7.925000000000025580, 4.037159105055644126 ) ) ;
#1701 = LINE ( 'NONE', #13, #2995 ) ;
#1702 = ADVANCED_FACE ( 'NONE', ( #198, #2864 ), #2239, .T. ) ;
#1703 = CARTESIAN_POINT ( 'NONE',  ( 2.536640950747361511, 7.118144943882622755, 10.56820027489438552 ) ) ;
#1704 = DIRECTION ( 'NONE',  ( 1.000000000000000000, 2.451313349353944172E-13, 0.0000000000000000000 ) ) ;
#1705 = ORIENTED_EDGE ( 'NONE', *, *, #1292, .T. ) ;
#1706 = ORIENTED_EDGE ( 'NONE', *, *, #2963, .F. ) ;
#1707 = DIRECTION ( 'NONE',  ( 0.0000000000000000000, 1.000000000000000000, 0.0000000000000000000 ) ) ;
#1708 = EDGE_LOOP ( 'NONE', ( #1002, #1455, #3351, #4180, #1507, #2494 ) ) ;
#1709 = EDGE_LOOP ( 'NONE', ( #1637, #2714, #734, #3259 ) ) ;
#1710 = LINE ( 'NONE', #3356, #2363 ) ;
#1711 = CARTESIAN_POINT ( 'NONE',  ( 1.242500000000100080, 4.000000000000070166, 2.930000000000000160 ) ) ;
#1712 = LINE ( 'NONE', #5, #2912 ) ;
#1713 = FACE_OUTER_BOUND ( 'NONE', #933, .T. ) ;
#1714 = DIRECTION ( 'NONE',  ( 0.0000000000000000000, -0.0000000000000000000, -1.000000000000000000 ) ) ;
#1715 = VERTEX_POINT ( 'NONE', #1959 ) ;
#1716 = EDGE_CURVE ( 'NONE', #1811, #1490, #3878, .T. ) ;
#1717 = LINE ( 'NONE', #1409, #1953 ) ;
#1718 = CIRCLE ( 'NONE', #3265, 1.806196290330798870 ) ;
#1719 = EDGE_CURVE ( 'NONE', #2308, #1607, #2433, .T. ) ;
#1720 = CARTESIAN_POINT ( 'NONE',  ( 4.916943633343930919, 7.912354761811804416, 8.766020063032067711 ) ) ;
#1721 = EDGE_CURVE ( 'NONE', #2001, #312, #3908, .T. ) ;
#1722 = CARTESIAN_POINT ( 'NONE',  ( 7.799904807055986211, 8.079363150079460709, 8.310047596472021070 ) ) ;
#1723 = ORIENTED_EDGE ( 'NONE', *, *, #1545, .T. ) ;
#1724 = CARTESIAN_POINT ( 'NONE',  ( 5.324600824683218825, 6.909811610549289718, 3.855399175316809313 ) ) ;
#1725 = VECTOR ( 'NONE', #3925, 1000.000000000000000 ) ;
#1726 = AXIS2_PLACEMENT_3D ( 'NONE', #3969, #945, #2301 ) ;
#1727 = ORIENTED_EDGE ( 'NONE', *, *, #4108, .T. ) ;
#1728 = CARTESIAN_POINT ( 'NONE',  ( 4.100000000000029843, 8.081542908104976775, 3.230142766762728268 ) ) ;
#1729 = ORIENTED_EDGE ( 'NONE', *, *, #1945, .F. ) ;
#1730 = ORIENTED_EDGE ( 'NONE', *, *, #16, .T. ) ;
#1731 = LINE ( 'NONE', #2735, #733 ) ;
#1732 = VECTOR ( 'NONE', #904, 1000.000000000000000 ) ;
#1733 = LINE ( 'NONE', #2695, #1963 ) ;
#1734 = VECTOR ( 'NONE', #3304, 1000.000000000000000 ) ;
#1735 = VECTOR ( 'NONE', #422, 1000.000000000000000 ) ;
#1736 = CARTESIAN_POINT ( 'NONE',  ( 0.4000000000000279443, 8.074999999999997513, 12.01000000000000156 ) ) ;
#1737 = CARTESIAN_POINT ( 'NONE',  ( 4.499999999998679279, 9.210356407246155896, 8.483827651957829730 ) ) ;
#1738 = CC_DESIGN_SECURITY_CLASSIFICATION ( #3916, ( #3837 ) ) ;
#1739 = EDGE_CURVE ( 'NONE', #624, #502, #955, .T. ) ;
#1740 = APPLICATION_PROTOCOL_DEFINITION ( 'international standard', 'config_control_design', 1994, #3283 ) ;
#1741 = EDGE_LOOP ( 'NONE', ( #409, #1883, #4267, #4079 ) ) ;
#1742 = CONICAL_SURFACE ( 'NONE', #1966, 1.924999999956380048, 1.190289949708666528 ) ;
#1743 = DIRECTION ( 'NONE',  ( -0.0000000000000000000, -1.000000000000000000, -0.0000000000000000000 ) ) ;
#1744 = CARTESIAN_POINT ( 'NONE',  ( 7.456259223559869476, 4.952135600172730356, 6.455000000000000071 ) ) ;
#1745 = CARTESIAN_POINT ( 'NONE',  ( 3.700000000000030376, 9.225000000000001421, 11.76731424184797525 ) ) ;
#1746 = VERTEX_POINT ( 'NONE', #3569 ) ;
#1747 = CARTESIAN_POINT ( 'NONE',  ( 2.875399175316839528, 6.516521428478469602, 3.855399175316807980 ) ) ;
#1748 = EDGE_CURVE ( 'NONE', #1139, #290, #99, .T. ) ;
#1749 = ADVANCED_FACE ( 'NONE', ( #1220 ), #2563, .T. ) ;
#1750 = ORIENTED_EDGE ( 'NONE', *, *, #3276, .T. ) ;
#1751 = FACE_OUTER_BOUND ( 'NONE', #1373, .T. ) ;
#1752 = CARTESIAN_POINT ( 'NONE',  ( 4.350000000000020961, -2.799999999999992273, 4.580000000000000071 ) ) ;
#1753 = ORIENTED_EDGE ( 'NONE', *, *, #4219, .F. ) ;
#1754 = ORIENTED_EDGE ( 'NONE', *, *, #4191, .F. ) ;
#1755 = CARTESIAN_POINT ( 'NONE',  ( 5.014631961217387968, 6.538055402323279530, 5.994631961217358196 ) ) ;
#1756 = DIRECTION ( 'NONE',  ( -0.0000000000000000000, -0.0000000000000000000, -1.000000000000000000 ) ) ;
#1757 = CARTESIAN_POINT ( 'NONE',  ( 0.4000000000000278888, 7.987132034355958865, 12.00999999999999801 ) ) ;
#1758 = CARTESIAN_POINT ( 'NONE',  ( 0.4734025767434382748, 7.112366251504909087E-14, 13.01788662576988109 ) ) ;
#1759 = CARTESIAN_POINT ( 'NONE',  ( 4.404877320405817365, 5.496388735656614344, 11.32764428414853697 ) ) ;
#1760 = ORIENTED_EDGE ( 'NONE', *, *, #4164, .F. ) ;
#1761 = CARTESIAN_POINT ( 'NONE',  ( 1.277222551663133920, 9.081542908098345634, 6.332427973130776877 ) ) ;
#1762 = DIRECTION ( 'NONE',  ( -1.000000000000000000, 0.0000000000000000000, -0.0000000000000000000 ) ) ;
#1763 = CARTESIAN_POINT ( 'NONE',  ( 5.493979936967957833, 7.305644943882623643, 10.97640054978880286 ) ) ;
#1764 = PLANE ( 'NONE',  #1518 ) ;
#1765 = VERTEX_POINT ( 'NONE', #3542 ) ;
#1766 = CARTESIAN_POINT ( 'NONE',  ( 4.100000000000028955, 5.722311610549288829, 6.812738161537398973 ) ) ;
#1767 = CC_DESIGN_PERSON_AND_ORGANIZATION_ASSIGNMENT ( #3068, #1802, ( #1151 ) ) ;
#1768 = VERTEX_POINT ( 'NONE', #3953 ) ;
#1769 = CARTESIAN_POINT ( 'NONE',  ( 3.700000000000030376, 8.862695448255697883, 3.308854107944921630 ) ) ;
#1770 = DIRECTION ( 'NONE',  ( -1.000000000000000000, 0.0000000000000000000, -0.0000000000000000000 ) ) ;
#1771 = ORIENTED_EDGE ( 'NONE', *, *, #3187, .T. ) ;
#1772 = ORIENTED_EDGE ( 'NONE', *, *, #3754, .F. ) ;
#1773 = ADVANCED_FACE ( 'NONE', ( #1266 ), #149, .T. ) ;
#1774 = CARTESIAN_POINT ( 'NONE',  ( 4.100000000000030731, 7.204021428478472266, 6.812738161537398973 ) ) ;
#1775 = PRODUCT_DEFINITION_SHAPE ( 'NONE', 'NONE',  #1151 ) ;
#1776 = CARTESIAN_POINT ( 'NONE',  ( 5.141138122682956002, 7.058888735656613456, 10.76975464081160894 ) ) ;
#1777 = CARTESIAN_POINT ( 'NONE',  ( 2.536640950747361511, 4.618144943882622755, 10.56820027489438729 ) ) ;
#1778 = CARTESIAN_POINT ( 'NONE',  ( 7.200000000000019718, 3.500000000000030198, 11.53500000000000014 ) ) ;
#1779 = PLANE ( 'NONE',  #2425 ) ;
#1780 = CARTESIAN_POINT ( 'NONE',  ( 3.490245359188453467, 4.767222068989949157, 9.118861877317073095 ) ) ;
#1781 = PLANE ( 'NONE',  #179 ) ;
#1782 = EDGE_LOOP ( 'NONE', ( #1504, #2076, #3069, #2804, #1216, #2166 ) ) ;
#1783 = DIRECTION ( 'NONE',  ( 0.0000000000000000000, 0.0000000000000000000, -1.000000000000000000 ) ) ;
#1784 = CARTESIAN_POINT ( 'NONE',  ( 3.700000000000031264, 9.224999999999980105, 6.704958026918077074 ) ) ;
#1785 = ORIENTED_EDGE ( 'NONE', *, *, #1019, .F. ) ;
#1786 = VECTOR ( 'NONE', #3670, 1000.000000000000000 ) ;
#1787 = ORIENTED_EDGE ( 'NONE', *, *, #4266, .T. ) ;
#1788 = CARTESIAN_POINT ( 'NONE',  ( 3.700000000000030376, 9.081542908099738298, 3.318652493345640053 ) ) ;
#1789 = CARTESIAN_POINT ( 'NONE',  ( 0.4000951929440769717, 8.079363150079551303, 6.929952403527978255 ) ) ;
#1790 = VECTOR ( 'NONE', #1350, 1000.000000000000000 ) ;
#1791 = ORIENTED_EDGE ( 'NONE', *, *, #2293, .T. ) ;
#1792 = ORIENTED_EDGE ( 'NONE', *, *, #2787, .F. ) ;
#1793 = CARTESIAN_POINT ( 'NONE',  ( 4.709754640811604887, 7.517222068989935835, 11.20113812268296982 ) ) ;
#1794 = VECTOR ( 'NONE', #1226, 1000.000000000000114 ) ;
#1795 = CARTESIAN_POINT ( 'NONE',  ( 6.987500000000040679, 5.200000000000006395, 12.70000000000000107 ) ) ;
#1796 = CARTESIAN_POINT ( 'NONE',  ( 4.100000000000029843, 8.000000000000010658, 12.08499999993196461 ) ) ;
#1797 = LINE ( 'NONE', #183, #3117 ) ;
#1798 = VECTOR ( 'NONE', #2333, 1000.000000000000000 ) ;
#1799 = CARTESIAN_POINT ( 'NONE',  ( 4.709754640811615545, 5.017222068989949157, 11.20113812268296449 ) ) ;
#1800 = DIRECTION ( 'NONE',  ( 1.000000000000000000, 2.439454888092379849E-15, 0.0000000000000000000 ) ) ;
#1801 = EDGE_CURVE ( 'NONE', #3807, #4120, #1027, .T. ) ;
#1802 = PERSON_AND_ORGANIZATION_ROLE ( 'creator' ) ;
#1803 = VECTOR ( 'NONE', #3946, 999.9999999999998863 ) ;
#1804 = ORIENTED_EDGE ( 'NONE', *, *, #3937, .F. ) ;
#1805 = APPROVAL_PERSON_ORGANIZATION ( #3177, #784, #4196 ) ;
#1806 = AXIS2_PLACEMENT_3D ( 'NONE', #3579, #1296, #2636 ) ;
#1807 = CARTESIAN_POINT ( 'NONE',  ( 7.607500000000049667, 5.199999999999999289, 13.19999999999999929 ) ) ;
#1808 = CIRCLE ( 'NONE', #4127, 1.924999999999999600 ) ;
#1809 = CARTESIAN_POINT ( 'NONE',  ( 2.706020063032102740, 7.120688095145135676, 10.97640054978880464 ) ) ;
#1810 = CARTESIAN_POINT ( 'NONE',  ( 4.100000000000029843, 8.074999999999999289, 12.01000000000000156 ) ) ;
#1811 = VERTEX_POINT ( 'NONE', #525 ) ;
#1812 = CARTESIAN_POINT ( 'NONE',  ( 4.100000000000031619, 6.454021428478469602, 3.347261838462599837 ) ) ;
#1813 = AXIS2_PLACEMENT_3D ( 'NONE', #1697, #2339, #1644 ) ;
#1814 = ORIENTED_EDGE ( 'NONE', *, *, #1047, .F. ) ;
#1815 = DIRECTION ( 'NONE',  ( 0.0000000000000000000, 0.0000000000000000000, -1.000000000000000000 ) ) ;
#1816 = CARTESIAN_POINT ( 'NONE',  ( 1.770905952872640077, 9.699999999999999289, 2.540000000000000480 ) ) ;
#1817 = ORIENTED_EDGE ( 'NONE', *, *, #1575, .F. ) ;
#1818 = EDGE_LOOP ( 'NONE', ( #151, #2795 ) ) ;
#1819 = CARTESIAN_POINT ( 'NONE',  ( 2.536640950747369505, 7.058188095145136565, 9.751799725105597005 ) ) ;
#1820 = CARTESIAN_POINT ( 'NONE',  ( 5.493979936967960498, 4.805644943882624531, 10.97640054978879931 ) ) ;
#1821 = DIRECTION ( 'NONE',  ( 0.0000000000000000000, -1.000000000000000000, 0.0000000000000000000 ) ) ;
#1822 = DIRECTION ( 'NONE',  ( 0.0000000000000000000, -1.000000000000000000, 0.0000000000000000000 ) ) ;
#1823 = CARTESIAN_POINT ( 'NONE',  ( 5.016555017495219815, 4.653833376304771008, 9.434400007805850308 ) ) ;
#1824 = CARTESIAN_POINT ( 'NONE',  ( 4.100000000000029843, 7.924999999999997158, 6.867867965644035344 ) ) ;
#1825 = DIRECTION ( 'NONE',  ( 0.0000000000000000000, 0.0000000000000000000, 1.000000000000000000 ) ) ;
#1826 = ORIENTED_EDGE ( 'NONE', *, *, #3937, .T. ) ;
#1827 = LINE ( 'NONE', #3919, #4106 ) ;
#1828 = EDGE_CURVE ( 'NONE', #2793, #3244, #1582, .T. ) ;
#1829 = DIRECTION ( 'NONE',  ( 1.001908583198310010E-14, 1.000000000000000000, -0.0000000000000000000 ) ) ;
#1830 = CARTESIAN_POINT ( 'NONE',  ( 3.691799725105646690, 7.183188095145137453, 11.72335904925267513 ) ) ;
#1831 = CARTESIAN_POINT ( 'NONE',  ( 4.440648144086635440, 9.225000000000001421, 3.459068812695286876 ) ) ;
#1832 = ORIENTED_EDGE ( 'NONE', *, *, #341, .F. ) ;
#1833 = EDGE_CURVE ( 'NONE', #1112, #1314, #2590, .T. ) ;
#1834 = ORIENTED_EDGE ( 'NONE', *, *, #683, .F. ) ;
#1835 = LINE ( 'NONE', #1130, #2575 ) ;
#1836 = ORIENTED_EDGE ( 'NONE', *, *, #1571, .T. ) ;
#1837 = EDGE_LOOP ( 'NONE', ( #2849, #3495, #4176, #428 ) ) ;
#1838 = CARTESIAN_POINT ( 'NONE',  ( 3.691799725105633367, 7.683188095145135676, 11.72335904925266625 ) ) ;
#1839 = CARTESIAN_POINT ( 'NONE',  ( 2.706020063032100076, 4.555644943882622755, 9.343599450211206303 ) ) ;
#1840 = VERTEX_POINT ( 'NONE', #1931 ) ;
#1841 = CARTESIAN_POINT ( 'NONE',  ( 4.099999999999989875, 10.00000000000000000, 3.155000000000000249 ) ) ;
#1842 = CARTESIAN_POINT ( 'NONE',  ( 4.404877320405812924, 5.204722068989947381, 8.992355715851497067 ) ) ;
#1843 = CARTESIAN_POINT ( 'NONE',  ( 6.375000000000030198, 4.049999999999999822, 11.53500000000000014 ) ) ;
#1844 = COORDINATED_UNIVERSAL_TIME_OFFSET ( 0, 0, .AHEAD. ) ;
#1845 = VERTEX_POINT ( 'NONE', #1535 ) ;
#1846 = DIRECTION ( 'NONE',  ( 0.0000000000000000000, 0.0000000000000000000, -1.000000000000000000 ) ) ;
#1847 = DIRECTION ( 'NONE',  ( 1.000000000000000000, 8.972707634362790352E-16, -0.0000000000000000000 ) ) ;
#1848 = CARTESIAN_POINT ( 'NONE',  ( 8.199999999999999289, 5.799999999999999822, 2.540000000000000036 ) ) ;
#1849 = CARTESIAN_POINT ( 'NONE',  ( 2.536640950747366396, 6.558188095145137453, 9.751799725105604111 ) ) ;
#1850 = ORIENTED_EDGE ( 'NONE', *, *, #618, .F. ) ;
#1851 = CARTESIAN_POINT ( 'NONE',  ( 4.100000000000030731, 7.987132034355965082, 3.229999999999999538 ) ) ;
#1852 = CARTESIAN_POINT ( 'NONE',  ( 5.014631961217390632, 6.038055402323280418, 5.994631961217351090 ) ) ;
#1853 = EDGE_CURVE ( 'NONE', #2241, #3170, #3260, .T. ) ;
#1854 = EDGE_CURVE ( 'NONE', #2051, #1490, #1508, .T. ) ;
#1855 = ORIENTED_EDGE ( 'NONE', *, *, #1188, .T. ) ;
#1856 = DIRECTION ( 'NONE',  ( 0.0000000000000000000, 0.0000000000000000000, 1.000000000000000000 ) ) ;
#1857 = LINE ( 'NONE', #176, #1180 ) ;
#1858 = ORIENTED_EDGE ( 'NONE', *, *, #3194, .F. ) ;
#1859 = ORIENTED_EDGE ( 'NONE', *, *, #293, .T. ) ;
#1860 = CARTESIAN_POINT ( 'NONE',  ( 3.795122679594252535, 6.246388735656612567, 8.992355715851497067 ) ) ;
#1861 = VECTOR ( 'NONE', #3179, 1000.000000000000000 ) ;
#1862 = PLANE ( 'NONE',  #2154 ) ;
#1863 = ORIENTED_EDGE ( 'NONE', *, *, #971, .T. ) ;
#1864 = DIRECTION ( 'NONE',  ( -1.000000000000000000, 1.583609927488660088E-14, 0.0000000000000000000 ) ) ;
#1865 = DIRECTION ( 'NONE',  ( 0.3589790793088689647, 0.9333456062030596190, -0.0000000000000000000 ) ) ;
#1866 = CIRCLE ( 'NONE', #4320, 1.806196290327717113 ) ;
#1867 = DATE_AND_TIME ( #2414, #3137 ) ;
#1868 = ORIENTED_EDGE ( 'NONE', *, *, #3402, .T. ) ;
#1869 = PLANE ( 'NONE',  #4318 ) ;
#1870 = ADVANCED_FACE ( 'NONE', ( #2284 ), #4175, .T. ) ;
#1871 = FACE_OUTER_BOUND ( 'NONE', #3926, .T. ) ;
#1872 = VECTOR ( 'NONE', #1056, 1000.000000000000000 ) ;
#1873 = DIRECTION ( 'NONE',  ( -8.972707634362790352E-16, 1.000000000000000000, 0.0000000000000000000 ) ) ;
#1874 = CARTESIAN_POINT ( 'NONE',  ( 3.691799725105625374, 6.974854761811803527, 8.596640950747339360 ) ) ;
#1875 = CARTESIAN_POINT ( 'NONE',  ( 3.700000000006334222, 9.096630297186855785, 11.92008280303935841 ) ) ;
#1876 = ORIENTED_EDGE ( 'NONE', *, *, #2838, .T. ) ;
#1877 = LINE ( 'NONE', #2259, #4326 ) ;
#1878 = CARTESIAN_POINT ( 'NONE',  ( 4.100000000000028955, 6.204021428478468714, 6.812738161537398973 ) ) ;
#1879 = AXIS2_PLACEMENT_3D ( 'NONE', #1173, #3930, #1486 ) ;
#1880 = ORIENTED_EDGE ( 'NONE', *, *, #1854, .T. ) ;
#1881 = LINE ( 'NONE', #2909, #2079 ) ;
#1882 = CARTESIAN_POINT ( 'NONE',  ( 5.799920596377506676, 7.924999999999977618, 9.934947882387728413 ) ) ;
#1883 = ORIENTED_EDGE ( 'NONE', *, *, #2174, .T. ) ;
#1884 = ORIENTED_EDGE ( 'NONE', *, *, #4065, .F. ) ;
#1885 = VECTOR ( 'NONE', #153, 1000.000000000000000 ) ;
#1886 = EDGE_CURVE ( 'NONE', #1530, #2708, #2348, .T. ) ;
#1887 = EDGE_CURVE ( 'NONE', #1534, #3122, #3007, .T. ) ;
#1888 = CARTESIAN_POINT ( 'NONE',  ( 5.267644284148531142, 6.621388735656614344, 9.855122679594217061 ) ) ;
#1889 = DIRECTION ( 'NONE',  ( 0.0000000000000000000, -1.000000000000000000, 0.0000000000000000000 ) ) ;
#1890 = ORIENTED_EDGE ( 'NONE', *, *, #1543, .F. ) ;
#1891 = FACE_OUTER_BOUND ( 'NONE', #928, .T. ) ;
#1892 = EDGE_CURVE ( 'NONE', #2983, #3241, #1026, .T. ) ;
#1893 = CARTESIAN_POINT ( 'NONE',  ( 4.100000000000029843, 8.000000000000010658, 8.235000000068037451 ) ) ;
#1894 = CALENDAR_DATE ( 2019, 21, 10 ) ;
#1895 = ORIENTED_EDGE ( 'NONE', *, *, #266, .T. ) ;
#1896 = CARTESIAN_POINT ( 'NONE',  ( 3.728531723911360896, 9.081542908098320765, 11.92758489444160475 ) ) ;
#1897 = DIRECTION ( 'NONE',  ( -0.0000000000000000000, 0.1961161351381819073, 0.9805806756909205557 ) ) ;
#1898 = CARTESIAN_POINT ( 'NONE',  ( 4.500000000000031086, 9.081542908114133894, 8.398652493344412662 ) ) ;
#1899 = CARTESIAN_POINT ( 'NONE',  ( 3.691799725105625818, 6.683188095145136565, 11.72335904925266803 ) ) ;
#1900 = FACE_OUTER_BOUND ( 'NONE', #2713, .T. ) ;
#1901 = B_SPLINE_CURVE_WITH_KNOTS ( 'NONE', 3,
 ( #215, #2927, #847, #3870, #870, #3231, #1624, #565, #1576, #4290, #2902, #898, #4244, #1924, #3253, #1597, #3947, #3532 ),
 .UNSPECIFIED., .F., .F.,
 ( 4, 2, 2, 2, 2, 2, 2, 2, 4 ),
 ( 0.0000000000000000000, 0.1249999999999997502, 0.2499999999999995004, 0.3749999999999995559, 0.4999999999999996669, 0.6249999999999997780, 0.7499999999999997780, 0.8749999999999998890, 1.000000000000000000 ),
 .UNSPECIFIED. ) ;
#1902 = VERTEX_POINT ( 'NONE', #3668 ) ;
#1903 = CARTESIAN_POINT ( 'NONE',  ( 0.4000000000000287770, 7.987132034355963306, 6.930000000000000604 ) ) ;
#1904 = CARTESIAN_POINT ( 'NONE',  ( 5.324600824683221489, 5.766521428478472266, 6.304600824683194382 ) ) ;
#1905 = ORIENTED_EDGE ( 'NONE', *, *, #638, .T. ) ;
#1906 = CARTESIAN_POINT ( 'NONE',  ( 4.099999999999989875, 7.924999999988812327, 5.080000000000000071 ) ) ;
#1907 = DIRECTION ( 'NONE',  ( 0.2588190451025201844, 0.9659258262890684232, 0.0000000000000000000 ) ) ;
#1908 = ORIENTED_EDGE ( 'NONE', *, *, #3680, .F. ) ;
#1909 = ORIENTED_EDGE ( 'NONE', *, *, #2961, .T. ) ;
#1910 = APPROVAL ( #2171, 'UNSPECIFIED' ) ;
#1911 = CARTESIAN_POINT ( 'NONE',  ( 4.709754640811597781, 6.517222068989947381, 11.20113812268297160 ) ) ;
#1912 = EDGE_CURVE ( 'NONE', #874, #2708, #1710, .T. ) ;
#1913 = DIRECTION ( 'NONE',  ( -1.000000000000000000, 0.0000000000000000000, 0.0000000000000000000 ) ) ;
#1914 = ORIENTED_EDGE ( 'NONE', *, *, #2323, .F. ) ;
#1915 = CARTESIAN_POINT ( 'NONE',  ( 4.100000000000030731, 6.722311610549290606, 6.812738161537398973 ) ) ;
#1916 = FACE_OUTER_BOUND ( 'NONE', #687, .T. ) ;
#1917 = CARTESIAN_POINT ( 'NONE',  ( 6.900000000000016342, 1.500000000000042633, 3.704999999999996518 ) ) ;
#1918 = DATE_AND_TIME ( #2273, #884 ) ;
#1919 = EDGE_CURVE ( 'NONE', #1921, #4204, #3468, .T. ) ;
#1920 = ADVANCED_FACE ( 'NONE', ( #3063 ), #2006, .F. ) ;
#1921 = VERTEX_POINT ( 'NONE', #2059 ) ;
#1922 = LINE ( 'NONE', #3250, #2426 ) ;
#1923 = LINE ( 'NONE', #541, #1803 ) ;
#1924 = CARTESIAN_POINT ( 'NONE',  ( 5.142964352667093841, 7.924999999999985612, 6.441310569200227931 ) ) ;
#1925 = CARTESIAN_POINT ( 'NONE',  ( 4.508200274894426762, 5.743144943882623643, 11.72335904925266448 ) ) ;
#1926 = CARTESIAN_POINT ( 'NONE',  ( 6.916992728095258336, 9.166319812942820278, 6.329861371413057824 ) ) ;
#1927 = EDGE_LOOP ( 'NONE', ( #2218, #1905, #2086, #984 ) ) ;
#1928 = CARTESIAN_POINT ( 'NONE',  ( 2.875399175316839973, 4.659811610549287941, 6.304600824683193494 ) ) ;
#1929 = CARTESIAN_POINT ( 'NONE',  ( 8.199999999999999289, -3.996802888650562757E-15, 4.580000000000000959 ) ) ;
#1930 = ORIENTED_EDGE ( 'NONE', *, *, #4057, .T. ) ;
#1931 = CARTESIAN_POINT ( 'NONE',  ( 3.700000000000030376, 9.081542908099738298, 3.318652493345640053 ) ) ;
#1932 = LINE ( 'NONE', #2889, #2089 ) ;
#1933 = ORIENTED_EDGE ( 'NONE', *, *, #1421, .T. ) ;
#1934 = EDGE_CURVE ( 'NONE', #861, #201, #1731, .T. ) ;
#1935 = CARTESIAN_POINT ( 'NONE',  ( 3.691799725105647134, 6.474854761811802639, 8.596640950747332255 ) ) ;
#1936 = CARTESIAN_POINT ( 'NONE',  ( 3.850000000000020073, -2.800000000000029576, 9.659999999999994813 ) ) ;
#1937 = ORIENTED_EDGE ( 'NONE', *, *, #667, .F. ) ;
#1938 = CARTESIAN_POINT ( 'NONE',  ( 5.324600824683223266, 7.284811610549292382, 6.304600824683190829 ) ) ;
#1939 = CARTESIAN_POINT ( 'NONE',  ( 7.200000000000018829, 1.384615384615421441, 3.705000000000000071 ) ) ;
#1940 = CARTESIAN_POINT ( 'NONE',  ( 4.500000000000031086, 9.129905675435647794, 6.830817283854547561 ) ) ;
#1941 = CALENDAR_DATE ( 2019, 21, 10 ) ;
#1942 = VERTEX_POINT ( 'NONE', #3 ) ;
#1943 = CARTESIAN_POINT ( 'NONE',  ( 4.100000000000029843, 7.924999999999998046, 11.85999999999999943 ) ) ;
#1944 = AXIS2_PLACEMENT_3D ( 'NONE', #2625, #1663, #2358 ) ;
#1945 = EDGE_CURVE ( 'NONE', #4280, #2617, #379, .T. ) ;
#1946 = DIRECTION ( 'NONE',  ( -0.0000000000000000000, -0.0000000000000000000, -1.000000000000000000 ) ) ;
#1947 = CC_DESIGN_PERSON_AND_ORGANIZATION_ASSIGNMENT ( #1453, #1428, ( #1384 ) ) ;
#1948 = CARTESIAN_POINT ( 'NONE',  ( 7.200000000000001066, 4.049999999999999822, 8.785000000000000142 ) ) ;
#1949 = AXIS2_PLACEMENT_3D ( 'NONE', #2800, #797, #1822 ) ;
#1950 = CARTESIAN_POINT ( 'NONE',  ( 3.691799725105632035, 5.683188095145135676, 11.72335904925266803 ) ) ;
#1951 = LINE ( 'NONE', #679, #25 ) ;
#1952 = CARTESIAN_POINT ( 'NONE',  ( 36.60000000000000142, -2.800000000000010036, 4.580000000000000071 ) ) ;
#1953 = VECTOR ( 'NONE', #4030, 1000.000000000000000 ) ;
#1954 = CARTESIAN_POINT ( 'NONE',  ( 4.777232718761228014, 4.679277722647359639, 4.066861312017943320 ) ) ;
#1955 = LOCAL_TIME ( 19, 29, 23.00000000000000000, #4109 ) ;
#1956 = AXIS2_PLACEMENT_3D ( 'NONE', #4132, #90, #3131 ) ;
#1957 = DIRECTION ( 'NONE',  ( -0.9161340250505545235, 9.178825430581685652E-15, -0.4008721094621948144 ) ) ;
#1958 = ORIENTED_EDGE ( 'NONE', *, *, #2024, .T. ) ;
#1959 = CARTESIAN_POINT ( 'NONE',  ( 7.456259223559869476, 4.952135600172727692, 3.576870388220065866 ) ) ;
#1960 = DIRECTION ( 'NONE',  ( 5.341834311579552492E-18, -0.9990482215819266321, 0.04361938736375864378 ) ) ;
#1961 = VERTEX_POINT ( 'NONE', #2717 ) ;
#1962 = LOCAL_TIME ( 19, 29, 23.00000000000000000, #1844 ) ;
#1963 = VECTOR ( 'NONE', #1028, 1000.000000000000000 ) ;
#1964 = CARTESIAN_POINT ( 'NONE',  ( 4.508200274894412551, 6.724854761811802639, 11.72335904925267513 ) ) ;
#1965 = FACE_OUTER_BOUND ( 'NONE', #906, .T. ) ;
#1966 = AXIS2_PLACEMENT_3D ( 'NONE', #4001, #1707, #3004 ) ;
#1967 = VERTEX_POINT ( 'NONE', #3391 ) ;
#1968 = CARTESIAN_POINT ( 'NONE',  ( 8.199999999999999289, 5.799999999999999822, 3.204999999999999627 ) ) ;
#1969 = LINE ( 'NONE', #3885, #1033 ) ;
#1970 = CARTESIAN_POINT ( 'NONE',  ( 4.500000000000031086, 9.172066347988401702, 6.804927194624789344 ) ) ;
#1971 = AXIS2_PLACEMENT_3D ( 'NONE', #1221, #835, #2865 ) ;
#1972 = DIRECTION ( 'NONE',  ( 4.252590795525524737E-16, -0.9805806756909211108, 0.1961161351381794649 ) ) ;
#1973 = CARTESIAN_POINT ( 'NONE',  ( 0.3883804736048129258, 4.000000000000079048, 3.060000000000000053 ) ) ;
#1974 = DIRECTION ( 'NONE',  ( 0.8944271909999168546, -1.730497532533080357E-15, -0.4472135954999558183 ) ) ;
#1975 = DIRECTION ( 'NONE',  ( 0.9246769218903037046, -9.264417447272918540E-15, 0.3807526626610419629 ) ) ;
#1976 = CARTESIAN_POINT ( 'NONE',  ( 3.283599450211223569, 5.495688095145136565, 8.766020063032081922 ) ) ;
#1977 = EDGE_CURVE ( 'NONE', #3241, #518, #2373, .T. ) ;
#1978 = CARTESIAN_POINT ( 'NONE',  ( 1.283007271895907353, 9.166319812937844702, 6.329861371417089266 ) ) ;
#1979 = LINE ( 'NONE', #3640, #2222 ) ;
#1980 = CARTESIAN_POINT ( 'NONE',  ( 4.100000000000029843, 8.074999999999999289, 6.930000000000000604 ) ) ;
#1981 = DIRECTION ( 'NONE',  ( -0.0000000000000000000, -0.0000000000000000000, -1.000000000000000000 ) ) ;
#1982 = ADVANCED_FACE ( 'NONE', ( #1338 ), #3416, .T. ) ;
#1983 = CARTESIAN_POINT ( 'NONE',  ( 4.100000000000028955, 7.924999999999998046, 11.85999999999999943 ) ) ;
#1984 = DIRECTION ( 'NONE',  ( 0.0000000000000000000, 1.000000000000000000, 0.0000000000000000000 ) ) ;
#1985 = ORIENTED_EDGE ( 'NONE', *, *, #2982, .T. ) ;
#1986 = CARTESIAN_POINT ( 'NONE',  ( 5.267644284148533806, 5.579722068989947381, 10.46487732040579210 ) ) ;
#1987 = CARTESIAN_POINT ( 'NONE',  ( 3.700000000000198241, 9.218617688769493057, 3.424934929233433234 ) ) ;
#1988 = EDGE_LOOP ( 'NONE', ( #4299, #910, #4002 ) ) ;
#1989 = CARTESIAN_POINT ( 'NONE',  ( 5.324600824683218825, 7.391521428478472266, 3.855399175316809313 ) ) ;
#1990 = CARTESIAN_POINT ( 'NONE',  ( 4.100000000000026290, 7.704021428478468714, 6.812738161537398973 ) ) ;
#1991 = DIRECTION ( 'NONE',  ( -0.9333456062030596190, 0.3589790793088689647, 0.0000000000000000000 ) ) ;
#1992 = DIRECTION ( 'NONE',  ( -8.409034286955188707E-15, -1.000000000000000000, 3.679535112742519038E-15 ) ) ;
#1993 = PLANE ( 'NONE',  #3346 ) ;
#1994 = CARTESIAN_POINT ( 'NONE',  ( 0.4000000000000287770, 8.074999999999997513, 8.310000000000000497 ) ) ;
#1995 = CARTESIAN_POINT ( 'NONE',  ( 5.493979936967949840, 6.370688095145136565, 9.343599450211192092 ) ) ;
#1996 = CARTESIAN_POINT ( 'NONE',  ( 4.100000000000029843, 7.925000000000001599, 6.779999999999994031 ) ) ;
#1997 = CARTESIAN_POINT ( 'NONE',  ( 7.800000000000030909, 8.077181834648555991, 3.230000000000001315 ) ) ;
#1998 = DIRECTION ( 'NONE',  ( 1.000000000000000000, -1.001908583198310010E-14, -0.0000000000000000000 ) ) ;
#1999 = CARTESIAN_POINT ( 'NONE',  ( 4.499999999999864109, 9.223976478198688156, 11.78812051078086043 ) ) ;
#2000 = VERTEX_POINT ( 'NONE', #269 ) ;
#2001 = VERTEX_POINT ( 'NONE', #2609 ) ;
#2002 = EDGE_CURVE ( 'NONE', #1715, #1811, #2690, .T. ) ;
#2003 = DIRECTION ( 'NONE',  ( 0.3807526626610429621, -3.084728392494387085E-15, 0.9246769218903032606 ) ) ;
#2004 = VERTEX_POINT ( 'NONE', #2303 ) ;
#2005 = CARTESIAN_POINT ( 'NONE',  ( 4.100000000000029843, 9.224999999999999645, 5.080000000000000071 ) ) ;
#2006 = PLANE ( 'NONE',  #4048 ) ;
#2007 = CARTESIAN_POINT ( 'NONE',  ( 4.100000000000029843, 7.725555402323280418, 8.992355715851500619 ) ) ;
#2008 = ADVANCED_FACE ( 'NONE', ( #1685 ), #3134, .T. ) ;
#2009 = CARTESIAN_POINT ( 'NONE',  ( 8.199999999999999289, -3.996802888650562757E-15, 12.69999999999999929 ) ) ;
#2010 = PLANE ( 'NONE',  #249 ) ;
#2011 = CARTESIAN_POINT ( 'NONE',  ( 4.100000000000029843, 10.00000000000000888, 8.235000000000001208 ) ) ;
#2012 = CYLINDRICAL_SURFACE ( 'NONE', #818, 0.2999999999999999334 ) ;
#2013 = CIRCLE ( 'NONE', #1441, 1.806196290330798870 ) ;
#2014 = CARTESIAN_POINT ( 'NONE',  ( 4.916400549788822794, 6.245688095145136565, 11.55397993696793080 ) ) ;
#2015 = CARTESIAN_POINT ( 'NONE',  ( 3.241486122183102836, 7.925000000000014921, 6.564560978669799596 ) ) ;
#2016 = CARTESIAN_POINT ( 'NONE',  ( 3.185368038782679267, 4.788055402323281307, 4.165368038782641058 ) ) ;
#2017 = AXIS2_PLACEMENT_3D ( 'NONE', #4205, #4274, #3185 ) ;
#2018 = LINE ( 'NONE', #4032, #2581 ) ;
#2019 = CARTESIAN_POINT ( 'NONE',  ( 3.650000000000019895, -0.05000000000000599798, 10.65999999999999659 ) ) ;
#2020 = AXIS2_PLACEMENT_3D ( 'NONE', #1416, #2116, #79 ) ;
#2021 = ORIENTED_EDGE ( 'NONE', *, *, #1677, .F. ) ;
#2022 = AXIS2_PLACEMENT_3D ( 'NONE', #2353, #3027, #3377 ) ;
#2023 = DIRECTION ( 'NONE',  ( -0.0000000000000000000, -0.0000000000000000000, 1.000000000000000000 ) ) ;
#2024 = EDGE_CURVE ( 'NONE', #1392, #154, #1304, .T. ) ;
#2025 = VERTEX_POINT ( 'NONE', #4013 ) ;
#2026 = VECTOR ( 'NONE', #1756, 1000.000000000000000 ) ;
#2027 = DIRECTION ( 'NONE',  ( 0.0000000000000000000, 1.000000000000000000, 0.0000000000000000000 ) ) ;
#2028 = LINE ( 'NONE', #1676, #4265 ) ;
#2029 = PERSON_AND_ORGANIZATION ( #1689, #3479 ) ;
#2030 = FACE_OUTER_BOUND ( 'NONE', #3707, .T. ) ;
#2031 = CARTESIAN_POINT ( 'NONE',  ( 4.100000000000029843, 8.424999999988358468, 8.325138427243443218 ) ) ;
#2032 = APPROVAL_PERSON_ORGANIZATION ( #468, #363, #71 ) ;
#2033 = CARTESIAN_POINT ( 'NONE',  ( 1.540707856478950033, 10.00000000000000000, 12.69999999999999929 ) ) ;
#2034 = CARTESIAN_POINT ( 'NONE',  ( 6.977500000000049774, 5.200000000000009948, 2.540000000000000036 ) ) ;
#2035 = CARTESIAN_POINT ( 'NONE',  ( 4.100000000000029843, 8.081542908104799139, 5.080000000000000071 ) ) ;
#2036 = ORIENTED_EDGE ( 'NONE', *, *, #770, .T. ) ;
#2037 = CARTESIAN_POINT ( 'NONE',  ( 2.615608813645414532, 7.925000000000027356, 5.938489692363750017 ) ) ;
#2038 = LINE ( 'NONE', #2381, #1872 ) ;
#2039 = LINE ( 'NONE', #1632, #592 ) ;
#2040 = VERTEX_POINT ( 'NONE', #1242 ) ;
#2041 = ORIENTED_EDGE ( 'NONE', *, *, #532, .T. ) ;
#2042 = CARTESIAN_POINT ( 'NONE',  ( 3.700000000000198241, 9.223976478196645346, 3.451879489198450557 ) ) ;
#2043 = ORIENTED_EDGE ( 'NONE', *, *, #2812, .F. ) ;
#2044 = DIRECTION ( 'NONE',  ( 0.0000000000000000000, 0.0000000000000000000, 1.000000000000000000 ) ) ;
#2045 = CARTESIAN_POINT ( 'NONE',  ( 4.100000000000029843, 8.074999999999999289, 6.780000000000000249 ) ) ;
#2046 = EDGE_CURVE ( 'NONE', #2308, #2073, #447, .T. ) ;
#2047 = DIRECTION ( 'NONE',  ( -0.0000000000000000000, -1.000000000000000000, -0.0000000000000000000 ) ) ;
#2048 = CARTESIAN_POINT ( 'NONE',  ( 4.657328879471678285, 7.924999999999999822, 8.701199823579489845 ) ) ;
#2049 = EDGE_CURVE ( 'NONE', #661, #1673, #570, .T. ) ;
#2050 = DIRECTION ( 'NONE',  ( 8.566593008251145548E-15, 1.000000000000000000, -3.527451611052576577E-15 ) ) ;
#2051 = VERTEX_POINT ( 'NONE', #2932 ) ;
#2052 = CARTESIAN_POINT ( 'NONE',  ( 4.500000000000031086, 9.081542908114121460, 11.92134750665529630 ) ) ;
#2053 = CARTESIAN_POINT ( 'NONE',  ( 4.916400549788823682, 6.930644943882622755, 8.766020063032073040 ) ) ;
#2054 = DIRECTION ( 'NONE',  ( -1.000000000000000000, 0.0000000000000000000, -1.224646799147353207E-16 ) ) ;
#2055 = ORIENTED_EDGE ( 'NONE', *, *, #1652, .T. ) ;
#2056 = ORIENTED_EDGE ( 'NONE', *, *, #2413, .T. ) ;
#2057 = CARTESIAN_POINT ( 'NONE',  ( 3.700000000000107203, 9.195517069810264843, 3.379273225066072417 ) ) ;
#2058 = ORIENTED_EDGE ( 'NONE', *, *, #2619, .F. ) ;
#2059 = CARTESIAN_POINT ( 'NONE',  ( 4.657328879471680949, 7.924999999999998046, 3.621199823579490218 ) ) ;
#2060 = CARTESIAN_POINT ( 'NONE',  ( 1.431284642039760913, 4.000000000000067502, 13.19999999999999574 ) ) ;
#2061 = CARTESIAN_POINT ( 'NONE',  ( 3.850000000000020073, -3.800000000000010036, 41.07999999999999829 ) ) ;
#2062 = CARTESIAN_POINT ( 'NONE',  ( 3.700000000000029932, 8.425000000000000711, 3.080000000000000071 ) ) ;
#2063 = CARTESIAN_POINT ( 'NONE',  ( 1.277222551663092176, 9.081542908098349187, 3.827572026869314303 ) ) ;
#2064 = EDGE_CURVE ( 'NONE', #1942, #2495, #2844, .T. ) ;
#2065 = DIRECTION ( 'NONE',  ( -0.0000000000000000000, -0.0000000000000000000, 1.000000000000000000 ) ) ;
#2066 = CARTESIAN_POINT ( 'NONE',  ( 4.509286442004640350, 7.933188095145141006, 8.596640950747330479 ) ) ;
#2067 = CARTESIAN_POINT ( 'NONE',  ( 3.700000000000032596, 9.089088554377134699, 6.841009667913706238 ) ) ;
#2068 = VERTEX_POINT ( 'NONE', #3398 ) ;
#2069 = CARTESIAN_POINT ( 'NONE',  ( 5.832738161537430521, 5.829021428478468714, 5.079999999999998295 ) ) ;
#2070 = EDGE_CURVE ( 'NONE', #1289, #3475, #3381, .T. ) ;
#2071 = VECTOR ( 'NONE', #381, 1000.000000000000000 ) ;
#2072 = VECTOR ( 'NONE', #990, 1000.000000000000114 ) ;
#2073 = VERTEX_POINT ( 'NONE', #4355 ) ;
#2074 = DIRECTION ( 'NONE',  ( 0.0000000000000000000, 0.9805806756909205557, 0.1961161351381819073 ) ) ;
#2075 = DIRECTION ( 'NONE',  ( 0.0000000000000000000, 0.3713906763298382430, 0.9284766908949655395 ) ) ;
#2076 = ORIENTED_EDGE ( 'NONE', *, *, #4011, .T. ) ;
#2077 = ORIENTED_EDGE ( 'NONE', *, *, #3032, .T. ) ;
#2078 = CARTESIAN_POINT ( 'NONE',  ( 2.367261838462629164, 5.579021428478469602, 5.080000000000008953 ) ) ;
#2079 = VECTOR ( 'NONE', #2888, 1000.000000000000000 ) ;
#2080 = CARTESIAN_POINT ( 'NONE',  ( 7.737707999845745199, 8.673617379884035472E-16, 2.880502153854118230 ) ) ;
#2081 = CC_DESIGN_APPROVAL ( #1910, ( #3703 ) ) ;
#2082 = AXIS2_PLACEMENT_3D ( 'NONE', #2062, #29, #2757 ) ;
#2083 = LINE ( 'NONE', #4103, #3898 ) ;
#2084 = DIRECTION ( 'NONE',  ( -0.4008721094621948144, 0.0000000000000000000, 0.9161340250505545235 ) ) ;
#2085 = VECTOR ( 'NONE', #893, 1000.000000000000000 ) ;
#2086 = ORIENTED_EDGE ( 'NONE', *, *, #631, .F. ) ;
#2087 = AXIS2_PLACEMENT_3D ( 'NONE', #2387, #1003, #706 ) ;
#2088 = DIRECTION ( 'NONE',  ( -1.000000000000000000, 0.0000000000000000000, -1.224646799147353207E-16 ) ) ;
#2089 = VECTOR ( 'NONE', #3239, 1000.000000000000000 ) ;
#2090 = EDGE_CURVE ( 'NONE', #3715, #2792, #1013, .T. ) ;
#2091 = CARTESIAN_POINT ( 'NONE',  ( 4.916400549788826346, 7.263978277215956680, 11.55397993696793435 ) ) ;
#2092 = CARTESIAN_POINT ( 'NONE',  ( 7.799904807055986211, 8.079363150079460709, 12.00995240352797744 ) ) ;
#2093 = VERTEX_POINT ( 'NONE', #4090 ) ;
#2094 = CARTESIAN_POINT ( 'NONE',  ( 2.875399175316838640, 5.641521428478472266, 6.304600824683190829 ) ) ;
#2095 = EDGE_CURVE ( 'NONE', #3170, #527, #2417, .T. ) ;
#2096 = EDGE_LOOP ( 'NONE', ( #130, #1055, #148, #1804 ) ) ;
#2097 = PLANE ( 'NONE',  #600 ) ;
#2098 = CARTESIAN_POINT ( 'NONE',  ( 0.4734025767434719145, 4.000000000000070166, 13.01788662576989530 ) ) ;
#2099 = VERTEX_POINT ( 'NONE', #3071 ) ;
#2100 = ORIENTED_EDGE ( 'NONE', *, *, #3159, .F. ) ;
#2101 = CARTESIAN_POINT ( 'NONE',  ( 4.100000000000031619, 5.954021428478470490, 3.347261838462598060 ) ) ;
#2102 = CARTESIAN_POINT ( 'NONE',  ( 3.795122679594239212, 7.246388735656613456, 8.992355715851504172 ) ) ;
#2103 = CARTESIAN_POINT ( 'NONE',  ( 5.327175604926639885, 4.400589584530780307, 9.188494097616707990 ) ) ;
#2104 = CARTESIAN_POINT ( 'NONE',  ( 4.478636027387058682, 7.925000000000003375, 8.632735782158720284 ) ) ;
#2105 = DIRECTION ( 'NONE',  ( 0.0000000000000000000, 0.0000000000000000000, 1.000000000000000000 ) ) ;
#2106 = CARTESIAN_POINT ( 'NONE',  ( 3.490245359188456575, 5.433888735656614344, 11.20113812268296805 ) ) ;
#2107 = CARTESIAN_POINT ( 'NONE',  ( 4.100000000000029843, 8.074999999999999289, 6.930000000000000604 ) ) ;
#2108 = VERTEX_POINT ( 'NONE', #3695 ) ;
#2109 = PLANE ( 'NONE',  #441 ) ;
#2110 = DIRECTION ( 'NONE',  ( 0.0000000000000000000, 1.000000000000000000, 0.0000000000000000000 ) ) ;
#2111 = CARTESIAN_POINT ( 'NONE',  ( 2.536640950747361511, 7.599854761811800863, 10.56820027489438552 ) ) ;
#2112 = CARTESIAN_POINT ( 'NONE',  ( 1.431284642039731381, 6.799658859305812760E-14, 13.20000000000000107 ) ) ;
#2113 = VERTEX_POINT ( 'NONE', #1388 ) ;
#2114 = CARTESIAN_POINT ( 'NONE',  ( 5.324600824683218825, 5.409811610549290606, 3.855399175316809757 ) ) ;
#2115 = ORIENTED_EDGE ( 'NONE', *, *, #2342, .T. ) ;
#2116 = DIRECTION ( 'NONE',  ( 0.0000000000000000000, 1.000000000000000000, 0.0000000000000000000 ) ) ;
#2117 = DIRECTION ( 'NONE',  ( 0.4008721094621948144, -0.0000000000000000000, -0.9161340250505545235 ) ) ;
#2118 = ORIENTED_EDGE ( 'NONE', *, *, #3935, .F. ) ;
#2119 = ORIENTED_EDGE ( 'NONE', *, *, #1828, .F. ) ;
#2120 = ADVANCED_FACE ( 'NONE', ( #3779 ), #4114, .T. ) ;
#2121 = EDGE_CURVE ( 'NONE', #3817, #4254, #1102, .T. ) ;
#2122 = CARTESIAN_POINT ( 'NONE',  ( 4.508200274894425874, 7.433188095145135676, 8.596640950747335808 ) ) ;
#2123 = CARTESIAN_POINT ( 'NONE',  ( 4.916400549788839669, 5.245688095145137453, 11.55397993696793080 ) ) ;
#2124 = LINE ( 'NONE', #114, #728 ) ;
#2125 = CARTESIAN_POINT ( 'NONE',  ( 4.479747180801579631, 7.934673809492821306, 3.553161507376650707 ) ) ;
#2126 = CARTESIAN_POINT ( 'NONE',  ( 2.536640950747360623, 5.599854761811803527, 10.56820027489438552 ) ) ;
#2127 = PLANE ( 'NONE',  #1168 ) ;
#2128 = ORIENTED_EDGE ( 'NONE', *, *, #1141, .T. ) ;
#2129 = CARTESIAN_POINT ( 'NONE',  ( 2.706020063032108514, 7.037354761811802639, 9.343599450211193869 ) ) ;
#2130 = CARTESIAN_POINT ( 'NONE',  ( 3.700000000007858780, 9.136807545357717331, 6.828881247772896401 ) ) ;
#2131 = VERTEX_POINT ( 'NONE', #4072 ) ;
#2132 = CARTESIAN_POINT ( 'NONE',  ( 4.100000000000031619, 5.954021428478470490, 3.347261838462598060 ) ) ;
#2133 = VERTEX_POINT ( 'NONE', #4112 ) ;
#2134 = CARTESIAN_POINT ( 'NONE',  ( 4.100000000000029843, 7.925000000000003375, 3.566907539380266723 ) ) ;
#2135 = LINE ( 'NONE', #2815, #1108 ) ;
#2136 = VECTOR ( 'NONE', #4116, 1000.000000000000000 ) ;
#2137 = EDGE_LOOP ( 'NONE', ( #704, #4062 ) ) ;
#2138 = CARTESIAN_POINT ( 'NONE',  ( 5.267644284148529366, 7.579722068989942940, 10.46487732040579743 ) ) ;
#2139 = VECTOR ( 'NONE', #1992, 1000.000000000000000 ) ;
#2140 = EDGE_CURVE ( 'NONE', #1699, #2093, #2684, .T. ) ;
#2141 = EDGE_CURVE ( 'NONE', #2545, #3397, #1717, .T. ) ;
#2142 = CARTESIAN_POINT ( 'NONE',  ( 5.378852288121650282, 4.395978571521530043, 9.262815843185180142 ) ) ;
#2143 = DIRECTION ( 'NONE',  ( 0.0000000000000000000, -1.000000000000000000, 0.0000000000000000000 ) ) ;
#2144 = PLANE ( 'NONE',  #4110 ) ;
#2145 = VECTOR ( 'NONE', #60, 1000.000000000000000 ) ;
#2146 = CARTESIAN_POINT ( 'NONE',  ( 5.327175604926639885, 4.882299402459969961, 9.188494097616707990 ) ) ;
#2147 = CARTESIAN_POINT ( 'NONE',  ( 4.100000000000030731, 8.074999999999999289, 3.229999999999999538 ) ) ;
#2148 = VECTOR ( 'NONE', #1343, 1000.000000000000000 ) ;
#2149 = EDGE_CURVE ( 'NONE', #3369, #1289, #2038, .T. ) ;
#2150 = ORIENTED_EDGE ( 'NONE', *, *, #931, .F. ) ;
#2151 = CARTESIAN_POINT ( 'NONE',  ( 4.100000000000029843, 8.074999999999999289, 12.01000000000000156 ) ) ;
#2152 = VECTOR ( 'NONE', #559, 1000.000000000000114 ) ;
#2153 = CARTESIAN_POINT ( 'NONE',  ( 4.100000000000029843, 8.081542908104799139, 8.310142766763734201 ) ) ;
#2154 = AXIS2_PLACEMENT_3D ( 'NONE', #2522, #3938, #253 ) ;
#2155 = CARTESIAN_POINT ( 'NONE',  ( 4.508200274894433868, 7.224854761811803527, 11.72335904925266448 ) ) ;
#2156 = CARTESIAN_POINT ( 'NONE',  ( 6.688576093413191259, 9.225000000000001421, 6.228516016336360650 ) ) ;
#2157 = ORIENTED_EDGE ( 'NONE', *, *, #3428, .T. ) ;
#2158 = CARTESIAN_POINT ( 'NONE',  ( 2.367261838462629608, 6.579021428478473155, 5.080000000000012506 ) ) ;
#2159 = AXIS2_PLACEMENT_3D ( 'NONE', #2263, #2612, #479 ) ;
#2160 = ORIENTED_EDGE ( 'NONE', *, *, #1070, .T. ) ;
#2161 = LINE ( 'NONE', #812, #2769 ) ;
#2162 = CARTESIAN_POINT ( 'NONE',  ( 4.099999999999989875, 7.924999999988812327, 6.817500000011023076 ) ) ;
#2163 = ORIENTED_EDGE ( 'NONE', *, *, #3810, .T. ) ;
#2164 = CARTESIAN_POINT ( 'NONE',  ( 4.709754640811598669, 7.017222068989945605, 11.20113812268297160 ) ) ;
#2165 = CARTESIAN_POINT ( 'NONE',  ( 2.706020063032101852, 4.638978277215955792, 10.97640054978879931 ) ) ;
#2166 = ORIENTED_EDGE ( 'NONE', *, *, #11, .F. ) ;
#2167 = CARTESIAN_POINT ( 'NONE',  ( 4.350000000000020961, -3.800000000000010036, 9.860000000000001208 ) ) ;
#2168 = CARTESIAN_POINT ( 'NONE',  ( 4.709754640811593340, 4.683888735656613456, 9.118861877317051778 ) ) ;
#2169 = CARTESIAN_POINT ( 'NONE',  ( 6.900000000000027889, 4.049999999999999822, 11.53500000000000014 ) ) ;
#2170 = EDGE_CURVE ( 'NONE', #2000, #3427, #3089, .T. ) ;
#2171 = APPROVAL_STATUS ( 'not_yet_approved' ) ;
#2172 = ORIENTED_EDGE ( 'NONE', *, *, #3402, .F. ) ;
#2173 = CARTESIAN_POINT ( 'NONE',  ( 4.100000000000029843, 9.081542908120354696, 5.080000000000000071 ) ) ;
#2174 = EDGE_CURVE ( 'NONE', #3093, #2552, #1701, .T. ) ;
#2175 = FACE_BOUND ( 'NONE', #2610, .T. ) ;
#2176 = B_SPLINE_CURVE_WITH_KNOTS ( 'NONE', 3,
 ( #896, #3606, #3226, #3918, #233, #4197, #213, #3582, #561, #489, #1256, #2602, #916, #582, #1521, #4330, #695, #3375 ),
 .UNSPECIFIED., .F., .F.,
 ( 4, 2, 2, 2, 2, 2, 2, 2, 4 ),
 ( 0.0000000000000000000, 0.1250000000000000000, 0.2500000000000000000, 0.3750000000000000000, 0.5000000000000000000, 0.6250000000000000000, 0.7500000000000000000, 0.8750000000000000000, 1.000000000000000000 ),
 .UNSPECIFIED. ) ;
#2177 = EDGE_CURVE ( 'NONE', #2771, #551, #2742, .T. ) ;
#2178 = CARTESIAN_POINT ( 'NONE',  ( 5.663359049252693289, 6.326478277215955792, 10.56820027489439973 ) ) ;
#2179 = CARTESIAN_POINT ( 'NONE',  ( 7.607500000000049667, 0.0000000000000000000, 13.19999999999999929 ) ) ;
#2180 = ORIENTED_EDGE ( 'NONE', *, *, #3286, .T. ) ;
#2181 = LINE ( 'NONE', #3514, #3626 ) ;
#2182 = CARTESIAN_POINT ( 'NONE',  ( 4.100000000000028955, 6.225555402323281307, 3.785849554385931182 ) ) ;
#2183 = ORIENTED_EDGE ( 'NONE', *, *, #2257, .F. ) ;
#2184 = DIRECTION ( 'NONE',  ( 0.0000000000000000000, 0.0000000000000000000, 1.000000000000000000 ) ) ;
#2185 = CARTESIAN_POINT ( 'NONE',  ( 3.700000000000030820, 9.225000000000001421, 8.552685758152215101 ) ) ;
#2186 = ORIENTED_EDGE ( 'NONE', *, *, #4351, .F. ) ;
#2187 = CARTESIAN_POINT ( 'NONE',  ( 3.691799725105646690, 7.183188095145137453, 11.72335904925267513 ) ) ;
#2188 = LINE ( 'NONE', #4257, #3995 ) ;
#2189 = EDGE_CURVE ( 'NONE', #1845, #1465, #2770, .T. ) ;
#2190 = ORIENTED_EDGE ( 'NONE', *, *, #64, .F. ) ;
#2191 = DIRECTION ( 'NONE',  ( -0.0000000000000000000, -1.000000000000000000, -0.0000000000000000000 ) ) ;
#2192 = CARTESIAN_POINT ( 'NONE',  ( 4.508200274894424986, 4.933188095145136565, 8.596640950747330479 ) ) ;
#2193 = CARTESIAN_POINT ( 'NONE',  ( 4.100000000000029843, 8.424999999988358468, 11.99486157275655884 ) ) ;
#2194 = DATE_AND_TIME ( #2601, #2435 ) ;
#2195 = ORIENTED_EDGE ( 'NONE', *, *, #3400, .T. ) ;
#2196 = CARTESIAN_POINT ( 'NONE',  ( 3.729292974166446673, 9.166319812937834044, 8.396037418790347928 ) ) ;
#2197 = LINE ( 'NONE', #802, #2776 ) ;
#2198 = CARTESIAN_POINT ( 'NONE',  ( 1.212500000000064304, 4.000000000000063949, 12.69999999999999929 ) ) ;
#2199 = EDGE_CURVE ( 'NONE', #2133, #1371, #3424, .T. ) ;
#2200 = CARTESIAN_POINT ( 'NONE',  ( 5.493979936967956057, 6.888978277215957569, 9.343599450211208080 ) ) ;
#2201 = ADVANCED_FACE ( 'NONE', ( #1037 ), #4051, .F. ) ;
#2202 = LINE ( 'NONE', #2232, #1725 ) ;
#2203 = ORIENTED_EDGE ( 'NONE', *, *, #1047, .T. ) ;
#2204 = CARTESIAN_POINT ( 'NONE',  ( 4.100000000000039613, 5.204021428478468714, 6.812738161537398085 ) ) ;
#2205 = CARTESIAN_POINT ( 'NONE',  ( 2.367261838462630941, 7.079021428478473155, 5.080000000000000959 ) ) ;
#2206 = B_SPLINE_CURVE_WITH_KNOTS ( 'NONE', 3,
 ( #301, #2994, #2971, #1681 ),
 .UNSPECIFIED., .F., .F.,
 ( 4, 4 ),
 ( 1.102477257445314092E-14, 0.0006572000998768581228 ),
 .UNSPECIFIED. ) ;
#2207 = DIRECTION ( 'NONE',  ( -0.3807526626610419629, -0.0000000000000000000, 0.9246769218903037046 ) ) ;
#2208 = EDGE_CURVE ( 'NONE', #3389, #1615, #3445, .T. ) ;
#2209 = ORIENTED_EDGE ( 'NONE', *, *, #2758, .T. ) ;
#2210 = CARTESIAN_POINT ( 'NONE',  ( 8.199999999999999289, 5.799999999999999822, 6.955000000000000071 ) ) ;
#2211 = CARTESIAN_POINT ( 'NONE',  ( 5.461295498437833018, 7.924999999999985612, 9.117046754537838638 ) ) ;
#2212 = VERTEX_POINT ( 'NONE', #701 ) ;
#2213 = ORIENTED_EDGE ( 'NONE', *, *, #1365, .T. ) ;
#2214 = CLOSED_SHELL ( 'NONE', ( #1401, #313, #4189, #3785, #3031, #2398, #1051, #3704, #2008, #470, #3900, #3929, #2614, #2515, #1348, #3515, #2934, #2955, #2869, #1422, #1394, #391, #1870, #845, #644, #716, #2120, #3809, #907, #2664, #1702, #2700, #825, #763, #953, #3138, #3221, #2201, #3869, #2666, #2372, #264, #2469, #1920, #2382, #362, #2595, #3009, #3711, #3578, #1044, #3539, #1099, #2687, #1600, #852, #3359, #693, #4328, #2244, #2499, #494, #1327, #1595, #2652, #50, #3227, #2324, #4243, #3982, #2806, #291, #3729, #3013, #1181, #3222, #3755, #177, #1749, #141, #2476, #1123, #3284, #2586, #3597, #3633, #319, #4248, #225, #4084, #2275, #1320, #1773, #3358, #995, #2984, #1472, #3309, #3488, #100, #2928, #41 ) ) ;
#2215 = CARTESIAN_POINT ( 'NONE',  ( 3.691799725105628482, 6.183188095145136565, 11.72335904925266448 ) ) ;
#2216 = AXIS2_PLACEMENT_3D ( 'NONE', #490, #1846, #3206 ) ;
#2217 = FACE_OUTER_BOUND ( 'NONE', #2741, .T. ) ;
#2218 = ORIENTED_EDGE ( 'NONE', *, *, #1282, .F. ) ;
#2219 = DIRECTION ( 'NONE',  ( -0.8944271909999158554, 0.0000000000000000000, -0.4472135954999579277 ) ) ;
#2220 = B_SPLINE_CURVE_WITH_KNOTS ( 'NONE', 3,
 ( #4019, #688, #2633, #1023, #3037, #3682, #20, #3371, #665, #333, #1688, #3020, #351, #1372, #2712, #1111 ),
 .UNSPECIFIED., .F., .F.,
 ( 4, 3, 3, 3, 3, 4 ),
 ( 0.0000000000000000000, 5.293135521028686233E-05, 0.0001059165675229360422, 0.0001580412505487528469, 0.0002087591654863124634, 0.0002311501781566303523 ),
 .UNSPECIFIED. ) ;
#2221 = FACE_OUTER_BOUND ( 'NONE', #1272, .T. ) ;
#2222 = VECTOR ( 'NONE', #619, 1000.000000000000000 ) ;
#2223 = DIRECTION ( 'NONE',  ( 1.583609927488660088E-14, 1.000000000000000000, -0.0000000000000000000 ) ) ;
#2224 = PERSON_AND_ORGANIZATION ( #3197, #1464 ) ;
#2225 = CIRCLE ( 'NONE', #315, 1.834861572756557591 ) ;
#2226 = VERTEX_POINT ( 'NONE', #2052 ) ;
#2227 = CARTESIAN_POINT ( 'NONE',  ( 1.277222551662645866, 9.081542908098320765, 11.41242797313105228 ) ) ;
#2228 = LINE ( 'NONE', #1807, #1243 ) ;
#2229 = CARTESIAN_POINT ( 'NONE',  ( 4.475451121810930744, 7.925000000000003375, 3.569275237075766327 ) ) ;
#2230 = CARTESIAN_POINT ( 'NONE',  ( 5.663359049252693289, 6.368144943882622755, 9.751799725105607664 ) ) ;
#2231 = CC_DESIGN_DATE_AND_TIME_ASSIGNMENT ( #2760, #1477, ( #1151 ) ) ;
#2232 = CARTESIAN_POINT ( 'NONE',  ( 7.806284642039757138, 5.199999999999999289, 13.19999999999998863 ) ) ;
#2233 = AXIS2_PLACEMENT_3D ( 'NONE', #1666, #684, #3017 ) ;
#2234 = ORIENTED_EDGE ( 'NONE', *, *, #1719, .F. ) ;
#2235 = CARTESIAN_POINT ( 'NONE',  ( 0.4000000000000287770, 8.074999999999999289, 6.930000000000003268 ) ) ;
#2236 = CARTESIAN_POINT ( 'NONE',  ( 4.100000000000030731, 7.225555402323279530, 3.785849554385928517 ) ) ;
#2237 = EDGE_CURVE ( 'NONE', #3093, #224, #1101, .T. ) ;
#2238 = ORIENTED_EDGE ( 'NONE', *, *, #1682, .F. ) ;
#2239 = PLANE ( 'NONE',  #1241 ) ;
#2240 = CARTESIAN_POINT ( 'NONE',  ( 4.350000000000020961, -0.05000000000000595635, 4.580000000000000959 ) ) ;
#2241 = VERTEX_POINT ( 'NONE', #471 ) ;
#2242 = VECTOR ( 'NONE', #3742, 1000.000000000000000 ) ;
#2243 = CARTESIAN_POINT ( 'NONE',  ( 5.141138122682956890, 6.142222068989946493, 9.550245359188419769 ) ) ;
#2244 = ADVANCED_FACE ( 'NONE', ( #1871 ), #3492, .T. ) ;
#2245 = DIRECTION ( 'NONE',  ( -1.000000000000000000, 0.0000000000000000000, -0.0000000000000000000 ) ) ;
#2246 = VERTEX_POINT ( 'NONE', #140 ) ;
#2247 = CARTESIAN_POINT ( 'NONE',  ( 2.875399175316838640, 6.534811610549290606, 3.855399175316810645 ) ) ;
#2248 = CARTESIAN_POINT ( 'NONE',  ( 3.650000000000019895, -0.05000000000000599798, 46.15999999999999659 ) ) ;
#2249 = CARTESIAN_POINT ( 'NONE',  ( 4.500000000000031086, 9.114605459008510380, 6.836990462860429218 ) ) ;
#2250 = APPROVAL_DATE_TIME ( #2194, #2551 ) ;
#2251 = ORIENTED_EDGE ( 'NONE', *, *, #4300, .T. ) ;
#2252 = DIRECTION ( 'NONE',  ( 8.566593008251147126E-15, 1.000000000000000000, 3.527451611052589199E-15 ) ) ;
#2253 =( BOUNDED_SURFACE ( )  B_SPLINE_SURFACE ( 3, 3, ( 
 ( #241, #3896, #2235, #546 ),
 ( #1851, #590, #1903, #1601 ),
 ( #2832, #3875, #3235, #4177 ),
 ( #1195, #519, #219, #3213 ) ),
 .UNSPECIFIED., .F., .F., .F. ) 
 B_SPLINE_SURFACE_WITH_KNOTS ( ( 4, 4 ),
 ( 4, 4 ),
 ( 0.0000000000000000000, 1.000000000000000000 ),
 ( 0.0000000000000000000, 1.000000000000000000 ),
 .UNSPECIFIED. ) 
 GEOMETRIC_REPRESENTATION_ITEM ( )  RATIONAL_B_SPLINE_SURFACE ( (
 ( 1.000000000000000000, 0.3333333333333332038, 0.3333333333333332038, 1.000000000000000000),
 ( 0.8047378541243636052, 0.2682459513747877389, 0.2682459513747877389, 0.8047378541243636052),
 ( 0.8047378541243636052, 0.2682459513747877389, 0.2682459513747877389, 0.8047378541243636052),
 ( 1.000000000000000000, 0.3333333333333332038, 0.3333333333333332038, 1.000000000000000000) ) ) 
 REPRESENTATION_ITEM ( '' )  SURFACE ( )  );
#2254 = CARTESIAN_POINT ( 'NONE',  ( 8.200000000000004619, 0.0000000000000000000, 12.69999999999999929 ) ) ;
#2255 = CARTESIAN_POINT ( 'NONE',  ( 3.283599450211237780, 5.995688095145134788, 8.766020063032074816 ) ) ;
#2256 = CARTESIAN_POINT ( 'NONE',  ( 4.458100252008198261, 9.225000000000001421, 3.376025160453703489 ) ) ;
#2257 = EDGE_CURVE ( 'NONE', #518, #2545, #2228, .T. ) ;
#2258 = ORIENTED_EDGE ( 'NONE', *, *, #443, .T. ) ;
#2259 = CARTESIAN_POINT ( 'NONE',  ( 4.350000000000020073, -3.800000000000010036, 9.860000000000001208 ) ) ;
#2260 = DIRECTION ( 'NONE',  ( -1.000000000000000000, 0.0000000000000000000, -1.224646799147353207E-16 ) ) ;
#2261 = VERTEX_POINT ( 'NONE', #1553 ) ;
#2262 = DIRECTION ( 'NONE',  ( 0.0000000000000000000, 1.000000000000000000, 0.0000000000000000000 ) ) ;
#2263 = CARTESIAN_POINT ( 'NONE',  ( 1.222500000000050102, 5.200000000000070344, 2.540000000000000036 ) ) ;
#2264 = ORIENTED_EDGE ( 'NONE', *, *, #2876, .T. ) ;
#2265 = CARTESIAN_POINT ( 'NONE',  ( 3.283599450211224458, 6.162354761811802639, 11.55397993696793080 ) ) ;
#2266 = DIRECTION ( 'NONE',  ( 0.9333456062030591749, -0.3589790793088701304, 0.0000000000000000000 ) ) ;
#2267 = EDGE_CURVE ( 'NONE', #2040, #1715, #163, .T. ) ;
#2268 = ORIENTED_EDGE ( 'NONE', *, *, #3657, .F. ) ;
#2269 = EDGE_CURVE ( 'NONE', #434, #3767, #2828, .T. ) ;
#2270 = CARTESIAN_POINT ( 'NONE',  ( 4.100000000000029843, 7.954021428478470490, 3.516640950747329963 ) ) ;
#2271 = CARTESIAN_POINT ( 'NONE',  ( 7.751694291205289744, 4.899999999999989697, 11.53500000000000014 ) ) ;
#2272 = CARTESIAN_POINT ( 'NONE',  ( 4.100000000000029843, 9.999999999999998224, 10.16000000000000014 ) ) ;
#2273 = CALENDAR_DATE ( 2019, 21, 10 ) ;
#2274 = DIRECTION ( 'NONE',  ( -0.8944271909999161885, 1.730497532533078779E-15, -0.4472135954999572061 ) ) ;
#2275 = ADVANCED_FACE ( 'NONE', ( #2175, #2485, #491 ), #846, .T. ) ;
#2276 = DIRECTION ( 'NONE',  ( 0.0000000000000000000, 0.0000000000000000000, 1.000000000000000000 ) ) ;
#2277 = CARTESIAN_POINT ( 'NONE',  ( 4.500000000000030198, 9.225000000000001421, 11.76731424184778874 ) ) ;
#2278 = CARTESIAN_POINT ( 'NONE',  ( 2.706020063032101408, 5.555644943882624531, 9.343599450211215185 ) ) ;
#2279 = FACE_OUTER_BOUND ( 'NONE', #782, .T. ) ;
#2280 = CARTESIAN_POINT ( 'NONE',  ( 2.875399175316837752, 4.534811610549287941, 3.855399175316800875 ) ) ;
#2281 = CARTESIAN_POINT ( 'NONE',  ( 4.100000000000039613, 5.204021428478468714, 6.812738161537398085 ) ) ;
#2282 = CARTESIAN_POINT ( 'NONE',  ( 8.200000000000020606, 5.199999999999999289, 11.53500000000000014 ) ) ;
#2283 = ORIENTED_EDGE ( 'NONE', *, *, #4207, .F. ) ;
#2284 = FACE_OUTER_BOUND ( 'NONE', #3380, .T. ) ;
#2285 = CARTESIAN_POINT ( 'NONE',  ( 3.700000000000030820, 9.225000000000001421, 8.552685758152215101 ) ) ;
#2286 = ORIENTED_EDGE ( 'NONE', *, *, #1551, .T. ) ;
#2287 = CARTESIAN_POINT ( 'NONE',  ( 4.709754640811603110, 6.017222068989946493, 11.20113812268296805 ) ) ;
#2288 = LINE ( 'NONE', #205, #390 ) ;
#2289 = DIRECTION ( 'NONE',  ( 0.0000000000000000000, 1.000000000000000000, 0.0000000000000000000 ) ) ;
#2290 = DIRECTION ( 'NONE',  ( 0.0000000000000000000, 0.0000000000000000000, 1.000000000000000000 ) ) ;
#2291 = CARTESIAN_POINT ( 'NONE',  ( 1.481128204985919794, 9.777645713530755955, 2.540000000000000480 ) ) ;
#2292 = AXIS2_PLACEMENT_3D ( 'NONE', #2968, #989, #3710 ) ;
#2293 = EDGE_CURVE ( 'NONE', #2025, #46, #2197, .T. ) ;
#2294 = CARTESIAN_POINT ( 'NONE',  ( 3.850000000000019629, -2.799999999999991829, 4.580000000000000959 ) ) ;
#2295 = PLANE ( 'NONE',  #2360 ) ;
#2296 = AXIS2_PLACEMENT_3D ( 'NONE', #4129, #418, #3083 ) ;
#2297 = DIRECTION ( 'NONE',  ( 1.000000000000000000, 0.0000000000000000000, 0.0000000000000000000 ) ) ;
#2298 = EDGE_CURVE ( 'NONE', #3136, #666, #3112, .T. ) ;
#2299 = CARTESIAN_POINT ( 'NONE',  ( 4.100000000000029843, 7.954021428478470490, 8.596640950747330479 ) ) ;
#2300 = CARTESIAN_POINT ( 'NONE',  ( 2.706020063032100520, 5.537354761811803527, 9.343599450211216961 ) ) ;
#2301 = DIRECTION ( 'NONE',  ( 0.0000000000000000000, -1.000000000000000000, 1.097926250618230054E-16 ) ) ;
#2302 = AXIS2_PLACEMENT_3D ( 'NONE', #247, #3238, #572 ) ;
#2303 = CARTESIAN_POINT ( 'NONE',  ( 3.469446951953614189E-15, 7.681008606930097617E-14, 12.69999999999999929 ) ) ;
#2304 = VECTOR ( 'NONE', #3181, 1000.000000000000000 ) ;
#2305 = FACE_OUTER_BOUND ( 'NONE', #3783, .T. ) ;
#2306 = DIRECTION ( 'NONE',  ( 1.000000000000000000, -7.770685602167440362E-15, 0.0000000000000000000 ) ) ;
#2307 = CARTESIAN_POINT ( 'NONE',  ( 4.100000000000029843, 8.081542908144001558, 6.929857233231473401 ) ) ;
#2308 = VERTEX_POINT ( 'NONE', #2153 ) ;
#2309 = APPROVAL_PERSON_ORGANIZATION ( #2224, #1910, #3603 ) ;
#2310 = AXIS2_PLACEMENT_3D ( 'NONE', #2349, #710, #373 ) ;
#2311 = CARTESIAN_POINT ( 'NONE',  ( 3.283599450211237780, 5.995688095145134788, 8.766020063032074816 ) ) ;
#2312 = CARTESIAN_POINT ( 'NONE',  ( 4.100000000000029843, 8.000000000000010658, 10.16000000000000014 ) ) ;
#2313 = ORIENTED_EDGE ( 'NONE', *, *, #3604, .T. ) ;
#2314 = CARTESIAN_POINT ( 'NONE',  ( 5.324600824683223266, 7.766521428478473155, 6.304600824683190829 ) ) ;
#2315 = DIRECTION ( 'NONE',  ( -0.0000000000000000000, -1.000000000000000000, -0.0000000000000000000 ) ) ;
#2316 = CC_DESIGN_DATE_AND_TIME_ASSIGNMENT ( #3844, #3225, ( #3924 ) ) ;
#2317 = DIRECTION ( 'NONE',  ( 0.1731329570474324231, 0.9810867566020929909, -0.08656647852371797403 ) ) ;
#2318 = DIRECTION ( 'NONE',  ( 0.0000000000000000000, -1.000000000000000000, 0.0000000000000000000 ) ) ;
#2319 = CARTESIAN_POINT ( 'NONE',  ( 4.100000000000029843, 8.074999999999999289, 6.930000000000000604 ) ) ;
#2320 = DIRECTION ( 'NONE',  ( 0.0000000000000000000, 0.0000000000000000000, 1.000000000000000000 ) ) ;
#2321 = CARTESIAN_POINT ( 'NONE',  ( 4.916400549788817465, 4.930644943882624531, 8.766020063032065934 ) ) ;
#2322 = CARTESIAN_POINT ( 'NONE',  ( 3.657342672010700735, 7.925000000000012257, 6.736620298786974992 ) ) ;
#2323 = EDGE_CURVE ( 'NONE', #3370, #59, #1457, .T. ) ;
#2324 = ADVANCED_FACE ( 'NONE', ( #1122 ), #4172, .F. ) ;
#2325 = CARTESIAN_POINT ( 'NONE',  ( 4.100000000000029843, 8.077181834648554215, 6.930000000000000604 ) ) ;
#2326 = FACE_OUTER_BOUND ( 'NONE', #1818, .T. ) ;
#2327 = CARTESIAN_POINT ( 'NONE',  ( 4.499999999999864109, 9.218617688778760311, 11.81506507073711276 ) ) ;
#2328 = CARTESIAN_POINT ( 'NONE',  ( 5.141138122682963996, 5.558888735656614344, 10.76975464081159650 ) ) ;
#2329 = B_SPLINE_CURVE_WITH_KNOTS ( 'NONE', 3,
 ( #2756, #4105, #1093, #2896 ),
 .UNSPECIFIED., .F., .F.,
 ( 4, 4 ),
 ( 0.0000000000000000000, 0.009433773297720063344 ),
 .UNSPECIFIED. ) ;
#2330 = CARTESIAN_POINT ( 'NONE',  ( 7.587500000000050093, 5.199999999999999289, 12.69999999999999929 ) ) ;
#2331 = ORIENTED_EDGE ( 'NONE', *, *, #555, .T. ) ;
#2332 = CARTESIAN_POINT ( 'NONE',  ( 4.100000000000028066, 6.704021428478470490, 6.812738161537398085 ) ) ;
#2333 = DIRECTION ( 'NONE',  ( -0.0000000000000000000, -0.0000000000000000000, -1.000000000000000000 ) ) ;
#2334 = DIRECTION ( 'NONE',  ( 0.0000000000000000000, 0.0000000000000000000, 1.000000000000000000 ) ) ;
#2335 = APPROVAL_DATE_TIME ( #3299, #2361 ) ;
#2336 = CARTESIAN_POINT ( 'NONE',  ( 0.4622920001543149859, 5.200000000000070344, 2.880502153854100023 ) ) ;
#2337 = DIRECTION ( 'NONE',  ( -1.000000000000000000, 0.0000000000000000000, 0.0000000000000000000 ) ) ;
#2338 = PLANE ( 'NONE',  #450 ) ;
#2339 = DIRECTION ( 'NONE',  ( -0.9161340250505536353, 9.178825430581676185E-15, -0.4008721094621968684 ) ) ;
#2340 = CARTESIAN_POINT ( 'NONE',  ( 3.283599450211237780, 5.513978277215956680, 8.766020063032074816 ) ) ;
#2341 = CARTESIAN_POINT ( 'NONE',  ( 2.875399175316837752, 5.016521428478471378, 3.855399175316800875 ) ) ;
#2342 = EDGE_CURVE ( 'NONE', #3173, #1510, #1501, .T. ) ;
#2343 = LINE ( 'NONE', #2706, #3396 ) ;
#2344 = CARTESIAN_POINT ( 'NONE',  ( 3.850000000000020073, -3.800000000000010481, 9.859999999999992326 ) ) ;
#2345 = ORIENTED_EDGE ( 'NONE', *, *, #2709, .T. ) ;
#2346 = CARTESIAN_POINT ( 'NONE',  ( 3.700000000000030820, 9.184644423502367871, 3.366032136677900244 ) ) ;
#2347 = ORIENTED_EDGE ( 'NONE', *, *, #3538, .F. ) ;
#2348 = LINE ( 'NONE', #4004, #1798 ) ;
#2349 = CARTESIAN_POINT ( 'NONE',  ( 4.100000000000030731, 8.074999999999999289, 3.379999999999999449 ) ) ;
#2350 = COORDINATED_UNIVERSAL_TIME_OFFSET ( 0, 0, .AHEAD. ) ;
#2351 = DIRECTION ( 'NONE',  ( -1.484914645121900000E-30, -1.000000000000000000, 0.0000000000000000000 ) ) ;
#2352 = DIRECTION ( 'NONE',  ( 1.000000000000000000, 0.0000000000000000000, 0.0000000000000000000 ) ) ;
#2353 = CARTESIAN_POINT ( 'NONE',  ( 4.350000000000020073, -3.800000000000010036, 10.46000000000000085 ) ) ;
#2354 = CARTESIAN_POINT ( 'NONE',  ( 4.350000000000020961, -2.800000000000009148, 10.65999999999999481 ) ) ;
#2355 = AXIS2_PLACEMENT_3D ( 'NONE', #2487, #3823, #3403 ) ;
#2356 = CARTESIAN_POINT ( 'NONE',  ( 3.283599450211224013, 4.513978277215957569, 8.766020063032073040 ) ) ;
#2357 = ORIENTED_EDGE ( 'NONE', *, *, #1887, .T. ) ;
#2358 = DIRECTION ( 'NONE',  ( 1.000000000000000000, 0.0000000000000000000, -0.0000000000000000000 ) ) ;
#2359 = CARTESIAN_POINT ( 'NONE',  ( 3.700000000000029932, 9.224999999999999645, 5.080000000000000071 ) ) ;
#2360 = AXIS2_PLACEMENT_3D ( 'NONE', #1091, #1068, #4130 ) ;
#2361 = APPROVAL ( #988, 'UNKNOWN' ) ;
#2362 = CARTESIAN_POINT ( 'NONE',  ( 6.900000000000010125, 0.0000000000000000000, -133.0279999999999916 ) ) ;
#2363 = VECTOR ( 'NONE', #648, 999.9999999999998863 ) ;
#2364 = EDGE_LOOP ( 'NONE', ( #1578, #2195, #1469, #854 ) ) ;
#2365 = EDGE_CURVE ( 'NONE', #2068, #224, #1923, .T. ) ;
#2366 = VECTOR ( 'NONE', #1974, 1000.000000000000114 ) ;
#2367 = ORIENTED_EDGE ( 'NONE', *, *, #739, .F. ) ;
#2368 = CARTESIAN_POINT ( 'NONE',  ( 4.350000000000020073, -3.800000000000010036, 5.379999999999999893 ) ) ;
#2369 = ORIENTED_EDGE ( 'NONE', *, *, #147, .F. ) ;
#2370 = ORIENTED_EDGE ( 'NONE', *, *, #3958, .T. ) ;
#2371 = EDGE_CURVE ( 'NONE', #624, #2131, #2993, .T. ) ;
#2372 = ADVANCED_FACE ( 'NONE', ( #1596 ), #991, .F. ) ;
#2373 = LINE ( 'NONE', #2694, #803 ) ;
#2374 = DIRECTION ( 'NONE',  ( 1.171453342316279939E-15, 1.000000000000000000, 0.0000000000000000000 ) ) ;
#2375 = VECTOR ( 'NONE', #2245, 1000.000000000000000 ) ;
#2376 = CARTESIAN_POINT ( 'NONE',  ( 4.099999999999989875, 8.000000000000028422, 5.080000000000000071 ) ) ;
#2377 = DIRECTION ( 'NONE',  ( 1.000000000000000000, 0.0000000000000000000, -0.0000000000000000000 ) ) ;
#2378 = VECTOR ( 'NONE', #191, 1000.000000000000000 ) ;
#2379 = ORIENTED_EDGE ( 'NONE', *, *, #1801, .F. ) ;
#2380 = CARTESIAN_POINT ( 'NONE',  ( 3.850000000000019629, -2.800000000000066436, 9.659999999999994813 ) ) ;
#2381 = CARTESIAN_POINT ( 'NONE',  ( 3.850000000000019185, -0.05000000000001010581, 46.15999999999999659 ) ) ;
#2382 = ADVANCED_FACE ( 'NONE', ( #4289 ), #1993, .T. ) ;
#2383 = CARTESIAN_POINT ( 'NONE',  ( 4.100000000000029843, 8.074999999999999289, 5.080000000000000071 ) ) ;
#2384 = CARTESIAN_POINT ( 'NONE',  ( 3.700000000000029932, 8.424999999992952127, 3.289269146084028428 ) ) ;
#2385 = ORIENTED_EDGE ( 'NONE', *, *, #714, .F. ) ;
#2386 = EDGE_LOOP ( 'NONE', ( #1985, #2128, #62 ) ) ;
#2387 = CARTESIAN_POINT ( 'NONE',  ( 3.650000000000019895, -0.05000000000000599798, 5.580000000000001847 ) ) ;
#2388 = ORIENTED_EDGE ( 'NONE', *, *, #2046, .T. ) ;
#2389 = VERTEX_POINT ( 'NONE', #2319 ) ;
#2390 = CARTESIAN_POINT ( 'NONE',  ( 5.324600824683223266, 7.891521428478468714, 3.855399175316811089 ) ) ;
#2391 = LINE ( 'NONE', #2080, #2510 ) ;
#2392 = EDGE_CURVE ( 'NONE', #3817, #768, #4332, .T. ) ;
#2393 = EDGE_CURVE ( 'NONE', #312, #1351, #3584, .T. ) ;
#2394 = CARTESIAN_POINT ( 'NONE',  ( 4.099999999999989875, 8.000000000000028422, 3.154999999946729972 ) ) ;
#2395 = CARTESIAN_POINT ( 'NONE',  ( 1.770905952872639855, 10.00000000000000000, 12.69999999999999929 ) ) ;
#2396 = CARTESIAN_POINT ( 'NONE',  ( 1.436619526395246815, 4.000000000000071054, 3.059999999999998277 ) ) ;
#2397 = LINE ( 'NONE', #4352, #2847 ) ;
#2398 = ADVANCED_FACE ( 'NONE', ( #564 ), #2604, .F. ) ;
#2399 = ORIENTED_EDGE ( 'NONE', *, *, #3604, .F. ) ;
#2400 = B_SPLINE_CURVE_WITH_KNOTS ( 'NONE', 3,
 ( #1996, #4354, #2322, #2015, #2973, #2997, #2037, #4312, #3693, #3638, #326, #12, #1700, #636, #3992, #4336, #2952, #3365 ),
 .UNSPECIFIED., .F., .F.,
 ( 4, 2, 2, 2, 2, 2, 2, 2, 4 ),
 ( 0.0000000000000000000, 0.1250000000000000000, 0.2500000000000000000, 0.3750000000000000000, 0.5000000000000000000, 0.6250000000000000000, 0.7500000000000000000, 0.8750000000000000000, 1.000000000000000000 ),
 .UNSPECIFIED. ) ;
#2401 = DIRECTION ( 'NONE',  ( 0.0000000000000000000, 0.0000000000000000000, -1.000000000000000000 ) ) ;
#2402 = PLANE ( 'NONE',  #40 ) ;
#2403 = CARTESIAN_POINT ( 'NONE',  ( 3.700000000007858780, 9.166118242191696908, 6.811123477023520500 ) ) ;
#2404 = ORIENTED_EDGE ( 'NONE', *, *, #3799, .F. ) ;
#2405 = ORIENTED_EDGE ( 'NONE', *, *, #683, .T. ) ;
#2406 = CARTESIAN_POINT ( 'NONE',  ( 7.751694291205250664, 5.200000000000010836, 6.730847145602625758 ) ) ;
#2407 = LINE ( 'NONE', #723, #111 ) ;
#2408 = ORIENTED_EDGE ( 'NONE', *, *, #483, .T. ) ;
#2409 = CARTESIAN_POINT ( 'NONE',  ( 3.185368038782671718, 5.788055402323279530, 4.165368038782649052 ) ) ;
#2410 = CARTESIAN_POINT ( 'NONE',  ( 4.500000000000030198, 8.425000000000000711, 3.080000000000000071 ) ) ;
#2411 = FACE_OUTER_BOUND ( 'NONE', #3267, .T. ) ;
#2412 = CARTESIAN_POINT ( 'NONE',  ( 4.350000000000020961, -0.05000000000000796169, 10.65999999999999659 ) ) ;
#2413 = EDGE_CURVE ( 'NONE', #2004, #352, #3251, .T. ) ;
#2414 = CALENDAR_DATE ( 2019, 21, 10 ) ;
#2415 = ORIENTED_EDGE ( 'NONE', *, *, #3487, .F. ) ;
#2416 = CARTESIAN_POINT ( 'NONE',  ( 0.3883804736048202533, 4.000000000000073719, 3.060000000000001830 ) ) ;
#2417 = LINE ( 'NONE', #3049, #2503 ) ;
#2418 = EDGE_CURVE ( 'NONE', #1510, #3862, #1325, .T. ) ;
#2419 = VECTOR ( 'NONE', #1448, 1000.000000000000000 ) ;
#2420 = CARTESIAN_POINT ( 'NONE',  ( 2.536640950747369505, 7.558188095145135676, 9.751799725105595229 ) ) ;
#2421 = CARTESIAN_POINT ( 'NONE',  ( 4.350000000000020073, 0.6499999999999940270, 46.15999999999999659 ) ) ;
#2422 = B_SPLINE_CURVE_WITH_KNOTS ( 'NONE', 3,
 ( #2964, #3649, #3353, #645, #2674, #956, #2, #2346, #2057, #3388, #1672, #1987, #626, #2042, #3315, #3702 ),
 .UNSPECIFIED., .F., .F.,
 ( 4, 3, 3, 3, 3, 4 ),
 ( 2.038297213211101109E-14, 4.949588726112223209E-05, 9.895544406315754629E-05, 0.0001489806963037664900, 0.0002002499056886155216, 0.0002311089491953076099 ),
 .UNSPECIFIED. ) ;
#2423 = ORIENTED_EDGE ( 'NONE', *, *, #11, .T. ) ;
#2424 = CARTESIAN_POINT ( 'NONE',  ( 5.324600824683221489, 5.284811610549291494, 6.304600824683194382 ) ) ;
#2425 = AXIS2_PLACEMENT_3D ( 'NONE', #3394, #3104, #87 ) ;
#2426 = VECTOR ( 'NONE', #1479, 1000.000000000000000 ) ;
#2427 = EDGE_LOOP ( 'NONE', ( #1106, #1909 ) ) ;
#2428 = DIRECTION ( 'NONE',  ( -0.0000000000000000000, -0.0000000000000000000, -1.000000000000000000 ) ) ;
#2429 = CARTESIAN_POINT ( 'NONE',  ( 0.4000000000000287770, 8.074999999999999289, 6.930000000000003268 ) ) ;
#2430 = ORIENTED_EDGE ( 'NONE', *, *, #4064, .T. ) ;
#2431 = ORIENTED_EDGE ( 'NONE', *, *, #714, .T. ) ;
#2432 = CARTESIAN_POINT ( 'NONE',  ( 3.185368038782669942, 6.788055402323282195, 4.165368038782649052 ) ) ;
#2433 = CIRCLE ( 'NONE', #3547, 1.849857233237278242 ) ;
#2434 = CARTESIAN_POINT ( 'NONE',  ( 3.691799725105625374, 6.974854761811803527, 8.596640950747339360 ) ) ;
#2435 = LOCAL_TIME ( 19, 29, 23.00000000000000000, #1209 ) ;
#2436 = CARTESIAN_POINT ( 'NONE',  ( 3.843649167310390524, 3.964985001829767482E-14, 12.69999999999999929 ) ) ;
#2437 = CARTESIAN_POINT ( 'NONE',  ( 4.350000000000020073, -0.05000000000000588002, 46.15999999999999659 ) ) ;
#2438 = DIRECTION ( 'NONE',  ( 0.0000000000000000000, 0.0000000000000000000, -1.000000000000000000 ) ) ;
#2439 = CARTESIAN_POINT ( 'NONE',  ( 2.536640950747368617, 5.558188095145136565, 9.751799725105595229 ) ) ;
#2440 = FACE_OUTER_BOUND ( 'NONE', #4117, .T. ) ;
#2441 = VECTOR ( 'NONE', #1306, 999.9999999999998863 ) ;
#2442 =( LENGTH_UNIT ( ) NAMED_UNIT ( * ) SI_UNIT ( .MILLI., .METRE. ) );
#2443 = ORIENTED_EDGE ( 'NONE', *, *, #3079, .T. ) ;
#2444 = VECTOR ( 'NONE', #2266, 1000.000000000000227 ) ;
#2445 = DIRECTION ( 'NONE',  ( 1.000000000000000000, 0.0000000000000000000, -0.0000000000000000000 ) ) ;
#2446 = EDGE_CURVE ( 'NONE', #2261, #2073, #3278, .T. ) ;
#2447 = CARTESIAN_POINT ( 'NONE',  ( 5.663359049252692401, 7.326478277215954904, 10.56820027489440150 ) ) ;
#2448 = EDGE_CURVE ( 'NONE', #2261, #1592, #3987, .T. ) ;
#2449 = DIRECTION ( 'NONE',  ( 0.0000000000000000000, 0.0000000000000000000, 1.000000000000000000 ) ) ;
#2450 = EDGE_LOOP ( 'NONE', ( #2058, #3088, #1937, #3097 ) ) ;
#2451 = ORIENTED_EDGE ( 'NONE', *, *, #492, .T. ) ;
#2452 = CARTESIAN_POINT ( 'NONE',  ( 4.100000000000029843, 8.424999999988358468, 10.16000000000000014 ) ) ;
#2453 = DIRECTION ( 'NONE',  ( -0.0000000000000000000, -1.000000000000000000, -0.0000000000000000000 ) ) ;
#2454 = ORIENTED_EDGE ( 'NONE', *, *, #1100, .T. ) ;
#2455 = ORIENTED_EDGE ( 'NONE', *, *, #3459, .F. ) ;
#2456 = CARTESIAN_POINT ( 'NONE',  ( 3.283599450211242665, 7.162354761811802639, 11.55397993696793968 ) ) ;
#2457 = CARTESIAN_POINT ( 'NONE',  ( 4.508200274894424986, 4.451478277215955792, 8.596640950747330479 ) ) ;
#2458 = DIRECTION ( 'NONE',  ( 0.0000000000000000000, -0.0000000000000000000, -1.000000000000000000 ) ) ;
#2459 = DIRECTION ( 'NONE',  ( 0.0000000000000000000, 0.0000000000000000000, 1.000000000000000000 ) ) ;
#2460 = CARTESIAN_POINT ( 'NONE',  ( 3.795122679594242765, 5.454722068989947381, 11.32764428414853519 ) ) ;
#2461 = FACE_OUTER_BOUND ( 'NONE', #594, .T. ) ;
#2462 = MECHANICAL_CONTEXT ( 'NONE', #793, 'mechanical' ) ;
#2463 = ORIENTED_EDGE ( 'NONE', *, *, #3428, .F. ) ;
#2464 =( REPRESENTATION_RELATIONSHIP ('NONE','NONE', #3751, #2824 ) REPRESENTATION_RELATIONSHIP_WITH_TRANSFORMATION ( #3652 )SHAPE_REPRESENTATION_RELATIONSHIP( ) );
#2465 = CARTESIAN_POINT ( 'NONE',  ( 6.957499999999999574, 5.200000000000009948, 2.930000000000000160 ) ) ;
#2466 = CARTESIAN_POINT ( 'NONE',  ( 3.691799725105633367, 7.683188095145135676, 11.72335904925266625 ) ) ;
#2467 = CARTESIAN_POINT ( 'NONE',  ( 3.700000000001380407, 9.216174707614932515, 6.739504687129810989 ) ) ;
#2468 = ORIENTED_EDGE ( 'NONE', *, *, #2709, .F. ) ;
#2469 = ADVANCED_FACE ( 'NONE', ( #970 ), #283, .T. ) ;
#2470 = ORIENTED_EDGE ( 'NONE', *, *, #3454, .F. ) ;
#2471 = LINE ( 'NONE', #4143, #171 ) ;
#2472 = LINE ( 'NONE', #2098, #1178 ) ;
#2473 = VERTEX_POINT ( 'NONE', #2665 ) ;
#2474 = ORIENTED_EDGE ( 'NONE', *, *, #1694, .T. ) ;
#2475 = CARTESIAN_POINT ( 'NONE',  ( 5.141138122682961331, 7.558888735656605462, 10.76975464081159828 ) ) ;
#2476 = ADVANCED_FACE ( 'NONE', ( #4008 ), #2338, .T. ) ;
#2477 = LINE ( 'NONE', #819, #1885 ) ;
#2478 = LINE ( 'NONE', #1090, #3464 ) ;
#2479 = CARTESIAN_POINT ( 'NONE',  ( 4.500000000000030198, 8.643847809278096150, 3.299059723437781422 ) ) ;
#2480 = CARTESIAN_POINT ( 'NONE',  ( 2.706020063032100520, 5.537354761811803527, 9.343599450211216961 ) ) ;
#2481 = CARTESIAN_POINT ( 'NONE',  ( 3.700000000000029932, 8.425000000000000711, 8.160000000000000142 ) ) ;
#2482 = PERSON_AND_ORGANIZATION ( #3197, #1464 ) ;
#2483 = EDGE_LOOP ( 'NONE', ( #2357, #2415, #126, #901, #2965, #197 ) ) ;
#2484 = CARTESIAN_POINT ( 'NONE',  ( 1.378805807436287223, 9.225000000000001421, 11.36735686374990983 ) ) ;
#2485 = FACE_BOUND ( 'NONE', #4241, .T. ) ;
#2486 = CARTESIAN_POINT ( 'NONE',  ( 5.663359049252690625, 7.308188095145134788, 10.56820027489440506 ) ) ;
#2487 = CARTESIAN_POINT ( 'NONE',  ( 4.100000000000029843, 8.081542908104799139, 5.080000000000000071 ) ) ;
#2488 = VERTEX_POINT ( 'NONE', #2396 ) ;
#2489 = VECTOR ( 'NONE', #4006, 1000.000000000000114 ) ;
#2490 = EDGE_LOOP ( 'NONE', ( #1544, #423, #3846, #57, #1771, #104 ) ) ;
#2491 = DIRECTION ( 'NONE',  ( -1.000000000000000000, 1.001908583198310010E-14, -0.0000000000000000000 ) ) ;
#2492 = CARTESIAN_POINT ( 'NONE',  ( 0.4000000000000262235, 8.074999999999999289, 3.229999999999999094 ) ) ;
#2493 = AXIS2_PLACEMENT_3D ( 'NONE', #3349, #348, #3644 ) ;
#2494 = ORIENTED_EDGE ( 'NONE', *, *, #2070, .F. ) ;
#2495 = VERTEX_POINT ( 'NONE', #3713 ) ;
#2496 = EDGE_CURVE ( 'NONE', #4204, #1550, #2739, .T. ) ;
#2497 = CARTESIAN_POINT ( 'NONE',  ( 3.283599450211223125, 7.495688095145137453, 8.766020063032080145 ) ) ;
#2498 = CARTESIAN_POINT ( 'NONE',  ( 7.456259223559908556, 4.952135600172702823, 11.66312961177996144 ) ) ;
#2499 = ADVANCED_FACE ( 'NONE', ( #3750 ), #402, .F. ) ;
#2500 = ORIENTED_EDGE ( 'NONE', *, *, #3958, .F. ) ;
#2501 = EDGE_CURVE ( 'NONE', #2389, #1567, #3204, .T. ) ;
#2502 = CARTESIAN_POINT ( 'NONE',  ( 3.850000000000019185, -0.05000000000000700412, 9.659999999999998366 ) ) ;
#2503 = VECTOR ( 'NONE', #681, 1000.000000000000000 ) ;
#2504 = CARTESIAN_POINT ( 'NONE',  ( 3.691799725105628482, 5.474854761811803527, 8.596640950747339360 ) ) ;
#2505 = DIRECTION ( 'NONE',  ( 0.0000000000000000000, -0.0000000000000000000, -1.000000000000000000 ) ) ;
#2506 = DATE_TIME_ROLE ( 'classification_date' ) ;
#2507 = VECTOR ( 'NONE', #4225, 1000.000000000000000 ) ;
#2508 = ORIENTED_EDGE ( 'NONE', *, *, #1919, .T. ) ;
#2509 = CARTESIAN_POINT ( 'NONE',  ( 3.729292974166417807, 9.166319812937834044, 11.92396258120964525 ) ) ;
#2510 = VECTOR ( 'NONE', #24, 1000.000000000000000 ) ;
#2511 = CARTESIAN_POINT ( 'NONE',  ( 2.706020063032103184, 6.537354761811803527, 9.343599450211206303 ) ) ;
#2512 = ORIENTED_EDGE ( 'NONE', *, *, #1945, .T. ) ;
#2513 = FACE_OUTER_BOUND ( 'NONE', #2450, .T. ) ;
#2514 = CARTESIAN_POINT ( 'NONE',  ( 5.324600824683221489, 6.266521428478470490, 6.304600824683191718 ) ) ;
#2515 = ADVANCED_FACE ( 'NONE', ( #1427 ), #3012, .F. ) ;
#2516 = ORIENTED_EDGE ( 'NONE', *, *, #3470, .T. ) ;
#2517 = CARTESIAN_POINT ( 'NONE',  ( 6.688576093413548307, 9.225000000000003197, 9.011483983663314490 ) ) ;
#2518 = CARTESIAN_POINT ( 'NONE',  ( 1.596496361454497359, 9.225000000000001421, 9.076168617640178127 ) ) ;
#2519 = ORIENTED_EDGE ( 'NONE', *, *, #4135, .F. ) ;
#2520 = ORIENTED_EDGE ( 'NONE', *, *, #3892, .T. ) ;
#2521 = CARTESIAN_POINT ( 'NONE',  ( 3.795122679594243653, 7.454722068989935835, 11.32764428414853342 ) ) ;
#2522 = CARTESIAN_POINT ( 'NONE',  ( 6.900000000000010125, 0.0000000000000000000, -127.9480000000000075 ) ) ;
#2523 = ORIENTED_EDGE ( 'NONE', *, *, #1020, .T. ) ;
#2524 = CARTESIAN_POINT ( 'NONE',  ( 8.199999999999999289, 5.799999999999999822, 12.03500000000000014 ) ) ;
#2525 = CARTESIAN_POINT ( 'NONE',  ( 3.691799725105639141, 5.183188095145135676, 11.72335904925266448 ) ) ;
#2526 = DIRECTION ( 'NONE',  ( 1.000000000000000000, 0.0000000000000000000, -0.0000000000000000000 ) ) ;
#2527 = EDGE_CURVE ( 'NONE', #2617, #1607, #4107, .T. ) ;
#2528 = DATE_TIME_ROLE ( 'classification_date' ) ;
#2529 = B_SPLINE_CURVE_WITH_KNOTS ( 'NONE', 3,
 ( #2959, #3312, #2978, #274, #1633, #4298, #4316, #1288, #2630, #2649, #980, #2327, #3662, #1999, #1259, #2277 ),
 .UNSPECIFIED., .F., .F.,
 ( 4, 3, 3, 3, 3, 4 ),
 ( 5.853434371628803849E-15, 4.949588726149603790E-05, 9.895544406388497819E-05, 0.0001489806963051145056, 0.0002002499056907653860, 0.0002311089491666144433 ),
 .UNSPECIFIED. ) ;
#2530 = ORIENTED_EDGE ( 'NONE', *, *, #620, .T. ) ;
#2531 = CARTESIAN_POINT ( 'NONE',  ( 3.741899747991308978, 9.225000000000001421, 11.86397483955065013 ) ) ;
#2532 = CARTESIAN_POINT ( 'NONE',  ( 0.4000000000000288325, 8.077181834648511582, 8.309999999999998721 ) ) ;
#2533 = CARTESIAN_POINT ( 'NONE',  ( 4.916400549788817465, 6.430644943882622755, 8.766020063032069487 ) ) ;
#2534 = ORIENTED_EDGE ( 'NONE', *, *, #3376, .F. ) ;
#2535 = CARTESIAN_POINT ( 'NONE',  ( 2.875399175316837752, 5.016521428478471378, 3.855399175316800875 ) ) ;
#2536 = CARTESIAN_POINT ( 'NONE',  ( 2.367261838462630941, 6.079021428478473155, 5.080000000000009841 ) ) ;
#2537 = LINE ( 'NONE', #3327, #2441 ) ;
#2538 = ORIENTED_EDGE ( 'NONE', *, *, #1919, .F. ) ;
#2539 = DIRECTION ( 'NONE',  ( 0.0000000000000000000, 0.0000000000000000000, 1.000000000000000000 ) ) ;
#2540 = CARTESIAN_POINT ( 'NONE',  ( 0.0000000000000000000, 4.250000000000000000, 12.69999999999999929 ) ) ;
#2541 = ORIENTED_EDGE ( 'NONE', *, *, #4276, .T. ) ;
#2542 = ORIENTED_EDGE ( 'NONE', *, *, #3810, .F. ) ;
#2543 = CARTESIAN_POINT ( 'NONE',  ( 2.932355715851532985, 5.871388735656615232, 10.46487732040580987 ) ) ;
#2544 = CARTESIAN_POINT ( 'NONE',  ( 36.60000000000000142, 0.1499999999999939992, 4.580000000000000071 ) ) ;
#2545 = VERTEX_POINT ( 'NONE', #653 ) ;
#2546 = CARTESIAN_POINT ( 'NONE',  ( 6.900000000000069633, 7.924999999999959854, -133.0279999999999916 ) ) ;
#2547 = CARTESIAN_POINT ( 'NONE',  ( 4.500000000000030198, 8.643847809278106809, 6.860940276562218720 ) ) ;
#2548 = LINE ( 'NONE', #210, #2152 ) ;
#2549 = B_SPLINE_CURVE_WITH_KNOTS ( 'NONE', 3,
 ( #1080, #745, #1769, #1788 ),
 .UNSPECIFIED., .F., .F.,
 ( 4, 4 ),
 ( 4.596412063955883132E-15, 0.0006572000998748941990 ),
 .UNSPECIFIED. ) ;
#2550 = APPROVAL_ROLE ( '' ) ;
#2551 = APPROVAL ( #158, 'UNSPECIFIED' ) ;
#2552 = VERTEX_POINT ( 'NONE', #2011 ) ;
#2553 = CARTESIAN_POINT ( 'NONE',  ( 8.199999999999999289, -3.996802888650562757E-15, 10.66000000000000014 ) ) ;
#2554 = EDGE_CURVE ( 'NONE', #434, #42, #713, .T. ) ;
#2555 = DIRECTION ( 'NONE',  ( -1.000000000000000000, -2.195852501236460108E-16, 0.0000000000000000000 ) ) ;
#2556 = PLANE ( 'NONE',  #461 ) ;
#2557 = CARTESIAN_POINT ( 'NONE',  ( 3.283599450211243109, 6.180644943882621867, 11.55397993696793790 ) ) ;
#2558 = CARTESIAN_POINT ( 'NONE',  ( 0.3937153579603193676, 5.200000000000070344, 13.20000000000001172 ) ) ;
#2559 = ORIENTED_EDGE ( 'NONE', *, *, #2812, .T. ) ;
#2560 = CARTESIAN_POINT ( 'NONE',  ( 5.324600824683222378, 5.266521428478470490, 6.304600824683192606 ) ) ;
#2561 = CARTESIAN_POINT ( 'NONE',  ( 4.100000000000028066, 6.704021428478470490, 6.812738161537398085 ) ) ;
#2562 = ORIENTED_EDGE ( 'NONE', *, *, #4329, .T. ) ;
#2563 = PLANE ( 'NONE',  #669 ) ;
#2564 = LINE ( 'NONE', #2540, #615 ) ;
#2565 = VERTEX_POINT ( 'NONE', #3395 ) ;
#2566 = CARTESIAN_POINT ( 'NONE',  ( 4.508200274894433868, 6.433188095145135676, 8.596640950747339360 ) ) ;
#2567 = CIRCLE ( 'NONE', #662, 0.2000000000000000944 ) ;
#2568 = CARTESIAN_POINT ( 'NONE',  ( 7.751694291205249776, 4.900000000000010125, 6.455000000000000071 ) ) ;
#2569 = VERTEX_POINT ( 'NONE', #2680 ) ;
#2570 = CARTESIAN_POINT ( 'NONE',  ( 4.100000000000029843, 7.954021428478470490, 3.516640950747329963 ) ) ;
#2571 = PLANE ( 'NONE',  #1806 ) ;
#2572 = VECTOR ( 'NONE', #2781, 1000.000000000000000 ) ;
#2573 = DIRECTION ( 'NONE',  ( 0.0000000000000000000, 1.000000000000000000, 0.0000000000000000000 ) ) ;
#2574 = PERSON_AND_ORGANIZATION ( #3197, #1464 ) ;
#2575 = VECTOR ( 'NONE', #2074, 1000.000000000000000 ) ;
#2576 = LINE ( 'NONE', #2947, #3111 ) ;
#2577 = VECTOR ( 'NONE', #4218, 1000.000000000000000 ) ;
#2578 = DIRECTION ( 'NONE',  ( -1.000000000000000000, 0.0000000000000000000, -0.0000000000000000000 ) ) ;
#2579 = CARTESIAN_POINT ( 'NONE',  ( 3.283599450211242665, 6.680644943882624531, 11.55397993696793968 ) ) ;
#2580 = CARTESIAN_POINT ( 'NONE',  ( 4.458100252008195596, 9.225000000000001421, 6.783974839546299762 ) ) ;
#2581 = VECTOR ( 'NONE', #2627, 1000.000000000000000 ) ;
#2582 = EDGE_LOOP ( 'NONE', ( #571, #194, #4233, #3683 ) ) ;
#2583 = DIRECTION ( 'NONE',  ( -1.000000000000000000, 0.0000000000000000000, -0.0000000000000000000 ) ) ;
#2584 = CARTESIAN_POINT ( 'NONE',  ( 4.100000000000035172, 4.954021428478471378, 3.347261838462602501 ) ) ;
#2585 = CIRCLE ( 'NONE', #2719, 1.806196290327717113 ) ;
#2586 = ADVANCED_FACE ( 'NONE', ( #321, #697, #4026 ), #674, .T. ) ;
#2587 = EDGE_CURVE ( 'NONE', #2004, #699, #2699, .T. ) ;
#2588 = CARTESIAN_POINT ( 'NONE',  ( 6.977500000000049774, 5.200000000000010836, 2.540000000000000036 ) ) ;
#2589 = VERTEX_POINT ( 'NONE', #2823 ) ;
#2590 = LINE ( 'NONE', #3932, #1732 ) ;
#2591 = FACE_OUTER_BOUND ( 'NONE', #1045, .T. ) ;
#2592 = ORIENTED_EDGE ( 'NONE', *, *, #3332, .F. ) ;
#2593 = CIRCLE ( 'NONE', #1378, 0.2000000000000000944 ) ;
#2594 = CARTESIAN_POINT ( 'NONE',  ( 4.404877320405821806, 6.204722068989946493, 8.992355715851504172 ) ) ;
#2595 = ADVANCED_FACE ( 'NONE', ( #3796 ), #775, .F. ) ;
#2596 = CARTESIAN_POINT ( 'NONE',  ( 4.100000000000029843, 7.713166519513880104, 3.516640950747329963 ) ) ;
#2597 = ORIENTED_EDGE ( 'NONE', *, *, #2095, .F. ) ;
#2598 = CARTESIAN_POINT ( 'NONE',  ( 7.200000000000020606, 3.500000000000030198, 11.53500000000000014 ) ) ;
#2599 = LINE ( 'NONE', #257, #3414 ) ;
#2600 = CARTESIAN_POINT ( 'NONE',  ( 4.499999999999954703, 9.212450302931955548, 6.751501115984901880 ) ) ;
#2601 = CALENDAR_DATE ( 2019, 21, 10 ) ;
#2602 = CARTESIAN_POINT ( 'NONE',  ( 2.615454147287220366, 7.925000000000029132, 9.301506747454702406 ) ) ;
#2603 = CARTESIAN_POINT ( 'NONE',  ( 7.456259223559908556, 4.952135600172702823, 8.656870388220044177 ) ) ;
#2604 = CYLINDRICAL_SURFACE ( 'NONE', #3694, 1.924999999999999600 ) ;
#2605 = CARTESIAN_POINT ( 'NONE',  ( 4.100000000000029843, 7.925000000000003375, 3.566907539380266723 ) ) ;
#2606 = CARTESIAN_POINT ( 'NONE',  ( 2.536640950747369949, 5.618144943882624531, 10.56820027489440861 ) ) ;
#2607 = LINE ( 'NONE', #2558, #166 ) ;
#2608 = CARTESIAN_POINT ( 'NONE',  ( 7.456259223559870364, 4.952135600172730356, 6.583129611779932056 ) ) ;
#2609 = CARTESIAN_POINT ( 'NONE',  ( 4.099999999999989875, 8.000000000000028422, 7.005000000053271059 ) ) ;
#2610 = EDGE_LOOP ( 'NONE', ( #2516, #1880, #4190, #1468 ) ) ;
#2611 = DIRECTION ( 'NONE',  ( -0.0000000000000000000, -0.0000000000000000000, -1.000000000000000000 ) ) ;
#2612 = DIRECTION ( 'NONE',  ( 0.9246769218903032606, -9.264417447272923273E-15, -0.3807526626610430731 ) ) ;
#2613 = ORIENTED_EDGE ( 'NONE', *, *, #92, .F. ) ;
#2614 = ADVANCED_FACE ( 'NONE', ( #3155 ), #1781, .F. ) ;
#2615 = CARTESIAN_POINT ( 'NONE',  ( 5.663359049252693289, 6.849854761811804416, 9.751799725105607664 ) ) ;
#2616 = CARTESIAN_POINT ( 'NONE',  ( 7.899999999999999467, 5.500000000000000000, 12.69999999999999929 ) ) ;
#2617 = VERTEX_POINT ( 'NONE', #2193 ) ;
#2618 = CARTESIAN_POINT ( 'NONE',  ( 5.832738161537426969, 7.829021428478466049, 5.079999999999998295 ) ) ;
#2619 = EDGE_CURVE ( 'NONE', #1465, #2389, #383, .T. ) ;
#2620 = CARTESIAN_POINT ( 'NONE',  ( 8.200000000000002842, 1.000000000000029532, 12.03500000000000014 ) ) ;
#2621 = FACE_OUTER_BOUND ( 'NONE', #4111, .T. ) ;
#2622 = CARTESIAN_POINT ( 'NONE',  ( 4.100000000000029843, 8.074999999999999289, 10.16000000000000014 ) ) ;
#2623 = DIRECTION ( 'NONE',  ( 1.000000000000000000, 0.0000000000000000000, 0.0000000000000000000 ) ) ;
#2624 = CARTESIAN_POINT ( 'NONE',  ( 2.536640950747360623, 5.118144943882620979, 10.56820027489438552 ) ) ;
#2625 = CARTESIAN_POINT ( 'NONE',  ( 7.607500000000049667, 5.199999999999999289, 13.19999999999999929 ) ) ;
#2626 = FACE_OUTER_BOUND ( 'NONE', #2796, .T. ) ;
#2627 = DIRECTION ( 'NONE',  ( 7.770685602167440362E-15, 1.000000000000000000, 0.0000000000000000000 ) ) ;
#2628 = ORIENTED_EDGE ( 'NONE', *, *, #3487, .T. ) ;
#2629 = LINE ( 'NONE', #703, #244 ) ;
#2630 = CARTESIAN_POINT ( 'NONE',  ( 4.499999999999954703, 9.195517069828092360, 11.86072677490964011 ) ) ;
#2631 = ORIENTED_EDGE ( 'NONE', *, *, #2587, .T. ) ;
#2632 = CARTESIAN_POINT ( 'NONE',  ( 3.283599450211243553, 6.495688095145135676, 8.766020063032071263 ) ) ;
#2633 = CARTESIAN_POINT ( 'NONE',  ( 4.499999999998681055, 9.221989643054653740, 3.437153334284258843 ) ) ;
#2634 = ORIENTED_EDGE ( 'NONE', *, *, #147, .T. ) ;
#2635 = CARTESIAN_POINT ( 'NONE',  ( 4.100000000000030731, 6.472311610549288829, 3.347261838462599393 ) ) ;
#2636 = DIRECTION ( 'NONE',  ( 0.1737853339090520144, 0.9847835588179361110, 0.0000000000000000000 ) ) ;
#2637 = CARTESIAN_POINT ( 'NONE',  ( 4.499999999999954703, 9.195517069828133216, 6.780726774909584975 ) ) ;
#2638 = EDGE_CURVE ( 'NONE', #1746, #278, #2802, .T. ) ;
#2639 = DIRECTION ( 'NONE',  ( 0.0000000000000000000, 0.0000000000000000000, 1.000000000000000000 ) ) ;
#2640 = CARTESIAN_POINT ( 'NONE',  ( 4.100000000000029843, 7.713166519513880104, 8.596640950747339360 ) ) ;
#2641 = VECTOR ( 'NONE', #3677, 1000.000000000000000 ) ;
#2642 = DIRECTION ( 'NONE',  ( 0.0000000000000000000, 0.0000000000000000000, -1.000000000000000000 ) ) ;
#2643 = FACE_OUTER_BOUND ( 'NONE', #2582, .T. ) ;
#2644 = VECTOR ( 'NONE', #1277, 1000.000000000000000 ) ;
#2645 = CARTESIAN_POINT ( 'NONE',  ( 4.508200274894424098, 4.951478277215957569, 8.596640950747332255 ) ) ;
#2646 = CARTESIAN_POINT ( 'NONE',  ( 4.500000000000031086, 9.081542908114121460, 11.92134750665529630 ) ) ;
#2647 = CARTESIAN_POINT ( 'NONE',  ( 5.324600824683213496, 5.391521428478469602, 3.855399175316799987 ) ) ;
#2648 = FACE_OUTER_BOUND ( 'NONE', #4258, .T. ) ;
#2649 = CARTESIAN_POINT ( 'NONE',  ( 4.499999999999954703, 9.203880595346269899, 11.84629187386603988 ) ) ;
#2650 = EDGE_LOOP ( 'NONE', ( #174, #4212, #1511, #2979, #2186, #836, #4222, #724, #725, #534, #1557, #221, #788, #2729, #767, #95, #3334, #2542 ) ) ;
#2651 = VECTOR ( 'NONE', #935, 1000.000000000000000 ) ;
#2652 = ADVANCED_FACE ( 'NONE', ( #3176 ), #1476, .T. ) ;
#2653 = CARTESIAN_POINT ( 'NONE',  ( 5.493979936967958722, 5.870688095145135676, 9.343599450211215185 ) ) ;
#2654 = CARTESIAN_POINT ( 'NONE',  ( 7.899999999999999467, 5.799999999999999822, 12.69999999999999929 ) ) ;
#2655 = AXIS2_PLACEMENT_3D ( 'NONE', #3220, #181, #838 ) ;
#2656 = ORIENTED_EDGE ( 'NONE', *, *, #3429, .F. ) ;
#2657 = CARTESIAN_POINT ( 'NONE',  ( 5.324600824683222378, 6.766521428478468714, 6.304600824683190829 ) ) ;
#2658 = CARTESIAN_POINT ( 'NONE',  ( 4.471468276088727656, 9.081542908107884671, 11.92758489444117131 ) ) ;
#2659 = CARTESIAN_POINT ( 'NONE',  ( 3.700000000000030820, 9.225000000000001421, 3.472685758152214142 ) ) ;
#2660 = VECTOR ( 'NONE', #3678, 1000.000000000000000 ) ;
#2661 = B_SPLINE_CURVE_WITH_KNOTS ( 'NONE', 3,
 ( #2570, #535, #2125, #3199 ),
 .UNSPECIFIED., .F., .F.,
 ( 4, 4 ),
 ( 0.0000000000000000000, 0.009433773297720108447 ),
 .UNSPECIFIED. ) ;
#2662 = LINE ( 'NONE', #2620, #2489 ) ;
#2663 = CARTESIAN_POINT ( 'NONE',  ( 36.60000000000000142, 0.1499999999999939992, 9.660000000000000142 ) ) ;
#2664 = ADVANCED_FACE ( 'NONE', ( #2440 ), #3872, .T. ) ;
#2665 = CARTESIAN_POINT ( 'NONE',  ( 3.850000000000020073, -2.800000000000009592, 5.579999999999999183 ) ) ;
#2666 = ADVANCED_FACE ( 'NONE', ( #1159 ), #2127, .T. ) ;
#2667 = CARTESIAN_POINT ( 'NONE',  ( 4.100000000000029843, 7.925000000045655746, 10.16000000000000014 ) ) ;
#2668 = CARTESIAN_POINT ( 'NONE',  ( 3.691799725105632035, 5.201478277215956680, 11.72335904925266803 ) ) ;
#2669 = CARTESIAN_POINT ( 'NONE',  ( 3.850000000000020073, -2.800000000000009592, 10.65999999999999837 ) ) ;
#2670 = CARTESIAN_POINT ( 'NONE',  ( 3.185368038782669942, 4.913055402323279530, 5.994631961217351090 ) ) ;
#2671 = DIRECTION ( 'NONE',  ( -0.0000000000000000000, 0.4999999999999807931, -0.8660254037844496988 ) ) ;
#2672 = CARTESIAN_POINT ( 'NONE',  ( 3.700000000000108091, 9.203880595331133563, 8.473708126107839078 ) ) ;
#2673 = ORIENTED_EDGE ( 'NONE', *, *, #1107, .F. ) ;
#2674 = CARTESIAN_POINT ( 'NONE',  ( 3.700000000000029932, 9.145199570744811268, 3.335353344766061046 ) ) ;
#2675 = ORIENTED_EDGE ( 'NONE', *, *, #3845, .T. ) ;
#2676 = CARTESIAN_POINT ( 'NONE',  ( 6.916992728095668674, 9.166319812942806067, 8.910138628586574683 ) ) ;
#2677 = DIRECTION ( 'NONE',  ( -1.001908583198310010E-14, -1.000000000000000000, 0.0000000000000000000 ) ) ;
#2678 = CARTESIAN_POINT ( 'NONE',  ( 8.199999999999979750, 5.200000000000009948, 6.455000000000000071 ) ) ;
#2679 = CARTESIAN_POINT ( 'NONE',  ( 7.675735931288101277, 7.924999999999996270, 8.372132034355965757 ) ) ;
#2680 = CARTESIAN_POINT ( 'NONE',  ( 6.987500000000006040, 1.699982465095719924E-14, 12.69999999999999396 ) ) ;
#2681 = CARTESIAN_POINT ( 'NONE',  ( 8.200000000000004619, 5.799999999999999822, 12.69999999999999929 ) ) ;
#2682 = CARTESIAN_POINT ( 'NONE',  ( 4.916400549788835228, 5.430644943882621867, 8.766020063032080145 ) ) ;
#2683 = EDGE_CURVE ( 'NONE', #59, #42, #3843, .T. ) ;
#2684 = LINE ( 'NONE', #364, #3827 ) ;
#2685 = EDGE_CURVE ( 'NONE', #2750, #2241, #755, .T. ) ;
#2686 = DIRECTION ( 'NONE',  ( -0.9246769218903037046, 9.264417447272918540E-15, 0.3807526626610419629 ) ) ;
#2687 = ADVANCED_FACE ( 'NONE', ( #2461 ), #1208, .F. ) ;
#2688 = DIRECTION ( 'NONE',  ( 0.0000000000000000000, -0.0000000000000000000, 1.000000000000000000 ) ) ;
#2689 = ORIENTED_EDGE ( 'NONE', *, *, #1543, .T. ) ;
#2690 =( BOUNDED_CURVE ( )  B_SPLINE_CURVE ( 3, ( #3287, #3994, #1664, #946 ),
 .UNSPECIFIED., .F., .T. ) 
 B_SPLINE_CURVE_WITH_KNOTS ( ( 4, 4 ),
 ( 3.316264852598042712, 4.712388980384692339 ),
 .UNSPECIFIED. ) 
 CURVE ( )  GEOMETRIC_REPRESENTATION_ITEM ( )  RATIONAL_B_SPLINE_CURVE ( ( 1.000000000000000000, 0.8440594686672550084, 0.8440594686672550084, 1.000000000000000000 ) ) 
 REPRESENTATION_ITEM ( '' )  );
#2691 = ORIENTED_EDGE ( 'NONE', *, *, #2342, .F. ) ;
#2692 = FACE_OUTER_BOUND ( 'NONE', #361, .T. ) ;
#2693 = ORIENTED_EDGE ( 'NONE', *, *, #2685, .F. ) ;
#2694 = CARTESIAN_POINT ( 'NONE',  ( 7.587500000000050093, 5.199999999999999289, 12.69999999999999929 ) ) ;
#2695 = CARTESIAN_POINT ( 'NONE',  ( 4.099999999999989875, 10.00000000000000000, 7.004999999999999893 ) ) ;
#2696 = CARTESIAN_POINT ( 'NONE',  ( 4.500000000000030198, 9.225000000000001421, 6.687314241847786001 ) ) ;
#2697 = CARTESIAN_POINT ( 'NONE',  ( 4.475667335564799565, 7.925000000000003375, 8.649336964303499187 ) ) ;
#2698 = CLOSED_SHELL ( 'NONE', ( #1982, #1602, #1400, #2759 ) ) ;
#2699 = LINE ( 'NONE', #4045, #2577 ) ;
#2700 = ADVANCED_FACE ( 'NONE', ( #3961, #1228 ), #1640, .T. ) ;
#2701 = CARTESIAN_POINT ( 'NONE',  ( 4.500000000000030198, 9.225000000000001421, 11.76731424184778874 ) ) ;
#2702 = CIRCLE ( 'NONE', #868, 1.924999999999999600 ) ;
#2703 = ORIENTED_EDGE ( 'NONE', *, *, #3510, .F. ) ;
#2704 = DIRECTION ( 'NONE',  ( -1.000000000000000000, 0.0000000000000000000, -0.0000000000000000000 ) ) ;
#2705 = CARTESIAN_POINT ( 'NONE',  ( 3.691799725105626706, 7.474854761811803527, 8.596640950747339360 ) ) ;
#2706 = CARTESIAN_POINT ( 'NONE',  ( 6.957499999999999574, 5.200000000000009948, 3.060000000000000053 ) ) ;
#2707 = VECTOR ( 'NONE', #2491, 1000.000000000000000 ) ;
#2708 = VERTEX_POINT ( 'NONE', #2291 ) ;
#2709 = EDGE_CURVE ( 'NONE', #1004, #46, #3212, .T. ) ;
#2710 = AXIS2_PLACEMENT_3D ( 'NONE', #2970, #2642, #3986 ) ;
#2711 = ORIENTED_EDGE ( 'NONE', *, *, #522, .T. ) ;
#2712 = CARTESIAN_POINT ( 'NONE',  ( 4.500000000000032863, 9.089088554383499385, 3.318990332087075501 ) ) ;
#2713 = EDGE_LOOP ( 'NONE', ( #2468, #77, #3517, #480 ) ) ;
#2714 = ORIENTED_EDGE ( 'NONE', *, *, #1019, .T. ) ;
#2715 = LOCAL_TIME ( 19, 29, 23.00000000000000000, #1187 ) ;
#2716 = AXIS2_PLACEMENT_3D ( 'NONE', #2410, #3357, #337 ) ;
#2717 = CARTESIAN_POINT ( 'NONE',  ( 7.899999999999999467, 5.799999999999999822, 2.539999999999999591 ) ) ;
#2718 = DIRECTION ( 'NONE',  ( 1.000000000000000000, 2.451313349353944172E-13, 0.0000000000000000000 ) ) ;
#2719 = AXIS2_PLACEMENT_3D ( 'NONE', #3243, #1889, #3909 ) ;
#2720 = CARTESIAN_POINT ( 'NONE',  ( 3.700000000000029932, 8.424999999993000088, 8.369269146080872801 ) ) ;
#2721 = CARTESIAN_POINT ( 'NONE',  ( 4.499999999998679279, 9.221989643054653740, 8.517153334284261135 ) ) ;
#2722 = CARTESIAN_POINT ( 'NONE',  ( 1.770905952872640077, 9.699999999999999289, 12.69999999999999929 ) ) ;
#2723 = ORIENTED_EDGE ( 'NONE', *, *, #3161, .T. ) ;
#2724 = DIRECTION ( 'NONE',  ( -0.0000000000000000000, -1.000000000000000000, -0.0000000000000000000 ) ) ;
#2725 = DIRECTION ( 'NONE',  ( 0.0000000000000000000, 0.0000000000000000000, -1.000000000000000000 ) ) ;
#2726 = CARTESIAN_POINT ( 'NONE',  ( 7.806284642039748256, 5.200000000000000178, 13.19999999999999574 ) ) ;
#2727 = ORIENTED_EDGE ( 'NONE', *, *, #3619, .F. ) ;
#2728 = CARTESIAN_POINT ( 'NONE',  ( 5.324600824683223266, 7.409811610549292382, 3.855399175316811089 ) ) ;
#2729 = ORIENTED_EDGE ( 'NONE', *, *, #1694, .F. ) ;
#2730 = CARTESIAN_POINT ( 'NONE',  ( 7.599398324623832579, 5.200000000000010836, 6.654699162311916716 ) ) ;
#2731 = CARTESIAN_POINT ( 'NONE',  ( 7.199999999999999289, 4.049999999999999822, 8.785000000000000142 ) ) ;
#2732 = ORIENTED_EDGE ( 'NONE', *, *, #2496, .T. ) ;
#2733 = VERTEX_POINT ( 'NONE', #3602 ) ;
#2734 = EDGE_CURVE ( 'NONE', #715, #3173, #2548, .T. ) ;
#2735 = CARTESIAN_POINT ( 'NONE',  ( 3.850000000000020073, -3.800000000000010036, 4.580000000000000959 ) ) ;
#2736 = DIRECTION ( 'NONE',  ( 0.0000000000000000000, -0.0000000000000000000, 1.000000000000000000 ) ) ;
#2737 = DIRECTION ( 'NONE',  ( 0.0000000000000000000, 0.0000000000000000000, 1.000000000000000000 ) ) ;
#2738 = DIRECTION ( 'NONE',  ( 0.0000000000000000000, 0.0000000000000000000, 1.000000000000000000 ) ) ;
#2739 = LINE ( 'NONE', #1695, #3912 ) ;
#2740 =( NAMED_UNIT ( * ) PLANE_ANGLE_UNIT ( ) SI_UNIT ( $, .RADIAN. ) );
#2741 = EDGE_LOOP ( 'NONE', ( #4017, #1169, #1930, #332, #1933, #3828 ) ) ;
#2742 = LINE ( 'NONE', #3756, #1092 ) ;
#2743 = CARTESIAN_POINT ( 'NONE',  ( 2.536640950747369505, 7.076478277215956680, 9.751799725105595229 ) ) ;
#2744 = CARTESIAN_POINT ( 'NONE',  ( 3.700000000001380407, 9.210356407246155896, 6.756172348042173148 ) ) ;
#2745 = ORIENTED_EDGE ( 'NONE', *, *, #3731, .T. ) ;
#2746 = ORIENTED_EDGE ( 'NONE', *, *, #2293, .F. ) ;
#2747 = DIRECTION ( 'NONE',  ( 0.0000000000000000000, 0.1961161351381819073, -0.9805806756909205557 ) ) ;
#2748 = DIRECTION ( 'NONE',  ( -1.000000000000000000, 0.0000000000000000000, 0.0000000000000000000 ) ) ;
#2749 = ORIENTED_EDGE ( 'NONE', *, *, #1912, .T. ) ;
#2750 = VERTEX_POINT ( 'NONE', #1917 ) ;
#2751 = CARTESIAN_POINT ( 'NONE',  ( 4.100000000000030731, 6.954021428478471378, 3.347261838462599393 ) ) ;
#2752 = CARTESIAN_POINT ( 'NONE',  ( 5.267644284148527589, 7.079722068989946493, 10.46487732040580276 ) ) ;
#2753 = CARTESIAN_POINT ( 'NONE',  ( 4.350000000000020961, -3.800000000000010036, 5.580000000000000071 ) ) ;
#2754 = LINE ( 'NONE', #1778, #2836 ) ;
#2755 = FACE_OUTER_BOUND ( 'NONE', #334, .T. ) ;
#2756 = CARTESIAN_POINT ( 'NONE',  ( 4.100000000000029843, 7.954021428478470490, 8.596640950747330479 ) ) ;
#2757 = DIRECTION ( 'NONE',  ( 1.000000000000000000, 2.439454888092379849E-15, 0.0000000000000000000 ) ) ;
#2758 = EDGE_CURVE ( 'NONE', #4152, #4145, #164, .T. ) ;
#2759 = ADVANCED_FACE ( 'NONE', ( #629 ), #1658, .F. ) ;
#2760 = DATE_AND_TIME ( #776, #682 ) ;
#2761 = EDGE_LOOP ( 'NONE', ( #646, #3430, #1120, #3116 ) ) ;
#2762 = VECTOR ( 'NONE', #1299, 1000.000000000000000 ) ;
#2763 = CARTESIAN_POINT ( 'NONE',  ( 3.850000000000020073, -3.800000000000010036, 9.659999999999994813 ) ) ;
#2764 = AXIS2_PLACEMENT_3D ( 'NONE', #3848, #640, #2958 ) ;
#2765 = CARTESIAN_POINT ( 'NONE',  ( 4.100000000000029843, 7.472311610549289718, 8.596640950747330479 ) ) ;
#2766 = CARTESIAN_POINT ( 'NONE',  ( 8.199999999999999289, 10.00000000000000000, 2.540000000000000036 ) ) ;
#2767 = VERTEX_POINT ( 'NONE', #1590 ) ;
#2768 = CARTESIAN_POINT ( 'NONE',  ( 2.367261838462630941, 6.079021428478473155, 5.080000000000009841 ) ) ;
#2769 = VECTOR ( 'NONE', #4077, 1000.000000000000000 ) ;
#2770 = CIRCLE ( 'NONE', #256, 0.1499999999999999667 ) ;
#2771 = VERTEX_POINT ( 'NONE', #4346 ) ;
#2772 = CARTESIAN_POINT ( 'NONE',  ( 6.900000000000069633, 7.924999999999959854, -127.9480000000000075 ) ) ;
#2773 = CARTESIAN_POINT ( 'NONE',  ( 0.4002855335254862368, 8.081542908104976775, 6.929857233237274095 ) ) ;
#2774 = ORIENTED_EDGE ( 'NONE', *, *, #2838, .F. ) ;
#2775 = CARTESIAN_POINT ( 'NONE',  ( 2.875399175316839084, 7.141521428478466937, 6.304600824683189053 ) ) ;
#2776 = VECTOR ( 'NONE', #3531, 1000.000000000000000 ) ;
#2777 = CARTESIAN_POINT ( 'NONE',  ( 4.404877320405806707, 6.704722068989949157, 8.992355715851497067 ) ) ;
#2778 = CARTESIAN_POINT ( 'NONE',  ( 3.283599450211240889, 4.680644943882622755, 11.55397993696793790 ) ) ;
#2779 = CIRCLE ( 'NONE', #738, 1.834861572753476278 ) ;
#2780 = CARTESIAN_POINT ( 'NONE',  ( 3.850000000000020073, -2.800000000000003819, 4.580000000000000959 ) ) ;
#2781 = DIRECTION ( 'NONE',  ( 0.3807526626610419629, 0.0000000000000000000, -0.9246769218903037046 ) ) ;
#2782 = CARTESIAN_POINT ( 'NONE',  ( 5.663359049252690625, 5.308188095145137453, 10.56820027489441038 ) ) ;
#2783 = VECTOR ( 'NONE', #411, 1000.000000000000114 ) ;
#2784 = COORDINATED_UNIVERSAL_TIME_OFFSET ( 0, 0, .AHEAD. ) ;
#2785 = ORIENTED_EDGE ( 'NONE', *, *, #1458, .T. ) ;
#2786 = VECTOR ( 'NONE', #3736, 1000.000000000000000 ) ;
#2787 = EDGE_CURVE ( 'NONE', #3497, #3901, #1533, .T. ) ;
#2788 = EDGE_CURVE ( 'NONE', #4018, #3136, #1691, .T. ) ;
#2789 = CARTESIAN_POINT ( 'NONE',  ( 6.900000000000036771, 3.500000000000030198, -133.0279999999999916 ) ) ;
#2790 = DIRECTION ( 'NONE',  ( -1.000000000000000000, 0.0000000000000000000, 0.0000000000000000000 ) ) ;
#2791 = CARTESIAN_POINT ( 'NONE',  ( 8.200000000000002842, 1.000000000000049516, 12.69999999999999929 ) ) ;
#2792 = VERTEX_POINT ( 'NONE', #2659 ) ;
#2793 = VERTEX_POINT ( 'NONE', #4005 ) ;
#2794 = DIRECTION ( 'NONE',  ( -0.8944271909999158554, 0.0000000000000000000, 0.4472135954999579277 ) ) ;
#2795 = ORIENTED_EDGE ( 'NONE', *, *, #810, .F. ) ;
#2796 = EDGE_LOOP ( 'NONE', ( #3589, #3178, #2894, #1868, #2258, #3743 ) ) ;
#2797 = CARTESIAN_POINT ( 'NONE',  ( 3.283599450211243109, 6.995688095145136565, 8.766020063032071263 ) ) ;
#2798 = CARTESIAN_POINT ( 'NONE',  ( 3.283599450211224013, 4.995688095145138341, 8.766020063032073040 ) ) ;
#2799 = FACE_OUTER_BOUND ( 'NONE', #1035, .T. ) ;
#2800 = CARTESIAN_POINT ( 'NONE',  ( 3.650000000000019895, -0.05000000000000599798, 10.65999999999999659 ) ) ;
#2801 = CARTESIAN_POINT ( 'NONE',  ( 4.973185138072540035, 4.658444389314024825, 9.382292374578000249 ) ) ;
#2802 = LINE ( 'NONE', #157, #34 ) ;
#2803 = APPROVAL_ROLE ( '' ) ;
#2804 = ORIENTED_EDGE ( 'NONE', *, *, #1429, .F. ) ;
#2805 = FACE_OUTER_BOUND ( 'NONE', #2096, .T. ) ;
#2806 = ADVANCED_FACE ( 'NONE', ( #398 ), #3725, .T. ) ;
#2807 = CARTESIAN_POINT ( 'NONE',  ( 4.508200274894433868, 6.433188095145135676, 8.596640950747339360 ) ) ;
#2808 = B_SPLINE_CURVE_WITH_KNOTS ( 'NONE', 3,
 ( #1745, #366, #900, #1261, #3162, #517, #3233, #474, #143, #849, #3873, #168, #3210, #1875, #1528, #193 ),
 .UNSPECIFIED., .F., .F.,
 ( 4, 3, 3, 3, 3, 4 ),
 ( 0.0000000000000000000, 5.293135521028657773E-05, 0.0001059165675229373704, 0.0001580412505487510579, 0.0002087591654863100782, 0.0002311501781617365651 ),
 .UNSPECIFIED. ) ;
#2809 = DIRECTION ( 'NONE',  ( 0.0000000000000000000, 0.0000000000000000000, 1.000000000000000000 ) ) ;
#2810 = ORIENTED_EDGE ( 'NONE', *, *, #1551, .F. ) ;
#2811 = CARTESIAN_POINT ( 'NONE',  ( 5.324600824683218825, 6.391521428478468714, 3.855399175316809313 ) ) ;
#2812 = EDGE_CURVE ( 'NONE', #1265, #1231, #4023, .T. ) ;
#2813 = ORIENTED_EDGE ( 'NONE', *, *, #2683, .F. ) ;
#2814 = PLANE ( 'NONE',  #3983 ) ;
#2815 = CARTESIAN_POINT ( 'NONE',  ( 6.374999999999990230, 3.500000000000050182, 3.705000000000000071 ) ) ;
#2816 = ORIENTED_EDGE ( 'NONE', *, *, #3151, .T. ) ;
#2817 = ORIENTED_EDGE ( 'NONE', *, *, #212, .T. ) ;
#2818 = CARTESIAN_POINT ( 'NONE',  ( 2.536640950747361511, 7.599854761811800863, 10.56820027489438552 ) ) ;
#2819 = CARTESIAN_POINT ( 'NONE',  ( 3.283599450211240889, 5.162354761811803527, 11.55397993696793790 ) ) ;
#2820 = ORIENTED_EDGE ( 'NONE', *, *, #1892, .T. ) ;
#2821 = LINE ( 'NONE', #464, #3981 ) ;
#2822 = CARTESIAN_POINT ( 'NONE',  ( 5.055151387142520214, 4.649222363295519855, 9.489909560421070367 ) ) ;
#2823 = CARTESIAN_POINT ( 'NONE',  ( 1.770905952872639855, 10.00000000000000000, 2.540000000000000480 ) ) ;
#2824 = SHAPE_REPRESENTATION ( 'TB006-508-02P_Blue - S', ( #395 ), #4272 ) ;
#2825 = DIRECTION ( 'NONE',  ( 1.000000000000000000, 0.0000000000000000000, 0.0000000000000000000 ) ) ;
#2826 = ORIENTED_EDGE ( 'NONE', *, *, #243, .T. ) ;
#2827 = EDGE_CURVE ( 'NONE', #2001, #3877, #1733, .T. ) ;
#2828 = LINE ( 'NONE', #1191, #2926 ) ;
#2829 = CARTESIAN_POINT ( 'NONE',  ( 5.663359049252690625, 6.826478277215957569, 10.56820027489440506 ) ) ;
#2830 = CARTESIAN_POINT ( 'NONE',  ( 4.470707025832836301, 9.166319812942820278, 6.843962581204038997 ) ) ;
#2831 = ORIENTED_EDGE ( 'NONE', *, *, #999, .T. ) ;
#2832 = CARTESIAN_POINT ( 'NONE',  ( 4.100000000000030731, 7.924999999999997158, 3.292132034355964354 ) ) ;
#2833 = EDGE_LOOP ( 'NONE', ( #4211, #2908, #207, #843 ) ) ;
#2834 = CARTESIAN_POINT ( 'NONE',  ( 6.688576093413595380, 9.225000000000003197, 11.30851601633659875 ) ) ;
#2835 = CARTESIAN_POINT ( 'NONE',  ( 3.700000000000030376, 9.225000000000001421, 11.76731424184797525 ) ) ;
#2836 = VECTOR ( 'NONE', #3103, 1000.000000000000000 ) ;
#2837 = ORIENTED_EDGE ( 'NONE', *, *, #937, .T. ) ;
#2838 = EDGE_CURVE ( 'NONE', #352, #2246, #2028, .T. ) ;
#2839 = CARTESIAN_POINT ( 'NONE',  ( 5.663359049252692401, 7.808188095145135676, 10.56820027489440150 ) ) ;
#2840 = VECTOR ( 'NONE', #1381, 1000.000000000000227 ) ;
#2841 = CYLINDRICAL_SURFACE ( 'NONE', #680, 0.3000000000000007661 ) ;
#2842 = EDGE_LOOP ( 'NONE', ( #4088, #4099, #4303, #1727 ) ) ;
#2843 = LINE ( 'NONE', #2895, #3757 ) ;
#2844 = CIRCLE ( 'NONE', #523, 1.834861572753476278 ) ;
#2845 = CARTESIAN_POINT ( 'NONE',  ( 5.378852288121650282, 4.877688389450709927, 9.262815843185180142 ) ) ;
#2846 = APPROVAL_STATUS ( 'not_yet_approved' ) ;
#2847 = VECTOR ( 'NONE', #3655, 1000.000000000000000 ) ;
#2848 = AXIS2_PLACEMENT_3D ( 'NONE', #1570, #2223, #1297 ) ;
#2849 = ORIENTED_EDGE ( 'NONE', *, *, #1739, .F. ) ;
#2850 = CARTESIAN_POINT ( 'NONE',  ( 1.378805807436305653, 9.225000000000001421, 8.952643136250042488 ) ) ;
#2851 = LOCAL_TIME ( 19, 29, 23.00000000000000000, #1572 ) ;
#2852 =( BOUNDED_SURFACE ( )  B_SPLINE_SURFACE ( 3, 3, ( 
 ( #3636, #586, #1279, #3966 ),
 ( #942, #165, #514, #1525 ),
 ( #2853, #2532, #3714, #634 ),
 ( #3322, #1994, #698, #1054 ) ),
 .UNSPECIFIED., .F., .F., .F. ) 
 B_SPLINE_SURFACE_WITH_KNOTS ( ( 4, 4 ),
 ( 4, 4 ),
 ( 0.0000000000000000000, 1.000000000000000000 ),
 ( 0.0000000000000000000, 1.000000000000000000 ),
 .UNSPECIFIED. ) 
 GEOMETRIC_REPRESENTATION_ITEM ( )  RATIONAL_B_SPLINE_SURFACE ( (
 ( 1.000000000000000000, 0.3333333333333334259, 0.3333333333333334259, 1.000000000000000000),
 ( 0.9998413513866039048, 0.3332804504622013941, 0.3332804504622013941, 0.9998413513866039048),
 ( 0.9998413513866039048, 0.3332804504622013941, 0.3332804504622013941, 0.9998413513866039048),
 ( 1.000000000000000000, 0.3333333333333334259, 0.3333333333333334259, 1.000000000000000000) ) ) 
 REPRESENTATION_ITEM ( '' )  SURFACE ( )  );
#2853 = CARTESIAN_POINT ( 'NONE',  ( 4.100000000000028955, 8.077181834648511582, 8.309999999999998721 ) ) ;
#2854 = VECTOR ( 'NONE', #1043, 1000.000000000000000 ) ;
#2855 = CARTESIAN_POINT ( 'NONE',  ( 5.493979936967956057, 7.370688095145136565, 9.343599450211208080 ) ) ;
#2856 = DIRECTION ( 'NONE',  ( 1.000000000000000000, 0.0000000000000000000, -0.0000000000000000000 ) ) ;
#2857 = PRODUCT ( 'TB006-508-02P_Blue - S', 'TB006-508-02P_Blue - S', '', ( #826 ) ) ;
#2858 = ORIENTED_EDGE ( 'NONE', *, *, #4113, .F. ) ;
#2859 = CARTESIAN_POINT ( 'NONE',  ( 5.324600824683213496, 5.391521428478469602, 3.855399175316799987 ) ) ;
#2860 = CARTESIAN_POINT ( 'NONE',  ( 2.875399175316838640, 7.016521428478468714, 3.855399175316810645 ) ) ;
#2861 = VECTOR ( 'NONE', #1714, 1000.000000000000000 ) ;
#2862 = LINE ( 'NONE', #2588, #1321 ) ;
#2863 = ORIENTED_EDGE ( 'NONE', *, *, #2141, .T. ) ;
#2864 = FACE_OUTER_BOUND ( 'NONE', #2427, .T. ) ;
#2865 = DIRECTION ( 'NONE',  ( 0.0000000000000000000, 0.0000000000000000000, -1.000000000000000000 ) ) ;
#2866 = ORIENTED_EDGE ( 'NONE', *, *, #4141, .T. ) ;
#2867 = ORIENTED_EDGE ( 'NONE', *, *, #4276, .F. ) ;
#2868 = CARTESIAN_POINT ( 'NONE',  ( 4.508200274894432980, 5.933188095145137453, 8.596640950747342913 ) ) ;
#2869 = ADVANCED_FACE ( 'NONE', ( #4327 ), #3040, .T. ) ;
#2870 = DIRECTION ( 'NONE',  ( 8.972707634362790352E-16, -1.000000000000000000, -0.0000000000000000000 ) ) ;
#2871 = ORIENTED_EDGE ( 'NONE', *, *, #3726, .T. ) ;
#2872 = DIRECTION ( 'NONE',  ( -1.000000000000000000, 0.0000000000000000000, -0.0000000000000000000 ) ) ;
#2873 = CARTESIAN_POINT ( 'NONE',  ( 4.100000000000029843, 7.925000000000005151, 8.596640950747330479 ) ) ;
#2874 = CARTESIAN_POINT ( 'NONE',  ( 4.350000000000020073, -3.800000000000010036, 46.15999999999999659 ) ) ;
#2875 = COORDINATED_UNIVERSAL_TIME_OFFSET ( 0, 0, .AHEAD. ) ;
#2876 = EDGE_CURVE ( 'NONE', #1314, #2733, #2391, .T. ) ;
#2877 = EDGE_LOOP ( 'NONE', ( #1146, #246, #3096, #2118, #3565, #3790 ) ) ;
#2878 = FACE_OUTER_BOUND ( 'NONE', #807, .T. ) ;
#2879 = DIRECTION ( 'NONE',  ( -1.000000000000000000, 1.001908583198310010E-14, -0.0000000000000000000 ) ) ;
#2880 = DIRECTION ( 'NONE',  ( 0.0000000000000000000, 0.0000000000000000000, -1.000000000000000000 ) ) ;
#2881 = CARTESIAN_POINT ( 'NONE',  ( 2.536640950747369505, 7.058188095145136565, 9.751799725105597005 ) ) ;
#2882 = DIRECTION ( 'NONE',  ( 8.409034286955188707E-15, 1.000000000000000000, 3.679535112742519038E-15 ) ) ;
#2883 = ORIENTED_EDGE ( 'NONE', *, *, #3762, .T. ) ;
#2884 = CARTESIAN_POINT ( 'NONE',  ( 5.832738161537428745, 5.329021428478473155, 5.080000000000000071 ) ) ;
#2885 = CARTESIAN_POINT ( 'NONE',  ( 2.875399175316839973, 6.016521428478466937, 3.855399175316811089 ) ) ;
#2886 = LINE ( 'NONE', #832, #4337 ) ;
#2887 = VERTEX_POINT ( 'NONE', #356 ) ;
#2888 = DIRECTION ( 'NONE',  ( -1.000000000000000000, 1.001908583198310010E-14, -0.0000000000000000000 ) ) ;
#2889 = CARTESIAN_POINT ( 'NONE',  ( 7.200000000000000178, 4.050000000000020250, 3.704999999999999627 ) ) ;
#2890 = ORIENTED_EDGE ( 'NONE', *, *, #2070, .T. ) ;
#2891 = ORIENTED_EDGE ( 'NONE', *, *, #1352, .F. ) ;
#2892 = CARTESIAN_POINT ( 'NONE',  ( 3.691799725105625818, 6.683188095145136565, 11.72335904925266803 ) ) ;
#2893 = LINE ( 'NONE', #932, #2375 ) ;
#2894 = ORIENTED_EDGE ( 'NONE', *, *, #384, .T. ) ;
#2895 = CARTESIAN_POINT ( 'NONE',  ( 6.987500000000023803, 5.799999999999999822, 12.69999999999999929 ) ) ;
#2896 = CARTESIAN_POINT ( 'NONE',  ( 4.657328879471678285, 7.924999999999999822, 8.701199823579489845 ) ) ;
#2897 = DIRECTION ( 'NONE',  ( -1.000000000000000000, 0.0000000000000000000, 0.0000000000000000000 ) ) ;
#2898 = PERSON_AND_ORGANIZATION_ROLE ( 'design_owner' ) ;
#2899 = ORIENTED_EDGE ( 'NONE', *, *, #467, .T. ) ;
#2900 = DIRECTION ( 'NONE',  ( -0.0000000000000000000, 1.000000000000000000, -1.097926250618230054E-16 ) ) ;
#2901 = EDGE_CURVE ( 'NONE', #1465, #1768, #3639, .T. ) ;
#2902 = CARTESIAN_POINT ( 'NONE',  ( 5.756633352195978048, 7.924999999999977618, 5.522622848376252946 ) ) ;
#2903 = CARTESIAN_POINT ( 'NONE',  ( 2.706020063032103184, 6.055644943882623643, 9.343599450211206303 ) ) ;
#2904 = LINE ( 'NONE', #217, #2987 ) ;
#2905 = ORIENTED_EDGE ( 'NONE', *, *, #2149, .F. ) ;
#2906 = DIRECTION ( 'NONE',  ( 1.000000000000000000, 0.0000000000000000000, 0.0000000000000000000 ) ) ;
#2907 = CARTESIAN_POINT ( 'NONE',  ( 2.875399175316838640, 5.641521428478472266, 6.304600824683190829 ) ) ;
#2908 = ORIENTED_EDGE ( 'NONE', *, *, #3780, .T. ) ;
#2909 = CARTESIAN_POINT ( 'NONE',  ( 0.5924999999999840394, 4.000000000000070166, 13.19999999999999929 ) ) ;
#2910 = CARTESIAN_POINT ( 'NONE',  ( 4.099999999999989875, 10.00000000000000000, 7.004999999999999893 ) ) ;
#2911 = ORIENTED_EDGE ( 'NONE', *, *, #2392, .F. ) ;
#2912 = VECTOR ( 'NONE', #2351, 1000.000000000000000 ) ;
#2913 = APPLICATION_CONTEXT ( 'configuration controlled 3d designs of mechanical parts and assemblies' ) ;
#2914 = CARTESIAN_POINT ( 'NONE',  ( 5.141138122682961331, 6.642222068989947381, 9.550245359188433980 ) ) ;
#2915 = VECTOR ( 'NONE', #446, 1000.000000000000114 ) ;
#2916 = CARTESIAN_POINT ( 'NONE',  ( 3.843649167310384307, 3.964779598406013081E-14, 5.579999999999997407 ) ) ;
#2917 = ORIENTED_EDGE ( 'NONE', *, *, #2554, .T. ) ;
#2918 = CARTESIAN_POINT ( 'NONE',  ( 5.832738161537428745, 7.329021428478469602, 5.080000000000000071 ) ) ;
#2919 = DIRECTION ( 'NONE',  ( -1.000000000000000000, 0.0000000000000000000, 0.0000000000000000000 ) ) ;
#2920 = CIRCLE ( 'NONE', #94, 1.834861572756557591 ) ;
#2921 = CARTESIAN_POINT ( 'NONE',  ( 4.500000000000031086, 9.145199570770815356, 6.824646655219925862 ) ) ;
#2922 = CALENDAR_DATE ( 2019, 21, 10 ) ;
#2923 = AXIS2_PLACEMENT_3D ( 'NONE', #4278, #2262, #2539 ) ;
#2924 = VERTEX_POINT ( 'NONE', #2060 ) ;
#2925 = CARTESIAN_POINT ( 'NONE',  ( 8.200000000000020606, 1.000000000000029976, 8.284999999999987708 ) ) ;
#2926 = VECTOR ( 'NONE', #1523, 1000.000000000000227 ) ;
#2927 = CARTESIAN_POINT ( 'NONE',  ( 4.326053975231876514, 7.924999999999999822, 3.380350207161051834 ) ) ;
#2928 = ADVANCED_FACE ( 'NONE', ( #49 ), #4067, .T. ) ;
#2929 = CARTESIAN_POINT ( 'NONE',  ( 5.493979936967956057, 6.287354761811802639, 10.97640054978879931 ) ) ;
#2930 = DIRECTION ( 'NONE',  ( 0.1736481776669292765, -0.9848077530122083534, 0.0000000000000000000 ) ) ;
#2931 = PLANE ( 'NONE',  #2017 ) ;
#2932 = CARTESIAN_POINT ( 'NONE',  ( 8.199999999999995737, 5.200000000000009948, 6.954999999999998295 ) ) ;
#2933 = VECTOR ( 'NONE', #3977, 1000.000000000000000 ) ;
#2934 = ADVANCED_FACE ( 'NONE', ( #3064 ), #1319, .T. ) ;
#2935 = EDGE_LOOP ( 'NONE', ( #1368, #1202, #2100, #45 ) ) ;
#2936 = DIRECTION ( 'NONE',  ( 0.9333456062030596190, -0.3589790793088689647, -0.0000000000000000000 ) ) ;
#2937 = CARTESIAN_POINT ( 'NONE',  ( 4.543307611909515487, 7.924999999999996270, 11.81650611848121279 ) ) ;
#2938 = ORIENTED_EDGE ( 'NONE', *, *, #4012, .T. ) ;
#2939 = CIRCLE ( 'NONE', #3647, 0.6999999999999999556 ) ;
#2940 = CARTESIAN_POINT ( 'NONE',  ( 3.490245359188461904, 6.267222068989945605, 9.118861877317067766 ) ) ;
#2941 = LINE ( 'NONE', #554, #3065 ) ;
#2942 = ORIENTED_EDGE ( 'NONE', *, *, #2024, .F. ) ;
#2943 = FACE_OUTER_BOUND ( 'NONE', #3385, .T. ) ;
#2944 = CARTESIAN_POINT ( 'NONE',  ( 6.603503638545562993, 9.225000000000001421, 9.076168617640179903 ) ) ;
#2945 = CARTESIAN_POINT ( 'NONE',  ( 4.500000000000030198, 8.643847809278208061, 8.379059723434627571 ) ) ;
#2946 = COORDINATED_UNIVERSAL_TIME_OFFSET ( 0, 0, .AHEAD. ) ;
#2947 = CARTESIAN_POINT ( 'NONE',  ( 8.199999999999979750, 5.200000000000009948, 6.954999999999990301 ) ) ;
#2948 = LINE ( 'NONE', #1973, #2072 ) ;
#2949 = DIRECTION ( 'NONE',  ( -0.0000000000000000000, -0.0000000000000000000, -1.000000000000000000 ) ) ;
#2950 = CARTESIAN_POINT ( 'NONE',  ( 8.199999999999999289, -3.996802888650562757E-15, 5.580000000000000071 ) ) ;
#2951 = CARTESIAN_POINT ( 'NONE',  ( 3.283599450211234227, 5.180644943882622755, 11.55397993696793435 ) ) ;
#2952 = CARTESIAN_POINT ( 'NONE',  ( 3.873556653212379963, 7.925000000000008704, 3.380356306558224055 ) ) ;
#2953 = CARTESIAN_POINT ( 'NONE',  ( 3.700000000000029932, 8.425000000000000711, 7.080000000000000071 ) ) ;
#2954 = CARTESIAN_POINT ( 'NONE',  ( 5.324600824683222378, 5.266521428478470490, 6.304600824683192606 ) ) ;
#2955 = ADVANCED_FACE ( 'NONE', ( #3023 ), #4, .T. ) ;
#2956 = CARTESIAN_POINT ( 'NONE',  ( 7.587500000000042100, 5.200000000000000178, 12.69999999999999574 ) ) ;
#2957 = VERTEX_POINT ( 'NONE', #3746 ) ;
#2958 = DIRECTION ( 'NONE',  ( 1.000000000000000000, -1.001908583198310010E-14, 0.0000000000000000000 ) ) ;
#2959 = CARTESIAN_POINT ( 'NONE',  ( 4.500000000000031086, 9.081542908114121460, 11.92134750665529630 ) ) ;
#2960 = VERTEX_POINT ( 'NONE', #692 ) ;
#2961 = EDGE_CURVE ( 'NONE', #2767, #2068, #4124, .T. ) ;
#2962 = CARTESIAN_POINT ( 'NONE',  ( 3.058861877317098799, 5.892222068989948269, 10.76975464081159650 ) ) ;
#2963 = EDGE_CURVE ( 'NONE', #1210, #2389, #386, .T. ) ;
#2964 = CARTESIAN_POINT ( 'NONE',  ( 3.700000000000030376, 9.081542908099738298, 3.318652493345640053 ) ) ;
#2965 = ORIENTED_EDGE ( 'NONE', *, *, #4011, .F. ) ;
#2966 = CARTESIAN_POINT ( 'NONE',  ( 4.100000000000029843, 6.972311610549290606, 3.347261838462598948 ) ) ;
#2967 = DIRECTION ( 'NONE',  ( 0.0000000000000000000, 0.0000000000000000000, -1.000000000000000000 ) ) ;
#2968 = CARTESIAN_POINT ( 'NONE',  ( 8.199999999999999289, -3.996802888650562757E-15, 12.69999999999999929 ) ) ;
#2969 = DIRECTION ( 'NONE',  ( 0.0000000000000000000, 0.0000000000000000000, 1.000000000000000000 ) ) ;
#2970 = CARTESIAN_POINT ( 'NONE',  ( 6.957500000000050200, 5.200000000000009948, 3.060000000000000053 ) ) ;
#2971 = CARTESIAN_POINT ( 'NONE',  ( 3.700000000000030376, 8.643847809274905813, 6.860940276562361717 ) ) ;
#2972 = CARTESIAN_POINT ( 'NONE',  ( 3.691799725105628482, 5.474854761811803527, 8.596640950747339360 ) ) ;
#2973 = CARTESIAN_POINT ( 'NONE',  ( 3.057144067782510355, 7.925000000000022027, 6.441213493683012992 ) ) ;
#2974 = ADVANCED_FACE ( 'NONE', ( #1377 ), #1034, .T. ) ;
#2975 = CARTESIAN_POINT ( 'NONE',  ( 4.100000000000030731, 4.725555402323282195, 3.785849554385932070 ) ) ;
#2976 = CARTESIAN_POINT ( 'NONE',  ( 3.843649167310384307, 3.964779598406013081E-14, 10.65999999999999837 ) ) ;
#2977 = CARTESIAN_POINT ( 'NONE',  ( 4.100000000000029843, 8.081542908104841771, 8.310142766762723454 ) ) ;
#2978 = CARTESIAN_POINT ( 'NONE',  ( 4.500000000000031086, 9.114605459008448207, 11.91699046286044528 ) ) ;
#2979 = ORIENTED_EDGE ( 'NONE', *, *, #1620, .F. ) ;
#2980 = CARTESIAN_POINT ( 'NONE',  ( 5.267644284148528477, 5.621388735656614344, 9.855122679594209956 ) ) ;
#2981 = LINE ( 'NONE', #2368, #2933 ) ;
#2982 = EDGE_CURVE ( 'NONE', #4071, #110, #2329, .T. ) ;
#2983 = VERTEX_POINT ( 'NONE', #401 ) ;
#2984 = ADVANCED_FACE ( 'NONE', ( #230 ), #1569, .F. ) ;
#2985 = CARTESIAN_POINT ( 'NONE',  ( 2.875399175316838640, 7.016521428478468714, 3.855399175316810645 ) ) ;
#2986 = CARTESIAN_POINT ( 'NONE',  ( 2.367261838462630053, 7.579021428478469602, 5.079999999999998295 ) ) ;
#2987 = VECTOR ( 'NONE', #544, 1000.000000000000114 ) ;
#2988 = APPROVAL_ROLE ( '' ) ;
#2989 = CYLINDRICAL_SURFACE ( 'NONE', #864, 0.2000000000000000944 ) ;
#2990 = EDGE_CURVE ( 'NONE', #278, #3390, #4259, .T. ) ;
#2991 = LINE ( 'NONE', #2925, #664 ) ;
#2992 = AXIS2_PLACEMENT_3D ( 'NONE', #3420, #2459, #2377 ) ;
#2993 = LINE ( 'NONE', #3632, #3408 ) ;
#2994 = CARTESIAN_POINT ( 'NONE',  ( 3.700000000000030376, 8.862695448268514298, 6.851145892054505637 ) ) ;
#2995 = VECTOR ( 'NONE', #2110, 1000.000000000000000 ) ;
#2996 = CARTESIAN_POINT ( 'NONE',  ( 5.663359049252691513, 5.849854761811801751, 9.751799725105593453 ) ) ;
#2997 = CARTESIAN_POINT ( 'NONE',  ( 2.738704501561793681, 7.925000000000027356, 6.122953245461554062 ) ) ;
#2998 = VECTOR ( 'NONE', #2065, 1000.000000000000000 ) ;
#2999 = CARTESIAN_POINT ( 'NONE',  ( 5.014631961217390632, 5.038055402323283971, 5.994631961217351979 ) ) ;
#3000 = CARTESIAN_POINT ( 'NONE',  ( 6.900000000000025224, 1.500000000000025757, 8.784999999999998366 ) ) ;
#3001 = CARTESIAN_POINT ( 'NONE',  ( 3.700000000000029932, 9.129905675408505061, 8.409182716134502300 ) ) ;
#3002 = ORIENTED_EDGE ( 'NONE', *, *, #1506, .F. ) ;
#3003 = AXIS2_PLACEMENT_3D ( 'NONE', #2282, #4014, #1686 ) ;
#3004 = DIRECTION ( 'NONE',  ( 0.0000000000000000000, 0.0000000000000000000, 1.000000000000000000 ) ) ;
#3005 = VECTOR ( 'NONE', #1770, 1000.000000000000000 ) ;
#3006 = EDGE_LOOP ( 'NONE', ( #1194, #2785, #1581, #218 ) ) ;
#3007 = LINE ( 'NONE', #1690, #4178 ) ;
#3008 = CARTESIAN_POINT ( 'NONE',  ( 4.405688558757280049, 7.704722068989939388, 8.992355715851500619 ) ) ;
#3009 = ADVANCED_FACE ( 'NONE', ( #3980 ), #1589, .F. ) ;
#3010 = CARTESIAN_POINT ( 'NONE',  ( 4.657328879471678285, 7.924999999999999822, 8.701199823579489845 ) ) ;
#3011 = DIRECTION ( 'NONE',  ( -0.8457800632220616732, 0.3253000243161777161, 0.4228900316110319468 ) ) ;
#3012 = PLANE ( 'NONE',  #2082 ) ;
#3013 = ADVANCED_FACE ( 'NONE', ( #1916 ), #209, .T. ) ;
#3014 = DIRECTION ( 'NONE',  ( -1.000000000000000000, 0.0000000000000000000, 0.0000000000000000000 ) ) ;
#3015 = CARTESIAN_POINT ( 'NONE',  ( 5.663359049252692401, 6.308188095145134788, 10.56820027489439973 ) ) ;
#3016 = CARTESIAN_POINT ( 'NONE',  ( 6.763380473604826193, 5.200000000000009948, 3.060000000000008491 ) ) ;
#3017 = DIRECTION ( 'NONE',  ( 0.0000000000000000000, 0.0000000000000000000, 1.000000000000000000 ) ) ;
#3018 = CARTESIAN_POINT ( 'NONE',  ( 4.100000000000029843, 8.081542908104841771, 12.00985723323727683 ) ) ;
#3019 = ORIENTED_EDGE ( 'NONE', *, *, #1128, .T. ) ;
#3020 = CARTESIAN_POINT ( 'NONE',  ( 4.499999999993725019, 9.120601777122292475, 3.324767264803451194 ) ) ;
#3021 = VERTEX_POINT ( 'NONE', #3246 ) ;
#3022 = CARTESIAN_POINT ( 'NONE',  ( 4.478636027387060459, 7.925000000000003375, 3.552735782158720212 ) ) ;
#3023 = FACE_OUTER_BOUND ( 'NONE', #1060, .T. ) ;
#3024 = B_SPLINE_CURVE_WITH_KNOTS ( 'NONE', 3,
 ( #752, #2104, #3793, #463 ),
 .UNSPECIFIED., .F., .F.,
 ( 4, 4 ),
 ( 0.0000000000000000000, 0.0005672570505566885491 ),
 .UNSPECIFIED. ) ;
#3025 = LINE ( 'NONE', #1659, #1437 ) ;
#3026 = LINE ( 'NONE', #1758, #377 ) ;
#3027 = DIRECTION ( 'NONE',  ( 0.0000000000000000000, 0.1961161351381819073, -0.9805806756909205557 ) ) ;
#3028 = CARTESIAN_POINT ( 'NONE',  ( 7.456259223559908556, 4.952135600172702823, 11.66312961177996144 ) ) ;
#3029 = CARTESIAN_POINT ( 'NONE',  ( 1.222500000000030784, 4.000000000000071054, 2.539999999999996483 ) ) ;
#3030 = ORIENTED_EDGE ( 'NONE', *, *, #2269, .F. ) ;
#3031 = ADVANCED_FACE ( 'NONE', ( #1274 ), #4285, .F. ) ;
#3032 = EDGE_CURVE ( 'NONE', #484, #4296, #3899, .T. ) ;
#3033 = DIRECTION ( 'NONE',  ( 0.0000000000000000000, -0.0000000000000000000, 1.000000000000000000 ) ) ;
#3034 = FACE_OUTER_BOUND ( 'NONE', #3614, .T. ) ;
#3035 = ORIENTED_EDGE ( 'NONE', *, *, #3457, .T. ) ;
#3036 = EDGE_LOOP ( 'NONE', ( #81, #2911, #78, #412 ) ) ;
#3037 = CARTESIAN_POINT ( 'NONE',  ( 4.499999999998681055, 9.210356407246155896, 3.403827651957826994 ) ) ;
#3038 = ORIENTED_EDGE ( 'NONE', *, *, #638, .F. ) ;
#3039 = DIRECTION ( 'NONE',  ( 1.000000000000000000, 0.0000000000000000000, -0.0000000000000000000 ) ) ;
#3040 = PLANE ( 'NONE',  #259 ) ;
#3041 = CALENDAR_DATE ( 2019, 21, 10 ) ;
#3042 = FACE_BOUND ( 'NONE', #903, .T. ) ;
#3043 = LINE ( 'NONE', #400, #871 ) ;
#3044 = AXIS2_PLACEMENT_3D ( 'NONE', #2376, #1358, #2639 ) ;
#3045 = CARTESIAN_POINT ( 'NONE',  ( 1.212500000000050093, 5.200000000000070344, 12.69999999999999929 ) ) ;
#3046 = LINE ( 'NONE', #324, #3634 ) ;
#3047 = AXIS2_PLACEMENT_3D ( 'NONE', #3759, #2054, #741 ) ;
#3048 = ORIENTED_EDGE ( 'NONE', *, *, #1801, .T. ) ;
#3049 = CARTESIAN_POINT ( 'NONE',  ( 7.199999999999999289, 5.799999999999999822, 6.455000000000000071 ) ) ;
#3050 = VECTOR ( 'NONE', #3950, 1000.000000000000227 ) ;
#3051 = EDGE_CURVE ( 'NONE', #1673, #3497, #2599, .T. ) ;
#3052 = LINE ( 'NONE', #1744, #2786 ) ;
#3053 = LINE ( 'NONE', #2791, #513 ) ;
#3054 = AXIS2_PLACEMENT_3D ( 'NONE', #3473, #4096, #3145 ) ;
#3055 = ORIENTED_EDGE ( 'NONE', *, *, #121, .F. ) ;
#3056 = CARTESIAN_POINT ( 'NONE',  ( 5.324600824683221489, 7.266521428478467826, 6.304600824683189941 ) ) ;
#3057 = CONICAL_SURFACE ( 'NONE', #1971, 1.849857233231473108, 0.04363323129827938185 ) ;
#3058 = AXIS2_PLACEMENT_3D ( 'NONE', #442, #3816, #1186 ) ;
#3059 = ORIENTED_EDGE ( 'NONE', *, *, #1212, .F. ) ;
#3060 = DIRECTION ( 'NONE',  ( 0.0000000000000000000, 0.0000000000000000000, -1.000000000000000000 ) ) ;
#3061 = ORIENTED_EDGE ( 'NONE', *, *, #1127, .F. ) ;
#3062 = ORIENTED_EDGE ( 'NONE', *, *, #384, .F. ) ;
#3063 = FACE_OUTER_BOUND ( 'NONE', #858, .T. ) ;
#3064 = FACE_OUTER_BOUND ( 'NONE', #3719, .T. ) ;
#3065 = VECTOR ( 'NONE', #533, 1000.000000000000000 ) ;
#3066 = CARTESIAN_POINT ( 'NONE',  ( 4.100000000000028955, 8.074999999999999289, 12.01000000000000156 ) ) ;
#3067 = CARTESIAN_POINT ( 'NONE',  ( 4.500000000000031086, 9.224999999999980105, 8.535041973081924027 ) ) ;
#3068 = PERSON_AND_ORGANIZATION ( #3197, #1464 ) ;
#3069 = ORIENTED_EDGE ( 'NONE', *, *, #2095, .T. ) ;
#3070 = FACE_OUTER_BOUND ( 'NONE', #3234, .T. ) ;
#3071 = CARTESIAN_POINT ( 'NONE',  ( 7.200000000000015277, 3.500000000000030198, 11.53500000000001258 ) ) ;
#3072 = CARTESIAN_POINT ( 'NONE',  ( 4.508200274894426762, 7.243144943882620979, 11.72335904925266625 ) ) ;
#3073 = CARTESIAN_POINT ( 'NONE',  ( 4.100000000000028955, 8.077181834648511582, 8.309999999999998721 ) ) ;
#3074 = ORIENTED_EDGE ( 'NONE', *, *, #2393, .F. ) ;
#3075 = EDGE_LOOP ( 'NONE', ( #2732, #2858, #2508 ) ) ;
#3076 = CARTESIAN_POINT ( 'NONE',  ( 8.199999999999999289, 7.546047120499110861E-14, 12.69999999999999929 ) ) ;
#3077 = CARTESIAN_POINT ( 'NONE',  ( 7.200000000000001954, 1.384615384615421663, 8.785000000000001918 ) ) ;
#3078 = ORIENTED_EDGE ( 'NONE', *, *, #1721, .F. ) ;
#3079 = EDGE_CURVE ( 'NONE', #224, #814, #1227, .T. ) ;
#3080 = EDGE_CURVE ( 'NONE', #4254, #686, #3553, .T. ) ;
#3081 = CARTESIAN_POINT ( 'NONE',  ( 3.185368038782669942, 7.288055402323279530, 4.165368038782642834 ) ) ;
#3082 = CARTESIAN_POINT ( 'NONE',  ( 5.493979936967956057, 7.370688095145136565, 9.343599450211208080 ) ) ;
#3083 = DIRECTION ( 'NONE',  ( -0.2588190451025201844, -0.9659258262890684232, 0.0000000000000000000 ) ) ;
#3084 = CARTESIAN_POINT ( 'NONE',  ( 4.499999999992201793, 9.166118242191696908, 8.428876522976482377 ) ) ;
#3085 = CARTESIAN_POINT ( 'NONE',  ( 5.269107669014218231, 4.886910415469221114, 9.118727182257467589 ) ) ;
#3086 = CARTESIAN_POINT ( 'NONE',  ( 4.100000000000029843, 8.074999999999999289, 6.780000000000000249 ) ) ;
#3087 =( LENGTH_UNIT ( ) NAMED_UNIT ( * ) SI_UNIT ( .MILLI., .METRE. ) );
#3088 = ORIENTED_EDGE ( 'NONE', *, *, #2901, .T. ) ;
#3089 = LINE ( 'NONE', #4052, #2998 ) ;
#3090 = CARTESIAN_POINT ( 'NONE',  ( 6.900000000000026112, 3.500000000000030198, 8.784999999999998366 ) ) ;
#3091 = CARTESIAN_POINT ( 'NONE',  ( 7.199999999999984190, 3.500000000000050626, 6.454999999999992077 ) ) ;
#3092 = ORIENTED_EDGE ( 'NONE', *, *, #969, .T. ) ;
#3093 = VERTEX_POINT ( 'NONE', #1893 ) ;
#3094 = CARTESIAN_POINT ( 'NONE',  ( 4.100000000000029843, 7.925000000000001599, 6.779999999999994031 ) ) ;
#3095 = DIRECTION ( 'NONE',  ( -0.4472135954999579832, -4.012716842533309779E-16, -0.8944271909999159664 ) ) ;
#3096 = ORIENTED_EDGE ( 'NONE', *, *, #2267, .F. ) ;
#3097 = ORIENTED_EDGE ( 'NONE', *, *, #2501, .F. ) ;
#3098 = CARTESIAN_POINT ( 'NONE',  ( 2.875399175316839528, 6.516521428478469602, 3.855399175316807980 ) ) ;
#3099 = CARTESIAN_POINT ( 'NONE',  ( 2.932355715851530320, 6.871388735656613456, 10.46487732040580099 ) ) ;
#3100 = EDGE_CURVE ( 'NONE', #451, #1942, #2779, .T. ) ;
#3101 =( BOUNDED_SURFACE ( )  B_SPLINE_SURFACE ( 3, 3, ( 
 ( #1238, #2156, #3587, #1831 ),
 ( #2580, #1503, #567, #2256 ),
 ( #2830, #1926, #3850, #3512 ),
 ( #4203, #3255, #495, #3183 ) ),
 .UNSPECIFIED., .F., .F., .F. ) 
 B_SPLINE_SURFACE_WITH_KNOTS ( ( 4, 4 ),
 ( 4, 4 ),
 ( 0.0000000000000000000, 1.000000000000000000 ),
 ( 0.0000000000000000000, 1.000000000000000000 ),
 .UNSPECIFIED. ) 
 GEOMETRIC_REPRESENTATION_ITEM ( )  RATIONAL_B_SPLINE_SURFACE ( (
 ( 1.000000000000000000, 0.4704421950438004152, 0.4704421950438004152, 1.000000000000000000),
 ( 0.8149093080446242476, 0.3833677236381375364, 0.3833677236381375364, 0.8149093080446242476),
 ( 0.8149093080446242476, 0.3833677236381375364, 0.3833677236381375364, 0.8149093080446242476),
 ( 1.000000000000000000, 0.4704421950438004152, 0.4704421950438004152, 1.000000000000000000) ) ) 
 REPRESENTATION_ITEM ( '' )  SURFACE ( )  );
#3102 = LINE ( 'NONE', #113, #3486 ) ;
#3103 = DIRECTION ( 'NONE',  ( -1.000000000000000000, -0.0000000000000000000, -0.0000000000000000000 ) ) ;
#3104 = DIRECTION ( 'NONE',  ( -1.001908583198310010E-14, -1.000000000000000000, 0.0000000000000000000 ) ) ;
#3105 = CARTESIAN_POINT ( 'NONE',  ( 3.691799725105632035, 5.683188095145135676, 11.72335904925266803 ) ) ;
#3106 = CARTESIAN_POINT ( 'NONE',  ( 7.800000000000027356, 8.074999999999997513, 6.930000000000001492 ) ) ;
#3107 = DIRECTION ( 'NONE',  ( 0.0000000000000000000, 0.0000000000000000000, 1.000000000000000000 ) ) ;
#3108 = EDGE_CURVE ( 'NONE', #2569, #1286, #1969, .T. ) ;
#3109 = ORIENTED_EDGE ( 'NONE', *, *, #125, .F. ) ;
#3110 = CARTESIAN_POINT ( 'NONE',  ( 7.456259223559910332, 4.952135600172700158, 11.53500000000000014 ) ) ;
#3111 = VECTOR ( 'NONE', #2274, 1000.000000000000114 ) ;
#3112 = LINE ( 'NONE', #1480, #1674 ) ;
#3113 = VECTOR ( 'NONE', #2671, 1000.000000000000227 ) ;
#3114 = CARTESIAN_POINT ( 'NONE',  ( 5.493979936967957833, 7.787354761811804416, 10.97640054978880286 ) ) ;
#3115 = CARTESIAN_POINT ( 'NONE',  ( 7.800000000000030909, 8.077181834648511582, 12.01000000000000156 ) ) ;
#3116 = ORIENTED_EDGE ( 'NONE', *, *, #4300, .F. ) ;
#3117 = VECTOR ( 'NONE', #603, 1000.000000000000000 ) ;
#3118 = AXIS2_PLACEMENT_3D ( 'NONE', #1245, #3215, #4181 ) ;
#3119 = EDGE_LOOP ( 'NONE', ( #2519, #2905, #3062, #2656 ) ) ;
#3120 = CARTESIAN_POINT ( 'NONE',  ( 4.350000000000020073, -3.800000000000010036, 5.379999999999999893 ) ) ;
#3121 = LINE ( 'NONE', #4078, #4339 ) ;
#3122 = VERTEX_POINT ( 'NONE', #1939 ) ;
#3123 = VECTOR ( 'NONE', #1762, 1000.000000000000000 ) ;
#3124 = CARTESIAN_POINT ( 'NONE',  ( 5.141138122682958667, 7.142222068989947381, 9.550245359188428651 ) ) ;
#3125 = PRODUCT_RELATED_PRODUCT_CATEGORY ( 'detail', '', ( #2857 ) ) ;
#3126 = DIRECTION ( 'NONE',  ( -0.0000000000000000000, -1.000000000000000000, -0.0000000000000000000 ) ) ;
#3127 = VECTOR ( 'NONE', #978, 1000.000000000000000 ) ;
#3128 = LINE ( 'NONE', #3773, #1018 ) ;
#3129 = CARTESIAN_POINT ( 'NONE',  ( 4.500000000000030198, 8.424999999994179589, 3.289269146084083939 ) ) ;
#3130 = CARTESIAN_POINT ( 'NONE',  ( 3.490245359188459240, 4.933888735656613456, 11.20113812268296627 ) ) ;
#3131 = DIRECTION ( 'NONE',  ( 0.0000000000000000000, 0.0000000000000000000, 1.000000000000000000 ) ) ;
#3132 = EDGE_CURVE ( 'NONE', #833, #1004, #3730, .T. ) ;
#3133 = AXIS2_PLACEMENT_3D ( 'NONE', #1390, #2725, #1460 ) ;
#3134 =( BOUNDED_SURFACE ( )  B_SPLINE_SURFACE ( 3, 3, ( 
 ( #3641, #286, #242, #1263 ),
 ( #3951, #924, #621, #4313 ),
 ( #2325, #303, #1997, #1647 ),
 ( #1980, #1604, #3308, #997 ) ),
 .UNSPECIFIED., .F., .F., .F. ) 
 B_SPLINE_SURFACE_WITH_KNOTS ( ( 4, 4 ),
 ( 4, 4 ),
 ( 0.0000000000000000000, 1.000000000000000000 ),
 ( 0.0000000000000000000, 1.000000000000000000 ),
 .UNSPECIFIED. ) 
 GEOMETRIC_REPRESENTATION_ITEM ( )  RATIONAL_B_SPLINE_SURFACE ( (
 ( 1.000000000000000000, 0.3333333333333334259, 0.3333333333333334259, 1.000000000000000000),
 ( 0.9998413513865973545, 0.3332804504621992292, 0.3332804504621992292, 0.9998413513865973545),
 ( 0.9998413513865973545, 0.3332804504621992292, 0.3332804504621992292, 0.9998413513865973545),
 ( 1.000000000000000000, 0.3333333333333334259, 0.3333333333333334259, 1.000000000000000000) ) ) 
 REPRESENTATION_ITEM ( '' )  SURFACE ( )  );
#3135 = DIRECTION ( 'NONE',  ( 1.000000000000000000, 0.0000000000000000000, 0.0000000000000000000 ) ) ;
#3136 = VERTEX_POINT ( 'NONE', #280 ) ;
#3137 = LOCAL_TIME ( 19, 29, 23.00000000000000000, #4151 ) ;
#3138 = ADVANCED_FACE ( 'NONE', ( #2221 ), #2571, .T. ) ;
#3139 = DIRECTION ( 'NONE',  ( 0.0000000000000000000, 1.000000000000000000, 0.0000000000000000000 ) ) ;
#3140 = EDGE_CURVE ( 'NONE', #528, #124, #961, .T. ) ;
#3141 = CARTESIAN_POINT ( 'NONE',  ( 4.508200274894433868, 5.951478277215955792, 8.596640950747339360 ) ) ;
#3142 = LINE ( 'NONE', #4074, #1369 ) ;
#3143 = EDGE_LOOP ( 'NONE', ( #3699, #1268, #1772, #2813 ) ) ;
#3144 = ORIENTED_EDGE ( 'NONE', *, *, #2174, .F. ) ;
#3145 = DIRECTION ( 'NONE',  ( 0.0000000000000000000, 0.0000000000000000000, 1.000000000000000000 ) ) ;
#3146 = CARTESIAN_POINT ( 'NONE',  ( 4.100000000000030731, 8.077181834648554215, 6.930000000000000604 ) ) ;
#3147 = VERTEX_POINT ( 'NONE', #2873 ) ;
#3148 = ORIENTED_EDGE ( 'NONE', *, *, #3459, .T. ) ;
#3149 = CARTESIAN_POINT ( 'NONE',  ( 5.493979936967950728, 7.287354761811801751, 10.97640054978881352 ) ) ;
#3150 = CARTESIAN_POINT ( 'NONE',  ( 2.536640950747361511, 5.099854761811801751, 10.56820027489438729 ) ) ;
#3151 = EDGE_CURVE ( 'NONE', #879, #1811, #4217, .T. ) ;
#3152 = PLANE ( 'NONE',  #1233 ) ;
#3153 = DIRECTION ( 'NONE',  ( 1.000000000000000000, 0.0000000000000000000, -0.0000000000000000000 ) ) ;
#3154 = CARTESIAN_POINT ( 'NONE',  ( 4.916400549788817465, 5.412354761811802639, 8.766020063032065934 ) ) ;
#3155 = FACE_OUTER_BOUND ( 'NONE', #3372, .T. ) ;
#3156 = CARTESIAN_POINT ( 'NONE',  ( 0.0000000000000000000, 0.0000000000000000000, 0.0000000000000000000 ) ) ;
#3157 = ORIENTED_EDGE ( 'NONE', *, *, #938, .F. ) ;
#3158 = CARTESIAN_POINT ( 'NONE',  ( 7.200000000000019718, 3.500000000000030198, 11.53500000000000014 ) ) ;
#3159 = EDGE_CURVE ( 'NONE', #1371, #3389, #2862, .T. ) ;
#3160 = CARTESIAN_POINT ( 'NONE',  ( 3.283599450211243109, 6.662354761811802639, 11.55397993696793790 ) ) ;
#3161 = EDGE_CURVE ( 'NONE', #2552, #814, #3768, .T. ) ;
#3162 = CARTESIAN_POINT ( 'NONE',  ( 3.700000000001383960, 9.210356407246157673, 11.83617234804216700 ) ) ;
#3163 = ORIENTED_EDGE ( 'NONE', *, *, #4157, .F. ) ;
#3164 = CARTESIAN_POINT ( 'NONE',  ( 2.367261838462629164, 5.579021428478469602, 5.080000000000008953 ) ) ;
#3165 = EDGE_LOOP ( 'NONE', ( #883, #2559, #1705, #556, #4230, #952 ) ) ;
#3166 = CARTESIAN_POINT ( 'NONE',  ( 7.456259223559868587, 4.952135600172728580, 6.583129611779933832 ) ) ;
#3167 = PLANE ( 'NONE',  #747 ) ;
#3168 = ORIENTED_EDGE ( 'NONE', *, *, #1719, .T. ) ;
#3169 = B_SPLINE_CURVE_WITH_KNOTS ( 'NONE', 3,
 ( #773, #3067, #2721, #52, #1737, #1405, #4104, #1693, #3084, #3440, #3728, #712, #3748, #3712, #358, #4069 ),
 .UNSPECIFIED., .F., .F.,
 ( 4, 3, 3, 3, 3, 4 ),
 ( 0.0000000000000000000, 5.293135521028516149E-05, 0.0001059165675229339551, 0.0001580412505487482661, 0.0002087591654863075032, 0.0002311501781569533362 ),
 .UNSPECIFIED. ) ;
#3170 = VERTEX_POINT ( 'NONE', #3854 ) ;
#3171 = CARTESIAN_POINT ( 'NONE',  ( 3.058861877317098799, 7.392222068989937611, 10.76975464081159117 ) ) ;
#3172 = CARTESIAN_POINT ( 'NONE',  ( 2.706020063032100076, 5.037354761811804416, 9.343599450211206303 ) ) ;
#3173 = VERTEX_POINT ( 'NONE', #3540 ) ;
#3174 = CARTESIAN_POINT ( 'NONE',  ( 4.100000000000029843, 7.925000000000005151, 8.646907539380281449 ) ) ;
#3175 = CARTESIAN_POINT ( 'NONE',  ( 5.141138122682963996, 5.058888735656615232, 10.76975464081159828 ) ) ;
#3176 = FACE_OUTER_BOUND ( 'NONE', #3467, .T. ) ;
#3177 = PERSON_AND_ORGANIZATION ( #3197, #1464 ) ;
#3178 = ORIENTED_EDGE ( 'NONE', *, *, #824, .F. ) ;
#3179 = DIRECTION ( 'NONE',  ( -9.745637505487679766E-17, 1.000000000000000000, 0.0000000000000000000 ) ) ;
#3180 = DIRECTION ( 'NONE',  ( -1.000000000000000000, 1.001908583198310010E-14, 0.0000000000000000000 ) ) ;
#3181 = DIRECTION ( 'NONE',  ( 1.000000000000000000, -1.001908583198310010E-14, 0.0000000000000000000 ) ) ;
#3182 = CARTESIAN_POINT ( 'NONE',  ( 4.508200274894412551, 6.933188095145137453, 8.596640950747332255 ) ) ;
#3183 = CARTESIAN_POINT ( 'NONE',  ( 4.471468276088971905, 9.081542908107913092, 3.312415105558881745 ) ) ;
#3184 = ORIENTED_EDGE ( 'NONE', *, *, #3108, .F. ) ;
#3185 = DIRECTION ( 'NONE',  ( 0.0000000000000000000, -0.0000000000000000000, 1.000000000000000000 ) ) ;
#3186 = CARTESIAN_POINT ( 'NONE',  ( 2.875399175316840861, 6.141521428478471378, 6.304600824683189941 ) ) ;
#3187 = EDGE_CURVE ( 'NONE', #2473, #2565, #2886, .T. ) ;
#3188 = ORIENTED_EDGE ( 'NONE', *, *, #3422, .F. ) ;
#3189 = CARTESIAN_POINT ( 'NONE',  ( 8.200000000000002842, 1.000000000000045075, 6.955000000000000071 ) ) ;
#3190 = VECTOR ( 'NONE', #3894, 1000.000000000000000 ) ;
#3191 = ORIENTED_EDGE ( 'NONE', *, *, #888, .T. ) ;
#3192 = ORIENTED_EDGE ( 'NONE', *, *, #663, .F. ) ;
#3193 = CARTESIAN_POINT ( 'NONE',  ( 3.490245359188457464, 5.767222068989945605, 9.118861877317071318 ) ) ;
#3194 = EDGE_CURVE ( 'NONE', #4120, #312, #2537, .T. ) ;
#3195 = CONICAL_SURFACE ( 'NONE', #3544, 1.924999999935534722, 1.190289949708666528 ) ;
#3196 = DIRECTION ( 'NONE',  ( -0.0000000000000000000, -0.0000000000000000000, 1.000000000000000000 ) ) ;
#3197 = PERSON ( 'UNSPECIFIED', 'UNSPECIFIED', 'UNSPECIFIED', ('UNSPECIFIED'), ('UNSPECIFIED'), ('UNSPECIFIED') ) ;
#3198 = ORIENTED_EDGE ( 'NONE', *, *, #611, .T. ) ;
#3199 = CARTESIAN_POINT ( 'NONE',  ( 4.657328879471680949, 7.924999999999998046, 3.621199823579490218 ) ) ;
#3200 = CIRCLE ( 'NONE', #3054, 1.849857233237278242 ) ;
#3201 = DIRECTION ( 'NONE',  ( 0.0000000000000000000, 1.000000000000000000, 0.0000000000000000000 ) ) ;
#3202 = CARTESIAN_POINT ( 'NONE',  ( 7.675735931288096836, 7.924999999999998046, 6.867867965644034456 ) ) ;
#3203 = PERSON_AND_ORGANIZATION ( #3197, #1464 ) ;
#3204 = CIRCLE ( 'NONE', #103, 0.1499999999999999667 ) ;
#3205 = ORIENTED_EDGE ( 'NONE', *, *, #354, .T. ) ;
#3206 = DIRECTION ( 'NONE',  ( -1.000000000000000000, 0.0000000000000000000, 0.0000000000000000000 ) ) ;
#3207 = CARTESIAN_POINT ( 'NONE',  ( 4.100000000000029843, 7.713166519513880104, 8.596640950747330479 ) ) ;
#3208 = AXIS2_PLACEMENT_3D ( 'NONE', #2035, #3126, #132 ) ;
#3209 = CARTESIAN_POINT ( 'NONE',  ( 4.916400549788817465, 6.263978277215955792, 11.55397993696793613 ) ) ;
#3210 = CARTESIAN_POINT ( 'NONE',  ( 3.700000000006334222, 9.104033493637681218, 11.91858493953085407 ) ) ;
#3211 = ORIENTED_EDGE ( 'NONE', *, *, #3660, .T. ) ;
#3212 = B_SPLINE_CURVE_WITH_KNOTS ( 'NONE', 3,
 ( #1254, #3914, #2249, #1940, #2921, #1275, #1970, #3580, #2637, #962, #2600, #3554, #3942, #914, #1618, #3627 ),
 .UNSPECIFIED., .F., .F.,
 ( 4, 3, 3, 3, 3, 4 ),
 ( 6.158815913822741164E-15, 4.949588726149876196E-05, 9.895544406389309615E-05, 0.0001489806963051229895, 0.0002002499056907774207, 0.0002311089491665579564 ),
 .UNSPECIFIED. ) ;
#3213 = CARTESIAN_POINT ( 'NONE',  ( 4.100000000000030731, 7.924999999999998046, 6.779999999999999361 ) ) ;
#3214 = VECTOR ( 'NONE', #1873, 1000.000000000000000 ) ;
#3215 = DIRECTION ( 'NONE',  ( -1.000000000000000000, 1.484914645121900000E-30, 0.0000000000000000000 ) ) ;
#3216 = FACE_OUTER_BOUND ( 'NONE', #1564, .T. ) ;
#3217 = ORIENTED_EDGE ( 'NONE', *, *, #1410, .T. ) ;
#3218 = ORIENTED_EDGE ( 'NONE', *, *, #2827, .F. ) ;
#3219 = CARTESIAN_POINT ( 'NONE',  ( 5.267644284148529366, 6.579722068989947381, 10.46487732040579743 ) ) ;
#3220 = CARTESIAN_POINT ( 'NONE',  ( 3.700000000000029932, 8.425000000000000711, 12.16000000000000014 ) ) ;
#3221 = ADVANCED_FACE ( 'NONE', ( #330 ), #1103, .F. ) ;
#3222 = ADVANCED_FACE ( 'NONE', ( #1332 ), #998, .T. ) ;
#3223 = CARTESIAN_POINT ( 'NONE',  ( 4.350000000000020961, -3.800000000000010036, 10.45999999999999197 ) ) ;
#3224 = DIRECTION ( 'NONE',  ( -0.4008721094621968684, 0.0000000000000000000, 0.9161340250505536353 ) ) ;
#3225 = DATE_TIME_ROLE ( 'creation_date' ) ;
#3226 = CARTESIAN_POINT ( 'NONE',  ( 3.657342672020183372, 7.925000000000012257, 11.81662029879648834 ) ) ;
#3227 = ADVANCED_FACE ( 'NONE', ( #948 ), #3676, .T. ) ;
#3228 = CARTESIAN_POINT ( 'NONE',  ( 3.850000000000019185, -0.05000000000000798944, 4.580000000000000959 ) ) ;
#3229 = B_SPLINE_CURVE_WITH_KNOTS ( 'NONE', 3,
 ( #208, #3863, #3814, #4192 ),
 .UNSPECIFIED., .F., .F.,
 ( 4, 4 ),
 ( 1.096577341305750819E-14, 0.0006572000998769744577 ),
 .UNSPECIFIED. ) ;
#3230 = CARTESIAN_POINT ( 'NONE',  ( 4.100000000000029843, 9.999999999999998224, 10.16000000000000014 ) ) ;
#3231 = CARTESIAN_POINT ( 'NONE',  ( 5.461295498442215290, 7.924999999999985612, 4.037046754542269689 ) ) ;
#3232 = CARTESIAN_POINT ( 'NONE',  ( 5.493979936967950728, 6.805644943882623643, 10.97640054978881352 ) ) ;
#3233 = CARTESIAN_POINT ( 'NONE',  ( 3.700000000004909140, 9.190470140720975678, 11.86581070289483542 ) ) ;
#3234 = EDGE_LOOP ( 'NONE', ( #2370, #2213, #574, #742 ) ) ;
#3235 = CARTESIAN_POINT ( 'NONE',  ( 0.5242640687119562992, 7.924999999999998046, 6.867867965644038897 ) ) ;
#3236 = CARTESIAN_POINT ( 'NONE',  ( 5.014631961217392409, 5.538055402323281307, 5.994631961217352867 ) ) ;
#3237 = ORIENTED_EDGE ( 'NONE', *, *, #4064, .F. ) ;
#3238 = DIRECTION ( 'NONE',  ( 0.0000000000000000000, 1.097926250618230054E-16, -1.000000000000000000 ) ) ;
#3239 = DIRECTION ( 'NONE',  ( -1.794541526872559599E-16, 1.000000000000000000, -3.589083053745119197E-16 ) ) ;
#3240 = ORIENTED_EDGE ( 'NONE', *, *, #3631, .F. ) ;
#3241 = VERTEX_POINT ( 'NONE', #2956 ) ;
#3242 = CARTESIAN_POINT ( 'NONE',  ( 4.404877320405816477, 5.996388735656612567, 11.32764428414853164 ) ) ;
#3243 = CARTESIAN_POINT ( 'NONE',  ( 4.100000000000029843, 9.081542908120354696, 5.080000000000000071 ) ) ;
#3244 = VERTEX_POINT ( 'NONE', #3613 ) ;
#3245 = CARTESIAN_POINT ( 'NONE',  ( 4.509286442004640350, 7.451478277215947799, 3.516640950747329963 ) ) ;
#3246 = CARTESIAN_POINT ( 'NONE',  ( 4.350000000000020961, -0.05000000000000798944, 5.580000000000000959 ) ) ;
#3247 = EDGE_CURVE ( 'NONE', #434, #3370, #2018, .T. ) ;
#3248 = PERSON_AND_ORGANIZATION ( #3197, #1464 ) ;
#3249 = ORIENTED_EDGE ( 'NONE', *, *, #1269, .F. ) ;
#3250 = CARTESIAN_POINT ( 'NONE',  ( 0.6125000000000235811, 5.799999999999999822, 12.69999999999999929 ) ) ;
#3251 = LINE ( 'NONE', #236, #4261 ) ;
#3252 = EDGE_CURVE ( 'NONE', #1392, #528, #106, .T. ) ;
#3253 = CARTESIAN_POINT ( 'NONE',  ( 4.957877978890792292, 7.924999999999992717, 6.564668431754739686 ) ) ;
#3254 = CARTESIAN_POINT ( 'NONE',  ( 3.691799725105628482, 6.183188095145136565, 11.72335904925266448 ) ) ;
#3255 = CARTESIAN_POINT ( 'NONE',  ( 6.922777448336193018, 9.081542908107913092, 6.332427973130363874 ) ) ;
#3256 = B_SPLINE_CURVE_WITH_KNOTS ( 'NONE', 3,
 ( #3279, #2229, #262, #2605 ),
 .UNSPECIFIED., .F., .F.,
 ( 4, 4 ),
 ( 8.673617379884035472E-19, 0.0005600867275015324357 ),
 .UNSPECIFIED. ) ;
#3257 = FACE_OUTER_BOUND ( 'NONE', #1374, .T. ) ;
#3258 = DIRECTION ( 'NONE',  ( -1.000000000000000000, 1.001908583198310010E-14, -0.0000000000000000000 ) ) ;
#3259 = ORIENTED_EDGE ( 'NONE', *, *, #4083, .T. ) ;
#3260 = LINE ( 'NONE', #1608, #3690 ) ;
#3261 = DIRECTION ( 'NONE',  ( 0.0000000000000000000, 0.0000000000000000000, -1.000000000000000000 ) ) ;
#3262 = ORIENTED_EDGE ( 'NONE', *, *, #3335, .F. ) ;
#3263 = CARTESIAN_POINT ( 'NONE',  ( 3.795122679594240100, 6.454722068989948269, 11.32764428414853164 ) ) ;
#3264 = UNCERTAINTY_MEASURE_WITH_UNIT (LENGTH_MEASURE( 1.000000000000000082E-05 ), #2442, 'distance_accuracy_value', 'NONE');
#3265 = AXIS2_PLACEMENT_3D ( 'NONE', #3439, #2143, #1424 ) ;
#3266 = CARTESIAN_POINT ( 'NONE',  ( 6.709426681024449834, 10.00000000000000000, 12.69999999999999929 ) ) ;
#3267 = EDGE_LOOP ( 'NONE', ( #3211, #4020, #1418, #705 ) ) ;
#3268 = CARTESIAN_POINT ( 'NONE',  ( 2.875399175316840861, 7.516521428478470490, 3.855399175316810645 ) ) ;
#3269 = DIRECTION ( 'NONE',  ( 0.0000000000000000000, 0.0000000000000000000, -1.000000000000000000 ) ) ;
#3270 = AXIS2_PLACEMENT_3D ( 'NONE', #2546, #1206, #1864 ) ;
#3271 = APPROVAL_DATE_TIME ( #560, #1910 ) ;
#3272 = CC_DESIGN_DATE_AND_TIME_ASSIGNMENT ( #1255, #2528, ( #3916 ) ) ;
#3273 = VECTOR ( 'NONE', #1331, 1000.000000000000000 ) ;
#3274 = ORIENTED_EDGE ( 'NONE', *, *, #483, .F. ) ;
#3275 = CARTESIAN_POINT ( 'NONE',  ( 4.100000000000029843, 7.924999999999998046, 8.460000000000002629 ) ) ;
#3276 = EDGE_CURVE ( 'NONE', #1765, #661, #270, .T. ) ;
#3277 = CARTESIAN_POINT ( 'NONE',  ( 0.3883804736048444006, 5.200000000000070344, 3.060000000000011156 ) ) ;
#3278 = CIRCLE ( 'NONE', #1671, 1.850000000000000977 ) ;
#3279 = CARTESIAN_POINT ( 'NONE',  ( 4.657328879471680949, 7.924999999999998046, 3.621199823579490218 ) ) ;
#3280 = CARTESIAN_POINT ( 'NONE',  ( 5.493979936967961386, 5.305644943882623643, 10.97640054978879220 ) ) ;
#3281 = CARTESIAN_POINT ( 'NONE',  ( 3.759351855913515283, 9.224999999999997868, 6.700931187304733250 ) ) ;
#3282 = AXIS2_PLACEMENT_3D ( 'NONE', #3886, #2897, #231 ) ;
#3284 = ADVANCED_FACE ( 'NONE', ( #2305 ), #593, .T. ) ;
#3283 = APPLICATION_CONTEXT ( 'configuration controlled 3d designs of mechanical parts and assemblies' ) ;
#3285 = CARTESIAN_POINT ( 'NONE',  ( 4.100000000000035172, 4.472311610549293270, 3.347261838462602501 ) ) ;
#3286 = EDGE_CURVE ( 'NONE', #801, #2983, #3310, .T. ) ;
#3287 = CARTESIAN_POINT ( 'NONE',  ( 7.456259223559869476, 4.952135600172727692, 3.576870388220065866 ) ) ;
#3288 = AXIS2_PLACEMENT_3D ( 'NONE', #2383, #1039, #4073 ) ;
#3289 = ORIENTED_EDGE ( 'NONE', *, *, #3132, .F. ) ;
#3290 = PLANE ( 'NONE',  #2764 ) ;
#3291 = CARTESIAN_POINT ( 'NONE',  ( 3.700000000000031264, 9.098025025475729777, 8.399390441767581095 ) ) ;
#3292 = ORIENTED_EDGE ( 'NONE', *, *, #4305, .T. ) ;
#3293 =( GEOMETRIC_REPRESENTATION_CONTEXT ( 3 ) GLOBAL_UNCERTAINTY_ASSIGNED_CONTEXT ( ( #3523 ) ) GLOBAL_UNIT_ASSIGNED_CONTEXT ( ( #3087, #117, #378 ) ) REPRESENTATION_CONTEXT ( 'NONE', 'WORKASPACE' ) );
#3294 = CARTESIAN_POINT ( 'NONE',  ( 5.493979936967957833, 6.870688095145139229, 9.343599450211208080 ) ) ;
#3295 = CARTESIAN_POINT ( 'NONE',  ( 8.199999999999999289, 5.799999999999999822, 8.285000000000000142 ) ) ;
#3296 = VERTEX_POINT ( 'NONE', #2976 ) ;
#3297 = CARTESIAN_POINT ( 'NONE',  ( 4.509286442004640350, 7.933188095145141006, 3.516640950747329963 ) ) ;
#3298 = CARTESIAN_POINT ( 'NONE',  ( 4.100000000000029843, 8.424999999988358468, 5.080000000000000071 ) ) ;
#3299 = DATE_AND_TIME ( #3041, #3413 ) ;
#3300 = EDGE_CURVE ( 'NONE', #4034, #2241, #4314, .T. ) ;
#3301 = PLANE ( 'NONE',  #3618 ) ;
#3302 = PLANE ( 'NONE',  #1088 ) ;
#3303 = DIRECTION ( 'NONE',  ( 0.0000000000000000000, 0.0000000000000000000, 1.000000000000000000 ) ) ;
#3304 = DIRECTION ( 'NONE',  ( 0.0000000000000000000, 0.0000000000000000000, 1.000000000000000000 ) ) ;
#3305 = CARTESIAN_POINT ( 'NONE',  ( 3.691799725105628482, 4.993144943882623643, 8.596640950747339360 ) ) ;
#3306 = CARTESIAN_POINT ( 'NONE',  ( 4.500000000000030198, 8.643847809278208061, 11.94094027656537449 ) ) ;
#3307 = CARTESIAN_POINT ( 'NONE',  ( 8.199999999999997513, 5.200000000000009948, 3.205000000000001847 ) ) ;
#3308 = CARTESIAN_POINT ( 'NONE',  ( 7.800000000000031797, 8.074999999999997513, 3.230000000000000870 ) ) ;
#3309 = ADVANCED_FACE ( 'NONE', ( #4091 ), #1433, .T. ) ;
#3310 = LINE ( 'NONE', #287, #675 ) ;
#3311 = CARTESIAN_POINT ( 'NONE',  ( 7.449999999999999289, 5.799999999999999822, 2.539999999999998703 ) ) ;
#3312 = CARTESIAN_POINT ( 'NONE',  ( 4.500000000000031086, 9.098025025504508534, 11.92060955822787705 ) ) ;
#3313 = CARTESIAN_POINT ( 'NONE',  ( 4.709754640811604887, 5.517222068989948269, 11.20113812268296805 ) ) ;
#3314 =( BOUNDED_SURFACE ( )  B_SPLINE_SURFACE ( 3, 3, ( 
 ( #3018, #685, #1649, #2977 ),
 ( #1307, #2092, #1722, #3426 ),
 ( #1434, #3115, #1484, #3073 ),
 ( #1810, #76, #760, #1461 ) ),
 .UNSPECIFIED., .F., .F., .F. ) 
 B_SPLINE_SURFACE_WITH_KNOTS ( ( 4, 4 ),
 ( 4, 4 ),
 ( 0.0000000000000000000, 1.000000000000000000 ),
 ( 0.0000000000000000000, 1.000000000000000000 ),
 .UNSPECIFIED. ) 
 GEOMETRIC_REPRESENTATION_ITEM ( )  RATIONAL_B_SPLINE_SURFACE ( (
 ( 1.000000000000000000, 0.3333333333333334259, 0.3333333333333334259, 1.000000000000000000),
 ( 0.9998413513866039048, 0.3332804504622013941, 0.3332804504622013941, 0.9998413513866039048),
 ( 0.9998413513866039048, 0.3332804504622013941, 0.3332804504622013941, 0.9998413513866039048),
 ( 1.000000000000000000, 0.3333333333333334259, 0.3333333333333334259, 1.000000000000000000) ) ) 
 REPRESENTATION_ITEM ( '' )  SURFACE ( )  );
#3315 = CARTESIAN_POINT ( 'NONE',  ( 3.700000000000029932, 9.225000000000001421, 3.462307528330568651 ) ) ;
#3316 = CARTESIAN_POINT ( 'NONE',  ( 5.324600824683221489, 6.409811610549289718, 3.855399175316809757 ) ) ;
#3317 = CARTESIAN_POINT ( 'NONE',  ( 4.100000000000027178, 7.475555402323267984, 6.374150445614071181 ) ) ;
#3318 = CARTESIAN_POINT ( 'NONE',  ( 4.500000000000031086, 8.862695448275005106, 8.388854107942627536 ) ) ;
#3319 = PLANE ( 'NONE',  #2292 ) ;
#3320 = CARTESIAN_POINT ( 'NONE',  ( 4.100000000000029843, 7.987132034355962418, 8.310000000000000497 ) ) ;
#3321 = CARTESIAN_POINT ( 'NONE',  ( 36.60000000000000142, -2.800000000000010036, 4.580000000000000071 ) ) ;
#3322 = CARTESIAN_POINT ( 'NONE',  ( 4.100000000000029843, 8.074999999999999289, 8.310000000000000497 ) ) ;
#3323 = CARTESIAN_POINT ( 'NONE',  ( 2.536640950747361956, 5.576478277215957569, 9.751799725105616545 ) ) ;
#3324 = CARTESIAN_POINT ( 'NONE',  ( 6.900000000000036771, 3.500000000000050182, -127.9480000000000075 ) ) ;
#3325 = CARTESIAN_POINT ( 'NONE',  ( 5.832738161537428745, 5.329021428478473155, 5.080000000000000071 ) ) ;
#3326 = CC_DESIGN_DATE_AND_TIME_ASSIGNMENT ( #1918, #2506, ( #3703 ) ) ;
#3327 = CARTESIAN_POINT ( 'NONE',  ( 4.099999999999989875, 7.999999999952933649, 3.155000000064465571 ) ) ;
#3328 = LINE ( 'NONE', #1040, #3113 ) ;
#3329 = CARTESIAN_POINT ( 'NONE',  ( 3.700000000000029932, 9.114605458980260977, 8.403009537131699958 ) ) ;
#3330 = ORIENTED_EDGE ( 'NONE', *, *, #790, .F. ) ;
#3331 = EDGE_LOOP ( 'NONE', ( #3074, #3078, #3448, #3692 ) ) ;
#3332 = EDGE_CURVE ( 'NONE', #2389, #1465, #1539, .T. ) ;
#3333 = PLANE ( 'NONE',  #3418 ) ;
#3334 = ORIENTED_EDGE ( 'NONE', *, *, #4031, .F. ) ;
#3335 = EDGE_CURVE ( 'NONE', #1715, #539, #3052, .T. ) ;
#3336 = CARTESIAN_POINT ( 'NONE',  ( 4.657328879471680949, 7.924999999999998046, 3.621199823579490218 ) ) ;
#3337 = CARTESIAN_POINT ( 'NONE',  ( 4.509286442004640350, 7.933188095145141006, 8.596640950747330479 ) ) ;
#3338 = CIRCLE ( 'NONE', #3047, 0.1500000000000008271 ) ;
#3339 = FACE_OUTER_BOUND ( 'NONE', #3599, .T. ) ;
#3340 = DIRECTION ( 'NONE',  ( 0.0000000000000000000, 1.000000000000000000, 1.097926250618230054E-16 ) ) ;
#3341 = DIRECTION ( 'NONE',  ( 0.0000000000000000000, 0.0000000000000000000, 1.000000000000000000 ) ) ;
#3342 = CARTESIAN_POINT ( 'NONE',  ( 0.6125000000000055955, 7.243270177415263782E-14, 12.69999999999999574 ) ) ;
#3343 = AXIS2_PLACEMENT_3D ( 'NONE', #765, #431, #478 ) ;
#3344 = CARTESIAN_POINT ( 'NONE',  ( 2.536640950747369949, 6.099854761811804416, 10.56820027489440861 ) ) ;
#3345 = CARTESIAN_POINT ( 'NONE',  ( 4.348212002188462044, 3.459253763378795848E-14, 4.580000000000000959 ) ) ;
#3346 = AXIS2_PLACEMENT_3D ( 'NONE', #918, #2276, #941 ) ;
#3347 = CARTESIAN_POINT ( 'NONE',  ( 5.055151387142520214, 4.649222363295519855, 4.409909560421070296 ) ) ;
#3348 = AXIS2_PLACEMENT_3D ( 'NONE', #1403, #1066, #2374 ) ;
#3349 = CARTESIAN_POINT ( 'NONE',  ( 1.770905952872640077, 9.699999999999999289, 12.69999999999999929 ) ) ;
#3350 = ORIENTED_EDGE ( 'NONE', *, *, #4083, .F. ) ;
#3351 = ORIENTED_EDGE ( 'NONE', *, *, #1739, .T. ) ;
#3352 = CONICAL_SURFACE ( 'NONE', #1459, 1.849857233231473108, 0.04363323129827938185 ) ;
#3353 = CARTESIAN_POINT ( 'NONE',  ( 3.700000000000029932, 9.114605458980291175, 3.323009537131707436 ) ) ;
#3354 = APPROVAL_PERSON_ORGANIZATION ( #3555, #3723, #2550 ) ;
#3355 = ORIENTED_EDGE ( 'NONE', *, *, #1716, .T. ) ;
#3356 = CARTESIAN_POINT ( 'NONE',  ( 0.0000000000000000000, 4.250000000000000000, 2.540000000000000036 ) ) ;
#3357 = DIRECTION ( 'NONE',  ( -1.000000000000000000, 1.171453342316279939E-15, 0.0000000000000000000 ) ) ;
#3358 = ADVANCED_FACE ( 'NONE', ( #3425 ), #75, .T. ) ;
#3359 = ADVANCED_FACE ( 'NONE', ( #1057 ), #2402, .T. ) ;
#3360 = FACE_OUTER_BOUND ( 'NONE', #1655, .T. ) ;
#3361 = CARTESIAN_POINT ( 'NONE',  ( 4.100000000000029843, 8.424999999988358468, 6.914861572753475905 ) ) ;
#3362 = DIRECTION ( 'NONE',  ( 3.356196254551240174E-16, 1.000000000000000000, -0.0000000000000000000 ) ) ;
#3363 = CARTESIAN_POINT ( 'NONE',  ( 4.100000000000029843, 8.000000000009777068, 8.235000000043621426 ) ) ;
#3364 = ORIENTED_EDGE ( 'NONE', *, *, #3935, .T. ) ;
#3365 = CARTESIAN_POINT ( 'NONE',  ( 4.100000000000030731, 7.925000000000001599, 3.380000000000008775 ) ) ;
#3366 = DIRECTION ( 'NONE',  ( 0.0000000000000000000, 0.0000000000000000000, -1.000000000000000000 ) ) ;
#3367 = CARTESIAN_POINT ( 'NONE',  ( 2.706020063032101408, 7.138978277215955792, 10.97640054978879576 ) ) ;
#3368 = LINE ( 'NONE', #4297, #3537 ) ;
#3369 = VERTEX_POINT ( 'NONE', #36 ) ;
#3370 = VERTEX_POINT ( 'NONE', #3090 ) ;
#3371 = CARTESIAN_POINT ( 'NONE',  ( 4.499999999995151434, 9.179561790847531100, 3.360676445133511159 ) ) ;
#3372 = EDGE_LOOP ( 'NONE', ( #1514, #1584, #1729, #511, #2190, #3978 ) ) ;
#3373 = CARTESIAN_POINT ( 'NONE',  ( 4.470707025832596493, 9.166319812942806067, 11.92396258120410835 ) ) ;
#3374 = DIRECTION ( 'NONE',  ( 0.0000000000000000000, 0.0000000000000000000, 1.000000000000000000 ) ) ;
#3375 = CARTESIAN_POINT ( 'NONE',  ( 4.100000000000029843, 7.925000000000001599, 8.459999999999999076 ) ) ;
#3376 = EDGE_CURVE ( 'NONE', #861, #1673, #4195, .T. ) ;
#3377 = DIRECTION ( 'NONE',  ( 0.0000000000000000000, 0.9805806756909205557, 0.1961161351381819073 ) ) ;
#3378 = ORIENTED_CLOSED_SHELL ( 'NONE', *, #2698, .F. );
#3379 = LINE ( 'NONE', #1302, #2861 ) ;
#3380 = EDGE_LOOP ( 'NONE', ( #1884, #1022, #1814, #2077 ) ) ;
#3381 = LINE ( 'NONE', #2763, #3404 ) ;
#3382 = ADVANCED_FACE ( 'NONE', ( #3800 ), #3733, .T. ) ;
#3383 = CARTESIAN_POINT ( 'NONE',  ( 3.650000000000019895, -0.05000000000000599798, 46.15999999999999659 ) ) ;
#3384 = CARTESIAN_POINT ( 'NONE',  ( 3.700000000006336887, 9.096630297186859337, 6.840082803039361004 ) ) ;
#3385 = EDGE_LOOP ( 'NONE', ( #1791, #3192 ) ) ;
#3386 = CARTESIAN_POINT ( 'NONE',  ( 4.100000000000029843, 7.472311610549289718, 3.516640950747329963 ) ) ;
#3387 = ORIENTED_EDGE ( 'NONE', *, *, #2371, .T. ) ;
#3388 = CARTESIAN_POINT ( 'NONE',  ( 3.700000000000107203, 9.203880595331149550, 3.393708126107864320 ) ) ;
#3389 = VERTEX_POINT ( 'NONE', #1010 ) ;
#3390 = VERTEX_POINT ( 'NONE', #1114 ) ;
#3391 = CARTESIAN_POINT ( 'NONE',  ( 3.850000000000020073, -3.800000000000010036, 5.379999999999999893 ) ) ;
#3392 = DIRECTION ( 'NONE',  ( 0.0000000000000000000, -1.000000000000000000, 1.097926250618230054E-16 ) ) ;
#3393 = CARTESIAN_POINT ( 'NONE',  ( 4.100000000000029843, 8.074999999999999289, 8.310000000000000497 ) ) ;
#3394 = CARTESIAN_POINT ( 'NONE',  ( 0.5924999999999840394, 4.000000000000070166, 13.07000000000000028 ) ) ;
#3395 = CARTESIAN_POINT ( 'NONE',  ( 4.350000000000020961, -2.800000000000010925, 5.580000000000001847 ) ) ;
#3396 = VECTOR ( 'NONE', #1998, 1000.000000000000000 ) ;
#3397 = VERTEX_POINT ( 'NONE', #1795 ) ;
#3398 = CARTESIAN_POINT ( 'NONE',  ( 4.100000000000029843, 7.925000000045655746, 11.89750000003186869 ) ) ;
#3399 = AXIS2_PLACEMENT_3D ( 'NONE', #2524, #3483, #2219 ) ;
#3400 = EDGE_CURVE ( 'NONE', #1845, #1210, #329, .T. ) ;
#3401 = CARTESIAN_POINT ( 'NONE',  ( 5.663359049252693289, 7.368144943882622755, 9.751799725105604111 ) ) ;
#3402 = EDGE_CURVE ( 'NONE', #3369, #666, #3102, .T. ) ;
#3403 = DIRECTION ( 'NONE',  ( 0.0000000000000000000, 0.0000000000000000000, 1.000000000000000000 ) ) ;
#3404 = VECTOR ( 'NONE', #3735, 1000.000000000000000 ) ;
#3405 = ORIENTED_EDGE ( 'NONE', *, *, #2323, .T. ) ;
#3406 = CARTESIAN_POINT ( 'NONE',  ( 4.100000000000031619, 5.972311610549288829, 3.347261838462599837 ) ) ;
#3407 = VECTOR ( 'NONE', #4027, 1000.000000000000000 ) ;
#3408 = VECTOR ( 'NONE', #1258, 1000.000000000000000 ) ;
#3409 = EDGE_LOOP ( 'NONE', ( #1225, #4250 ) ) ;
#3410 = CARTESIAN_POINT ( 'NONE',  ( 7.899999999999999467, 5.500000000000000000, 2.540000000000000480 ) ) ;
#3411 = DIRECTION ( 'NONE',  ( -0.0000000000000000000, -1.000000000000000000, -0.0000000000000000000 ) ) ;
#3412 = ORIENTED_EDGE ( 'NONE', *, *, #341, .T. ) ;
#3413 = LOCAL_TIME ( 19, 29, 23.00000000000000000, #4347 ) ;
#3414 = VECTOR ( 'NONE', #1617, 1000.000000000000000 ) ;
#3415 = CARTESIAN_POINT ( 'NONE',  ( 2.805849554385959621, 5.350555402323279530, 5.080000000000008953 ) ) ;
#3416 = B_SPLINE_SURFACE_WITH_KNOTS ( 'NONE', 3, 1, ( 
 ( #4039, #355 ),
 ( #4022, #3708 ),
 ( #2390, #3724 ),
 ( #3684, #48 ),
 ( #668, #628 ),
 ( #1990, #3317 ),
 ( #297, #1657 ),
 ( #2986, #4325 ),
 ( #1318, #3081 ),
 ( #415, #2236 ),
 ( #726, #4229 ),
 ( #1218, #1443 ),
 ( #1532, #1419 ),
 ( #1774, #3769 ),
 ( #2775, #1196 ),
 ( #2205, #196 ),
 ( #2860, #2432 ),
 ( #2751, #3853 ),
 ( #4125, #172 ),
 ( #3876, #1559 ),
 ( #1086, #1755 ),
 ( #2561, #1580 ),
 ( #831, #3536 ),
 ( #397, #1171 ),
 ( #3098, #3516 ),
 ( #83, #2182 ),
 ( #853, #498 ),
 ( #521, #749 ),
 ( #2514, #1852 ),
 ( #1878, #65 ),
 ( #3186, #4206 ),
 ( #2536, #1065 ),
 ( #2885, #2409 ),
 ( #2101, #3897 ),
 ( #4100, #877 ),
 ( #3567, #547 ),
 ( #1904, #3236 ),
 ( #220, #3435 ),
 ( #2907, #3745 ),
 ( #2078, #3415 ),
 ( #637, #4294 ),
 ( #3659, #4275 ),
 ( #2647, #3612 ),
 ( #3325, #591 ),
 ( #2954, #2999 ),
 ( #2281, #657 ),
 ( #328, #2670 ),
 ( #976, #1628 ),
 ( #2341, #2016 ),
 ( #2584, #2975 ),
 ( #3970, #1954 ),
 ( #1284, #3928 ),
 ( #3675, #3347 ) ),
 .UNSPECIFIED., .F., .F., .F.,
 ( 4, 1, 1, 1, 1, 1, 1, 1, 1, 1, 1, 1, 1, 1, 1, 1, 1, 1, 1, 1, 1, 1, 1, 1, 1, 1, 1, 1, 1, 1, 1, 1, 1, 1, 1, 1, 1, 1, 1, 1, 1, 1, 1, 1, 1, 1, 1, 1, 1, 1, 4 ),
 ( 2, 2 ),
 ( 0.0000000000000000000, 0.02031639591913380130, 0.04063279183826760260, 0.06094918775740130329, 0.08126558367653509418, 0.1015819795956690030, 0.1218983755148029952, 0.1422147714339359881, 0.1625311673530699941, 0.1828475632722040001, 0.2031639591913380061, 0.2234803551104720121, 0.2437967510296049911, 0.2641131469487389971, 0.2844295428678729754, 0.3047459387870070091, 0.3250623347061399881, 0.3453787306252740219, 0.3656951265444080001, 0.3860115224635419784, 0.4063279183826760121, 0.4266443143018089912, 0.4469607102209430249, 0.4672771061400770032, 0.4875935020592109814, 0.5079098979783439605, 0.5282262938974779942, 0.5485426898166120280, 0.5688590857357459507, 0.5891754816548799845, 0.6094918775740130190, 0.6298082734931470528, 0.6501246694122809755, 0.6704410653314150093, 0.6907574612505480438, 0.7110738571696819665, 0.7313902530888160003, 0.7517066490079500340, 0.7720230449270839568, 0.7923394408462169913, 0.8126558367653510251, 0.8329722326844849478, 0.8532886286036189816, 0.8736050245227520161, 0.8939214204418860499, 0.9142378163610199726, 0.9345542122801540064, 0.9548706081992870409, 0.9751870041184209636, 0.9955034000375549974, 1.000000000000000000 ),
 ( -2.767396596340369129E-15, 0.1270273264120317935 ),
 .UNSPECIFIED. ) ;
#3417 = CARTESIAN_POINT ( 'NONE',  ( 4.100000000000029843, 7.925000000045655746, 10.16000000000000014 ) ) ;
#3418 = AXIS2_PLACEMENT_3D ( 'NONE', #2330, #4343, #1336 ) ;
#3419 = CARTESIAN_POINT ( 'NONE',  ( 4.100000000000029843, 7.987132034355962418, 8.310000000000000497 ) ) ;
#3420 = CARTESIAN_POINT ( 'NONE',  ( 1.232500000000049889, 5.200000000000070344, 13.19999999999999929 ) ) ;
#3421 = PRODUCT_DEFINITION_FORMATION_WITH_SPECIFIED_SOURCE ( 'ANY', '', #1384, .NOT_KNOWN. ) ;
#3422 = EDGE_CURVE ( 'NONE', #2565, #3021, #1698, .T. ) ;
#3423 = ORIENTED_EDGE ( 'NONE', *, *, #2982, .F. ) ;
#3424 = LINE ( 'NONE', #405, #3123 ) ;
#3425 = FACE_OUTER_BOUND ( 'NONE', #1837, .T. ) ;
#3426 = CARTESIAN_POINT ( 'NONE',  ( 4.100000000000028955, 8.079363150079460709, 8.310047596472022846 ) ) ;
#3427 = VERTEX_POINT ( 'NONE', #2498 ) ;
#3428 = EDGE_CURVE ( 'NONE', #3244, #715, #2477, .T. ) ;
#3429 = EDGE_CURVE ( 'NONE', #2131, #3296, #4028, .T. ) ;
#3430 = ORIENTED_EDGE ( 'NONE', *, *, #3276, .F. ) ;
#3431 = CARTESIAN_POINT ( 'NONE',  ( 4.100000000000029843, 8.081542908104799139, 12.00985723323626786 ) ) ;
#3432 = CARTESIAN_POINT ( 'NONE',  ( 0.4002855335254844049, 8.081542908104976775, 3.230142766762728268 ) ) ;
#3433 = VERTEX_POINT ( 'NONE', #677 ) ;
#3434 = ORIENTED_EDGE ( 'NONE', *, *, #3845, .F. ) ;
#3435 = CARTESIAN_POINT ( 'NONE',  ( 4.100000000000028955, 5.475555402323279530, 6.374150445614070293 ) ) ;
#3436 = CARTESIAN_POINT ( 'NONE',  ( 5.663359049252692401, 7.349854761811802639, 9.751799725105602334 ) ) ;
#3437 = EDGE_CURVE ( 'NONE', #2767, #3093, #9, .T. ) ;
#3438 = CARTESIAN_POINT ( 'NONE',  ( 2.536640950747369505, 4.576478277215955792, 9.751799725105589900 ) ) ;
#3439 = CARTESIAN_POINT ( 'NONE',  ( 4.100000000000029843, 9.081542908120354696, 10.16000000000000014 ) ) ;
#3440 = CARTESIAN_POINT ( 'NONE',  ( 4.499999999992201793, 9.151265186000753005, 8.419877857122157749 ) ) ;
#3441 = CARTESIAN_POINT ( 'NONE',  ( 2.706020063032099632, 5.620688095145138341, 10.97640054978879398 ) ) ;
#3442 = CARTESIAN_POINT ( 'NONE',  ( 6.899999999999989697, 1.500000000000049960, 6.455000000000000071 ) ) ;
#3443 =( BOUNDED_SURFACE ( )  B_SPLINE_SURFACE ( 3, 3, ( 
 ( #3393, #375, #1736, #3066 ),
 ( #3419, #1404, #1757, #4085 ),
 ( #1067, #729, #67, #3661 ),
 ( #4315, #3997, #622, #1983 ) ),
 .UNSPECIFIED., .F., .F., .F. ) 
 B_SPLINE_SURFACE_WITH_KNOTS ( ( 4, 4 ),
 ( 4, 4 ),
 ( 0.0000000000000000000, 1.000000000000000000 ),
 ( 0.0000000000000000000, 1.000000000000000000 ),
 .UNSPECIFIED. ) 
 GEOMETRIC_REPRESENTATION_ITEM ( )  RATIONAL_B_SPLINE_SURFACE ( (
 ( 1.000000000000000000, 0.3333333333333334259, 0.3333333333333334259, 1.000000000000000000),
 ( 0.8047378541243622729, 0.2682459513747875168, 0.2682459513747875168, 0.8047378541243622729),
 ( 0.8047378541243622729, 0.2682459513747875168, 0.2682459513747875168, 0.8047378541243622729),
 ( 1.000000000000000000, 0.3333333333333334259, 0.3333333333333334259, 1.000000000000000000) ) ) 
 REPRESENTATION_ITEM ( '' )  SURFACE ( )  );
#3444 = VERTEX_POINT ( 'NONE', #3029 ) ;
#3445 = LINE ( 'NONE', #3016, #605 ) ;
#3446 = CARTESIAN_POINT ( 'NONE',  ( 4.100000000000029843, 7.954021428478470490, 8.596640950747330479 ) ) ;
#3447 = CARTESIAN_POINT ( 'NONE',  ( 4.350000000000020961, -3.800000000000010036, 4.779999999999999361 ) ) ;
#3448 = ORIENTED_EDGE ( 'NONE', *, *, #2827, .T. ) ;
#3449 = CARTESIAN_POINT ( 'NONE',  ( 5.324600824683221489, 5.766521428478472266, 6.304600824683194382 ) ) ;
#3450 = VERTEX_POINT ( 'NONE', #751 ) ;
#3451 = CARTESIAN_POINT ( 'NONE',  ( 4.100000000000029843, 7.925000000000001599, 11.85999999999999410 ) ) ;
#3452 = FACE_OUTER_BOUND ( 'NONE', #1073, .T. ) ;
#3453 = ORIENTED_EDGE ( 'NONE', *, *, #931, .T. ) ;
#3454 = EDGE_CURVE ( 'NONE', #3862, #2793, #3524, .T. ) ;
#3455 = CARTESIAN_POINT ( 'NONE',  ( 3.283599450211238668, 7.662354761811801751, 11.55397993696793435 ) ) ;
#3456 = CARTESIAN_POINT ( 'NONE',  ( 4.508200274894424986, 4.933188095145136565, 8.596640950747330479 ) ) ;
#3457 = EDGE_CURVE ( 'NONE', #3571, #4204, #889, .T. ) ;
#3458 = DIRECTION ( 'NONE',  ( 1.000000000000000000, -0.0000000000000000000, 0.0000000000000000000 ) ) ;
#3459 = EDGE_CURVE ( 'NONE', #1265, #3136, #2893, .T. ) ;
#3460 = PLANE ( 'NONE',  #1665 ) ;
#3461 = CARTESIAN_POINT ( 'NONE',  ( 3.058861877317097466, 5.308888735656613456, 9.550245359188437533 ) ) ;
#3462 = DIRECTION ( 'NONE',  ( 0.0000000000000000000, -0.0000000000000000000, -1.000000000000000000 ) ) ;
#3463 = EDGE_LOOP ( 'NONE', ( #1836, #2388, #1398, #643 ) ) ;
#3464 = VECTOR ( 'NONE', #1050, 1000.000000000000000 ) ;
#3465 = CARTESIAN_POINT ( 'NONE',  ( 4.916400549788816576, 6.763978277215957569, 11.55397993696793790 ) ) ;
#3466 = CARTESIAN_POINT ( 'NONE',  ( 3.700000000006336887, 9.120601777122294251, 6.835232735196548504 ) ) ;
#3467 = EDGE_LOOP ( 'NONE', ( #2454, #3646, #369, #2711, #2251, #3188 ) ) ;
#3468 = B_SPLINE_CURVE_WITH_KNOTS ( 'NONE', 3,
 ( #3336, #3022, #3651, #372 ),
 .UNSPECIFIED., .F., .F.,
 ( 4, 4 ),
 ( 0.0000000000000000000, 0.0005672570505566914764 ),
 .UNSPECIFIED. ) ;
#3469 = VECTOR ( 'NONE', #3624, 1000.000000000000000 ) ;
#3470 = EDGE_CURVE ( 'NONE', #3450, #2051, #2288, .T. ) ;
#3471 = VECTOR ( 'NONE', #1856, 1000.000000000000000 ) ;
#3472 = ORIENTED_EDGE ( 'NONE', *, *, #1150, .T. ) ;
#3473 = CARTESIAN_POINT ( 'NONE',  ( 4.100000000000029843, 8.081542908104799139, 10.16000000000000014 ) ) ;
#3474 = DIRECTION ( 'NONE',  ( -0.0000000000000000000, -0.0000000000000000000, -1.000000000000000000 ) ) ;
#3475 = VERTEX_POINT ( 'NONE', #1936 ) ;
#3476 = VERTEX_POINT ( 'NONE', #1586 ) ;
#3477 = AXIS2_PLACEMENT_3D ( 'NONE', #779, #1847, #3820 ) ;
#3478 = CARTESIAN_POINT ( 'NONE',  ( 3.058861877317099687, 6.892222068989947381, 10.76975464081160005 ) ) ;
#3479 = ORGANIZATION ( 'NAUO-ORG1', 'UNSPECIFIED', 'UNSPECIFIED' ) ;
#3480 = CARTESIAN_POINT ( 'NONE',  ( 5.493979936967953392, 4.888978277215957569, 9.343599450211206303 ) ) ;
#3481 = AXIS2_PLACEMENT_3D ( 'NONE', #3417, #987, #2334 ) ;
#3482 = LINE ( 'NONE', #4068, #2419 ) ;
#3483 = DIRECTION ( 'NONE',  ( 0.4472135954999579832, 4.012716842533309779E-16, -0.8944271909999159664 ) ) ;
#3484 = CARTESIAN_POINT ( 'NONE',  ( 2.536640950747369505, 5.058188095145135676, 9.751799725105589900 ) ) ;
#3485 = CARTESIAN_POINT ( 'NONE',  ( 7.800000000000030020, 7.987132034355963306, 3.230000000000001315 ) ) ;
#3486 = VECTOR ( 'NONE', #1493, 1000.000000000000000 ) ;
#3487 = EDGE_CURVE ( 'NONE', #2750, #3122, #3622, .T. ) ;
#3488 = ADVANCED_FACE ( 'NONE', ( #2217 ), #860, .T. ) ;
#3489 = DIRECTION ( 'NONE',  ( 0.0000000000000000000, 0.0000000000000000000, 1.000000000000000000 ) ) ;
#3490 = ORIENTED_EDGE ( 'NONE', *, *, #969, .F. ) ;
#3491 = AXIS2_PLACEMENT_3D ( 'NONE', #2034, #1975, #993 ) ;
#3492 = PLANE ( 'NONE',  #3556 ) ;
#3493 = EDGE_CURVE ( 'NONE', #3525, #1840, #2585, .T. ) ;
#3494 = CARTESIAN_POINT ( 'NONE',  ( 4.916400549788823682, 7.412354761811804416, 8.766020063032073040 ) ) ;
#3495 = ORIENTED_EDGE ( 'NONE', *, *, #243, .F. ) ;
#3496 = CARTESIAN_POINT ( 'NONE',  ( 4.100000000000031619, 5.472311610549287941, 3.347261838462598060 ) ) ;
#3497 = VERTEX_POINT ( 'NONE', #2916 ) ;
#3498 = DIRECTION ( 'NONE',  ( -0.0000000000000000000, -1.000000000000000000, -0.0000000000000000000 ) ) ;
#3499 = FACE_OUTER_BOUND ( 'NONE', #254, .T. ) ;
#3500 = ORIENTED_EDGE ( 'NONE', *, *, #162, .T. ) ;
#3501 = CARTESIAN_POINT ( 'NONE',  ( 3.490245359188447249, 7.267222068989947381, 9.118861877317078424 ) ) ;
#3502 = CARTESIAN_POINT ( 'NONE',  ( 4.916400549788817465, 5.412354761811802639, 8.766020063032065934 ) ) ;
#3503 = EDGE_LOOP ( 'NONE', ( #3541, #3534, #2883, #228 ) ) ;
#3504 = FACE_OUTER_BOUND ( 'NONE', #3802, .T. ) ;
#3505 = CARTESIAN_POINT ( 'NONE',  ( 5.267644284148531142, 5.121388735656612567, 9.855122679594222390 ) ) ;
#3506 = CARTESIAN_POINT ( 'NONE',  ( 4.100000000000030731, 7.987132034355963306, 3.229999999999999094 ) ) ;
#3507 = SECURITY_CLASSIFICATION_LEVEL ( 'unclassified' ) ;
#3508 = LINE ( 'NONE', #827, #304 ) ;
#3509 = FACE_OUTER_BOUND ( 'NONE', #3851, .T. ) ;
#3510 = EDGE_CURVE ( 'NONE', #484, #4296, #3957, .T. ) ;
#3511 = CARTESIAN_POINT ( 'NONE',  ( 5.663359049252693289, 6.808188095145137453, 10.56820027489439973 ) ) ;
#3512 = CARTESIAN_POINT ( 'NONE',  ( 4.470707025832838966, 9.166319812942820278, 3.316037418795963365 ) ) ;
#3513 = ORIENTED_EDGE ( 'NONE', *, *, #639, .T. ) ;
#3514 = CARTESIAN_POINT ( 'NONE',  ( 4.350000000000020961, -3.800000000000009592, 4.779999999999999361 ) ) ;
#3515 = ADVANCED_FACE ( 'NONE', ( #4236 ), #1224, .T. ) ;
#3516 = CARTESIAN_POINT ( 'NONE',  ( 3.185368038782671274, 6.288055402323278642, 4.165368038782639282 ) ) ;
#3517 = ORIENTED_EDGE ( 'NONE', *, *, #3726, .F. ) ;
#3518 = CARTESIAN_POINT ( 'NONE',  ( 4.100000000000029843, 8.424999999988358468, 5.080000000000000071 ) ) ;
#3519 = DIRECTION ( 'NONE',  ( -0.8457800632220614512, 0.3253000243161786043, -0.4228900316110314472 ) ) ;
#3520 = ORIENTED_EDGE ( 'NONE', *, *, #2121, .F. ) ;
#3521 = VERTEX_POINT ( 'NONE', #3882 ) ;
#3522 = CARTESIAN_POINT ( 'NONE',  ( 5.493979936967957833, 7.870688095145135676, 9.343599450211206303 ) ) ;
#3523 = UNCERTAINTY_MEASURE_WITH_UNIT (LENGTH_MEASURE( 1.000000000000000082E-05 ), #3087, 'distance_accuracy_value', 'NONE');
#3524 = LINE ( 'NONE', #3295, #261 ) ;
#3525 = VERTEX_POINT ( 'NONE', #601 ) ;
#3526 = DIRECTION ( 'NONE',  ( 0.0000000000000000000, 0.0000000000000000000, -1.000000000000000000 ) ) ;
#3527 = CARTESIAN_POINT ( 'NONE',  ( 6.753139117574935568, 9.752094453300040655, 12.69999999999999929 ) ) ;
#3528 = APPROVAL_DATE_TIME ( #842, #784 ) ;
#3529 = ORIENTED_EDGE ( 'NONE', *, *, #2298, .T. ) ;
#3530 = DIRECTION ( 'NONE',  ( 0.0000000000000000000, -1.000000000000000000, 0.0000000000000000000 ) ) ;
#3531 = DIRECTION ( 'NONE',  ( 0.0000000000000000000, -0.0000000000000000000, 1.000000000000000000 ) ) ;
#3532 = CARTESIAN_POINT ( 'NONE',  ( 4.100000000000029843, 7.925000000000001599, 6.779999999999994031 ) ) ;
#3533 = CARTESIAN_POINT ( 'NONE',  ( 2.536640950747366841, 6.618144943882624531, 10.56820027489440150 ) ) ;
#3534 = ORIENTED_EDGE ( 'NONE', *, *, #120, .F. ) ;
#3535 = CARTESIAN_POINT ( 'NONE',  ( 2.875399175316839973, 5.141521428478470490, 6.304600824683193494 ) ) ;
#3536 = CARTESIAN_POINT ( 'NONE',  ( 3.185368038782670830, 6.413055402323278642, 5.994631961217359972 ) ) ;
#3537 = VECTOR ( 'NONE', #1016, 1000.000000000000000 ) ;
#3538 = EDGE_CURVE ( 'NONE', #1362, #3934, #2941, .T. ) ;
#3539 = ADVANCED_FACE ( 'NONE', ( #1965 ), #2841, .F. ) ;
#3540 = CARTESIAN_POINT ( 'NONE',  ( 7.751694291205290632, 5.199999999999994849, 11.81084714560264537 ) ) ;
#3541 = ORIENTED_EDGE ( 'NONE', *, *, #413, .T. ) ;
#3542 = CARTESIAN_POINT ( 'NONE',  ( 4.348212002188462044, 3.459253763378795848E-14, 5.580000000000000959 ) ) ;
#3543 = CARTESIAN_POINT ( 'NONE',  ( 4.100000000000029843, 7.925000000000001599, 8.459999999999999076 ) ) ;
#3544 = AXIS2_PLACEMENT_3D ( 'NONE', #1052, #696, #1032 ) ;
#3545 = ORIENTED_EDGE ( 'NONE', *, *, #2149, .T. ) ;
#3546 = CARTESIAN_POINT ( 'NONE',  ( 2.932355715851530320, 6.329722068989948269, 9.855122679594215285 ) ) ;
#3547 = AXIS2_PLACEMENT_3D ( 'NONE', #880, #3615, #2184 ) ;
#3548 = EDGE_CURVE ( 'NONE', #2960, #3971, #1250, .T. ) ;
#3549 = DIRECTION ( 'NONE',  ( 0.0000000000000000000, 1.097926250618230054E-16, -1.000000000000000000 ) ) ;
#3550 = ORIENTED_EDGE ( 'NONE', *, *, #3493, .T. ) ;
#3551 = PLANE ( 'NONE',  #3399 ) ;
#3552 = VECTOR ( 'NONE', #2252, 1000.000000000000000 ) ;
#3553 = LINE ( 'NONE', #1547, #2651 ) ;
#3554 = CARTESIAN_POINT ( 'NONE',  ( 4.499999999999864109, 9.218617688778781627, 6.735065070737044302 ) ) ;
#3555 = PERSON_AND_ORGANIZATION ( #3197, #1464 ) ;
#3556 = AXIS2_PLACEMENT_3D ( 'NONE', #1213, #2555, #4200 ) ;
#3557 = EDGE_LOOP ( 'NONE', ( #367, #2115, #82, #3490 ) ) ;
#3558 = CARTESIAN_POINT ( 'NONE',  ( 3.700000000000030820, 9.225000000000001421, 3.472685758152214142 ) ) ;
#3559 = DIRECTION ( 'NONE',  ( 0.1731329570474325341, 0.9810867566020929909, -0.08656647852371655849 ) ) ;
#3560 = FACE_OUTER_BOUND ( 'NONE', #707, .T. ) ;
#3561 = AXIS2_PLACEMENT_3D ( 'NONE', #505, #3196, #1542 ) ;
#3562 = CARTESIAN_POINT ( 'NONE',  ( 5.493979936967957833, 6.388978277215956680, 9.343599450211208080 ) ) ;
#3563 =( BOUNDED_CURVE ( )  B_SPLINE_CURVE ( 3, ( #1346, #1646, #1684, #1363 ),
 .UNSPECIFIED., .F., .T. ) 
 B_SPLINE_CURVE_WITH_KNOTS ( ( 4, 4 ),
 ( 0.0000000000000000000, 1.000000000000000000 ),
 .UNSPECIFIED. ) 
 CURVE ( )  GEOMETRIC_REPRESENTATION_ITEM ( )  RATIONAL_B_SPLINE_CURVE ( ( 1.000000000000000000, 0.4943309657473935470, 0.4943309657473935470, 1.000000000000000000 ) ) 
 REPRESENTATION_ITEM ( '' )  );
#3564 = LINE ( 'NONE', #2179, #3976 ) ;
#3565 = ORIENTED_EDGE ( 'NONE', *, *, #1887, .F. ) ;
#3566 = CARTESIAN_POINT ( 'NONE',  ( 4.100000000000028066, 4.972311610549287053, 3.347261838462598060 ) ) ;
#3567 = CARTESIAN_POINT ( 'NONE',  ( 5.832738161537430521, 5.829021428478468714, 5.079999999999998295 ) ) ;
#3568 = ORIENTED_EDGE ( 'NONE', *, *, #2683, .T. ) ;
#3569 = CARTESIAN_POINT ( 'NONE',  ( 3.700000000000029932, 8.424999999994179589, 11.95073085391907419 ) ) ;
#3570 = CARTESIAN_POINT ( 'NONE',  ( 5.800063916047093038, 7.924999999999978506, 10.38505438709388073 ) ) ;
#3571 = VERTEX_POINT ( 'NONE', #4188 ) ;
#3572 = EDGE_LOOP ( 'NONE', ( #3205, #4237, #1859 ) ) ;
#3573 = EDGE_CURVE ( 'NONE', #3901, #2473, #2188, .T. ) ;
#3574 = CARTESIAN_POINT ( 'NONE',  ( 3.058861877317100575, 6.308888735656614344, 9.550245359188428651 ) ) ;
#3575 = DIRECTION ( 'NONE',  ( 0.0000000000000000000, -0.0000000000000000000, 1.000000000000000000 ) ) ;
#3576 = ORIENTED_EDGE ( 'NONE', *, *, #770, .F. ) ;
#3577 = CARTESIAN_POINT ( 'NONE',  ( 2.367261838462629608, 6.097311610549292382, 5.080000000000012506 ) ) ;
#3578 = ADVANCED_FACE ( 'NONE', ( #1249 ), #1862, .T. ) ;
#3579 = CARTESIAN_POINT ( 'NONE',  ( 7.456259223559870364, 4.952135600172730356, 6.455000000000000071 ) ) ;
#3580 = CARTESIAN_POINT ( 'NONE',  ( 4.500000000000031086, 9.184644423522691170, 6.793967863300048649 ) ) ;
#3581 = APPROVAL_DATE_TIME ( #1867, #335 ) ;
#3582 = CARTESIAN_POINT ( 'NONE',  ( 2.443214226706333925, 7.925000000000030909, 10.60263133062267826 ) ) ;
#3583 = CARTESIAN_POINT ( 'NONE',  ( 1.283007271895398427, 9.166319812937834044, 11.40986137141737089 ) ) ;
#3584 = LINE ( 'NONE', #613, #1529 ) ;
#3585 = CARTESIAN_POINT ( 'NONE',  ( 4.099999999999989875, 7.924999999988812327, 3.342499999988977510 ) ) ;
#3586 = CARTESIAN_POINT ( 'NONE',  ( 4.916400549788835228, 5.912354761811802639, 8.766020063032080145 ) ) ;
#3587 = CARTESIAN_POINT ( 'NONE',  ( 6.688576093413189483, 9.225000000000001421, 3.931483983663644821 ) ) ;
#3588 = APPLICATION_CONTEXT ( 'configuration controlled 3d designs of mechanical parts and assemblies' ) ;
#3589 = ORIENTED_EDGE ( 'NONE', *, *, #1294, .T. ) ;
#3590 = CARTESIAN_POINT ( 'NONE',  ( 5.324600824683213496, 4.909811610549293270, 3.855399175316799987 ) ) ;
#3591 = DIRECTION ( 'NONE',  ( 0.0000000000000000000, 0.0000000000000000000, -1.000000000000000000 ) ) ;
#3592 = ORIENTED_EDGE ( 'NONE', *, *, #3754, .T. ) ;
#3593 = DIRECTION ( 'NONE',  ( 0.8944271909999155223, -1.730497532533077596E-15, -0.4472135954999587049 ) ) ;
#3594 = DIRECTION ( 'NONE',  ( 0.0000000000000000000, -0.9805806756909205557, 0.1961161351381819073 ) ) ;
#3595 = EDGE_LOOP ( 'NONE', ( #4170, #2180, #2820, #4056 ) ) ;
#3596 = CARTESIAN_POINT ( 'NONE',  ( 4.508200274894426762, 6.224854761811803527, 11.72335904925266448 ) ) ;
#3597 = ADVANCED_FACE ( 'NONE', ( #909 ), #3598, .T. ) ;
#3598 = PLANE ( 'NONE',  #537 ) ;
#3599 = EDGE_LOOP ( 'NONE', ( #2423, #2816, #3355, #3720 ) ) ;
#3600 = FACE_OUTER_BOUND ( 'NONE', #3939, .T. ) ;
#3601 = CARTESIAN_POINT ( 'NONE',  ( 4.099999999999989875, 10.00000000000000000, 5.080000000000000071 ) ) ;
#3602 = CARTESIAN_POINT ( 'NONE',  ( 7.811619526395213953, 2.312964634635742661E-15, 3.060000000000004938 ) ) ;
#3603 = APPROVAL_ROLE ( '' ) ;
#3604 = EDGE_CURVE ( 'NONE', #138, #154, #968, .T. ) ;
#3605 = EDGE_CURVE ( 'NONE', #3021, #1765, #1680, .T. ) ;
#3606 = CARTESIAN_POINT ( 'NONE',  ( 3.873946024754518547, 7.925000000000008704, 11.85964979283892973 ) ) ;
#3607 = CARTESIAN_POINT ( 'NONE',  ( 8.199999999999999289, 5.199999999999990408, 12.69999999999999929 ) ) ;
#3608 = DIRECTION ( 'NONE',  ( 0.0000000000000000000, 1.000000000000000000, 0.0000000000000000000 ) ) ;
#3609 = CARTESIAN_POINT ( 'NONE',  ( 4.916400549788825458, 5.745688095145138341, 11.55397993696793257 ) ) ;
#3610 = CARTESIAN_POINT ( 'NONE',  ( 1.511423906586754740, 9.224999999999999645, 3.931483983663611514 ) ) ;
#3611 = CARTESIAN_POINT ( 'NONE',  ( 5.327175604926639885, 4.882299402459969961, 4.108494097616709695 ) ) ;
#3612 = CARTESIAN_POINT ( 'NONE',  ( 5.014631961217379086, 5.163055402323283083, 4.165368038782641946 ) ) ;
#3613 = CARTESIAN_POINT ( 'NONE',  ( 8.200000000000011724, 1.000000000000029976, 12.03499999999998238 ) ) ;
#3614 = EDGE_LOOP ( 'NONE', ( #1863, #756, #2183, #1500 ) ) ;
#3615 = DIRECTION ( 'NONE',  ( -0.0000000000000000000, -1.000000000000000000, -0.0000000000000000000 ) ) ;
#3616 = LINE ( 'NONE', #2307, #33 ) ;
#3617 = ORIENTED_EDGE ( 'NONE', *, *, #2199, .T. ) ;
#3618 = AXIS2_PLACEMENT_3D ( 'NONE', #281, #1641, #1991 ) ;
#3619 = EDGE_CURVE ( 'NONE', #3444, #2488, #4321, .T. ) ;
#3620 = CARTESIAN_POINT ( 'NONE',  ( 2.706020063032101408, 6.120688095145136565, 10.97640054978879753 ) ) ;
#3621 = VECTOR ( 'NONE', #979, 1000.000000000000000 ) ;
#3622 = LINE ( 'NONE', #277, #2444 ) ;
#3623 = ORIENTED_EDGE ( 'NONE', *, *, #4351, .T. ) ;
#3624 = DIRECTION ( 'NONE',  ( 0.0000000000000000000, -0.0000000000000000000, -1.000000000000000000 ) ) ;
#3625 = CARTESIAN_POINT ( 'NONE',  ( 3.700000000000030376, 8.643847809268601523, 8.379059723434199469 ) ) ;
#3626 = VECTOR ( 'NONE', #497, 1000.000000000000114 ) ;
#3627 = CARTESIAN_POINT ( 'NONE',  ( 4.500000000000030198, 9.225000000000001421, 6.687314241847786001 ) ) ;
#3628 = AXIS2_PLACEMENT_3D ( 'NONE', #1906, #222, #500 ) ;
#3629 = CARTESIAN_POINT ( 'NONE',  ( 1.770905952872640077, 10.00000000000000000, 12.69999999999999929 ) ) ;
#3630 = CARTESIAN_POINT ( 'NONE',  ( 0.4622920001542704105, 6.852157730108388023E-14, 2.880502153854081815 ) ) ;
#3631 = EDGE_CURVE ( 'NONE', #224, #3093, #1808, .T. ) ;
#3632 = CARTESIAN_POINT ( 'NONE',  ( 8.199999999999999289, -3.996802888650562757E-15, 9.660000000000000142 ) ) ;
#3633 = ADVANCED_FACE ( 'NONE', ( #983 ), #3333, .T. ) ;
#3634 = VECTOR ( 'NONE', #3989, 1000.000000000000000 ) ;
#3635 = VECTOR ( 'NONE', #487, 1000.000000000000000 ) ;
#3636 = CARTESIAN_POINT ( 'NONE',  ( 4.100000000000029843, 8.081542908104841771, 8.310142766762723454 ) ) ;
#3637 = CARTESIAN_POINT ( 'NONE',  ( 3.283599450211234227, 5.662354761811805304, 11.55397993696793435 ) ) ;
#3638 = CARTESIAN_POINT ( 'NONE',  ( 2.399936083953506216, 7.925000000000032685, 4.854945612903957652 ) ) ;
#3639 = CIRCLE ( 'NONE', #2310, 0.1499999999999999667 ) ;
#3640 = CARTESIAN_POINT ( 'NONE',  ( 4.350000000000020073, -2.799999999999960743, 10.65999999999999659 ) ) ;
#3641 = CARTESIAN_POINT ( 'NONE',  ( 4.100000000000029843, 8.081542908104976775, 6.929857233237271430 ) ) ;
#3642 = AXIS2_PLACEMENT_3D ( 'NONE', #128, #3788, #4160 ) ;
#3643 = DIRECTION ( 'NONE',  ( -0.4008721094621948144, 0.0000000000000000000, 0.9161340250505545235 ) ) ;
#3644 = DIRECTION ( 'NONE',  ( -1.000000000000000000, 0.0000000000000000000, 0.0000000000000000000 ) ) ;
#3645 = CARTESIAN_POINT ( 'NONE',  ( 3.700000000000030820, 9.225000000000001421, 8.542307528330560729 ) ) ;
#3646 = ORIENTED_EDGE ( 'NONE', *, *, #2177, .T. ) ;
#3647 = AXIS2_PLACEMENT_3D ( 'NONE', #623, #289, #1984 ) ;
#3648 = CARTESIAN_POINT ( 'NONE',  ( 4.709754640811599558, 6.683888735656614344, 9.118861877317074871 ) ) ;
#3649 = CARTESIAN_POINT ( 'NONE',  ( 3.700000000000031264, 9.098025025475761751, 3.319390441767584576 ) ) ;
#3650 = CARTESIAN_POINT ( 'NONE',  ( 5.324600824683223266, 7.891521428478468714, 3.855399175316811089 ) ) ;
#3651 = CARTESIAN_POINT ( 'NONE',  ( 4.291460075108629368, 7.924999999999999822, 3.516640950747329963 ) ) ;
#3652 = ITEM_DEFINED_TRANSFORMATION ( 'NONE', 'NONE', #3833,  #395 ) ;
#3653 = FACE_OUTER_BOUND ( 'NONE', #2483, .T. ) ;
#3654 = DIRECTION ( 'NONE',  ( 0.0000000000000000000, -0.0000000000000000000, -1.000000000000000000 ) ) ;
#3655 = DIRECTION ( 'NONE',  ( 1.000000000000000000, -1.001908583198310010E-14, 0.0000000000000000000 ) ) ;
#3656 = CARTESIAN_POINT ( 'NONE',  ( 4.508200274894432980, 5.933188095145137453, 8.596640950747342913 ) ) ;
#3657 = EDGE_CURVE ( 'NONE', #1961, #2960, #310, .T. ) ;
#3658 = CARTESIAN_POINT ( 'NONE',  ( 4.500000000000031086, 8.862695448275006882, 11.93114589205737275 ) ) ;
#3659 = CARTESIAN_POINT ( 'NONE',  ( 4.100000000000028066, 5.454021428478469602, 3.347261838462598060 ) ) ;
#3660 = EDGE_CURVE ( 'NONE', #2771, #1967, #2981, .T. ) ;
#3661 = CARTESIAN_POINT ( 'NONE',  ( 4.100000000000028955, 7.924999999999996270, 11.94786796564403630 ) ) ;
#3662 = CARTESIAN_POINT ( 'NONE',  ( 4.499999999999864109, 9.221952082819063534, 11.79829938485241847 ) ) ;
#3663 = EDGE_LOOP ( 'NONE', ( #469, #2455, #4098, #3831 ) ) ;
#3664 = ORIENTED_EDGE ( 'NONE', *, *, #237, .T. ) ;
#3665 = CARTESIAN_POINT ( 'NONE',  ( 6.374999999999990230, 4.050000000000020250, 3.705000000000000071 ) ) ;
#3666 = ORIENTED_EDGE ( 'NONE', *, *, #3247, .T. ) ;
#3667 = CARTESIAN_POINT ( 'NONE',  ( 2.875399175316840417, 6.641521428478466937, 6.304600824683189941 ) ) ;
#3668 = CARTESIAN_POINT ( 'NONE',  ( 7.200000000000022382, 1.384615384615412115, 11.53500000000000014 ) ) ;
#3669 = DIRECTION ( 'NONE',  ( 1.000000000000000000, 0.0000000000000000000, 0.0000000000000000000 ) ) ;
#3670 = DIRECTION ( 'NONE',  ( 1.000000000000000000, 0.0000000000000000000, 0.0000000000000000000 ) ) ;
#3671 = CARTESIAN_POINT ( 'NONE',  ( 4.500000000000030198, 9.081542908114151658, 6.841347506653715271 ) ) ;
#3672 = LINE ( 'NONE', #1661, #604 ) ;
#3673 = CARTESIAN_POINT ( 'NONE',  ( 2.706020063032099632, 5.138978277215955792, 10.97640054978879398 ) ) ;
#3674 = CARTESIAN_POINT ( 'NONE',  ( 8.200000000000006395, 5.199999999999999289, 12.03500000000000369 ) ) ;
#3675 = CARTESIAN_POINT ( 'NONE',  ( 5.378852288121650282, 4.877688389450709927, 4.182815843185180071 ) ) ;
#3676 = PLANE ( 'NONE',  #323 ) ;
#3677 = DIRECTION ( 'NONE',  ( 1.000000000000000000, 0.0000000000000000000, 0.0000000000000000000 ) ) ;
#3678 = DIRECTION ( 'NONE',  ( 0.0000000000000000000, 1.000000000000000000, 0.0000000000000000000 ) ) ;
#3679 = EDGE_LOOP ( 'NONE', ( #2691, #1753, #1385, #3453 ) ) ;
#3680 = EDGE_CURVE ( 'NONE', #686, #3444, #4060, .T. ) ;
#3681 = EDGE_CURVE ( 'NONE', #1840, #2792, #2422, .T. ) ;
#3682 = CARTESIAN_POINT ( 'NONE',  ( 4.499999999995151434, 9.201559185024047238, 3.387925986514011001 ) ) ;
#3683 = ORIENTED_EDGE ( 'NONE', *, *, #3159, .T. ) ;
#3684 = CARTESIAN_POINT ( 'NONE',  ( 5.832738161537426969, 7.829021428478466049, 5.079999999999998295 ) ) ;
#3685 = DIRECTION ( 'NONE',  ( -0.0000000000000000000, -0.0000000000000000000, -1.000000000000000000 ) ) ;
#3686 = DIRECTION ( 'NONE',  ( -0.9246769218903032606, 9.264417447272923273E-15, -0.3807526626610430731 ) ) ;
#3687 = FACE_OUTER_BOUND ( 'NONE', #1126, .T. ) ;
#3688 = VECTOR ( 'NONE', #234, 1000.000000000000000 ) ;
#3689 = SHAPE_REPRESENTATION_RELATIONSHIP ( 'NONE' , 'NONE' ,  #2824, #47 ) ;
#3690 = VECTOR ( 'NONE', #2936, 1000.000000000000114 ) ;
#3691 = CARTESIAN_POINT ( 'NONE',  ( 4.916400549788818353, 4.430644943882619202, 8.766020063032065934 ) ) ;
#3692 = ORIENTED_EDGE ( 'NONE', *, *, #467, .F. ) ;
#3693 = CARTESIAN_POINT ( 'NONE',  ( 2.400079403622015217, 7.925000000000030909, 5.305052117614440732 ) ) ;
#3694 = AXIS2_PLACEMENT_3D ( 'NONE', #3230, #3608, #1278 ) ;
#3695 = CARTESIAN_POINT ( 'NONE',  ( 6.977500000000006253, 1.702487236553715319E-14, 2.539999999999995595 ) ) ;
#3696 = AXIS2_PLACEMENT_3D ( 'NONE', #3601, #3201, #3913 ) ;
#3697 = DIRECTION ( 'NONE',  ( 0.0000000000000000000, 0.0000000000000000000, -1.000000000000000000 ) ) ;
#3698 = DIRECTION ( 'NONE',  ( -0.0000000000000000000, -1.000000000000000000, -0.0000000000000000000 ) ) ;
#3699 = ORIENTED_EDGE ( 'NONE', *, *, #237, .F. ) ;
#3700 = VECTOR ( 'NONE', #2003, 1000.000000000000114 ) ;
#3701 = ORIENTED_EDGE ( 'NONE', *, *, #91, .T. ) ;
#3702 = CARTESIAN_POINT ( 'NONE',  ( 3.700000000000030820, 9.225000000000001421, 3.472685758152214142 ) ) ;
#3703 = SECURITY_CLASSIFICATION ( '', '', #211 ) ;
#3704 = ADVANCED_FACE ( 'NONE', ( #2692 ), #1742, .F. ) ;
#3705 = ORIENTED_EDGE ( 'NONE', *, *, #146, .F. ) ;
#3706 = B_SPLINE_CURVE_WITH_KNOTS ( 'NONE', 3,
 ( #123, #1784, #1125, #2467, #2744, #3801, #781, #1059, #2403, #1076, #2130, #3466, #449, #3384, #2067, #1144 ),
 .UNSPECIFIED., .F., .F.,
 ( 4, 3, 3, 3, 3, 4 ),
 ( 0.0000000000000000000, 5.293135521028686233E-05, 0.0001059165675229350935, 0.0001580412505487497027, 0.0002087591654863111081, 0.0002311501781614056666 ),
 .UNSPECIFIED. ) ;
#3707 = EDGE_LOOP ( 'NONE', ( #2474, #2056, #1876, #2523, #454, #1310, #2562, #3061, #4095, #1205, #1687, #3866, #503, #250, #3038, #3184, #2163, #1785, #1832, #159 ) ) ;
#3708 = CARTESIAN_POINT ( 'NONE',  ( 4.405688558757280049, 7.704722068989939388, 3.912355715851499660 ) ) ;
#3709 = CARTESIAN_POINT ( 'NONE',  ( 36.60000000000000142, -3.800000000000010036, 5.580000000000000071 ) ) ;
#3710 = DIRECTION ( 'NONE',  ( 1.000000000000000000, -1.001908583198310010E-14, 0.0000000000000000000 ) ) ;
#3711 = ADVANCED_FACE ( 'NONE', ( #294 ), #4037, .T. ) ;
#3712 = CARTESIAN_POINT ( 'NONE',  ( 4.499999999993726796, 9.096630297189971515, 8.399917196961272481 ) ) ;
#3713 = CARTESIAN_POINT ( 'NONE',  ( 4.500000000000030198, 8.424999999994179589, 3.289269146084083939 ) ) ;
#3714 = CARTESIAN_POINT ( 'NONE',  ( 0.4000000000000278888, 8.077181834648511582, 12.01000000000000156 ) ) ;
#3715 = VERTEX_POINT ( 'NONE', #1291 ) ;
#3716 = CARTESIAN_POINT ( 'NONE',  ( 4.099999999999989875, 7.999999999952933649, 5.080000000000000071 ) ) ;
#3717 = DIRECTION ( 'NONE',  ( 1.000000000000000000, 0.0000000000000000000, 0.0000000000000000000 ) ) ;
#3718 = DIRECTION ( 'NONE',  ( -0.0000000000000000000, -0.0000000000000000000, -1.000000000000000000 ) ) ;
#3719 = EDGE_LOOP ( 'NONE', ( #1084, #1222, #642, #2345, #2746, #2871 ) ) ;
#3720 = ORIENTED_EDGE ( 'NONE', *, *, #1854, .F. ) ;
#3721 = CARTESIAN_POINT ( 'NONE',  ( 1.222500000000017906, 5.799999999999999822, 2.540000000000000036 ) ) ;
#3722 = ORIENTED_EDGE ( 'NONE', *, *, #1429, .T. ) ;
#3723 = APPROVAL ( #538, 'UNSPECIFIED' ) ;
#3724 = CARTESIAN_POINT ( 'NONE',  ( 5.014631961217391520, 7.663055402323283083, 4.165368038782641058 ) ) ;
#3725 = PLANE ( 'NONE',  #3839 ) ;
#3726 = EDGE_CURVE ( 'NONE', #2025, #3906, #2220, .T. ) ;
#3727 = PLANE ( 'NONE',  #2296 ) ;
#3728 = CARTESIAN_POINT ( 'NONE',  ( 4.499999999992201793, 9.136807545357719107, 8.411118752227105588 ) ) ;
#3729 = ADVANCED_FACE ( 'NONE', ( #766 ), #813, .F. ) ;
#3730 = B_SPLINE_CURVE_WITH_KNOTS ( 'NONE', 3,
 ( #4306, #2547, #863, #4239 ),
 .UNSPECIFIED., .F., .F.,
 ( 4, 4 ),
 ( 4.596412063955883132E-15, 0.0006572000998893259057 ),
 .UNSPECIFIED. ) ;
#3731 = EDGE_CURVE ( 'NONE', #3444, #2957, #109, .T. ) ;
#3732 = DATE_AND_TIME ( #3797, #1955 ) ;
#3733 = B_SPLINE_SURFACE_WITH_KNOTS ( 'NONE', 3, 1, ( 
 ( #2765, #3446 ),
 ( #1075, #2066 ),
 ( #4115, #1720 ),
 ( #1104, #406 ),
 ( #3401, #1411 ),
 ( #2447, #4136 ),
 ( #1763, #3114 ),
 ( #2091, #3781 ),
 ( #3072, #1124 ),
 ( #780, #2466 ),
 ( #759, #55 ),
 ( #3367, #347 ),
 ( #1703, #2111 ),
 ( #2743, #2420 ),
 ( #3758, #740 ),
 ( #15, #425 ),
 ( #1366, #2705 ),
 ( #4054, #702 ),
 ( #2053, #3494 ),
 ( #2200, #2855 ),
 ( #1215, #1555 ),
 ( #2829, #2486 ),
 ( #3232, #3849 ),
 ( #3465, #516 ),
 ( #872, #2155 ),
 ( #473, #1830 ),
 ( #2579, #122 ),
 ( #192, #1809 ),
 ( #3533, #3822 ),
 ( #4202, #2881 ),
 ( #448, #2129 ),
 ( #543, #1193 ),
 ( #1502, #1874 ),
 ( #828, #3182 ),
 ( #2533, #1143 ),
 ( #3562, #3871 ),
 ( #2230, #1165 ),
 ( #2178, #3511 ),
 ( #848, #4226 ),
 ( #3209, #4174 ),
 ( #493, #3923 ),
 ( #4153, #1899 ),
 ( #2557, #3160 ),
 ( #216, #142 ),
 ( #1482, #167 ),
 ( #1577, #1849 ),
 ( #2903, #2511 ),
 ( #1526, #4245 ),
 ( #3893, #1237 ),
 ( #3141, #2807 ),
 ( #804, #325 ),
 ( #899, #1995 ),
 ( #566, #655 ),
 ( #1683, #3015 ),
 ( #4353, #2929 ),
 ( #265, #2014 ),
 ( #1925, #4010 ),
 ( #1345, #3254 ),
 ( #239, #1260 ),
 ( #994, #302 ),
 ( #2606, #3344 ),
 ( #3323, #4335 ),
 ( #2278, #1662 ),
 ( #2340, #2255 ),
 ( #1303, #4291 ),
 ( #1599, #3656 ),
 ( #2682, #3586 ),
 ( #3948, #4273 ),
 ( #920, #2996 ),
 ( #3990, #1329 ),
 ( #3280, #1625 ),
 ( #588, #3609 ),
 ( #635, #285 ),
 ( #2668, #1950 ),
 ( #2951, #3637 ),
 ( #3673, #1280 ),
 ( #2624, #4311 ),
 ( #3967, #943 ),
 ( #1645, #2300 ),
 ( #616, #1976 ),
 ( #3305, #2972 ),
 ( #2645, #974 ),
 ( #2321, #3502 ),
 ( #3480, #4165 ),
 ( #437, #1447 ),
 ( #462, #4102 ),
 ( #1820, #4147 ),
 ( #85, #2123 ),
 ( #792, #482 ),
 ( #1134, #3838 ),
 ( #2778, #2819 ),
 ( #2165, #1089 ),
 ( #1777, #3150 ),
 ( #3438, #3792 ),
 ( #1839, #3172 ),
 ( #2356, #2798 ),
 ( #771, #417 ),
 ( #2457, #3456 ),
 ( #3691, #3812 ),
 ( #4128, #1154 ),
 ( #2103, #3772 ),
 ( #2142, #1423 ) ),
 .UNSPECIFIED., .F., .F., .F.,
 ( 4, 2, 2, 2, 2, 2, 2, 2, 2, 2, 2, 2, 2, 2, 2, 2, 2, 2, 2, 2, 2, 2, 2, 2, 2, 2, 2, 2, 2, 2, 2, 2, 2, 2, 2, 2, 2, 2, 2, 2, 2, 2, 2, 2, 2, 2, 2, 2, 2, 2, 4 ),
 ( 2, 2 ),
 ( 0.0000000000000000000, 0.02031639591913380130, 0.04063279183826760260, 0.06094918775740130329, 0.08126558367653509418, 0.1015819795956690030, 0.1218983755148029952, 0.1422147714339359881, 0.1625311673530699941, 0.1828475632722040001, 0.2031639591913380061, 0.2234803551104720121, 0.2437967510296049911, 0.2641131469487389971, 0.2844295428678729754, 0.3047459387870070091, 0.3250623347061399881, 0.3453787306252740219, 0.3656951265444080001, 0.3860115224635419784, 0.4063279183826760121, 0.4266443143018089912, 0.4469607102209430249, 0.4672771061400770032, 0.4875935020592109814, 0.5079098979783439605, 0.5282262938974779942, 0.5485426898166120280, 0.5688590857357459507, 0.5891754816548799845, 0.6094918775740130190, 0.6298082734931470528, 0.6501246694122809755, 0.6704410653314150093, 0.6907574612505480438, 0.7110738571696819665, 0.7313902530888160003, 0.7517066490079500340, 0.7720230449270839568, 0.7923394408462169913, 0.8126558367653510251, 0.8329722326844849478, 0.8532886286036189816, 0.8736050245227520161, 0.8939214204418860499, 0.9142378163610199726, 0.9345542122801540064, 0.9548706081992870409, 0.9751870041184209636, 0.9955034000375549974, 1.000000000000000000 ),
 ( 0.9397532966979376123, 1.000000000000001998 ),
 .UNSPECIFIED. ) ;
#3734 = ORIENTED_EDGE ( 'NONE', *, *, #4141, .F. ) ;
#3735 = DIRECTION ( 'NONE',  ( 2.195852501236460108E-16, -1.000000000000000000, 0.0000000000000000000 ) ) ;
#3736 = DIRECTION ( 'NONE',  ( -0.0000000000000000000, -0.0000000000000000000, 1.000000000000000000 ) ) ;
#3737 = DIRECTION ( 'NONE',  ( 1.000000000000000000, 9.745637505487679766E-17, -0.0000000000000000000 ) ) ;
#3738 = ORIENTED_EDGE ( 'NONE', *, *, #2267, .T. ) ;
#3739 = CARTESIAN_POINT ( 'NONE',  ( 5.832738161537427857, 5.847311610549288829, 5.080000000000000071 ) ) ;
#3740 = VERTEX_POINT ( 'NONE', #1752 ) ;
#3741 = CARTESIAN_POINT ( 'NONE',  ( 1.481128204985919794, 9.777645713530755955, 12.69999999999999929 ) ) ;
#3742 = DIRECTION ( 'NONE',  ( -1.000000000000000000, 1.001908583198310010E-14, -0.0000000000000000000 ) ) ;
#3743 = ORIENTED_EDGE ( 'NONE', *, *, #878, .T. ) ;
#3744 = EDGE_CURVE ( 'NONE', #1097, #2093, #2472, .T. ) ;
#3745 = CARTESIAN_POINT ( 'NONE',  ( 3.185368038782671718, 5.413055402323279530, 5.994631961217360860 ) ) ;
#3746 = CARTESIAN_POINT ( 'NONE',  ( 0.6025000000000404476, 4.000000000000072831, 2.540000000000006253 ) ) ;
#3747 = DIRECTION ( 'NONE',  ( -1.000000000000000000, 0.0000000000000000000, 0.0000000000000000000 ) ) ;
#3748 = CARTESIAN_POINT ( 'NONE',  ( 4.499999999993726796, 9.104033493637677665, 8.401415060469146212 ) ) ;
#3749 = CLOSED_SHELL ( 'NONE', ( #2974, #1347, #3382, #912 ) ) ;
#3750 = FACE_OUTER_BOUND ( 'NONE', #3663, .T. ) ;
#3751 = SHAPE_REPRESENTATION ( 'CUI_DEVICES_TB006-508-02BE', ( #1389, #3833 ), #3293 ) ;
#3752 = AXIS2_PLACEMENT_3D ( 'NONE', #119, #4050, #700 ) ;
#3753 = ORIENTED_EDGE ( 'NONE', *, *, #4065, .T. ) ;
#3754 = EDGE_CURVE ( 'NONE', #42, #1902, #394, .T. ) ;
#3755 = ADVANCED_FACE ( 'NONE', ( #1467 ), #43, .F. ) ;
#3756 = CARTESIAN_POINT ( 'NONE',  ( 4.350000000000020961, -3.800000000000009592, 41.07999999999999829 ) ) ;
#3757 = VECTOR ( 'NONE', #2191, 1000.000000000000000 ) ;
#3758 = CARTESIAN_POINT ( 'NONE',  ( 2.706020063032100964, 7.055644943882623643, 9.343599450211215185 ) ) ;
#3759 = CARTESIAN_POINT ( 'NONE',  ( 4.100000000000029843, 8.074999999999999289, 8.460000000000000853 ) ) ;
#3760 = VECTOR ( 'NONE', #2445, 1000.000000000000000 ) ;
#3761 = EDGE_LOOP ( 'NONE', ( #3048, #2451 ) ) ;
#3762 = EDGE_CURVE ( 'NONE', #2589, #2708, #185, .T. ) ;
#3763 = LOCAL_TIME ( 19, 29, 23.00000000000000000, #4240 ) ;
#3764 = EDGE_LOOP ( 'NONE', ( #3623, #3109, #4059, #678 ) ) ;
#3765 = CYLINDRICAL_SURFACE ( 'NONE', #2020, 1.924999999999999600 ) ;
#3766 = CARTESIAN_POINT ( 'NONE',  ( 4.100000000000029843, 8.424999999988358468, 5.080000000000000071 ) ) ;
#3767 = VERTEX_POINT ( 'NONE', #3077 ) ;
#3768 = CIRCLE ( 'NONE', #1879, 1.924999999999999600 ) ;
#3769 = CARTESIAN_POINT ( 'NONE',  ( 4.100000000000028955, 6.975555402323279530, 6.374150445614069405 ) ) ;
#3770 = CARTESIAN_POINT ( 'NONE',  ( 3.795122679594238324, 6.746388735656616120, 8.992355715851504172 ) ) ;
#3771 = AXIS2_PLACEMENT_3D ( 'NONE', #3383, #1783, #2790 ) ;
#3772 = CARTESIAN_POINT ( 'NONE',  ( 5.327175604926639885, 4.882299402459969961, 9.188494097616707990 ) ) ;
#3773 = CARTESIAN_POINT ( 'NONE',  ( 8.199999999999999289, 10.00000000000000000, 12.69999999999999929 ) ) ;
#3774 = LINE ( 'NONE', #2061, #1309 ) ;
#3775 = CARTESIAN_POINT ( 'NONE',  ( 3.283599450211240889, 5.162354761811803527, 11.55397993696793790 ) ) ;
#3776 = DIRECTION ( 'NONE',  ( 0.0000000000000000000, -1.000000000000000000, 0.0000000000000000000 ) ) ;
#3777 = ORIENTED_EDGE ( 'NONE', *, *, #3619, .T. ) ;
#3778 = CC_DESIGN_PERSON_AND_ORGANIZATION_ASSIGNMENT ( #2029, #963, ( #1527 ) ) ;
#3779 = FACE_OUTER_BOUND ( 'NONE', #1563, .T. ) ;
#3780 = EDGE_CURVE ( 'NONE', #124, #499, #3121, .T. ) ;
#3781 = CARTESIAN_POINT ( 'NONE',  ( 4.916400549788826346, 7.745688095145139229, 11.55397993696793435 ) ) ;
#3782 = CARTESIAN_POINT ( 'NONE',  ( 6.753139117574929351, 9.752094453300079735, 12.69999999999999929 ) ) ;
#3783 = EDGE_LOOP ( 'NONE', ( #3191, #295, #3198, #882 ) ) ;
#3784 = CARTESIAN_POINT ( 'NONE',  ( 5.324600824683221489, 6.266521428478470490, 6.304600824683191718 ) ) ;
#3785 = ADVANCED_FACE ( 'NONE', ( #3452 ), #891, .T. ) ;
#3786 = VERTEX_POINT ( 'NONE', #456 ) ;
#3787 = DIRECTION ( 'NONE',  ( 1.583609927488660088E-14, 1.000000000000000000, -0.0000000000000000000 ) ) ;
#3788 = DIRECTION ( 'NONE',  ( -0.4472135954999579832, -4.012716842533309779E-16, -0.8944271909999159664 ) ) ;
#3789 = ORIENTED_EDGE ( 'NONE', *, *, #4191, .T. ) ;
#3790 = ORIENTED_EDGE ( 'NONE', *, *, #1370, .F. ) ;
#3791 = CARTESIAN_POINT ( 'NONE',  ( 2.706020063032101408, 7.620688095145134788, 10.97640054978879576 ) ) ;
#3792 = CARTESIAN_POINT ( 'NONE',  ( 2.536640950747369505, 5.058188095145135676, 9.751799725105589900 ) ) ;
#3793 = CARTESIAN_POINT ( 'NONE',  ( 4.291460075108629368, 7.925000000000001599, 8.596640950747330479 ) ) ;
#3794 = CARTESIAN_POINT ( 'NONE',  ( 7.811619526395255697, 5.200000000000001066, 3.060000000000000053 ) ) ;
#3795 = CARTESIAN_POINT ( 'NONE',  ( 2.706020063032100076, 5.037354761811804416, 9.343599450211206303 ) ) ;
#3796 = FACE_OUTER_BOUND ( 'NONE', #3143, .T. ) ;
#3797 = CALENDAR_DATE ( 2019, 21, 10 ) ;
#3798 = ORIENTED_EDGE ( 'NONE', *, *, #2090, .F. ) ;
#3799 = EDGE_CURVE ( 'NONE', #2040, #3433, #2135, .T. ) ;
#3800 = FACE_OUTER_BOUND ( 'NONE', #389, .T. ) ;
#3801 = CARTESIAN_POINT ( 'NONE',  ( 3.700000000004910028, 9.201559185024049015, 6.772074013485989141 ) ) ;
#3802 = EDGE_LOOP ( 'NONE', ( #2209, #1046, #2405, #3753, #2703, #2203 ) ) ;
#3803 = CARTESIAN_POINT ( 'NONE',  ( 2.875399175316840861, 5.659811610549290606, 6.304600824683189941 ) ) ;
#3804 = ORIENTED_EDGE ( 'NONE', *, *, #977, .T. ) ;
#3805 = LINE ( 'NONE', #127, #1096 ) ;
#3806 = CARTESIAN_POINT ( 'NONE',  ( 0.4000000000000262790, 8.077181834648555991, 3.229999999999999538 ) ) ;
#3807 = VERTEX_POINT ( 'NONE', #2162 ) ;
#3808 = ORIENTED_EDGE ( 'NONE', *, *, #2758, .F. ) ;
#3809 = ADVANCED_FACE ( 'NONE', ( #1081 ), #3352, .T. ) ;
#3810 = EDGE_CURVE ( 'NONE', #2569, #353, #80, .T. ) ;
#3811 = CARTESIAN_POINT ( 'NONE',  ( 4.709754640811602222, 7.183888735656612567, 9.118861877317071318 ) ) ;
#3812 = CARTESIAN_POINT ( 'NONE',  ( 4.916400549788818353, 4.912354761811800863, 8.766020063032065934 ) ) ;
#3813 = CYLINDRICAL_SURFACE ( 'NONE', #374, 0.2999999999999999334 ) ;
#3814 = CARTESIAN_POINT ( 'NONE',  ( 3.700000000000030376, 8.643847809275019500, 11.94094027656551660 ) ) ;
#3815 = CARTESIAN_POINT ( 'NONE',  ( 4.404877320405825358, 4.996388735656613456, 11.32764428414852986 ) ) ;
#3816 = DIRECTION ( 'NONE',  ( 1.000000000000000000, 9.745637505487679766E-17, -0.0000000000000000000 ) ) ;
#3817 = VERTEX_POINT ( 'NONE', #1397 ) ;
#3818 = CARTESIAN_POINT ( 'NONE',  ( 3.741899747991337399, 9.225000000000001421, 8.456025160449343048 ) ) ;
#3819 = CIRCLE ( 'NONE', #161, 1.834861572756557591 ) ;
#3820 = DIRECTION ( 'NONE',  ( -8.972707634362790352E-16, 1.000000000000000000, 0.0000000000000000000 ) ) ;
#3821 = CIRCLE ( 'NONE', #2355, 1.849857233237279130 ) ;
#3822 = CARTESIAN_POINT ( 'NONE',  ( 2.536640950747366841, 7.099854761811803527, 10.56820027489440150 ) ) ;
#3823 = DIRECTION ( 'NONE',  ( -0.0000000000000000000, -1.000000000000000000, -0.0000000000000000000 ) ) ;
#3824 = ORIENTED_EDGE ( 'NONE', *, *, #2501, .T. ) ;
#3825 = CARTESIAN_POINT ( 'NONE',  ( 5.324600824683221489, 5.784811610549290606, 6.304600824683191718 ) ) ;
#3826 = VECTOR ( 'NONE', #1660, 1000.000000000000000 ) ;
#3827 = VECTOR ( 'NONE', #2704, 1000.000000000000000 ) ;
#3828 = ORIENTED_EDGE ( 'NONE', *, *, #1934, .F. ) ;
#3829 = CARTESIAN_POINT ( 'NONE',  ( 7.751694291205290632, 5.199999999999994849, 8.509152854397353138 ) ) ;
#3830 = DIRECTION ( 'NONE',  ( -1.000000000000000000, -0.0000000000000000000, 0.0000000000000000000 ) ) ;
#3831 = ORIENTED_EDGE ( 'NONE', *, *, #443, .F. ) ;
#3832 = ORIENTED_EDGE ( 'NONE', *, *, #1575, .T. ) ;
#3833 = AXIS2_PLACEMENT_3D ( 'NONE', #1498, #93, #2825 ) ;
#3834 = VECTOR ( 'NONE', #1094, 1000.000000000000000 ) ;
#3835 = CARTESIAN_POINT ( 'NONE',  ( 4.508200274894433868, 7.224854761811803527, 11.72335904925266448 ) ) ;
#3836 = EDGE_CURVE ( 'NONE', #3807, #2001, #2407, .T. ) ;
#3837 = PRODUCT_DEFINITION_FORMATION_WITH_SPECIFIED_SOURCE ( 'ANY', '', #2857, .NOT_KNOWN. ) ;
#3838 = CARTESIAN_POINT ( 'NONE',  ( 3.691799725105639141, 5.183188095145135676, 11.72335904925266448 ) ) ;
#3839 = AXIS2_PLACEMENT_3D ( 'NONE', #1711, #2677, #670 ) ;
#3840 = EDGE_LOOP ( 'NONE', ( #2675, #2430, #188, #866, #4123, #3059, #4133, #3289 ) ) ;
#3841 = FACE_OUTER_BOUND ( 'NONE', #371, .T. ) ;
#3842 = CARTESIAN_POINT ( 'NONE',  ( 5.493979936967953392, 5.370688095145135676, 9.343599450211206303 ) ) ;
#3843 = LINE ( 'NONE', #2169, #3635 ) ;
#3844 = DATE_AND_TIME ( #1894, #4264 ) ;
#3845 = EDGE_CURVE ( 'NONE', #833, #1139, #4185, .T. ) ;
#3846 = ORIENTED_EDGE ( 'NONE', *, *, #2787, .T. ) ;
#3847 = CYLINDRICAL_SURFACE ( 'NONE', #2216, 0.2999999999999999334 ) ;
#3848 = CARTESIAN_POINT ( 'NONE',  ( 7.607500000000049667, 5.199999999999999289, 13.07000000000000028 ) ) ;
#3849 = CARTESIAN_POINT ( 'NONE',  ( 5.493979936967950728, 7.287354761811801751, 10.97640054978881352 ) ) ;
#3850 = CARTESIAN_POINT ( 'NONE',  ( 6.916992728095258336, 9.166319812942820278, 3.830138628586949867 ) ) ;
#3851 = EDGE_LOOP ( 'NONE', ( #1183, #4234, #2313, #2942 ) ) ;
#3852 = LINE ( 'NONE', #2608, #3050 ) ;
#3853 = CARTESIAN_POINT ( 'NONE',  ( 4.100000000000029843, 6.725555402323282195, 3.785849554385929405 ) ) ;
#3854 = CARTESIAN_POINT ( 'NONE',  ( 7.200000000000001954, 1.384615384615430100, 6.454999999999999183 ) ) ;
#3855 = ORIENTED_EDGE ( 'NONE', *, *, #1748, .F. ) ;
#3856 = CARTESIAN_POINT ( 'NONE',  ( 4.440648144086351223, 9.225000000000001421, 8.539068812695228772 ) ) ;
#3857 = CARTESIAN_POINT ( 'NONE',  ( 36.60000000000000142, -2.800000000000010036, 9.660000000000000142 ) ) ;
#3858 = ORIENTED_EDGE ( 'NONE', *, *, #1833, .T. ) ;
#3859 = ORIENTED_EDGE ( 'NONE', *, *, #293, .F. ) ;
#3860 = CARTESIAN_POINT ( 'NONE',  ( 4.710160259987335785, 7.683888735656610791, 9.118861877317073095 ) ) ;
#3861 = DIRECTION ( 'NONE',  ( 0.9848077530122081313, 0.1736481776669300536, -0.0000000000000000000 ) ) ;
#3862 = VERTEX_POINT ( 'NONE', #4279 ) ;
#3863 = CARTESIAN_POINT ( 'NONE',  ( 3.700000000000030376, 8.862695448268629761, 11.93114589205765874 ) ) ;
#3864 = CARTESIAN_POINT ( 'NONE',  ( 2.932355715851524991, 4.871388735656612567, 10.46487732040579033 ) ) ;
#3865 = CALENDAR_DATE ( 2019, 21, 10 ) ;
#3866 = ORIENTED_EDGE ( 'NONE', *, *, #125, .T. ) ;
#3867 = CARTESIAN_POINT ( 'NONE',  ( 1.277222551662665406, 9.081542908098320765, 8.907572026868901816 ) ) ;
#3868 = BREP_WITH_VOIDS ( 'NONE', #2214, ( #1483, #3378 ) );
#3869 = ADVANCED_FACE ( 'NONE', ( #3216 ), #3167, .F. ) ;
#3870 = CARTESIAN_POINT ( 'NONE',  ( 4.958513877816573157, 7.924999999999990941, 3.595439021330026907 ) ) ;
#3871 = CARTESIAN_POINT ( 'NONE',  ( 5.493979936967957833, 6.870688095145139229, 9.343599450211208080 ) ) ;
#3872 =( BOUNDED_SURFACE ( )  B_SPLINE_SURFACE ( 3, 3, ( 
 ( #2107, #3106, #800, #2147 ),
 ( #466, #509, #3485, #3506 ),
 ( #1824, #3202, #136, #1118 ),
 ( #823, #1548, #1497, #4169 ) ),
 .UNSPECIFIED., .F., .F., .F. ) 
 B_SPLINE_SURFACE_WITH_KNOTS ( ( 4, 4 ),
 ( 4, 4 ),
 ( 0.0000000000000000000, 1.000000000000000000 ),
 ( 0.0000000000000000000, 1.000000000000000000 ),
 .UNSPECIFIED. ) 
 GEOMETRIC_REPRESENTATION_ITEM ( )  RATIONAL_B_SPLINE_SURFACE ( (
 ( 1.000000000000000000, 0.3333333333333335369, 0.3333333333333335369, 1.000000000000000000),
 ( 0.8047378541243649375, 0.2682459513747884605, 0.2682459513747884605, 0.8047378541243649375),
 ( 0.8047378541243649375, 0.2682459513747884605, 0.2682459513747884605, 0.8047378541243649375),
 ( 1.000000000000000000, 0.3333333333333335369, 0.3333333333333335369, 1.000000000000000000) ) ) 
 REPRESENTATION_ITEM ( '' )  SURFACE ( )  );
#3873 = CARTESIAN_POINT ( 'NONE',  ( 3.700000000007861445, 9.136807545357722660, 11.90888124777289292 ) ) ;
#3874 = ORIENTED_EDGE ( 'NONE', *, *, #2189, .T. ) ;
#3875 = CARTESIAN_POINT ( 'NONE',  ( 0.5242640687119554110, 7.924999999999998046, 3.292132034355964354 ) ) ;
#3876 = CARTESIAN_POINT ( 'NONE',  ( 5.832738161537429633, 6.829021428478471378, 5.079999999999997407 ) ) ;
#3877 = VERTEX_POINT ( 'NONE', #2910 ) ;
#3878 = LINE ( 'NONE', #1199, #1164 ) ;
#3879 = CARTESIAN_POINT ( 'NONE',  ( 4.100000000000029843, 8.081542908144001558, 10.16000000000000014 ) ) ;
#3880 = EDGE_LOOP ( 'NONE', ( #4155, #2899 ) ) ;
#3881 = CARTESIAN_POINT ( 'NONE',  ( 2.932355715851526767, 5.829722068989948269, 9.855122679594231272 ) ) ;
#3882 = CARTESIAN_POINT ( 'NONE',  ( 0.3937153579602837850, 7.189650512849604431E-14, 13.19999999999999751 ) ) ;
#3883 = ORIENTED_EDGE ( 'NONE', *, *, #178, .F. ) ;
#3884 = CARTESIAN_POINT ( 'NONE',  ( 4.500000000000030198, 8.425000000000000711, 8.160000000000000142 ) ) ;
#3885 = CARTESIAN_POINT ( 'NONE',  ( 6.848402576743436221, 1.127570259384924611E-14, 13.01788662576988109 ) ) ;
#3886 = CARTESIAN_POINT ( 'NONE',  ( 4.100000000000029843, 7.713166519513880104, 3.516640950747340177 ) ) ;
#3887 = PERSON_AND_ORGANIZATION ( #3197, #1464 ) ;
#3888 = ORIENTED_EDGE ( 'NONE', *, *, #1352, .T. ) ;
#3889 = DIRECTION ( 'NONE',  ( 0.0000000000000000000, -0.0000000000000000000, -1.000000000000000000 ) ) ;
#3890 = LINE ( 'NONE', #3207, #2507 ) ;
#3891 = VECTOR ( 'NONE', #1341, 1000.000000000000000 ) ;
#3892 = EDGE_CURVE ( 'NONE', #699, #1530, #2564, .T. ) ;
#3893 = CARTESIAN_POINT ( 'NONE',  ( 3.691799725105647134, 5.993144943882621867, 8.596640950747332255 ) ) ;
#3894 = DIRECTION ( 'NONE',  ( 0.0000000000000000000, 0.0000000000000000000, 1.000000000000000000 ) ) ;
#3895 = ORIENTED_EDGE ( 'NONE', *, *, #1853, .F. ) ;
#3896 = CARTESIAN_POINT ( 'NONE',  ( 0.4000000000000262235, 8.074999999999999289, 3.229999999999999094 ) ) ;
#3897 = CARTESIAN_POINT ( 'NONE',  ( 4.100000000000028066, 5.725555402323278642, 3.785849554385928961 ) ) ;
#3898 = VECTOR ( 'NONE', #51, 1000.000000000000000 ) ;
#3899 =( BOUNDED_CURVE ( )  B_SPLINE_CURVE ( 3, ( #606, #2944, #913, #536 ),
 .UNSPECIFIED., .F., .T. ) 
 B_SPLINE_CURVE_WITH_KNOTS ( ( 4, 4 ),
 ( 0.0000000000000000000, 1.000000000000000000 ),
 .UNSPECIFIED. ) 
 CURVE ( )  GEOMETRIC_REPRESENTATION_ITEM ( )  RATIONAL_B_SPLINE_CURVE ( ( 1.000000000000000000, 0.4943309657473933805, 0.4943309657473933805, 1.000000000000000000 ) ) 
 REPRESENTATION_ITEM ( '' )  );
#3900 = ADVANCED_FACE ( 'NONE', ( #573 ), #3057, .T. ) ;
#3901 = VERTEX_POINT ( 'NONE', #1200 ) ;
#3902 = CARTESIAN_POINT ( 'NONE',  ( 1.212500000000037659, 4.000000000000067502, 12.69999999999999574 ) ) ;
#3903 = DIRECTION ( 'NONE',  ( 0.0000000000000000000, 0.0000000000000000000, -1.000000000000000000 ) ) ;
#3904 = CIRCLE ( 'NONE', #1949, 0.6999999999999999556 ) ;
#3905 = ORIENTED_EDGE ( 'NONE', *, *, #338, .F. ) ;
#3906 = VERTEX_POINT ( 'NONE', #905 ) ;
#3907 = CARTESIAN_POINT ( 'NONE',  ( 5.663359049252692401, 6.308188095145134788, 10.56820027489439973 ) ) ;
#3908 = CIRCLE ( 'NONE', #2923, 1.924999999999999600 ) ;
#3909 = DIRECTION ( 'NONE',  ( 0.0000000000000000000, 0.0000000000000000000, 1.000000000000000000 ) ) ;
#3910 = ORIENTED_EDGE ( 'NONE', *, *, #3836, .F. ) ;
#3911 = PLANE ( 'NONE',  #1021 ) ;
#3912 = VECTOR ( 'NONE', #1069, 1000.000000000000000 ) ;
#3913 = DIRECTION ( 'NONE',  ( 0.0000000000000000000, 0.0000000000000000000, 1.000000000000000000 ) ) ;
#3914 = CARTESIAN_POINT ( 'NONE',  ( 4.500000000000030198, 9.098025025504570706, 6.840609558227868980 ) ) ;
#3915 = PERSON_AND_ORGANIZATION_ROLE ( 'creator' ) ;
#3916 = SECURITY_CLASSIFICATION ( '', '', #3507 ) ;
#3917 = AXIS2_PLACEMENT_3D ( 'NONE', #1285, #1957, #3643 ) ;
#3918 = CARTESIAN_POINT ( 'NONE',  ( 3.241486122173608209, 7.925000000000014921, 11.64456097866028550 ) ) ;
#3919 = CARTESIAN_POINT ( 'NONE',  ( 4.350000000000020961, -3.800000000000010036, 10.66000000000000014 ) ) ;
#3920 = VECTOR ( 'NONE', #1471, 1000.000000000000000 ) ;
#3921 = DIRECTION ( 'NONE',  ( 0.0000000000000000000, 0.0000000000000000000, 1.000000000000000000 ) ) ;
#3922 = AXIS2_PLACEMENT_3D ( 'NONE', #1095, #1825, #137 ) ;
#3923 = CARTESIAN_POINT ( 'NONE',  ( 4.508200274894412551, 6.724854761811802639, 11.72335904925267513 ) ) ;
#3924 = PRODUCT_DEFINITION ( 'UNKNOWN', '', #3837, #887 ) ;
#3925 = DIRECTION ( 'NONE',  ( -8.409034286955324391E-15, -1.000000000000000000, 3.679535112742380987E-15 ) ) ;
#3926 = EDGE_LOOP ( 'NONE', ( #3545, #2890, #2036, #496, #3529, #2172 ) ) ;
#3927 = CARTESIAN_POINT ( 'NONE',  ( 5.006746955128923204, 4.426033930873363609, 3.723508508963614627 ) ) ;
#3928 = CARTESIAN_POINT ( 'NONE',  ( 5.016555017495219815, 4.653833376304771008, 4.354400007805851125 ) ) ;
#3929 = ADVANCED_FACE ( 'NONE', ( #3499 ), #1038, .T. ) ;
#3930 = DIRECTION ( 'NONE',  ( -0.0000000000000000000, -1.000000000000000000, -0.0000000000000000000 ) ) ;
#3931 = VERTEX_POINT ( 'NONE', #2240 ) ;
#3932 = CARTESIAN_POINT ( 'NONE',  ( 8.199999999999999289, 0.0000000000000000000, 2.540000000000000036 ) ) ;
#3933 = PLANE ( 'NONE',  #2159 ) ;
#3934 = VERTEX_POINT ( 'NONE', #1509 ) ;
#3935 = EDGE_CURVE ( 'NONE', #3122, #2040, #1932, .T. ) ;
#3936 = CARTESIAN_POINT ( 'NONE',  ( 4.916400549788814800, 6.412354761811803527, 8.766020063032069487 ) ) ;
#3937 = EDGE_CURVE ( 'NONE', #2212, #1592, #4046, .T. ) ;
#3938 = DIRECTION ( 'NONE',  ( 1.000000000000000000, -7.770685602167440362E-15, 0.0000000000000000000 ) ) ;
#3939 = EDGE_LOOP ( 'NONE', ( #3035, #2538, #690 ) ) ;
#3940 = CARTESIAN_POINT ( 'NONE',  ( 6.457696791671260428, 9.999999999999998224, 12.69999999999999929 ) ) ;
#3941 = CARTESIAN_POINT ( 'NONE',  ( 4.100000000000029843, 9.999999999999998224, 12.08500000000000085 ) ) ;
#3942 = CARTESIAN_POINT ( 'NONE',  ( 4.499999999999864109, 9.221952082819077745, 6.718299384852348233 ) ) ;
#3943 = PERSON_AND_ORGANIZATION_ROLE ( 'design_supplier' ) ;
#3944 = DIRECTION ( 'NONE',  ( 0.0000000000000000000, 0.0000000000000000000, 1.000000000000000000 ) ) ;
#3945 = PLANE ( 'NONE',  #1598 ) ;
#3946 = DIRECTION ( 'NONE',  ( 0.0000000000000000000, 0.3713906763298382430, 0.9284766908949655395 ) ) ;
#3947 = CARTESIAN_POINT ( 'NONE',  ( 4.326443346787717914, 7.924999999999999822, 6.779643693441868457 ) ) ;
#3948 = CARTESIAN_POINT ( 'NONE',  ( 5.493979936967958722, 5.388978277215954904, 9.343599450211215185 ) ) ;
#3949 = LINE ( 'NONE', #3324, #1158 ) ;
#3950 = DIRECTION ( 'NONE',  ( -0.1731329570474325341, -0.9810867566020929909, -0.08656647852371743279 ) ) ;
#3951 = CARTESIAN_POINT ( 'NONE',  ( 4.100000000000029843, 8.079363150079551303, 6.929952403527977367 ) ) ;
#3952 = ORIENTED_EDGE ( 'NONE', *, *, #3780, .F. ) ;
#3953 = CARTESIAN_POINT ( 'NONE',  ( 4.100000000000030731, 7.925000000000001599, 3.380000000000008775 ) ) ;
#3954 = CARTESIAN_POINT ( 'NONE',  ( 8.200000000000002842, 5.500000000000000000, 12.69999999999999929 ) ) ;
#3955 = ORIENTED_EDGE ( 'NONE', *, *, #694, .F. ) ;
#3956 = CARTESIAN_POINT ( 'NONE',  ( 4.709754640811598669, 6.183888735656614344, 9.118861877317071318 ) ) ;
#3957 = LINE ( 'NONE', #1182, #327 ) ;
#3958 = EDGE_CURVE ( 'NONE', #3427, #2099, #1267, .T. ) ;
#3959 = CARTESIAN_POINT ( 'NONE',  ( 4.100000000000029843, 7.454021428478468714, 3.347261838462598948 ) ) ;
#3960 = CARTESIAN_POINT ( 'NONE',  ( 3.700000000000029932, 8.424999999993000088, 8.369269146080872801 ) ) ;
#3961 = FACE_BOUND ( 'NONE', #2137, .T. ) ;
#3962 = CALENDAR_DATE ( 2019, 21, 10 ) ;
#3963 = LINE ( 'NONE', #4307, #1786 ) ;
#3964 = CARTESIAN_POINT ( 'NONE',  ( 4.100000000000029843, 8.074999999999999289, 11.86000000000000121 ) ) ;
#3965 = DIRECTION ( 'NONE',  ( 0.0000000000000000000, 1.000000000000000000, 0.0000000000000000000 ) ) ;
#3966 = CARTESIAN_POINT ( 'NONE',  ( 4.100000000000028955, 8.081542908104841771, 12.00985723323727683 ) ) ;
#3967 = CARTESIAN_POINT ( 'NONE',  ( 2.536640950747368617, 5.076478277215954904, 9.751799725105595229 ) ) ;
#3968 = CARTESIAN_POINT ( 'NONE',  ( 3.729292974166104280, 9.166319812937846478, 3.316037418790435787 ) ) ;
#3969 = CARTESIAN_POINT ( 'NONE',  ( 36.60000000000000142, -3.800000000000010036, 10.66000000000000014 ) ) ;
#3970 = CARTESIAN_POINT ( 'NONE',  ( 5.006746955128923204, 4.907743748802546158, 3.723508508963614627 ) ) ;
#3971 = VERTEX_POINT ( 'NONE', #3954 ) ;
#3972 = LINE ( 'NONE', #305, #2641 ) ;
#3973 = CARTESIAN_POINT ( 'NONE',  ( 3.700000000000029932, 9.184644423502344779, 8.446032136677880331 ) ) ;
#3974 = ORIENTED_EDGE ( 'NONE', *, *, #2064, .F. ) ;
#3975 = CARTESIAN_POINT ( 'NONE',  ( 2.536640950747369949, 6.099854761811804416, 10.56820027489440861 ) ) ;
#3976 = VECTOR ( 'NONE', #2856, 1000.000000000000000 ) ;
#3977 = DIRECTION ( 'NONE',  ( -1.000000000000000000, 0.0000000000000000000, -0.0000000000000000000 ) ) ;
#3978 = ORIENTED_EDGE ( 'NONE', *, *, #1071, .F. ) ;
#3979 = CARTESIAN_POINT ( 'NONE',  ( 6.977500000000042668, 5.200000000000008171, 2.540000000000002256 ) ) ;
#3980 = FACE_OUTER_BOUND ( 'NONE', #3679, .T. ) ;
#3981 = VECTOR ( 'NONE', #3153, 1000.000000000000000 ) ;
#3982 = ADVANCED_FACE ( 'NONE', ( #2591 ), #3933, .F. ) ;
#3983 = AXIS2_PLACEMENT_3D ( 'NONE', #3120, #2747, #4159 ) ;
#3984 = FACE_BOUND ( 'NONE', #568, .T. ) ;
#3985 = CARTESIAN_POINT ( 'NONE',  ( 7.751694291205290632, 5.199999999999994849, 8.509152854397353138 ) ) ;
#3986 = DIRECTION ( 'NONE',  ( -1.000000000000000000, 0.0000000000000000000, -0.0000000000000000000 ) ) ;
#3987 = CIRCLE ( 'NONE', #1454, 0.1500000000000008271 ) ;
#3988 = EDGE_CURVE ( 'NONE', #1362, #3934, #1058, .T. ) ;
#3989 = DIRECTION ( 'NONE',  ( 7.770685602167440362E-15, 1.000000000000000000, 0.0000000000000000000 ) ) ;
#3990 = CARTESIAN_POINT ( 'NONE',  ( 5.663359049252699506, 5.326478277215956680, 10.56820027489438374 ) ) ;
#3991 = CC_DESIGN_SECURITY_CLASSIFICATION ( #3703, ( #3421 ) ) ;
#3992 = CARTESIAN_POINT ( 'NONE',  ( 3.242122021109198116, 7.925000000000018474, 3.595331568245171194 ) ) ;
#3993 = AXIS2_PLACEMENT_3D ( 'NONE', #2271, #3269, #2919 ) ;
#3994 = CARTESIAN_POINT ( 'NONE',  ( 7.482726028965222653, 5.102114164136395402, 3.563636985517387057 ) ) ;
#3995 = VECTOR ( 'NONE', #4282, 1000.000000000000000 ) ;
#3996 = CARTESIAN_POINT ( 'NONE',  ( 6.900000000000027889, 4.050000000000020250, 6.455000000000000071 ) ) ;
#3997 = CARTESIAN_POINT ( 'NONE',  ( 0.7000000000000339284, 7.924999999999998046, 8.460000000000000853 ) ) ;
#3998 = CARTESIAN_POINT ( 'NONE',  ( 3.700000000000029932, 9.145199570744782847, 8.415353344766046462 ) ) ;
#3999 = ORIENTED_EDGE ( 'NONE', *, *, #532, .F. ) ;
#4000 = CARTESIAN_POINT ( 'NONE',  ( 5.663359049252699506, 5.808188095145137453, 10.56820027489438374 ) ) ;
#4001 = CARTESIAN_POINT ( 'NONE',  ( 4.100000000000029843, 8.000000000009777068, 10.16000000000000014 ) ) ;
#4002 = ORIENTED_EDGE ( 'NONE', *, *, #3457, .F. ) ;
#4003 = CARTESIAN_POINT ( 'NONE',  ( 4.100000000000030731, 7.204021428478472266, 6.812738161537398973 ) ) ;
#4004 = CARTESIAN_POINT ( 'NONE',  ( 1.481128204985920016, 9.777645713530759508, 12.69999999999999929 ) ) ;
#4005 = CARTESIAN_POINT ( 'NONE',  ( 8.200000000000006395, 1.000000000000032641, 8.284999999999996589 ) ) ;
#4006 = DIRECTION ( 'NONE',  ( -0.8457800632220616732, 0.3253000243161783822, -0.4228900316110312807 ) ) ;
#4007 = CARTESIAN_POINT ( 'NONE',  ( 4.100000000000029843, 7.924999999999996270, 8.372132034355965757 ) ) ;
#4008 = FACE_OUTER_BOUND ( 'NONE', #1709, .T. ) ;
#4009 = CARTESIAN_POINT ( 'NONE',  ( 7.811619526395251256, 5.199999999999999289, 3.059999999999989395 ) ) ;
#4010 = CARTESIAN_POINT ( 'NONE',  ( 4.508200274894426762, 6.224854761811803527, 11.72335904925266448 ) ) ;
#4011 = EDGE_CURVE ( 'NONE', #3450, #3170, #150, .T. ) ;
#4012 = EDGE_CURVE ( 'NONE', #2957, #2246, #1857, .T. ) ;
#4013 = CARTESIAN_POINT ( 'NONE',  ( 4.500000000000030198, 9.225000000000001421, 3.472685758152018742 ) ) ;
#4014 = DIRECTION ( 'NONE',  ( -1.934755058819819918E-15, -1.000000000000000000, 0.0000000000000000000 ) ) ;
#4015 = CARTESIAN_POINT ( 'NONE',  ( 4.100000000000029843, 9.224999999999999645, 5.080000000000000071 ) ) ;
#4016 = CARTESIAN_POINT ( 'NONE',  ( 3.700000000000199130, 9.221952082813018592, 8.521700615117186572 ) ) ;
#4017 = ORIENTED_EDGE ( 'NONE', *, *, #3376, .T. ) ;
#4018 = VERTEX_POINT ( 'NONE', #2344 ) ;
#4019 = CARTESIAN_POINT ( 'NONE',  ( 4.500000000000030198, 9.225000000000001421, 3.472685758152018742 ) ) ;
#4020 = ORIENTED_EDGE ( 'NONE', *, *, #1070, .F. ) ;
#4021 =( BOUNDED_CURVE ( )  B_SPLINE_CURVE ( 3, ( #2603, #282, #4308, #3985 ),
 .UNSPECIFIED., .F., .T. ) 
 B_SPLINE_CURVE_WITH_KNOTS ( ( 4, 4 ),
 ( 3.316264852598031609, 4.712388980384692339 ),
 .UNSPECIFIED. ) 
 CURVE ( )  GEOMETRIC_REPRESENTATION_ITEM ( )  RATIONAL_B_SPLINE_CURVE ( ( 1.000000000000000000, 0.8440594686672526770, 0.8440594686672526770, 1.000000000000000000 ) ) 
 REPRESENTATION_ITEM ( '' )  );
#4022 = CARTESIAN_POINT ( 'NONE',  ( 4.509286442004640350, 7.933188095145141006, 3.516640950747329963 ) ) ;
#4023 = LINE ( 'NONE', #316, #2026 ) ;
#4024 = DIRECTION ( 'NONE',  ( -1.934755058819819918E-15, -1.000000000000000000, 0.0000000000000000000 ) ) ;
#4025 = CARTESIAN_POINT ( 'NONE',  ( 4.100000000000029843, 7.987132034355962418, 12.01000000000000156 ) ) ;
#4026 = FACE_OUTER_BOUND ( 'NONE', #748, .T. ) ;
#4027 = DIRECTION ( 'NONE',  ( -0.0000000000000000000, -1.000000000000000000, -0.0000000000000000000 ) ) ;
#4028 = LINE ( 'NONE', #2436, #1614 ) ;
#4029 = CARTESIAN_POINT ( 'NONE',  ( 1.222500000000004805, 5.572596076997813224E-14, 2.540000000000003144 ) ) ;
#4030 = DIRECTION ( 'NONE',  ( 0.4008721094621968684, -0.0000000000000000000, -0.9161340250505536353 ) ) ;
#4031 = EDGE_CURVE ( 'NONE', #353, #1699, #1308, .T. ) ;
#4032 = CARTESIAN_POINT ( 'NONE',  ( 6.900000000000010125, 0.0000000000000000000, 8.784999999999987708 ) ) ;
#4033 = DIRECTION ( 'NONE',  ( 0.0000000000000000000, 0.0000000000000000000, 1.000000000000000000 ) ) ;
#4034 = VERTEX_POINT ( 'NONE', #596 ) ;
#4035 = EDGE_CURVE ( 'NONE', #3390, #3934, #206, .T. ) ;
#4036 = ORIENTED_EDGE ( 'NONE', *, *, #2446, .T. ) ;
#4037 = PLANE ( 'NONE',  #1036 ) ;
#4038 = ORIENTED_EDGE ( 'NONE', *, *, #4137, .T. ) ;
#4039 = CARTESIAN_POINT ( 'NONE',  ( 4.100000000000029843, 7.954021428478470490, 3.516640950747329963 ) ) ;
#4040 = DIRECTION ( 'NONE',  ( 1.000000000000000000, -1.001908583198310010E-14, 0.0000000000000000000 ) ) ;
#4041 = AXIS2_PLACEMENT_3D ( 'NONE', #102, #4092, #2449 ) ;
#4042 = SHAPE_DEFINITION_REPRESENTATION ( #1462, #2824 ) ;
#4043 = CARTESIAN_POINT ( 'NONE',  ( 3.650000000000019895, -0.05000000000000599798, 41.07999999999999829 ) ) ;
#4044 = CARTESIAN_POINT ( 'NONE',  ( 4.288276144518142985, 7.924999999999994493, 8.629756889057667024 ) ) ;
#4045 = CARTESIAN_POINT ( 'NONE',  ( 0.0000000000000000000, 0.0000000000000000000, 12.69999999999999929 ) ) ;
#4046 = B_SPLINE_CURVE_WITH_KNOTS ( 'NONE', 3,
 ( #3543, #248, #881, #501, #1609, #2211, #4232, #526, #1882, #3570, #550, #1246, #1175, #223, #199, #2937, #1562, #927 ),
 .UNSPECIFIED., .F., .F.,
 ( 4, 2, 2, 2, 2, 2, 2, 2, 4 ),
 ( 0.0000000000000000000, 0.1250000000000000000, 0.2500000000000000000, 0.3750000000000000000, 0.5000000000000000000, 0.6250000000000000000, 0.7500000000000000000, 0.8750000000000000000, 1.000000000000000000 ),
 .UNSPECIFIED. ) ;
#4047 = LINE ( 'NONE', #30, #1734 ) ;
#4048 = AXIS2_PLACEMENT_3D ( 'NONE', #4081, #2044, #3039 ) ;
#4049 = EDGE_LOOP ( 'NONE', ( #1415, #2150, #3055, #1041, #577, #2470 ) ) ;
#4050 = DIRECTION ( 'NONE',  ( -0.0000000000000000000, -1.000000000000000000, -0.0000000000000000000 ) ) ;
#4051 = CONICAL_SURFACE ( 'NONE', #317, 1.924999999935534722, 1.190289949708666528 ) ;
#4052 = CARTESIAN_POINT ( 'NONE',  ( 7.456259223559907667, 4.952135600172701047, 11.53500000000000014 ) ) ;
#4053 = AXIS2_PLACEMENT_3D ( 'NONE', #3709, #1357, #3392 ) ;
#4054 = CARTESIAN_POINT ( 'NONE',  ( 4.508200274894425874, 6.951478277215956680, 8.596640950747335808 ) ) ;
#4055 = DIRECTION ( 'NONE',  ( -0.0000000000000000000, -0.0000000000000000000, -1.000000000000000000 ) ) ;
#4056 = ORIENTED_EDGE ( 'NONE', *, *, #1977, .T. ) ;
#4057 = EDGE_CURVE ( 'NONE', #661, #3931, #2939, .T. ) ;
#4058 = AXIS2_PLACEMENT_3D ( 'NONE', #2544, #3549, #1204 ) ;
#4059 = ORIENTED_EDGE ( 'NONE', *, *, #4157, .T. ) ;
#4060 = LINE ( 'NONE', #3721, #2854 ) ;
#4061 = AXIS2_PLACEMENT_3D ( 'NONE', #3766, #3411, #3261 ) ;
#4062 = ORIENTED_EDGE ( 'NONE', *, *, #667, .T. ) ;
#4063 = ORIENTED_EDGE ( 'NONE', *, *, #235, .T. ) ;
#4064 = EDGE_CURVE ( 'NONE', #1139, #1210, #3616, .T. ) ;
#4065 = EDGE_CURVE ( 'NONE', #2226, #4296, #2529, .T. ) ;
#4066 = CARTESIAN_POINT ( 'NONE',  ( 6.821194192556833791, 9.224999999999999645, 11.36735686374675680 ) ) ;
#4067 = PLANE ( 'NONE',  #4053 ) ;
#4068 = CARTESIAN_POINT ( 'NONE',  ( 6.753139117574928463, 9.752094453300079735, 12.69999999999999929 ) ) ;
#4069 = CARTESIAN_POINT ( 'NONE',  ( 4.500000000000031086, 9.081542908114133894, 8.398652493344412662 ) ) ;
#4070 = DIRECTION ( 'NONE',  ( 0.0000000000000000000, 0.0000000000000000000, -1.000000000000000000 ) ) ;
#4071 = VERTEX_POINT ( 'NONE', #2299 ) ;
#4072 = CARTESIAN_POINT ( 'NONE',  ( 3.843649167310384307, 3.964779598406013081E-14, 9.659999999999998366 ) ) ;
#4073 = DIRECTION ( 'NONE',  ( 0.0000000000000000000, 0.0000000000000000000, 1.000000000000000000 ) ) ;
#4074 = CARTESIAN_POINT ( 'NONE',  ( 1.242500000000049898, 4.000000000000072831, 3.060000000000000053 ) ) ;
#4075 = ORIENTED_EDGE ( 'NONE', *, *, #1264, .T. ) ;
#4076 = ORIENTED_EDGE ( 'NONE', *, *, #2448, .F. ) ;
#4077 = DIRECTION ( 'NONE',  ( 0.0000000000000000000, -0.9990482215819266321, -0.04361938736375864378 ) ) ;
#4078 = CARTESIAN_POINT ( 'NONE',  ( 7.450000000000001066, 5.799999999999999822, 12.69999999999999929 ) ) ;
#4079 = ORIENTED_EDGE ( 'NONE', *, *, #3079, .F. ) ;
#4080 = ORIENTED_EDGE ( 'NONE', *, *, #3744, .F. ) ;
#4081 = CARTESIAN_POINT ( 'NONE',  ( 1.242500000000049898, 5.200000000000070344, 3.060000000000000053 ) ) ;
#4082 = CARTESIAN_POINT ( 'NONE',  ( 3.850000000000020073, -3.800000000000010036, 46.15999999999999659 ) ) ;
#4083 = EDGE_CURVE ( 'NONE', #1699, #2924, #4271, .T. ) ;
#4084 = ADVANCED_FACE ( 'NONE', ( #3560 ), #2556, .T. ) ;
#4085 = CARTESIAN_POINT ( 'NONE',  ( 4.100000000000028955, 7.987132034355962418, 12.01000000000000156 ) ) ;
#4086 = CARTESIAN_POINT ( 'NONE',  ( 4.100000000000029843, 8.424999999988358468, 10.16000000000000014 ) ) ;
#4087 = APPLICATION_PROTOCOL_DEFINITION ( 'international standard', 'config_control_design', 1994, #793 ) ;
#4088 = ORIENTED_EDGE ( 'NONE', *, *, #342, .T. ) ;
#4089 = CARTESIAN_POINT ( 'NONE',  ( 4.350000000000020961, -2.799999999999976286, 9.659999999999996589 ) ) ;
#4090 = CARTESIAN_POINT ( 'NONE',  ( 0.6125000000000276890, 4.000000000000069278, 12.70000000000000107 ) ) ;
#4091 = FACE_OUTER_BOUND ( 'NONE', #2761, .T. ) ;
#4092 = DIRECTION ( 'NONE',  ( 0.0000000000000000000, 1.000000000000000000, 0.0000000000000000000 ) ) ;
#4093 = ORIENTED_EDGE ( 'NONE', *, *, #1282, .T. ) ;
#4094 = CARTESIAN_POINT ( 'NONE',  ( 4.100000000000029843, 5.704021428478466937, 6.812738161537398973 ) ) ;
#4095 = ORIENTED_EDGE ( 'NONE', *, *, #1458, .F. ) ;
#4096 = DIRECTION ( 'NONE',  ( -0.0000000000000000000, -1.000000000000000000, -0.0000000000000000000 ) ) ;
#4097 = CARTESIAN_POINT ( 'NONE',  ( 4.100000000000029843, 8.074999999999999289, 3.229999999999999538 ) ) ;
#4098 = ORIENTED_EDGE ( 'NONE', *, *, #1481, .F. ) ;
#4099 = ORIENTED_EDGE ( 'NONE', *, *, #3247, .F. ) ;
#4100 = CARTESIAN_POINT ( 'NONE',  ( 5.324600824683218825, 5.891521428478468714, 3.855399175316809757 ) ) ;
#4101 = CARTESIAN_POINT ( 'NONE',  ( 2.932355715851532096, 6.829722068989947381, 9.855122679594213508 ) ) ;
#4102 = CARTESIAN_POINT ( 'NONE',  ( 5.663359049252690625, 5.308188095145137453, 10.56820027489441038 ) ) ;
#4103 = CARTESIAN_POINT ( 'NONE',  ( 4.348212002188460268, 3.459459166802558453E-14, 12.69999999999999929 ) ) ;
#4104 = CARTESIAN_POINT ( 'NONE',  ( 4.499999999995153210, 9.190470140720973902, 8.454189297105163092 ) ) ;
#4105 = CARTESIAN_POINT ( 'NONE',  ( 4.290049235261564675, 7.944347618985646342, 8.596640950747330479 ) ) ;
#4106 = VECTOR ( 'NONE', #2900, 1000.000000000000000 ) ;
#4107 = LINE ( 'NONE', #7, #3834 ) ;
#4108 = EDGE_CURVE ( 'NONE', #3767, #3786, #542, .T. ) ;
#4109 = COORDINATED_UNIVERSAL_TIME_OFFSET ( 0, 0, .AHEAD. ) ;
#4110 = AXIS2_PLACEMENT_3D ( 'NONE', #3884, #485, #862 ) ;
#4111 = EDGE_LOOP ( 'NONE', ( #4161, #2597, #3895, #850 ) ) ;
#4112 = CARTESIAN_POINT ( 'NONE',  ( 7.597500000000032117, 5.200000000000001066, 2.539999999999998259 ) ) ;
#4113 = EDGE_CURVE ( 'NONE', #1921, #1550, #3256, .T. ) ;
#4114 = CONICAL_SURFACE ( 'NONE', #1312, 1.849857233234554865, 0.04363323129827938185 ) ;
#4115 = CARTESIAN_POINT ( 'NONE',  ( 4.916943633343930919, 7.430644943882620979, 8.766020063032067711 ) ) ;
#4116 = DIRECTION ( 'NONE',  ( 1.000000000000000000, -0.0000000000000000000, 0.0000000000000000000 ) ) ;
#4117 = EDGE_LOOP ( 'NONE', ( #789, #2592, #3824, #1760 ) ) ;
#4118 = CC_DESIGN_APPROVAL ( #784, ( #3916 ) ) ;
#4119 = VECTOR ( 'NONE', #4179, 1000.000000000000000 ) ;
#4120 = VERTEX_POINT ( 'NONE', #3585 ) ;
#4121 = DIRECTION ( 'NONE',  ( -1.000000000000000000, 1.583609927488660088E-14, 0.0000000000000000000 ) ) ;
#4122 = CARTESIAN_POINT ( 'NONE',  ( 4.100000000000030731, 8.081542908104976775, 6.929857233237271430 ) ) ;
#4123 = ORIENTED_EDGE ( 'NONE', *, *, #2064, .T. ) ;
#4124 = CIRCLE ( 'NONE', #3481, 1.737500000031868108 ) ;
#4125 = CARTESIAN_POINT ( 'NONE',  ( 5.324600824683221489, 6.891521428478471378, 3.855399175316809757 ) ) ;
#4126 = CARTESIAN_POINT ( 'NONE',  ( 3.058861877317104572, 6.808888735656614344, 9.550245359188425098 ) ) ;
#4127 = AXIS2_PLACEMENT_3D ( 'NONE', #2312, #1313, #1654 ) ;
#4128 = CARTESIAN_POINT ( 'NONE',  ( 5.269107669014218231, 4.405200597540034124, 9.118727182257467589 ) ) ;
#4129 = CARTESIAN_POINT ( 'NONE',  ( 0.0000000000000000000, 4.250000000000000000, 12.69999999999999929 ) ) ;
#4130 = DIRECTION ( 'NONE',  ( 1.000000000000000000, 0.0000000000000000000, -0.0000000000000000000 ) ) ;
#4131 = CARTESIAN_POINT ( 'NONE',  ( 4.709754640811596005, 5.183888735656615232, 9.118861877317067766 ) ) ;
#4132 = CARTESIAN_POINT ( 'NONE',  ( 4.100000000000029843, 8.074999999999999289, 5.080000000000000071 ) ) ;
#4133 = ORIENTED_EDGE ( 'NONE', *, *, #794, .T. ) ;
#4134 = DIRECTION ( 'NONE',  ( -0.0000000000000000000, 0.0000000000000000000, 1.000000000000000000 ) ) ;
#4135 = EDGE_CURVE ( 'NONE', #1289, #2131, #2593, .T. ) ;
#4136 = CARTESIAN_POINT ( 'NONE',  ( 5.663359049252692401, 7.808188095145135676, 10.56820027489440150 ) ) ;
#4137 = EDGE_CURVE ( 'NONE', #3497, #1765, #1554, .T. ) ;
#4138 = LINE ( 'NONE', #427, #4249 ) ;
#4139 = ORIENTED_EDGE ( 'NONE', *, *, #1696, .T. ) ;
#4140 = CARTESIAN_POINT ( 'NONE',  ( 5.324600824683218825, 5.909811610549289718, 3.855399175316809313 ) ) ;
#4141 = EDGE_CURVE ( 'NONE', #4071, #3147, #3890, .T. ) ;
#4142 = VERTEX_POINT ( 'NONE', #2254 ) ;
#4143 = CARTESIAN_POINT ( 'NONE',  ( 3.850000000000019185, -0.05000000000001010581, 41.07999999999999829 ) ) ;
#4144 = CARTESIAN_POINT ( 'NONE',  ( 4.100000000000029843, 8.077181834648554215, 3.229999999999999538 ) ) ;
#4145 = VERTEX_POINT ( 'NONE', #1234 ) ;
#4146 = CARTESIAN_POINT ( 'NONE',  ( 3.058861877317097910, 7.308888735656611679, 9.550245359188433980 ) ) ;
#4147 = CARTESIAN_POINT ( 'NONE',  ( 5.493979936967960498, 5.287354761811803527, 10.97640054978879931 ) ) ;
#4148 = DIRECTION ( 'NONE',  ( 0.0000000000000000000, 0.0000000000000000000, 1.000000000000000000 ) ) ;
#4149 = CARTESIAN_POINT ( 'NONE',  ( 4.100000000000029843, 8.081542908144001558, 3.230142766768527185 ) ) ;
#4150 = CARTESIAN_POINT ( 'NONE',  ( 3.795122679594247206, 4.954722068989946493, 11.32764428414852986 ) ) ;
#4151 = COORDINATED_UNIVERSAL_TIME_OFFSET ( 0, 0, .AHEAD. ) ;
#4152 = VERTEX_POINT ( 'NONE', #1898 ) ;
#4153 = CARTESIAN_POINT ( 'NONE',  ( 3.691799725105625818, 6.201478277215955792, 11.72335904925266803 ) ) ;
#4154 = CARTESIAN_POINT ( 'NONE',  ( 4.350000000000020961, -0.05000000000000590777, 9.659999999999998366 ) ) ;
#4155 = ORIENTED_EDGE ( 'NONE', *, *, #790, .T. ) ;
#4156 = CARTESIAN_POINT ( 'NONE',  ( 5.832738161537427857, 6.329021428478468714, 5.080000000000000071 ) ) ;
#4157 = EDGE_CURVE ( 'NONE', #1112, #2887, #4201, .T. ) ;
#4158 = EDGE_LOOP ( 'NONE', ( #1826, #1730 ) ) ;
#4159 = DIRECTION ( 'NONE',  ( 0.0000000000000000000, 0.9805806756909205557, 0.1961161351381819073 ) ) ;
#4160 = DIRECTION ( 'NONE',  ( -0.8944271909999158554, 0.0000000000000000000, 0.4472135954999579277 ) ) ;
#4161 = ORIENTED_EDGE ( 'NONE', *, *, #4305, .F. ) ;
#4162 = EDGE_LOOP ( 'NONE', ( #1634, #1407, #2347, #1077, #839, #1651 ) ) ;
#4163 = CARTESIAN_POINT ( 'NONE',  ( 5.663359049252693289, 7.849854761811800863, 9.751799725105604111 ) ) ;
#4164 = EDGE_CURVE ( 'NONE', #1768, #1567, #1901, .T. ) ;
#4165 = CARTESIAN_POINT ( 'NONE',  ( 5.493979936967953392, 5.370688095145135676, 9.343599450211206303 ) ) ;
#4166 = ORIENTED_EDGE ( 'NONE', *, *, #3799, .T. ) ;
#4167 = CARTESIAN_POINT ( 'NONE',  ( 6.768715357960316759, 5.200000000000009948, 13.20000000000000995 ) ) ;
#4168 = CARTESIAN_POINT ( 'NONE',  ( 4.916400549788818353, 4.912354761811800863, 8.766020063032065934 ) ) ;
#4169 = CARTESIAN_POINT ( 'NONE',  ( 4.100000000000029843, 7.924999999999998046, 3.379999999999999449 ) ) ;
#4170 = ORIENTED_EDGE ( 'NONE', *, *, #631, .T. ) ;
#4171 = DIRECTION ( 'NONE',  ( 0.0000000000000000000, -1.000000000000000000, 0.0000000000000000000 ) ) ;
#4172 = PLANE ( 'NONE',  #4186 ) ;
#4173 = AXIS2_PLACEMENT_3D ( 'NONE', #2362, #2306, #1287 ) ;
#4174 = CARTESIAN_POINT ( 'NONE',  ( 4.916400549788817465, 6.745688095145135676, 11.55397993696793613 ) ) ;
#4175 =( BOUNDED_SURFACE ( )  B_SPLINE_SURFACE ( 3, 3, ( 
 ( #595, #2834, #2517, #3856 ),
 ( #834, #4066, #336, #23 ),
 ( #3373, #4345, #2676, #709 ),
 ( #2658, #1675, #691, #1048 ) ),
 .UNSPECIFIED., .F., .F., .F. ) 
 B_SPLINE_SURFACE_WITH_KNOTS ( ( 4, 4 ),
 ( 4, 4 ),
 ( 0.0000000000000000000, 1.000000000000000000 ),
 ( 0.0000000000000000000, 1.000000000000000000 ),
 .UNSPECIFIED. ) 
 GEOMETRIC_REPRESENTATION_ITEM ( )  RATIONAL_B_SPLINE_SURFACE ( (
 ( 1.000000000000000000, 0.4704421950436985522, 0.4704421950436985522, 1.000000000000000000),
 ( 0.8149093080445821702, 0.3833677236380347297, 0.3833677236380347297, 0.8149093080445821702),
 ( 0.8149093080445821702, 0.3833677236380347297, 0.3833677236380347297, 0.8149093080445821702),
 ( 1.000000000000000000, 0.4704421950436985522, 0.4704421950436985522, 1.000000000000000000) ) ) 
 REPRESENTATION_ITEM ( '' )  SURFACE ( )  );
#4176 = ORIENTED_EDGE ( 'NONE', *, *, #1294, .F. ) ;
#4177 = CARTESIAN_POINT ( 'NONE',  ( 4.100000000000030731, 7.924999999999997158, 6.867867965644038009 ) ) ;
#4178 = VECTOR ( 'NONE', #1005, 1000.000000000000227 ) ;
#4179 = DIRECTION ( 'NONE',  ( -0.0000000000000000000, -0.0000000000000000000, -1.000000000000000000 ) ) ;
#4180 = ORIENTED_EDGE ( 'NONE', *, *, #796, .F. ) ;
#4181 = DIRECTION ( 'NONE',  ( -1.484914645121900000E-30, -1.000000000000000000, 0.0000000000000000000 ) ) ;
#4182 = CARTESIAN_POINT ( 'NONE',  ( 1.596496361454496249, 9.225000000000001421, 11.24383138235981860 ) ) ;
#4183 = ORIENTED_EDGE ( 'NONE', *, *, #2049, .T. ) ;
#4184 = ORIENTED_EDGE ( 'NONE', *, *, #1886, .T. ) ;
#4185 = CIRCLE ( 'NONE', #4061, 1.834861572753476278 ) ;
#4186 = AXIS2_PLACEMENT_3D ( 'NONE', #2465, #1829, #3180 ) ;
#4187 = CARTESIAN_POINT ( 'NONE',  ( 4.508200274894426762, 7.724854761811803527, 11.72335904925266625 ) ) ;
#4188 = CARTESIAN_POINT ( 'NONE',  ( 4.100000000000029843, 7.954021428478470490, 3.516640950747329963 ) ) ;
#4189 = ADVANCED_FACE ( 'NONE', ( #1192 ), #2852, .T. ) ;
#4190 = ORIENTED_EDGE ( 'NONE', *, *, #1370, .T. ) ;
#4191 = EDGE_CURVE ( 'NONE', #3525, #290, #2206, .T. ) ;
#4192 = CARTESIAN_POINT ( 'NONE',  ( 3.700000000000029932, 8.424999999994179589, 11.95073085391907419 ) ) ;
#4193 = CARTESIAN_POINT ( 'NONE',  ( 2.536640950747361511, 5.099854761811801751, 10.56820027489438729 ) ) ;
#4194 = DIRECTION ( 'NONE',  ( 0.0000000000000000000, 0.0000000000000000000, 1.000000000000000000 ) ) ;
#4195 = CIRCLE ( 'NONE', #4269, 0.2000000000000000944 ) ;
#4196 = APPROVAL_ROLE ( '' ) ;
#4197 = CARTESIAN_POINT ( 'NONE',  ( 2.738704501562087223, 7.925000000000027356, 11.20295324546180460 ) ) ;
#4198 = CARTESIAN_POINT ( 'NONE',  ( 1.596496361454496249, 9.225000000000001421, 3.996168617640176279 ) ) ;
#4199 = VECTOR ( 'NONE', #1214, 1000.000000000000227 ) ;
#4200 = DIRECTION ( 'NONE',  ( 2.195852501236460108E-16, -1.000000000000000000, 0.0000000000000000000 ) ) ;
#4201 = LINE ( 'NONE', #919, #3214 ) ;
#4202 = CARTESIAN_POINT ( 'NONE',  ( 2.536640950747369505, 6.576478277215956680, 9.751799725105597005 ) ) ;
#4203 = CARTESIAN_POINT ( 'NONE',  ( 4.471468276088970129, 9.081542908107913092, 6.847584894441120618 ) ) ;
#4204 = VERTEX_POINT ( 'NONE', #1328 ) ;
#4205 = CARTESIAN_POINT ( 'NONE',  ( 4.100000000000029843, 9.224999999999999645, 10.16000000000000014 ) ) ;
#4206 = CARTESIAN_POINT ( 'NONE',  ( 3.185368038782670830, 5.913055402323282195, 5.994631961217360860 ) ) ;
#4207 = EDGE_CURVE ( 'NONE', #2068, #2767, #382, .T. ) ;
#4208 = EDGE_LOOP ( 'NONE', ( #1914, #1219, #4287, #3664 ) ) ;
#4209 = DIRECTION ( 'NONE',  ( -1.000000000000000000, 1.583609927488660088E-14, 0.0000000000000000000 ) ) ;
#4210 = DIRECTION ( 'NONE',  ( -0.0000000000000000000, 0.1961161351381819073, 0.9805806756909205557 ) ) ;
#4211 = ORIENTED_EDGE ( 'NONE', *, *, #3140, .T. ) ;
#4212 = ORIENTED_EDGE ( 'NONE', *, *, #971, .F. ) ;
#4213 = CARTESIAN_POINT ( 'NONE',  ( 5.493979936967957833, 6.787354761811802639, 10.97640054978879931 ) ) ;
#4214 = DIRECTION ( 'NONE',  ( -8.972707634362790352E-16, 1.000000000000000000, 0.0000000000000000000 ) ) ;
#4215 = VERTEX_POINT ( 'NONE', #3342 ) ;
#4216 = CARTESIAN_POINT ( 'NONE',  ( 4.500000000000031086, 8.862695448274893195, 3.308854107945781386 ) ) ;
#4217 = LINE ( 'NONE', #558, #4119 ) ;
#4218 = DIRECTION ( 'NONE',  ( 1.484914645121900000E-30, 1.000000000000000000, -0.0000000000000000000 ) ) ;
#4219 = EDGE_CURVE ( 'NONE', #3427, #3173, #1515, .T. ) ;
#4220 = EDGE_CURVE ( 'NONE', #2733, #2113, #1009, .T. ) ;
#4221 = PERSON_AND_ORGANIZATION ( #3197, #1464 ) ;
#4222 = ORIENTED_EDGE ( 'NONE', *, *, #1236, .F. ) ;
#4223 = LINE ( 'NONE', #1552, #1861 ) ;
#4224 = CARTESIAN_POINT ( 'NONE',  ( 4.100000000000029843, 8.000000000000010658, 10.16000000000000014 ) ) ;
#4225 = DIRECTION ( 'NONE',  ( -0.0000000000000000000, -1.000000000000000000, -0.0000000000000000000 ) ) ;
#4226 = CARTESIAN_POINT ( 'NONE',  ( 5.493979936967957833, 6.787354761811802639, 10.97640054978879931 ) ) ;
#4227 = EDGE_LOOP ( 'NONE', ( #430, #21, #545, #2613 ) ) ;
#4228 = CARTESIAN_POINT ( 'NONE',  ( 5.324600824683222378, 4.784811610549290606, 6.304600824683192606 ) ) ;
#4229 = CARTESIAN_POINT ( 'NONE',  ( 5.014631961217387968, 7.163055402323279530, 4.165368038782639282 ) ) ;
#4230 = ORIENTED_EDGE ( 'NONE', *, *, #271, .T. ) ;
#4231 = DIRECTION ( 'NONE',  ( 0.0000000000000000000, 0.0000000000000000000, -1.000000000000000000 ) ) ;
#4232 = CARTESIAN_POINT ( 'NONE',  ( 5.584391186355189163, 7.924999999999982059, 9.301510307637993691 ) ) ;
#4233 = ORIENTED_EDGE ( 'NONE', *, *, #266, .F. ) ;
#4234 = ORIENTED_EDGE ( 'NONE', *, *, #311, .F. ) ;
#4235 = CARTESIAN_POINT ( 'NONE',  ( 5.267644284148527589, 6.121388735656614344, 9.855122679594209956 ) ) ;
#4236 = FACE_OUTER_BOUND ( 'NONE', #4162, .T. ) ;
#4237 = ORIENTED_EDGE ( 'NONE', *, *, #1141, .F. ) ;
#4238 = DIRECTION ( 'NONE',  ( 8.409034286955171352E-15, 1.000000000000000000, 3.679535112742534026E-15 ) ) ;
#4239 = CARTESIAN_POINT ( 'NONE',  ( 4.500000000000030198, 9.081542908114151658, 6.841347506653715271 ) ) ;
#4240 = COORDINATED_UNIVERSAL_TIME_OFFSET ( 0, 0, .AHEAD. ) ;
#4241 = EDGE_LOOP ( 'NONE', ( #2157, #3092, #392, #445 ) ) ;
#4242 = CARTESIAN_POINT ( 'NONE',  ( 4.100000000000029843, 10.00000000000000888, 12.08500000000000085 ) ) ;
#4243 = ADVANCED_FACE ( 'NONE', ( #2643 ), #1361, .T. ) ;
#4244 = CARTESIAN_POINT ( 'NONE',  ( 5.461202398307774430, 7.924999999999983835, 6.122840894944629575 ) ) ;
#4245 = CARTESIAN_POINT ( 'NONE',  ( 3.283599450211243553, 6.495688095145135676, 8.766020063032071263 ) ) ;
#4246 = ORIENTED_EDGE ( 'NONE', *, *, #3300, .T. ) ;
#4247 = LINE ( 'NONE', #1952, #309 ) ;
#4248 = ADVANCED_FACE ( 'NONE', ( #360 ), #614, .T. ) ;
#4249 = VECTOR ( 'NONE', #56, 1000.000000000000000 ) ;
#4250 = ORIENTED_EDGE ( 'NONE', *, *, #3032, .F. ) ;
#4251 = CARTESIAN_POINT ( 'NONE',  ( 8.200000000000002842, 1.000000000000030420, 12.69999999999999929 ) ) ;
#4252 = DIRECTION ( 'NONE',  ( -0.1731329570474324508, -0.9810867566020931019, -0.08656647852371682217 ) ) ;
#4253 = CIRCLE ( 'NONE', #515, 1.850000000000000977 ) ;
#4254 = VERTEX_POINT ( 'NONE', #4334 ) ;
#4255 = CARTESIAN_POINT ( 'NONE',  ( 5.141138122682959555, 6.558888735656613456, 10.76975464081160005 ) ) ;
#4256 = VECTOR ( 'NONE', #2027, 1000.000000000000000 ) ;
#4257 = CARTESIAN_POINT ( 'NONE',  ( 3.850000000000020073, -3.800000000000010036, 5.580000000000000071 ) ) ;
#4258 = EDGE_LOOP ( 'NONE', ( #54, #3666, #3405, #3568 ) ) ;
#4259 = B_SPLINE_CURVE_WITH_KNOTS ( 'NONE', 3,
 ( #3960, #3625, #508, #1207 ),
 .UNSPECIFIED., .F., .F.,
 ( 4, 4 ),
 ( 4.646785095067998247E-15, 0.0006572000998748488794 ),
 .UNSPECIFIED. ) ;
#4260 = CARTESIAN_POINT ( 'NONE',  ( 2.875399175316841749, 7.159811610549287941, 6.304600824683190829 ) ) ;
#4261 = VECTOR ( 'NONE', #1946, 1000.000000000000000 ) ;
#4262 = CARTESIAN_POINT ( 'NONE',  ( 6.900000000000019895, 1.500000000000029976, 11.53500000000000014 ) ) ;
#4263 = APPLICATION_PROTOCOL_DEFINITION ( 'international standard', 'config_control_design', 1994, #3588 ) ;
#4264 = LOCAL_TIME ( 19, 29, 23.00000000000000000, #2875 ) ;
#4265 = VECTOR ( 'NONE', #4040, 1000.000000000000000 ) ;
#4266 = EDGE_CURVE ( 'NONE', #527, #2040, #3379, .T. ) ;
#4267 = ORIENTED_EDGE ( 'NONE', *, *, #1652, .F. ) ;
#4268 = CARTESIAN_POINT ( 'NONE',  ( 4.100000000000029843, 8.074999999999999289, 8.310000000000000497 ) ) ;
#4269 = AXIS2_PLACEMENT_3D ( 'NONE', #365, #717, #3717 ) ;
#4270 = CARTESIAN_POINT ( 'NONE',  ( 7.751694291205289744, 5.200000000000000178, 11.53500000000000014 ) ) ;
#4271 = LINE ( 'NONE', #2198, #4199 ) ;
#4272 =( GEOMETRIC_REPRESENTATION_CONTEXT ( 3 ) GLOBAL_UNCERTAINTY_ASSIGNED_CONTEXT ( ( #3264 ) ) GLOBAL_UNIT_ASSIGNED_CONTEXT ( ( #2442, #2740, #1119 ) ) REPRESENTATION_CONTEXT ( 'NONE', 'WORKASPACE' ) );
#4273 = CARTESIAN_POINT ( 'NONE',  ( 5.493979936967958722, 5.870688095145135676, 9.343599450211215185 ) ) ;
#4274 = DIRECTION ( 'NONE',  ( 0.0000000000000000000, 1.000000000000000000, 0.0000000000000000000 ) ) ;
#4275 = CARTESIAN_POINT ( 'NONE',  ( 4.100000000000028955, 5.225555402323280418, 3.785849554385927629 ) ) ;
#4276 = EDGE_CURVE ( 'NONE', #2750, #3433, #3046, .T. ) ;
#4277 = EDGE_LOOP ( 'NONE', ( #2520, #4184, #1442, #3905 ) ) ;
#4278 = CARTESIAN_POINT ( 'NONE',  ( 4.099999999999989875, 8.000000000000028422, 5.080000000000000071 ) ) ;
#4279 = CARTESIAN_POINT ( 'NONE',  ( 8.200000000000002842, 5.199999999999994849, 8.284999999999996589 ) ) ;
#4280 = VERTEX_POINT ( 'NONE', #972 ) ;
#4281 = CARTESIAN_POINT ( 'NONE',  ( 4.916400549788822794, 6.245688095145136565, 11.55397993696793080 ) ) ;
#4282 = DIRECTION ( 'NONE',  ( 0.0000000000000000000, -1.000000000000000000, 1.097926250618230054E-16 ) ) ;
#4283 = ORIENTED_EDGE ( 'NONE', *, *, #3657, .T. ) ;
#4284 = PLANE ( 'NONE',  #597 ) ;
#4285 = CYLINDRICAL_SURFACE ( 'NONE', #3696, 1.924999999999999600 ) ;
#4286 = PERSON_AND_ORGANIZATION_ROLE ( 'creator' ) ;
#4287 = ORIENTED_EDGE ( 'NONE', *, *, #1365, .F. ) ;
#4288 = LINE ( 'NONE', #3630, #2644 ) ;
#4289 = FACE_OUTER_BOUND ( 'NONE', #2842, .T. ) ;
#4290 = CARTESIAN_POINT ( 'NONE',  ( 5.800063916046732437, 7.924999999999978506, 5.305054387095599289 ) ) ;
#4291 = CARTESIAN_POINT ( 'NONE',  ( 3.691799725105633811, 5.974854761811804416, 8.596640950747339360 ) ) ;
#4292 = CARTESIAN_POINT ( 'NONE',  ( 3.741899747991059844, 9.224999999999997868, 6.783974839550585223 ) ) ;
#4293 = CARTESIAN_POINT ( 'NONE',  ( 4.100000000000030731, 8.074999999999999289, 3.229999999999999982 ) ) ;
#4294 = CARTESIAN_POINT ( 'NONE',  ( 3.185368038782669942, 5.288055402323280418, 4.165368038782650828 ) ) ;
#4295 = CARTESIAN_POINT ( 'NONE',  ( 4.348212002188460268, 3.459459166802558453E-14, 12.69999999999999929 ) ) ;
#4296 = VERTEX_POINT ( 'NONE', #2701 ) ;
#4297 = CARTESIAN_POINT ( 'NONE',  ( 6.375000000000030198, 3.500000000000030198, 8.785000000000000142 ) ) ;
#4298 = CARTESIAN_POINT ( 'NONE',  ( 4.500000000000031086, 9.159632248237134178, 11.89576107923037895 ) ) ;
#4299 = ORIENTED_EDGE ( 'NONE', *, *, #639, .F. ) ;
#4300 = EDGE_CURVE ( 'NONE', #3931, #3021, #4047, .T. ) ;
#4301 = CARTESIAN_POINT ( 'NONE',  ( 5.663359049252693289, 6.808188095145137453, 10.56820027489439973 ) ) ;
#4302 = DIRECTION ( 'NONE',  ( 1.000000000000000000, 0.0000000000000000000, -0.0000000000000000000 ) ) ;
#4303 = ORIENTED_EDGE ( 'NONE', *, *, #2269, .T. ) ;
#4304 = CARTESIAN_POINT ( 'NONE',  ( 5.324600824683221489, 6.784811610549290606, 6.304600824683189941 ) ) ;
#4305 = EDGE_CURVE ( 'NONE', #527, #4034, #3672, .T. ) ;
#4306 = CARTESIAN_POINT ( 'NONE',  ( 4.500000000000030198, 8.424999999992948574, 6.870730853915971714 ) ) ;
#4307 = CARTESIAN_POINT ( 'NONE',  ( 4.350000000000020073, -3.800000000000010036, 4.779999999999999361 ) ) ;
#4308 = CARTESIAN_POINT ( 'NONE',  ( 7.599398324623870771, 5.199999999999990408, 8.585300837688063069 ) ) ;
#4309 = CARTESIAN_POINT ( 'NONE',  ( 4.100000000000029843, 8.074999999999999289, 11.86000000000000121 ) ) ;
#4310 = CARTESIAN_POINT ( 'NONE',  ( 7.599398324623869883, 5.199999999999990408, 11.73469916231193544 ) ) ;
#4311 = CARTESIAN_POINT ( 'NONE',  ( 2.536640950747360623, 5.599854761811803527, 10.56820027489438552 ) ) ;
#4312 = CARTESIAN_POINT ( 'NONE',  ( 2.443214226705971104, 7.925000000000030909, 5.522631330621381451 ) ) ;
#4313 = CARTESIAN_POINT ( 'NONE',  ( 4.100000000000030731, 8.079363150079551303, 3.230047596472022775 ) ) ;
#4314 = LINE ( 'NONE', #3996, #3127 ) ;
#4315 = CARTESIAN_POINT ( 'NONE',  ( 4.100000000000029843, 7.924999999999998046, 8.460000000000002629 ) ) ;
#4316 = CARTESIAN_POINT ( 'NONE',  ( 4.500000000000031086, 9.172066347988350188, 11.88492719462483294 ) ) ;
#4317 = VERTEX_POINT ( 'NONE', #2354 ) ;
#4318 = AXIS2_PLACEMENT_3D ( 'NONE', #3158, #3530, #3889 ) ;
#4319 = CARTESIAN_POINT ( 'NONE',  ( 4.709754640811612880, 5.683888735656613456, 9.118861877317071318 ) ) ;
#4320 = AXIS2_PLACEMENT_3D ( 'NONE', #2173, #4171, #1163 ) ;
#4321 = LINE ( 'NONE', #1354, #3700 ) ;
#4322 = ORIENTED_EDGE ( 'NONE', *, *, #3051, .T. ) ;
#4323 =( BOUNDED_SURFACE ( )  B_SPLINE_SURFACE ( 3, 3, ( 
 ( #1522, #1211, #1190, #540 ),
 ( #3818, #2850, #2484, #2531 ),
 ( #2196, #867, #3583, #2509 ),
 ( #1232, #3867, #2227, #1896 ) ),
 .UNSPECIFIED., .F., .F., .F. ) 
 B_SPLINE_SURFACE_WITH_KNOTS ( ( 4, 4 ),
 ( 4, 4 ),
 ( 0.0000000000000000000, 1.000000000000000000 ),
 ( 0.0000000000000000000, 1.000000000000000000 ),
 .UNSPECIFIED. ) 
 GEOMETRIC_REPRESENTATION_ITEM ( )  RATIONAL_B_SPLINE_SURFACE ( (
 ( 1.000000000000000000, 0.4704421950436632471, 0.4704421950436632471, 1.000000000000000000),
 ( 0.8149093080298674963, 0.3833677236310835679, 0.3833677236310835679, 0.8149093080298674963),
 ( 0.8149093080298674963, 0.3833677236310835679, 0.3833677236310835679, 0.8149093080298674963),
 ( 1.000000000000000000, 0.4704421950436632471, 0.4704421950436632471, 1.000000000000000000) ) ) 
 REPRESENTATION_ITEM ( '' )  SURFACE ( )  );
#4324 = CARTESIAN_POINT ( 'NONE',  ( 5.324600824683221489, 6.891521428478471378, 3.855399175316809757 ) ) ;
#4325 = CARTESIAN_POINT ( 'NONE',  ( 2.805849554385960065, 7.350555402323270648, 5.079999999999997407 ) ) ;
#4326 = VECTOR ( 'NONE', #2906, 1000.000000000000000 ) ;
#4327 = FACE_OUTER_BOUND ( 'NONE', #3409, .T. ) ;
#4328 = ADVANCED_FACE ( 'NONE', ( #1383 ), #2012, .T. ) ;
#4329 = EDGE_CURVE ( 'NONE', #686, #2108, #2397, .T. ) ;
#4330 = CARTESIAN_POINT ( 'NONE',  ( 3.656692388090378554, 7.925000000000014033, 8.503493881518849662 ) ) ;
#4331 = FACE_OUTER_BOUND ( 'NONE', #1708, .T. ) ;
#4332 = LINE ( 'NONE', #3277, #3552 ) ;
#4333 = APPROVAL_PERSON_ORGANIZATION ( #2029, #2361, #2988 ) ;
#4334 = CARTESIAN_POINT ( 'NONE',  ( 1.436619526395225277, 6.462594890443934816E-14, 3.060000000000001830 ) ) ;
#4335 = CARTESIAN_POINT ( 'NONE',  ( 2.536640950747361956, 6.058188095145138341, 9.751799725105616545 ) ) ;
#4336 = CARTESIAN_POINT ( 'NONE',  ( 3.656692388076682843, 7.925000000000014033, 3.423493881518894444 ) ) ;
#4337 = VECTOR ( 'NONE', #1197, 1000.000000000000000 ) ;
#4338 = CARTESIAN_POINT ( 'NONE',  ( 6.457696791671260428, 9.999999999999998224, 12.69999999999999929 ) ) ;
#4339 = VECTOR ( 'NONE', #3474, 1000.000000000000000 ) ;
#4340 = CARTESIAN_POINT ( 'NONE',  ( 3.469446951953614189E-15, 7.681008606930097617E-14, 2.539999999999999591 ) ) ;
#4341 = CARTESIAN_POINT ( 'NONE',  ( 3.700000000000108091, 9.212450302919542366, 8.488498883987013244 ) ) ;
#4342 = ORIENTED_EDGE ( 'NONE', *, *, #436, .T. ) ;
#4343 = DIRECTION ( 'NONE',  ( 0.9161340250505624061, -9.178825430581753494E-15, -0.4008721094621767733 ) ) ;
#4344 = ORIENTED_EDGE ( 'NONE', *, *, #3680, .T. ) ;
#4345 = CARTESIAN_POINT ( 'NONE',  ( 6.916992728095720189, 9.166319812942806067, 11.40986137141332790 ) ) ;
#4346 = CARTESIAN_POINT ( 'NONE',  ( 4.350000000000020961, -3.800000000000010036, 5.380000000000010552 ) ) ;
#4347 = COORDINATED_UNIVERSAL_TIME_OFFSET ( 0, 0, .AHEAD. ) ;
#4348 =( BOUNDED_CURVE ( )  B_SPLINE_CURVE ( 3, ( #160, #189, #4198, #3558 ),
 .UNSPECIFIED., .F., .T. ) 
 B_SPLINE_CURVE_WITH_KNOTS ( ( 4, 4 ),
 ( 0.0000000000000000000, 1.000000000000000000 ),
 .UNSPECIFIED. ) 
 CURVE ( )  GEOMETRIC_REPRESENTATION_ITEM ( )  RATIONAL_B_SPLINE_CURVE ( ( 1.000000000000000000, 0.4943309657473929364, 0.4943309657473929364, 1.000000000000000000 ) ) 
 REPRESENTATION_ITEM ( '' )  );
#4349 = CARTESIAN_POINT ( 'NONE',  ( 7.449999999999999289, 5.799999999999999822, 12.69999999999999751 ) ) ;
#4350 = CARTESIAN_POINT ( 'NONE',  ( 7.500000000000025757, 7.924999999999998046, 11.85999999999999943 ) ) ;
#4351 = EDGE_CURVE ( 'NONE', #3971, #4142, #1344, .T. ) ;
#4352 = CARTESIAN_POINT ( 'NONE',  ( 8.199999999999999289, -3.996802888650562757E-15, 2.539999999999998703 ) ) ;
#4353 = CARTESIAN_POINT ( 'NONE',  ( 5.493979936967956057, 5.805644943882623643, 10.97640054978879931 ) ) ;
#4354 = CARTESIAN_POINT ( 'NONE',  ( 3.873946024768081919, 7.925000000000008704, 6.779649792838969624 ) ) ;
#4355 = CARTESIAN_POINT ( 'NONE',  ( 4.100000000000029843, 8.074999999999999289, 8.310000000000000497 ) ) ;
#4356 = ORIENTED_EDGE ( 'NONE', *, *, #2619, .T. ) ;
#4357 = NEXT_ASSEMBLY_USAGE_OCCURRENCE ( 'NAUO1', ' ', ' ', #1151, #3924, $ ) ;
ENDSEC;
END-ISO-10303-21;
