ISO-10303-21;
HEADER;
FILE_DESCRIPTION (( 'STEP AP214' ),
    '1' );
FILE_NAME ('48CD8BB4-50CE-49E0-B9A8-8EF1CE5EA4E6.STEP',
    '2025-03-21T02:31:47',
    ( '' ),
    ( '' ),
    'SwSTEP 2.0',
    'SolidWorks 2022',
    '' );
FILE_SCHEMA (( 'AUTOMOTIVE_DESIGN' ));
ENDSEC;

DATA;
#1 = VERTEX_POINT ( 'NONE', #1554 ) ;
#2 =( BOUNDED_CURVE ( )  B_SPLINE_CURVE ( 3, ( #668, #523, #1658, #380 ),
 .UNSPECIFIED., .F., .T. ) 
 B_SPLINE_CURVE_WITH_KNOTS ( ( 4, 4 ),
 ( 2.333467695109010087, 3.111439517034044311 ),
 .UNSPECIFIED. ) 
 CURVE ( )  GEOMETRIC_REPRESENTATION_ITEM ( )  RATIONAL_B_SPLINE_CURVE ( ( 1.000000000000000000, 0.9501960860785475527, 0.9501960860785475527, 1.000000000000000000 ) ) 
 REPRESENTATION_ITEM ( '' )  );
#3 = AXIS2_PLACEMENT_3D ( 'NONE', #806, #351, #678 ) ;
#4 = CIRCLE ( 'NONE', #1056, 0.02999999999999998501 ) ;
#5 = PRESENTATION_LAYER_ASSIGNMENT (  '', '', ( #726 ) ) ;
#6 = STYLED_ITEM ( 'NONE', ( #541 ), #1278 ) ;
#7 = CARTESIAN_POINT ( 'NONE',  ( 0.5500000000000000444, 0.2000000000000000111, -0.1500000000000001610 ) ) ;
#8 = COLOUR_RGB ( '',0.7529411764705882248, 0.7529411764705882248, 0.7529411764705882248 ) ;
#9 = CARTESIAN_POINT ( 'NONE',  ( 0.5120659616118673485, 0.7000000000000002887, 0.3280972242417384832 ) ) ;
#10 = DIRECTION ( 'NONE',  ( -1.000000000000000000, 0.0000000000000000000, -0.0000000000000000000 ) ) ;
#11 = EDGE_CURVE ( 'NONE', #1352, #84, #1267, .T. ) ;
#12 = PRODUCT_DEFINITION_FORMATION_WITH_SPECIFIED_SOURCE ( 'ANY', '', #1768, .NOT_KNOWN. ) ;
#13 = EDGE_LOOP ( 'NONE', ( #381, #286, #76, #324 ) ) ;
#14 = LINE ( 'NONE', #411, #1725 ) ;
#15 = FACE_OUTER_BOUND ( 'NONE', #155, .T. ) ;
#16 = CARTESIAN_POINT ( 'NONE',  ( 0.5500000000000000444, 0.2000000000000000111, 0.1499999999999998557 ) ) ;
#17 = FILL_AREA_STYLE ('',( #705 ) ) ;
#18 = FILL_AREA_STYLE ('',( #31 ) ) ;
#19 = ADVANCED_FACE ( 'NONE', ( #272 ), #282, .F. ) ;
#20 = ORIENTED_EDGE ( 'NONE', *, *, #1567, .F. ) ;
#21 = DIRECTION ( 'NONE',  ( 0.0000000000000000000, 0.1218693434051487112, -0.9925461516413217611 ) ) ;
#22 = ORIENTED_EDGE ( 'NONE', *, *, #36, .T. ) ;
#23 = CARTESIAN_POINT ( 'NONE',  ( 0.5418729987178777519, 0.6721883545973714735, 0.3152356817645509679 ) ) ;
#24 = EDGE_LOOP ( 'NONE', ( #886, #718, #447, #1132 ) ) ;
#25 = FILL_AREA_STYLE ('',( #586 ) ) ;
#26 = CIRCLE ( 'NONE', #1054, 0.03000000000000002318 ) ;
#27 = SURFACE_STYLE_USAGE ( .BOTH. , #1459 ) ;
#28 = VECTOR ( 'NONE', #396, 1000.000000000000000 ) ;
#29 = ORIENTED_EDGE ( 'NONE', *, *, #1477, .T. ) ;
#30 =( NAMED_UNIT ( * ) PLANE_ANGLE_UNIT ( ) SI_UNIT ( $, .RADIAN. ) );
#31 = FILL_AREA_STYLE_COLOUR ( '', #999 ) ;
#32 = MECHANICAL_DESIGN_GEOMETRIC_PRESENTATION_REPRESENTATION (  '', ( #1034 ), #874 ) ;
#33 = VERTEX_POINT ( 'NONE', #1733 ) ;
#34 = PLANE ( 'NONE',  #819 ) ;
#35 = FILL_AREA_STYLE_COLOUR ( '', #216 ) ;
#36 = EDGE_CURVE ( 'NONE', #1180, #362, #313, .T. ) ;
#37 =( LENGTH_UNIT ( ) NAMED_UNIT ( * ) SI_UNIT ( .MILLI., .METRE. ) );
#38 = CARTESIAN_POINT ( 'NONE',  ( 0.5418729987178777519, 0.6733971368769824384, -0.3138813080606810413 ) ) ;
#39 = LINE ( 'NONE', #583, #1785 ) ;
#40 = FACE_OUTER_BOUND ( 'NONE', #1478, .T. ) ;
#41 = CARTESIAN_POINT ( 'NONE',  ( 0.8000000000000000444, 0.2000000000000000111, 0.1499999999999998834 ) ) ;
#42 = CARTESIAN_POINT ( 'NONE',  ( -0.5754430878194165544, 0.01999999999999999001, 0.3754430878194186527 ) ) ;
#43 = SURFACE_STYLE_FILL_AREA ( #599 ) ;
#44 = FACE_OUTER_BOUND ( 'NONE', #1415, .T. ) ;
#45 = CARTESIAN_POINT ( 'NONE',  ( -0.5120659616118676816, 0.6733971368769823274, -0.3418729987178732999 ) ) ;
#46 =( NAMED_UNIT ( * ) SI_UNIT ( $, .STERADIAN. ) SOLID_ANGLE_UNIT ( ) );
#47 = UNCERTAINTY_MEASURE_WITH_UNIT (LENGTH_MEASURE( 1.000000000000000082E-05 ), #1767, 'distance_accuracy_value', 'NONE');
#48 = VECTOR ( 'NONE', #1292, 1000.000000000000000 ) ;
#49 = DIRECTION ( 'NONE',  ( -0.0000000000000000000, -6.123233995736766036E-17, -1.000000000000000000 ) ) ;
#50 =( LENGTH_UNIT ( ) NAMED_UNIT ( * ) SI_UNIT ( .MILLI., .METRE. ) );
#51 =( GEOMETRIC_REPRESENTATION_CONTEXT ( 3 ) GLOBAL_UNCERTAINTY_ASSIGNED_CONTEXT ( ( #1613 ) ) GLOBAL_UNIT_ASSIGNED_CONTEXT ( ( #67, #476, #1092 ) ) REPRESENTATION_CONTEXT ( 'NONE', 'WORKASPACE' ) );
#52 = DIRECTION ( 'NONE',  ( 0.0000000000000000000, 0.0000000000000000000, 1.000000000000000000 ) ) ;
#53 = COLOUR_RGB ( '',0.2509803921568627416, 0.2509803921568627416, 0.2509803921568627416 ) ;
#54 = ORIENTED_EDGE ( 'NONE', *, *, #839, .T. ) ;
#55 = ADVANCED_FACE ( 'NONE', ( #181 ), #171, .T. ) ;
#56 = AXIS2_PLACEMENT_3D ( 'NONE', #1525, #262, #1529 ) ;
#57 = DIRECTION ( 'NONE',  ( -0.0000000000000000000, -1.000000000000000000, -0.0000000000000000000 ) ) ;
#58 = PRESENTATION_LAYER_ASSIGNMENT (  '', '', ( #1177 ) ) ;
#59 = CARTESIAN_POINT ( 'NONE',  ( -0.8000000000000000444, 0.2000000000000000111, -0.1499999999999999389 ) ) ;
#60 = SURFACE_SIDE_STYLE ('',( #1434 ) ) ;
#61 = FILL_AREA_STYLE_COLOUR ( '', #304 ) ;
#62 = SURFACE_SIDE_STYLE ('',( #455 ) ) ;
#63 = DIRECTION ( 'NONE',  ( 0.1209742911513548291, -0.9852565360152931717, 0.1209742911513548291 ) ) ;
#64 =( LENGTH_UNIT ( ) NAMED_UNIT ( * ) SI_UNIT ( .MILLI., .METRE. ) );
#65 = SURFACE_STYLE_FILL_AREA ( #333 ) ;
#66 = VERTEX_POINT ( 'NONE', #1449 ) ;
#67 =( LENGTH_UNIT ( ) NAMED_UNIT ( * ) SI_UNIT ( .MILLI., .METRE. ) );
#68 = ADVANCED_FACE ( 'NONE', ( #1590 ), #755, .F. ) ;
#69 = ORIENTED_EDGE ( 'NONE', *, *, #673, .F. ) ;
#70 = DIRECTION ( 'NONE',  ( -0.0000000000000000000, 0.1218693434051477259, 0.9925461516413219831 ) ) ;
#71 = DIRECTION ( 'NONE',  ( 0.0000000000000000000, 0.0000000000000000000, 1.000000000000000000 ) ) ;
#72 =( NAMED_UNIT ( * ) SI_UNIT ( $, .STERADIAN. ) SOLID_ANGLE_UNIT ( ) );
#73 = CARTESIAN_POINT ( 'NONE',  ( 0.5120659616118676816, 0.6733971368769822163, -0.3418729987178732443 ) ) ;
#74 = FACE_OUTER_BOUND ( 'NONE', #556, .T. ) ;
#75 = SURFACE_SIDE_STYLE ('',( #322 ) ) ;
#76 = ORIENTED_EDGE ( 'NONE', *, *, #956, .T. ) ;
#77 = CARTESIAN_POINT ( 'NONE',  ( -0.5944248268319777262, 0.1745938583236902042, -0.3944248268319730522 ) ) ;
#78 = ORIENTED_EDGE ( 'NONE', *, *, #1105, .T. ) ;
#79 = DIRECTION ( 'NONE',  ( 0.0000000000000000000, -0.9925461516413219831, 0.1218693434051477259 ) ) ;
#80 = DIRECTION ( 'NONE',  ( -1.000000000000000000, -0.0000000000000000000, -0.0000000000000000000 ) ) ;
#81 = COLOUR_RGB ( '',0.7529411764705882248, 0.7529411764705882248, 0.7529411764705882248 ) ;
#82 = CARTESIAN_POINT ( 'NONE',  ( 0.5999999999999987566, 0.6736560803021546251, 0.3418423461611030389 ) ) ;
#83 = AXIS2_PLACEMENT_3D ( 'NONE', #1469, #1354, #71 ) ;
#84 = VERTEX_POINT ( 'NONE', #1413 ) ;
#85 = MECHANICAL_DESIGN_GEOMETRIC_PRESENTATION_REPRESENTATION (  '', ( #6 ), #1031 ) ;
#86 =( GEOMETRIC_REPRESENTATION_CONTEXT ( 3 ) GLOBAL_UNCERTAINTY_ASSIGNED_CONTEXT ( ( #631 ) ) GLOBAL_UNIT_ASSIGNED_CONTEXT ( ( #1690, #856, #1417 ) ) REPRESENTATION_CONTEXT ( 'NONE', 'WORKASPACE' ) );
#87 = LINE ( 'NONE', #1447, #1171 ) ;
#88 = STYLED_ITEM ( 'NONE', ( #358 ), #1492 ) ;
#89 = AXIS2_PLACEMENT_3D ( 'NONE', #1502, #1095, #1470 ) ;
#90 =( GEOMETRIC_REPRESENTATION_CONTEXT ( 3 ) GLOBAL_UNCERTAINTY_ASSIGNED_CONTEXT ( ( #92 ) ) GLOBAL_UNIT_ASSIGNED_CONTEXT ( ( #1051, #1616, #1451 ) ) REPRESENTATION_CONTEXT ( 'NONE', 'WORKASPACE' ) );
#91 = SURFACE_STYLE_USAGE ( .BOTH. , #499 ) ;
#92 = UNCERTAINTY_MEASURE_WITH_UNIT (LENGTH_MEASURE( 1.000000000000000082E-05 ), #1051, 'distance_accuracy_value', 'NONE');
#93 = FACE_OUTER_BOUND ( 'NONE', #1121, .T. ) ;
#94 = APPLICATION_CONTEXT ( 'automotive_design' ) ;
#95 = PLANE ( 'NONE',  #1580 ) ;
#96 = CARTESIAN_POINT ( 'NONE',  ( -0.5400576522690597736, 0.6893252848791451282, -0.3120659616118632851 ) ) ;
#97 = ORIENTED_EDGE ( 'NONE', *, *, #345, .F. ) ;
#98 = SURFACE_SIDE_STYLE ('',( #1522 ) ) ;
#99 = ORIENTED_EDGE ( 'NONE', *, *, #808, .F. ) ;
#100 = CARTESIAN_POINT ( 'NONE',  ( 0.6000000000000009770, 0.2100000000000005196, -0.3987721543909650834 ) ) ;
#101 = EDGE_CURVE ( 'NONE', #362, #486, #1393, .T. ) ;
#102 = FILL_AREA_STYLE ('',( #679 ) ) ;
#103 = DIRECTION ( 'NONE',  ( 0.1218693434051545121, -0.9925461516413210949, -0.0000000000000000000 ) ) ;
#104 = ORIENTED_EDGE ( 'NONE', *, *, #125, .F. ) ;
#105 = DIRECTION ( 'NONE',  ( 0.1209742911513548291, -0.9852565360152931717, 0.1209742911513548291 ) ) ;
#106 = ORIENTED_EDGE ( 'NONE', *, *, #370, .T. ) ;
#107 = CARTESIAN_POINT ( 'NONE',  ( 0.8000000000000000444, 0.2000000000000000111, -0.1500000000000001055 ) ) ;
#108 = UNCERTAINTY_MEASURE_WITH_UNIT (LENGTH_MEASURE( 1.000000000000000082E-05 ), #720, 'distance_accuracy_value', 'NONE');
#109 = DIRECTION ( 'NONE',  ( 0.0000000000000000000, -0.0000000000000000000, 1.000000000000000000 ) ) ;
#110 = LINE ( 'NONE', #1233, #303 ) ;
#111 = ORIENTED_EDGE ( 'NONE', *, *, #1169, .F. ) ;
#112 = CARTESIAN_POINT ( 'NONE',  ( 0.5944248268319793915, 0.1745938583236856245, -0.3944248268319724415 ) ) ;
#113 = CIRCLE ( 'NONE', #697, 0.02999999999999997113 ) ;
#114 = ORIENTED_EDGE ( 'NONE', *, *, #956, .F. ) ;
#115 = MECHANICAL_DESIGN_GEOMETRIC_PRESENTATION_REPRESENTATION (  '', ( #1059 ), #1546 ) ;
#116 = MECHANICAL_DESIGN_GEOMETRIC_PRESENTATION_REPRESENTATION (  '', ( #1573 ), #302 ) ;
#117 = SURFACE_STYLE_USAGE ( .BOTH. , #403 ) ;
#118 = EDGE_CURVE ( 'NONE', #1321, #433, #1143, .T. ) ;
#119 = STYLED_ITEM ( 'NONE', ( #713 ), #579 ) ;
#120 = CARTESIAN_POINT ( 'NONE',  ( 0.6000000000000009770, 0.2200000000000001954, 0.4000000000000010214 ) ) ;
#121 = CARTESIAN_POINT ( 'NONE',  ( 0.6000000000000009770, 0.2200000000000001954, 0.4000000000000010214 ) ) ;
#122 = CARTESIAN_POINT ( 'NONE',  ( -0.5418729987178777519, 0.6721883545973711405, -0.3152356817645509679 ) ) ;
#123 = CARTESIAN_POINT ( 'NONE',  ( -0.5500000000000000444, 0.01999999999999999695, -0.1500000000000000222 ) ) ;
#124 = ORIENTED_EDGE ( 'NONE', *, *, #783, .F. ) ;
#125 = EDGE_CURVE ( 'NONE', #712, #1701, #152, .T. ) ;
#126 = PLANE ( 'NONE',  #665 ) ;
#127 = LINE ( 'NONE', #425, #276 ) ;
#128 = FACE_OUTER_BOUND ( 'NONE', #560, .T. ) ;
#129 = CARTESIAN_POINT ( 'NONE',  ( -0.5418423461611077130, 0.6736560803021546251, -0.3120659616118635626 ) ) ;
#130 = VERTEX_POINT ( 'NONE', #1001 ) ;
#131 = CARTESIAN_POINT ( 'NONE',  ( -0.5120659616118680146, 0.6999999999999999556, -0.3999999999999941380 ) ) ;
#132 = EDGE_CURVE ( 'NONE', #1711, #770, #421, .T. ) ;
#133 = DIRECTION ( 'NONE',  ( 0.0000000000000000000, -0.1218693434051469349, -0.9925461516413222052 ) ) ;
#134 = SURFACE_STYLE_FILL_AREA ( #1390 ) ;
#135 = ORIENTED_EDGE ( 'NONE', *, *, #1722, .T. ) ;
#136 = VECTOR ( 'NONE', #80, 1000.000000000000000 ) ;
#137 = COLOUR_RGB ( '',0.7529411764705882248, 0.7529411764705882248, 0.7529411764705882248 ) ;
#138 = DIRECTION ( 'NONE',  ( 0.0000000000000000000, 0.0000000000000000000, -1.000000000000000000 ) ) ;
#139 = PRESENTATION_LAYER_ASSIGNMENT (  '', '', ( #279 ) ) ;
#140 = CARTESIAN_POINT ( 'NONE',  ( 0.8000000000000000444, 0.2000000000000000111, 0.1499999999999998834 ) ) ;
#141 = DIRECTION ( 'NONE',  ( -0.0000000000000000000, -0.0000000000000000000, 1.000000000000000000 ) ) ;
#142 = ADVANCED_FACE ( 'NONE', ( #1021 ), #34, .F. ) ;
#143 = VECTOR ( 'NONE', #1376, 1000.000000000000000 ) ;
#144 = EDGE_CURVE ( 'NONE', #497, #477, #1149, .T. ) ;
#145 = ORIENTED_EDGE ( 'NONE', *, *, #1006, .F. ) ;
#146 = DIRECTION ( 'NONE',  ( -1.000000000000000000, 0.0000000000000000000, -1.084202172485504434E-16 ) ) ;
#147 = ORIENTED_EDGE ( 'NONE', *, *, #1395, .T. ) ;
#148 =( LENGTH_UNIT ( ) NAMED_UNIT ( * ) SI_UNIT ( .MILLI., .METRE. ) );
#149 = SURFACE_SIDE_STYLE ('',( #844 ) ) ;
#150 = DIRECTION ( 'NONE',  ( 0.0000000000000000000, 0.0000000000000000000, 1.000000000000000000 ) ) ;
#151 = ORIENTED_EDGE ( 'NONE', *, *, #144, .T. ) ;
#152 = LINE ( 'NONE', #985, #1057 ) ;
#153 = FILL_AREA_STYLE_COLOUR ( '', #546 ) ;
#154 = ORIENTED_EDGE ( 'NONE', *, *, #1205, .F. ) ;
#155 = EDGE_LOOP ( 'NONE', ( #261, #234, #998, #1073, #1498, #1362 ) ) ;
#156 = EDGE_CURVE ( 'NONE', #894, #1011, #269, .T. ) ;
#157 = CARTESIAN_POINT ( 'NONE',  ( 0.5944248268319793915, 0.1745938583236856245, -0.3944248268319724415 ) ) ;
#158 = LINE ( 'NONE', #587, #944 ) ;
#159 = DIRECTION ( 'NONE',  ( 1.000000000000000000, 0.0000000000000000000, 0.0000000000000000000 ) ) ;
#160 =( GEOMETRIC_REPRESENTATION_CONTEXT ( 3 ) GLOBAL_UNCERTAINTY_ASSIGNED_CONTEXT ( ( #229 ) ) GLOBAL_UNIT_ASSIGNED_CONTEXT ( ( #851, #710, #1672 ) ) REPRESENTATION_CONTEXT ( 'NONE', 'WORKASPACE' ) );
#161 =( GEOMETRIC_REPRESENTATION_CONTEXT ( 3 ) GLOBAL_UNCERTAINTY_ASSIGNED_CONTEXT ( ( #108 ) ) GLOBAL_UNIT_ASSIGNED_CONTEXT ( ( #720, #1183, #915 ) ) REPRESENTATION_CONTEXT ( 'NONE', 'WORKASPACE' ) );
#162 = CARTESIAN_POINT ( 'NONE',  ( 0.0000000000000000000, 0.0000000000000000000, 0.0000000000000000000 ) ) ;
#163 = VECTOR ( 'NONE', #10, 1000.000000000000000 ) ;
#164 = DIRECTION ( 'NONE',  ( 1.000000000000000000, -0.0000000000000000000, -0.0000000000000000000 ) ) ;
#165 = MECHANICAL_DESIGN_GEOMETRIC_PRESENTATION_REPRESENTATION (  '', ( #1745 ), #305 ) ;
#166 = MECHANICAL_DESIGN_GEOMETRIC_PRESENTATION_REPRESENTATION (  '', ( #1177 ), #457 ) ;
#167 = ORIENTED_EDGE ( 'NONE', *, *, #1164, .F. ) ;
#168 = STYLED_ITEM ( 'NONE', ( #979 ), #1771 ) ;
#169 = CARTESIAN_POINT ( 'NONE',  ( -0.5500000000000000444, 0.2000000000000000111, -0.1500000000000000222 ) ) ;
#170 = EDGE_CURVE ( 'NONE', #366, #1681, #1127, .T. ) ;
#171 = PLANE ( 'NONE',  #1310 ) ;
#172 = CARTESIAN_POINT ( 'NONE',  ( 0.5400576522690598846, 0.6721883545973710294, -0.3312669443944263881 ) ) ;
#173 = DIRECTION ( 'NONE',  ( 0.0000000000000000000, -0.1218693434051478369, -0.9925461516413219831 ) ) ;
#174 = ORIENTED_EDGE ( 'NONE', *, *, #1006, .T. ) ;
#175 = FACE_OUTER_BOUND ( 'NONE', #1533, .T. ) ;
#176 =( NAMED_UNIT ( * ) SI_UNIT ( $, .STERADIAN. ) SOLID_ANGLE_UNIT ( ) );
#177 = FILL_AREA_STYLE_COLOUR ( '', #1716 ) ;
#178 = PRESENTATION_STYLE_ASSIGNMENT (( #1324 ) ) ;
#179 = ORIENTED_EDGE ( 'NONE', *, *, #1046, .T. ) ;
#180 = FILL_AREA_STYLE_COLOUR ( '', #1781 ) ;
#181 = FACE_OUTER_BOUND ( 'NONE', #1749, .T. ) ;
#182 = UNCERTAINTY_MEASURE_WITH_UNIT (LENGTH_MEASURE( 1.000000000000000082E-05 ), #652, 'distance_accuracy_value', 'NONE');
#183 = VECTOR ( 'NONE', #1676, 1000.000000000000000 ) ;
#184 = STYLED_ITEM ( 'NONE', ( #1007 ), #19 ) ;
#185 = CARTESIAN_POINT ( 'NONE',  ( 0.5400576522690599957, 0.6824488878553378601, -0.3300975414851680667 ) ) ;
#186 = DIRECTION ( 'NONE',  ( 0.9925461516413212060, 0.1218693434051545260, -0.0000000000000000000 ) ) ;
#187 =( GEOMETRIC_REPRESENTATION_CONTEXT ( 3 ) GLOBAL_UNCERTAINTY_ASSIGNED_CONTEXT ( ( #1480 ) ) GLOBAL_UNIT_ASSIGNED_CONTEXT ( ( #655, #645, #507 ) ) REPRESENTATION_CONTEXT ( 'NONE', 'WORKASPACE' ) );
#188 = MECHANICAL_DESIGN_GEOMETRIC_PRESENTATION_REPRESENTATION (  '', ( #938 ), #51 ) ;
#189 = SURFACE_SIDE_STYLE ('',( #1158 ) ) ;
#190 = COLOUR_RGB ( '',1.000000000000000000, 1.000000000000000000, 1.000000000000000000 ) ;
#191 = DIRECTION ( 'NONE',  ( 0.0000000000000000000, 1.000000000000000000, 0.0000000000000000000 ) ) ;
#192 = MECHANICAL_DESIGN_GEOMETRIC_PRESENTATION_REPRESENTATION (  '', ( #1427 ), #86 ) ;
#193 = ORIENTED_EDGE ( 'NONE', *, *, #1019, .F. ) ;
#194 = STYLED_ITEM ( 'NONE', ( #931 ), #1486 ) ;
#195 = CARTESIAN_POINT ( 'NONE',  ( -0.5859580340791509245, 0.1975793560946523253, -0.3972470910829155044 ) ) ;
#196 = PRESENTATION_LAYER_ASSIGNMENT (  '', '', ( #1678 ) ) ;
#197 = PRESENTATION_STYLE_ASSIGNMENT (( #470 ) ) ;
#198 = DIRECTION ( 'NONE',  ( 0.0000000000000000000, 1.000000000000000000, 0.0000000000000000000 ) ) ;
#199 = CARTESIAN_POINT ( 'NONE',  ( 0.5280972242417429907, 0.6893252848791463494, -0.3400576522690553216 ) ) ;
#200 = DIRECTION ( 'NONE',  ( -1.000000000000000000, 0.0000000000000000000, 0.0000000000000000000 ) ) ;
#201 = DIRECTION ( 'NONE',  ( -1.000000000000000000, 0.0000000000000000000, 2.168404344971008868E-16 ) ) ;
#202 = EDGE_CURVE ( 'NONE', #1093, #572, #319, .T. ) ;
#203 = ORIENTED_EDGE ( 'NONE', *, *, #932, .F. ) ;
#204 = DIRECTION ( 'NONE',  ( -1.000000000000000000, 0.0000000000000000000, 0.0000000000000000000 ) ) ;
#205 = EDGE_CURVE ( 'NONE', #576, #1562, #967, .T. ) ;
#206 = CARTESIAN_POINT ( 'NONE',  ( 0.5944248268319776152, 0.1745938583236716357, 0.3944248268319776041 ) ) ;
#207 = LINE ( 'NONE', #1784, #1283 ) ;
#208 = SURFACE_STYLE_USAGE ( .BOTH. , #1471 ) ;
#209 = CARTESIAN_POINT ( 'NONE',  ( -0.5120659616118676816, 0.7000000000000000666, -0.3120659616118632851 ) ) ;
#210 =( NAMED_UNIT ( * ) SI_UNIT ( $, .STERADIAN. ) SOLID_ANGLE_UNIT ( ) );
#211 = FILL_AREA_STYLE_COLOUR ( '', #1641 ) ;
#212 = ORIENTED_EDGE ( 'NONE', *, *, #1419, .T. ) ;
#213 = EDGE_CURVE ( 'NONE', #1595, #1465, #488, .T. ) ;
#214 = PLANE ( 'NONE',  #1485 ) ;
#215 =( NAMED_UNIT ( * ) PLANE_ANGLE_UNIT ( ) SI_UNIT ( $, .RADIAN. ) );
#216 = COLOUR_RGB ( '',0.2509803921568627416, 0.2509803921568627416, 0.2509803921568627416 ) ;
#217 =( LENGTH_UNIT ( ) NAMED_UNIT ( * ) SI_UNIT ( .MILLI., .METRE. ) );
#218 =( BOUNDED_SURFACE ( )  B_SPLINE_SURFACE ( 3, 3, ( 
 ( #1163, #619, #1602, #1061 ),
 ( #1444, #1718, #1583, #885 ),
 ( #767, #316, #600, #1041 ),
 ( #1293, #906, #443, #1592 ) ),
 .UNSPECIFIED., .F., .F., .F. ) 
 B_SPLINE_SURFACE_WITH_KNOTS ( ( 4, 4 ),
 ( 4, 4 ),
 ( 0.0000000000000000000, 1.000000000000000000 ),
 ( 0.0000000000000000000, 1.000000000000000000 ),
 .UNSPECIFIED. ) 
 GEOMETRIC_REPRESENTATION_ITEM ( )  RATIONAL_B_SPLINE_SURFACE ( (
 ( 1.000000000000000000, 0.8307126645170462842, 0.8307126645170462842, 1.000000000000000000),
 ( 0.8307126645170473944, 0.6900835309890116509, 0.6900835309890116509, 0.8307126645170473944),
 ( 0.8307126645170473944, 0.6900835309890116509, 0.6900835309890116509, 0.8307126645170473944),
 ( 1.000000000000000000, 0.8307126645170462842, 0.8307126645170462842, 1.000000000000000000) ) ) 
 REPRESENTATION_ITEM ( '' )  SURFACE ( )  );
#219 = CARTESIAN_POINT ( 'NONE',  ( 0.5418423461611076020, 0.6736560803021546251, 0.3120659616118632851 ) ) ;
#220 = STYLED_ITEM ( 'NONE', ( #1150 ), #1119 ) ;
#221 = ORIENTED_EDGE ( 'NONE', *, *, #646, .F. ) ;
#222 = COLOUR_RGB ( '',0.2509803921568627416, 0.2509803921568627416, 0.2509803921568627416 ) ;
#223 = AXIS2_PLACEMENT_3D ( 'NONE', #1506, #1360, #1216 ) ;
#224 = LINE ( 'NONE', #681, #391 ) ;
#225 = EDGE_LOOP ( 'NONE', ( #124, #669, #242, #793, #653 ) ) ;
#226 = MECHANICAL_DESIGN_GEOMETRIC_PRESENTATION_REPRESENTATION (  '', ( #1783 ), #1403 ) ;
#227 = VECTOR ( 'NONE', #961, 1000.000000000000000 ) ;
#228 = EDGE_CURVE ( 'NONE', #572, #1397, #87, .T. ) ;
#229 = UNCERTAINTY_MEASURE_WITH_UNIT (LENGTH_MEASURE( 1.000000000000000082E-05 ), #851, 'distance_accuracy_value', 'NONE');
#230 = CARTESIAN_POINT ( 'NONE',  ( -0.8000000000000000444, 0.2000000000000000111, -0.1499999999999999667 ) ) ;
#231 = CARTESIAN_POINT ( 'NONE',  ( -0.5754430878194164434, 0.02000000000000000042, -0.3999999999999941380 ) ) ;
#232 = EDGE_LOOP ( 'NONE', ( #1148, #802, #960, #1762 ) ) ;
#233 = PLANE ( 'NONE',  #1750 ) ;
#234 = ORIENTED_EDGE ( 'NONE', *, *, #1757, .T. ) ;
#235 = CYLINDRICAL_SURFACE ( 'NONE', #1724, 0.02999999999999997113 ) ;
#236 = CARTESIAN_POINT ( 'NONE',  ( -0.5999999999999988676, 0.1999999999999999833, 0.3999999999999941380 ) ) ;
#237 = SURFACE_SIDE_STYLE ('',( #1504 ) ) ;
#238 = DIRECTION ( 'NONE',  ( 0.0000000000000000000, 0.1218693434051487112, -0.9925461516413217611 ) ) ;
#239 = EDGE_CURVE ( 'NONE', #615, #1011, #404, .T. ) ;
#240 = ORIENTED_EDGE ( 'NONE', *, *, #1125, .F. ) ;
#241 = CARTESIAN_POINT ( 'NONE',  ( 0.5754430878194186638, 0.02000000000000002470, 0.1499999999999998557 ) ) ;
#242 = ORIENTED_EDGE ( 'NONE', *, *, #908, .F. ) ;
#243 = SURFACE_STYLE_FILL_AREA ( #548 ) ;
#244 = PRODUCT_DEFINITION_CONTEXT ( 'detailed design', #490, 'design' ) ;
#245 =( NAMED_UNIT ( * ) PLANE_ANGLE_UNIT ( ) SI_UNIT ( $, .RADIAN. ) );
#246 = PRESENTATION_STYLE_ASSIGNMENT (( #1666 ) ) ;
#247 = EDGE_CURVE ( 'NONE', #84, #576, #1117, .T. ) ;
#248 = PRESENTATION_LAYER_ASSIGNMENT (  '', '', ( #542 ) ) ;
#249 = FILL_AREA_STYLE_COLOUR ( '', #1518 ) ;
#250 = COLOUR_RGB ( '',1.000000000000000000, 1.000000000000000000, 1.000000000000000000 ) ;
#251 = MECHANICAL_DESIGN_GEOMETRIC_PRESENTATION_REPRESENTATION (  '', ( #1168 ), #846 ) ;
#252 = ORIENTED_EDGE ( 'NONE', *, *, #958, .T. ) ;
#253 = PRESENTATION_LAYER_ASSIGNMENT (  '', '', ( #1059 ) ) ;
#254 = VECTOR ( 'NONE', #887, 1000.000000000000114 ) ;
#255 = SURFACE_STYLE_USAGE ( .BOTH. , #383 ) ;
#256 = AXIS2_PLACEMENT_3D ( 'NONE', #1450, #186, #1744 ) ;
#257 = VECTOR ( 'NONE', #109, 1000.000000000000000 ) ;
#258 = SURFACE_SIDE_STYLE ('',( #1521 ) ) ;
#259 = DIRECTION ( 'NONE',  ( -1.000000000000000000, -0.0000000000000000000, 0.0000000000000000000 ) ) ;
#260 = EDGE_CURVE ( 'NONE', #33, #1500, #1439, .T. ) ;
#261 = ORIENTED_EDGE ( 'NONE', *, *, #345, .T. ) ;
#262 = DIRECTION ( 'NONE',  ( 0.0000000000000000000, 1.000000000000000000, 0.0000000000000000000 ) ) ;
#263 = ADVANCED_FACE ( 'NONE', ( #175 ), #1620, .T. ) ;
#264 = UNCERTAINTY_MEASURE_WITH_UNIT (LENGTH_MEASURE( 1.000000000000000082E-05 ), #877, 'distance_accuracy_value', 'NONE');
#265 = CARTESIAN_POINT ( 'NONE',  ( -0.5754430878194164434, 0.01999999999999998307, -0.3754430878194117138 ) ) ;
#266 = SURFACE_SIDE_STYLE ('',( #994 ) ) ;
#267 = EDGE_LOOP ( 'NONE', ( #1055, #1446, #1208, #865 ) ) ;
#268 = FACE_OUTER_BOUND ( 'NONE', #1438, .T. ) ;
#269 = LINE ( 'NONE', #701, #567 ) ;
#270 = LINE ( 'NONE', #1663, #28 ) ;
#271 = FACE_OUTER_BOUND ( 'NONE', #863, .T. ) ;
#272 = FACE_OUTER_BOUND ( 'NONE', #688, .T. ) ;
#273 = CARTESIAN_POINT ( 'NONE',  ( 0.5400576522690598846, 0.6824488878553375271, 0.3300975414851680667 ) ) ;
#274 = ORIENTED_EDGE ( 'NONE', *, *, #558, .F. ) ;
#275 = CARTESIAN_POINT ( 'NONE',  ( -0.5859580340791505915, 0.1975793560946296767, 0.3972470910829196122 ) ) ;
#276 = VECTOR ( 'NONE', #281, 1000.000000000000000 ) ;
#277 = COLOUR_RGB ( '',0.7529411764705882248, 0.7529411764705882248, 0.7529411764705882248 ) ;
#278 = DIRECTION ( 'NONE',  ( 1.000000000000000000, -0.0000000000000000000, 0.0000000000000000000 ) ) ;
#279 = STYLED_ITEM ( 'NONE', ( #1774 ), #982 ) ;
#280 = AXIS2_PLACEMENT_3D ( 'NONE', #879, #1181, #1751 ) ;
#281 = DIRECTION ( 'NONE',  ( -0.0000000000000000000, -1.000000000000000000, -0.0000000000000000000 ) ) ;
#282 = PLANE ( 'NONE',  #965 ) ;
#283 = STYLED_ITEM ( 'NONE', ( #197 ), #1466 ) ;
#284 =( NAMED_UNIT ( * ) PLANE_ANGLE_UNIT ( ) SI_UNIT ( $, .RADIAN. ) );
#285 = FILL_AREA_STYLE_COLOUR ( '', #190 ) ;
#286 = ORIENTED_EDGE ( 'NONE', *, *, #1579, .T. ) ;
#287 = SURFACE_SIDE_STYLE ('',( #65 ) ) ;
#288 = DIRECTION ( 'NONE',  ( 1.000000000000000000, -0.0000000000000000000, 0.0000000000000000000 ) ) ;
#289 = VERTEX_POINT ( 'NONE', #1186 ) ;
#290 = PRESENTATION_STYLE_ASSIGNMENT (( #1799 ) ) ;
#291 = CARTESIAN_POINT ( 'NONE',  ( -0.5999999999999987566, 0.6700000000000000400, -0.3120659616118633406 ) ) ;
#292 = ADVANCED_FACE ( 'NONE', ( #1586 ), #1320, .T. ) ;
#293 = ORIENTED_EDGE ( 'NONE', *, *, #1133, .F. ) ;
#294 = EDGE_CURVE ( 'NONE', #1562, #433, #1512, .T. ) ;
#295 =( LENGTH_UNIT ( ) NAMED_UNIT ( * ) SI_UNIT ( .MILLI., .METRE. ) );
#296 = FILL_AREA_STYLE ('',( #61 ) ) ;
#297 = SURFACE_STYLE_USAGE ( .BOTH. , #552 ) ;
#298 = ORIENTED_EDGE ( 'NONE', *, *, #1503, .T. ) ;
#299 = AXIS2_PLACEMENT_3D ( 'NONE', #1532, #399, #1527 ) ;
#300 =( NAMED_UNIT ( * ) PLANE_ANGLE_UNIT ( ) SI_UNIT ( $, .RADIAN. ) );
#301 = AXIS2_PLACEMENT_3D ( 'NONE', #677, #1241, #138 ) ;
#302 =( GEOMETRIC_REPRESENTATION_CONTEXT ( 3 ) GLOBAL_UNCERTAINTY_ASSIGNED_CONTEXT ( ( #805 ) ) GLOBAL_UNIT_ASSIGNED_CONTEXT ( ( #625, #608, #46 ) ) REPRESENTATION_CONTEXT ( 'NONE', 'WORKASPACE' ) );
#303 = VECTOR ( 'NONE', #659, 1000.000000000000000 ) ;
#304 = COLOUR_RGB ( '',0.7921568627450980005, 0.8196078431372548767, 0.9333333333333333481 ) ;
#305 =( GEOMETRIC_REPRESENTATION_CONTEXT ( 3 ) GLOBAL_UNCERTAINTY_ASSIGNED_CONTEXT ( ( #1069 ) ) GLOBAL_UNIT_ASSIGNED_CONTEXT ( ( #853, #685, #825 ) ) REPRESENTATION_CONTEXT ( 'NONE', 'WORKASPACE' ) );
#306 = DIRECTION ( 'NONE',  ( -1.000000000000000000, 0.0000000000000000000, -1.084202172485504434E-16 ) ) ;
#307 = STYLED_ITEM ( 'NONE', ( #395 ), #1587 ) ;
#308 =( NAMED_UNIT ( * ) SI_UNIT ( $, .STERADIAN. ) SOLID_ANGLE_UNIT ( ) );
#309 = VERTEX_POINT ( 'NONE', #1651 ) ;
#310 = CARTESIAN_POINT ( 'NONE',  ( -0.5120659616118680146, 0.6989999999999999547, -0.3120659616118633406 ) ) ;
#311 = EDGE_CURVE ( 'NONE', #1, #614, #1638, .T. ) ;
#312 =( NAMED_UNIT ( * ) SI_UNIT ( $, .STERADIAN. ) SOLID_ANGLE_UNIT ( ) );
#313 = LINE ( 'NONE', #1441, #1606 ) ;
#314 = UNCERTAINTY_MEASURE_WITH_UNIT (LENGTH_MEASURE( 1.000000000000000082E-05 ), #832, 'distance_accuracy_value', 'NONE');
#315 = CARTESIAN_POINT ( 'NONE',  ( 0.5280972242417429907, 0.6733971368769822163, -0.3418729987178734109 ) ) ;
#316 = CARTESIAN_POINT ( 'NONE',  ( -0.5400576522690598846, 0.6893252848791450171, 0.3223929188550209157 ) ) ;
#317 = DIRECTION ( 'NONE',  ( 1.000000000000000000, 0.0000000000000000000, -0.0000000000000000000 ) ) ;
#318 = ORIENTED_EDGE ( 'NONE', *, *, #797, .F. ) ;
#319 = LINE ( 'NONE', #1335, #254 ) ;
#320 = EDGE_CURVE ( 'NONE', #334, #1475, #801, .T. ) ;
#321 =( NAMED_UNIT ( * ) PLANE_ANGLE_UNIT ( ) SI_UNIT ( $, .RADIAN. ) );
#322 = SURFACE_STYLE_FILL_AREA ( #1463 ) ;
#323 = DIRECTION ( 'NONE',  ( -0.1218693434051553587, -0.9925461516413209839, 0.0000000000000000000 ) ) ;
#324 = ORIENTED_EDGE ( 'NONE', *, *, #412, .F. ) ;
#325 = DIRECTION ( 'NONE',  ( -0.1209742911513548291, -0.9852565360152931717, 0.1209742911513548291 ) ) ;
#326 = FILL_AREA_STYLE_COLOUR ( '', #277 ) ;
#327 = UNCERTAINTY_MEASURE_WITH_UNIT (LENGTH_MEASURE( 1.000000000000000082E-05 ), #64, 'distance_accuracy_value', 'NONE');
#328 = DIRECTION ( 'NONE',  ( 1.000000000000000000, 0.0000000000000000000, 0.0000000000000000000 ) ) ;
#329 = VECTOR ( 'NONE', #1161, 1000.000000000000000 ) ;
#330 = PRESENTATION_LAYER_ASSIGNMENT (  '', '', ( #184 ) ) ;
#331 = AXIS2_PLACEMENT_3D ( 'NONE', #375, #535, #1109 ) ;
#332 = CARTESIAN_POINT ( 'NONE',  ( -0.8000000000000000444, 0.0000000000000000000, 0.1500000000000000500 ) ) ;
#333 = FILL_AREA_STYLE ('',( #153 ) ) ;
#334 = VERTEX_POINT ( 'NONE', #112 ) ;
#335 = MECHANICAL_DESIGN_GEOMETRIC_PRESENTATION_REPRESENTATION (  '', ( #307 ), #822 ) ;
#336 = VERTEX_POINT ( 'NONE', #1384 ) ;
#337 = CARTESIAN_POINT ( 'NONE',  ( 0.5754430878194186638, 0.01999999999999997266, -0.3754430878194117138 ) ) ;
#338 =( NAMED_UNIT ( * ) SI_UNIT ( $, .STERADIAN. ) SOLID_ANGLE_UNIT ( ) );
#339 = CARTESIAN_POINT ( 'NONE',  ( 0.8000000000000000444, 0.2000000000000000111, -0.1500000000000001055 ) ) ;
#340 = SURFACE_STYLE_FILL_AREA ( #1736 ) ;
#341 = CARTESIAN_POINT ( 'NONE',  ( -0.2620659616118680701, 0.6999999999999999556, -0.3999999999999941380 ) ) ;
#342 =( BOUNDED_SURFACE ( )  B_SPLINE_SURFACE ( 3, 3, ( 
 ( #45, #799, #1635, #209 ),
 ( #1769, #502, #1349, #818 ),
 ( #1243, #1090, #361, #96 ),
 ( #1080, #122, #957, #1215 ) ),
 .UNSPECIFIED., .F., .F., .T. ) 
 B_SPLINE_SURFACE_WITH_KNOTS ( ( 4, 4 ),
 ( 4, 4 ),
 ( 0.0000000000000000000, 1.000000000000000000 ),
 ( 0.0000000000000000000, 1.000000000000000000 ),
 .UNSPECIFIED. ) 
 GEOMETRIC_REPRESENTATION_ITEM ( )  RATIONAL_B_SPLINE_SURFACE ( (
 ( 1.000000000000000000, 0.8307126645170465062, 0.8307126645170465062, 1.000000000000000000),
 ( 0.8307126645170438417, 0.6900835309890088753, 0.6900835309890088753, 0.8307126645170438417),
 ( 0.8307126645170438417, 0.6900835309890088753, 0.6900835309890088753, 0.8307126645170438417),
 ( 1.000000000000000000, 0.8307126645170465062, 0.8307126645170465062, 1.000000000000000000) ) ) 
 REPRESENTATION_ITEM ( '' )  SURFACE ( )  );
#343 = CARTESIAN_POINT ( 'NONE',  ( 0.5987721543909707567, 0.2099999999999907219, -0.3770373992183313483 ) ) ;
#344 = ORIENTED_EDGE ( 'NONE', *, *, #1019, .T. ) ;
#345 = EDGE_CURVE ( 'NONE', #1, #1711, #1484, .T. ) ;
#346 = DIRECTION ( 'NONE',  ( 0.0000000000000000000, -1.000000000000000000, 0.0000000000000000000 ) ) ;
#347 = ORIENTED_EDGE ( 'NONE', *, *, #1615, .T. ) ;
#348 = CARTESIAN_POINT ( 'NONE',  ( 0.5999999999999987566, 0.1999999999999999833, 0.3999999999999941380 ) ) ;
#349 = FILL_AREA_STYLE_COLOUR ( '', #867 ) ;
#350 = UNCERTAINTY_MEASURE_WITH_UNIT (LENGTH_MEASURE( 1.000000000000000082E-05 ), #578, 'distance_accuracy_value', 'NONE');
#351 = DIRECTION ( 'NONE',  ( 0.0000000000000000000, 1.837589179357618039E-15, 1.000000000000000000 ) ) ;
#352 = FILL_AREA_STYLE_COLOUR ( '', #550 ) ;
#353 = DIRECTION ( 'NONE',  ( -1.000000000000000000, -0.0000000000000000000, -0.0000000000000000000 ) ) ;
#354 = CARTESIAN_POINT ( 'NONE',  ( -0.5999999999999987566, 0.6999999999999999556, 0.3120659616118633406 ) ) ;
#355 = ORIENTED_EDGE ( 'NONE', *, *, #239, .T. ) ;
#356 = DIRECTION ( 'NONE',  ( -0.0000000000000000000, -0.0000000000000000000, -1.000000000000000000 ) ) ;
#357 = ORIENTED_EDGE ( 'NONE', *, *, #1440, .F. ) ;
#358 = PRESENTATION_STYLE_ASSIGNMENT (( #1631 ) ) ;
#359 = CARTESIAN_POINT ( 'NONE',  ( 0.5500000000000000444, 0.02000000000000000389, -0.1500000000000001887 ) ) ;
#360 = VECTOR ( 'NONE', #1623, 1000.000000000000000 ) ;
#361 = CARTESIAN_POINT ( 'NONE',  ( -0.5400576522690598846, 0.6893252848791451282, -0.3223929188550209712 ) ) ;
#362 = VERTEX_POINT ( 'NONE', #123 ) ;
#363 = PRESENTATION_LAYER_ASSIGNMENT (  '', '', ( #938 ) ) ;
#364 = VECTOR ( 'NONE', #1800, 1000.000000000000227 ) ;
#365 = LINE ( 'NONE', #672, #482 ) ;
#366 = VERTEX_POINT ( 'NONE', #951 ) ;
#367 = AXIS2_PLACEMENT_3D ( 'NONE', #348, #70, #79 ) ;
#368 = VECTOR ( 'NONE', #1111, 1000.000000000000000 ) ;
#369 = CARTESIAN_POINT ( 'NONE',  ( -0.5120659616118680146, 0.6989999999999999547, 0.3120659616118633406 ) ) ;
#370 = EDGE_CURVE ( 'NONE', #812, #392, #828, .T. ) ;
#371 = FILL_AREA_STYLE ('',( #1647 ) ) ;
#372 = CARTESIAN_POINT ( 'NONE',  ( -0.5999999999999987566, 0.7000000000000000666, -0.3120659616118633406 ) ) ;
#373 =( LENGTH_UNIT ( ) NAMED_UNIT ( * ) SI_UNIT ( .MILLI., .METRE. ) );
#374 = ORIENTED_EDGE ( 'NONE', *, *, #673, .T. ) ;
#375 = CARTESIAN_POINT ( 'NONE',  ( -0.5120659616118680146, 0.6700000000000000400, -0.3999999999999941380 ) ) ;
#376 = ORIENTED_EDGE ( 'NONE', *, *, #530, .F. ) ;
#377 = CARTESIAN_POINT ( 'NONE',  ( -0.5689957698417338339, 0.2099999999999722367, 0.3987721543909684696 ) ) ;
#378 = PRESENTATION_STYLE_ASSIGNMENT (( #1493 ) ) ;
#379 = PLANE ( 'NONE',  #787 ) ;
#380 = CARTESIAN_POINT ( 'NONE',  ( 0.5987721543909707567, 0.2099999999999908051, 0.3689957698417264953 ) ) ;
#381 = ORIENTED_EDGE ( 'NONE', *, *, #748, .F. ) ;
#382 =( LENGTH_UNIT ( ) NAMED_UNIT ( * ) SI_UNIT ( .MILLI., .METRE. ) );
#383 = SURFACE_SIDE_STYLE ('',( #559 ) ) ;
#384 = UNCERTAINTY_MEASURE_WITH_UNIT (LENGTH_MEASURE( 1.000000000000000082E-05 ), #50, 'distance_accuracy_value', 'NONE');
#385 = FILL_AREA_STYLE_COLOUR ( '', #81 ) ;
#386 = PRESENTATION_STYLE_ASSIGNMENT (( #1106 ) ) ;
#387 = CARTESIAN_POINT ( 'NONE',  ( 0.5770373992183358558, 0.2100000000000001865, -0.3987721543909650834 ) ) ;
#388 = MECHANICAL_DESIGN_GEOMETRIC_PRESENTATION_REPRESENTATION (  '', ( #934 ), #1308 ) ;
#389 = LINE ( 'NONE', #1508, #1520 ) ;
#390 = STYLED_ITEM ( 'NONE', ( #814 ), #1115 ) ;
#391 = VECTOR ( 'NONE', #1236, 1000.000000000000000 ) ;
#392 = VERTEX_POINT ( 'NONE', #505 ) ;
#393 = COLOUR_RGB ( '',0.2509803921568627416, 0.2509803921568627416, 0.2509803921568627416 ) ;
#394 = VECTOR ( 'NONE', #259, 1000.000000000000000 ) ;
#395 = PRESENTATION_STYLE_ASSIGNMENT (( #117 ) ) ;
#396 = DIRECTION ( 'NONE',  ( 1.000000000000000000, 0.0000000000000000000, -0.0000000000000000000 ) ) ;
#397 = PRESENTATION_LAYER_ASSIGNMENT (  '', '', ( #1700 ) ) ;
#398 = VECTOR ( 'NONE', #592, 1000.000000000000000 ) ;
#399 = DIRECTION ( 'NONE',  ( 1.000000000000000000, 0.0000000000000000000, 0.0000000000000000000 ) ) ;
#400 = CARTESIAN_POINT ( 'NONE',  ( 0.5500000000000000444, 0.2000000000000000111, 0.1499999999999998557 ) ) ;
#401 = EDGE_CURVE ( 'NONE', #1397, #1739, #1667, .T. ) ;
#402 = EDGE_LOOP ( 'NONE', ( #928, #78, #1791, #355, #347 ) ) ;
#403 = SURFACE_SIDE_STYLE ('',( #1406 ) ) ;
#404 =( BOUNDED_CURVE ( )  B_SPLINE_CURVE ( 3, ( #1327, #1455, #195, #77 ),
 .UNSPECIFIED., .F., .T. ) 
 B_SPLINE_CURVE_WITH_KNOTS ( ( 4, 4 ),
 ( 3.171745790145551691, 3.949717612070467343 ),
 .UNSPECIFIED. ) 
 CURVE ( )  GEOMETRIC_REPRESENTATION_ITEM ( )  RATIONAL_B_SPLINE_CURVE ( ( 1.000000000000000000, 0.9501960860785625407, 0.9501960860785625407, 1.000000000000000000 ) ) 
 REPRESENTATION_ITEM ( '' )  );
#405 = FILL_AREA_STYLE_COLOUR ( '', #250 ) ;
#406 = PRESENTATION_STYLE_ASSIGNMENT (( #840 ) ) ;
#407 = ORIENTED_EDGE ( 'NONE', *, *, #1555, .T. ) ;
#408 = DIRECTION ( 'NONE',  ( -0.0000000000000000000, -1.000000000000000000, -0.0000000000000000000 ) ) ;
#409 = CARTESIAN_POINT ( 'NONE',  ( -0.5999999999999988676, 0.02000000000000000042, -0.3754430878194117138 ) ) ;
#410 = ORIENTED_EDGE ( 'NONE', *, *, #692, .T. ) ;
#411 = CARTESIAN_POINT ( 'NONE',  ( 0.5418423461611076020, 0.6736560803021546251, 0.3999999999999941380 ) ) ;
#412 = EDGE_CURVE ( 'NONE', #66, #812, #1083, .T. ) ;
#413 = CARTESIAN_POINT ( 'NONE',  ( 0.5706593862616166080, 0.1964509315531764444, -0.4004357708108516878 ) ) ;
#414 =( BOUNDED_SURFACE ( )  B_SPLINE_SURFACE ( 3, 3, ( 
 ( #1728, #1040, #38, #435 ),
 ( #172, #185, #1017, #1563 ),
 ( #315, #199, #1178, #905 ),
 ( #73, #473, #1461, #611 ) ),
 .UNSPECIFIED., .F., .F., .T. ) 
 B_SPLINE_SURFACE_WITH_KNOTS ( ( 4, 4 ),
 ( 4, 4 ),
 ( 0.0000000000000000000, 1.000000000000000000 ),
 ( 0.0000000000000000000, 1.000000000000000000 ),
 .UNSPECIFIED. ) 
 GEOMETRIC_REPRESENTATION_ITEM ( )  RATIONAL_B_SPLINE_SURFACE ( (
 ( 1.000000000000000000, 0.8307126645170225254, 0.8307126645170225254, 1.000000000000000000),
 ( 0.8307126645170441748, 0.6900835309889892244, 0.6900835309889892244, 0.8307126645170441748),
 ( 0.8307126645170441748, 0.6900835309889892244, 0.6900835309889892244, 0.8307126645170441748),
 ( 1.000000000000000000, 0.8307126645170225254, 0.8307126645170225254, 1.000000000000000000) ) ) 
 REPRESENTATION_ITEM ( '' )  SURFACE ( )  );
#415 = ORIENTED_EDGE ( 'NONE', *, *, #401, .T. ) ;
#416 = LINE ( 'NONE', #1556, #163 ) ;
#417 = CARTESIAN_POINT ( 'NONE',  ( -0.5689957698417338339, 0.2099999999999722367, 0.3987721543909684696 ) ) ;
#418 = ORIENTED_EDGE ( 'NONE', *, *, #1258, .T. ) ;
#419 = VECTOR ( 'NONE', #1247, 1000.000000000000000 ) ;
#420 = STYLED_ITEM ( 'NONE', ( #1299 ), #68 ) ;
#421 = LINE ( 'NONE', #850, #935 ) ;
#422 = SURFACE_STYLE_USAGE ( .BOTH. , #1510 ) ;
#423 = COLOUR_RGB ( '',0.7529411764705882248, 0.7529411764705882248, 0.7529411764705882248 ) ;
#424 = STYLED_ITEM ( 'NONE', ( #1679 ), #1301 ) ;
#425 = CARTESIAN_POINT ( 'NONE',  ( -0.5500000000000000444, 0.2000000000000000111, 0.1499999999999999944 ) ) ;
#426 = ORIENTED_EDGE ( 'NONE', *, *, #448, .F. ) ;
#427 = VECTOR ( 'NONE', #431, 1000.000000000000000 ) ;
#428 = FACE_OUTER_BOUND ( 'NONE', #1053, .T. ) ;
#429 = ORIENTED_EDGE ( 'NONE', *, *, #144, .F. ) ;
#430 = PRESENTATION_STYLE_ASSIGNMENT (( #1702 ) ) ;
#431 = DIRECTION ( 'NONE',  ( 1.000000000000000000, 0.0000000000000000000, -0.0000000000000000000 ) ) ;
#432 = FILL_AREA_STYLE ('',( #35 ) ) ;
#433 = VERTEX_POINT ( 'NONE', #929 ) ;
#434 = CARTESIAN_POINT ( 'NONE',  ( -0.8000000000000000444, 0.0000000000000000000, -0.1499999999999999667 ) ) ;
#435 = CARTESIAN_POINT ( 'NONE',  ( 0.5418729987178778629, 0.6733971368769822163, -0.3120659616118630075 ) ) ;
#436 = FILL_AREA_STYLE ('',( #285 ) ) ;
#437 = ORIENTED_EDGE ( 'NONE', *, *, #568, .F. ) ;
#438 = DIRECTION ( 'NONE',  ( -0.0000000000000000000, -1.000000000000000000, 0.0000000000000000000 ) ) ;
#439 = CARTESIAN_POINT ( 'NONE',  ( -0.5944248268319760609, 0.1745938583236761599, 0.3944248268319782147 ) ) ;
#440 = FILL_AREA_STYLE_COLOUR ( '', #1748 ) ;
#441 =( NAMED_UNIT ( * ) PLANE_ANGLE_UNIT ( ) SI_UNIT ( $, .RADIAN. ) );
#442 = CARTESIAN_POINT ( 'NONE',  ( -0.5500000000000000444, 0.01999999999999999695, 0.1499999999999999667 ) ) ;
#443 = CARTESIAN_POINT ( 'NONE',  ( -0.5418729987178777519, 0.6721883545973710294, 0.3152356817645509124 ) ) ;
#444 = EDGE_CURVE ( 'NONE', #84, #1537, #365, .T. ) ;
#445 = CYLINDRICAL_SURFACE ( 'NONE', #603, 0.02999999999999997807 ) ;
#446 =( NAMED_UNIT ( * ) PLANE_ANGLE_UNIT ( ) SI_UNIT ( $, .RADIAN. ) );
#447 = ORIENTED_EDGE ( 'NONE', *, *, #1642, .F. ) ;
#448 = EDGE_CURVE ( 'NONE', #1739, #1770, #224, .T. ) ;
#449 = PRESENTATION_STYLE_ASSIGNMENT (( #1304 ) ) ;
#450 =( NAMED_UNIT ( * ) PLANE_ANGLE_UNIT ( ) SI_UNIT ( $, .RADIAN. ) );
#451 = CARTESIAN_POINT ( 'NONE',  ( -0.5120659616118680146, 0.6700000000000000400, -0.3120659616118633406 ) ) ;
#452 =( GEOMETRIC_REPRESENTATION_CONTEXT ( 3 ) GLOBAL_UNCERTAINTY_ASSIGNED_CONTEXT ( ( #314 ) ) GLOBAL_UNIT_ASSIGNED_CONTEXT ( ( #832, #684, #1682 ) ) REPRESENTATION_CONTEXT ( 'NONE', 'WORKASPACE' ) );
#453 = VECTOR ( 'NONE', #105, 1000.000000000000000 ) ;
#454 = SURFACE_STYLE_USAGE ( .BOTH. , #884 ) ;
#455 = SURFACE_STYLE_FILL_AREA ( #1462 ) ;
#456 =( GEOMETRIC_REPRESENTATION_CONTEXT ( 3 ) GLOBAL_UNCERTAINTY_ASSIGNED_CONTEXT ( ( #384 ) ) GLOBAL_UNIT_ASSIGNED_CONTEXT ( ( #50, #321, #1050 ) ) REPRESENTATION_CONTEXT ( 'NONE', 'WORKASPACE' ) );
#457 =( GEOMETRIC_REPRESENTATION_CONTEXT ( 3 ) GLOBAL_UNCERTAINTY_ASSIGNED_CONTEXT ( ( #1519 ) ) GLOBAL_UNIT_ASSIGNED_CONTEXT ( ( #382, #1662, #733 ) ) REPRESENTATION_CONTEXT ( 'NONE', 'WORKASPACE' ) );
#458 = ORIENTED_EDGE ( 'NONE', *, *, #1579, .F. ) ;
#459 = SURFACE_STYLE_USAGE ( .BOTH. , #1609 ) ;
#460 = EDGE_CURVE ( 'NONE', #730, #615, #389, .T. ) ;
#461 = DIRECTION ( 'NONE',  ( 0.1209742911513548291, -0.9852565360152931717, -0.1209742911513548291 ) ) ;
#462 = UNCERTAINTY_MEASURE_WITH_UNIT (LENGTH_MEASURE( 1.000000000000000082E-05 ), #1274, 'distance_accuracy_value', 'NONE');
#463 = APPLICATION_PROTOCOL_DEFINITION ( 'draft international standard', 'automotive_design', 1998, #490 ) ;
#464 = DIRECTION ( 'NONE',  ( 0.0000000000000000000, 1.000000000000000000, 0.0000000000000000000 ) ) ;
#465 = SURFACE_STYLE_USAGE ( .BOTH. , #62 ) ;
#466 = DIRECTION ( 'NONE',  ( -0.0000000000000000000, -1.000000000000000000, 0.0000000000000000000 ) ) ;
#467 = DIRECTION ( 'NONE',  ( 1.000000000000000000, 0.0000000000000000000, -3.252606517456513302E-16 ) ) ;
#468 = EDGE_LOOP ( 'NONE', ( #1778, #1238, #1577, #147 ) ) ;
#469 = ADVANCED_FACE ( 'NONE', ( #1499 ), #233, .F. ) ;
#470 = SURFACE_STYLE_USAGE ( .BOTH. , #1560 ) ;
#471 =( NAMED_UNIT ( * ) PLANE_ANGLE_UNIT ( ) SI_UNIT ( $, .RADIAN. ) );
#472 = SURFACE_SIDE_STYLE ('',( #1048 ) ) ;
#473 = CARTESIAN_POINT ( 'NONE',  ( 0.5120659616118676816, 0.6893252848791462384, -0.3400576522690552661 ) ) ;
#474 =( NAMED_UNIT ( * ) PLANE_ANGLE_UNIT ( ) SI_UNIT ( $, .RADIAN. ) );
#475 = EDGE_LOOP ( 'NONE', ( #1130, #111, #585, #193, #429, #1752 ) ) ;
#476 =( NAMED_UNIT ( * ) PLANE_ANGLE_UNIT ( ) SI_UNIT ( $, .RADIAN. ) );
#477 = VERTEX_POINT ( 'NONE', #769 ) ;
#478 = STYLED_ITEM ( 'NONE', ( #1124 ), #831 ) ;
#479 =( NAMED_UNIT ( * ) PLANE_ANGLE_UNIT ( ) SI_UNIT ( $, .RADIAN. ) );
#480 = ADVANCED_FACE ( 'NONE', ( #40 ), #622, .F. ) ;
#481 = CARTESIAN_POINT ( 'NONE',  ( 0.5120659616118679036, 0.7000000000000000666, -0.3120659616118632851 ) ) ;
#482 = VECTOR ( 'NONE', #946, 1000.000000000000000 ) ;
#483 = FILL_AREA_STYLE_COLOUR ( '', #222 ) ;
#484 =( NAMED_UNIT ( * ) PLANE_ANGLE_UNIT ( ) SI_UNIT ( $, .RADIAN. ) );
#485 = PRESENTATION_LAYER_ASSIGNMENT (  '', '', ( #1753 ) ) ;
#486 = VERTEX_POINT ( 'NONE', #1584 ) ;
#487 = VECTOR ( 'NONE', #528, 1000.000000000000000 ) ;
#488 = LINE ( 'NONE', #310, #1697 ) ;
#489 = ORIENTED_EDGE ( 'NONE', *, *, #582, .F. ) ;
#490 = APPLICATION_CONTEXT ( 'automotive_design' ) ;
#491 =( NAMED_UNIT ( * ) PLANE_ANGLE_UNIT ( ) SI_UNIT ( $, .RADIAN. ) );
#492 = ADVANCED_FACE ( 'NONE', ( #1179 ), #342, .T. ) ;
#493 = CARTESIAN_POINT ( 'NONE',  ( 0.5500000000000000444, 0.01999999999999999695, 0.1499999999999998557 ) ) ;
#494 = LINE ( 'NONE', #354, #1260 ) ;
#495 = EDGE_LOOP ( 'NONE', ( #22, #1513, #167, #426, #776, #1110 ) ) ;
#496 = DIRECTION ( 'NONE',  ( -1.000000000000000000, -0.0000000000000000000, 3.252606517456513302E-16 ) ) ;
#497 = VERTEX_POINT ( 'NONE', #1787 ) ;
#498 = SURFACE_STYLE_FILL_AREA ( #923 ) ;
#499 = SURFACE_SIDE_STYLE ('',( #1632 ) ) ;
#500 = UNCERTAINTY_MEASURE_WITH_UNIT (LENGTH_MEASURE( 1.000000000000000082E-05 ), #875, 'distance_accuracy_value', 'NONE');
#501 = DIRECTION ( 'NONE',  ( 0.0000000000000000000, 0.0000000000000000000, -1.000000000000000000 ) ) ;
#502 = CARTESIAN_POINT ( 'NONE',  ( -0.5280972242417429907, 0.6893252848791451282, -0.3400576522690555437 ) ) ;
#503 = LINE ( 'NONE', #1081, #635 ) ;
#504 = EDGE_LOOP ( 'NONE', ( #344, #1217, #1428, #1066 ) ) ;
#505 = CARTESIAN_POINT ( 'NONE',  ( -0.5987721543909696464, 0.2100000000000002975, -0.3689957698417256626 ) ) ;
#506 = ORIENTED_EDGE ( 'NONE', *, *, #908, .T. ) ;
#507 =( NAMED_UNIT ( * ) SI_UNIT ( $, .STERADIAN. ) SOLID_ANGLE_UNIT ( ) );
#508 = DIRECTION ( 'NONE',  ( 1.000000000000000000, 0.0000000000000000000, 2.168404344971008868E-16 ) ) ;
#509 = STYLED_ITEM ( 'NONE', ( #765 ), #55 ) ;
#510 = LINE ( 'NONE', #82, #570 ) ;
#511 = CARTESIAN_POINT ( 'NONE',  ( 0.5975443087819429788, 0.2000000000000000389, -0.1500000000000000777 ) ) ;
#512 = STYLED_ITEM ( 'NONE', ( #1561 ), #971 ) ;
#513 = VERTEX_POINT ( 'NONE', #943 ) ;
#514 = VECTOR ( 'NONE', #1218, 1000.000000000000000 ) ;
#515 = PRESENTATION_LAYER_ASSIGNMENT (  '', '', ( #1257 ) ) ;
#516 = CARTESIAN_POINT ( 'NONE',  ( -0.5999999999999988676, 0.02000000000000000042, 0.1499999999999999112 ) ) ;
#517 = ORIENTED_EDGE ( 'NONE', *, *, #1125, .T. ) ;
#518 = PRESENTATION_STYLE_ASSIGNMENT (( #830 ) ) ;
#519 = EDGE_CURVE ( 'NONE', #513, #497, #1496, .T. ) ;
#520 = COLOUR_RGB ( '',0.2509803921568627416, 0.2509803921568627416, 0.2509803921568627416 ) ;
#521 = SURFACE_SIDE_STYLE ('',( #1490 ) ) ;
#522 = PLANE ( 'NONE',  #1460 ) ;
#523 = CARTESIAN_POINT ( 'NONE',  ( 0.5972470910829208446, 0.1975793560946400018, 0.3859580340791495812 ) ) ;
#524 = ORIENTED_EDGE ( 'NONE', *, *, #558, .T. ) ;
#525 = PRESENTATION_STYLE_ASSIGNMENT (( #1790 ) ) ;
#526 =( BOUNDED_CURVE ( )  B_SPLINE_CURVE ( 3, ( #1625, #1207, #387, #1333 ),
 .UNSPECIFIED., .F., .T. ) 
 B_SPLINE_CURVE_WITH_KNOTS ( ( 4, 4 ),
 ( 2.333467695109061157, 3.111439517034042535 ),
 .UNSPECIFIED. ) 
 CURVE ( )  GEOMETRIC_REPRESENTATION_ITEM ( )  RATIONAL_B_SPLINE_CURVE ( ( 1.000000000000000000, 0.9501960860785541030, 0.9501960860785541030, 1.000000000000000000 ) ) 
 REPRESENTATION_ITEM ( '' )  );
#527 = EDGE_LOOP ( 'NONE', ( #829, #203, #778, #458 ) ) ;
#528 = DIRECTION ( 'NONE',  ( 1.000000000000000000, -0.0000000000000000000, -2.168404344971008868E-16 ) ) ;
#529 = FILL_AREA_STYLE ('',( #1793 ) ) ;
#530 = EDGE_CURVE ( 'NONE', #894, #1180, #1359, .T. ) ;
#531 = CARTESIAN_POINT ( 'NONE',  ( -0.5120659616118679036, 0.6999999999999998446, 0.3120659616118632851 ) ) ;
#532 = EDGE_CURVE ( 'NONE', #576, #309, #1482, .T. ) ;
#533 = SURFACE_STYLE_FILL_AREA ( #102 ) ;
#534 = DIRECTION ( 'NONE',  ( 0.0000000000000000000, 0.0000000000000000000, -1.000000000000000000 ) ) ;
#535 = DIRECTION ( 'NONE',  ( 0.0000000000000000000, 0.0000000000000000000, 1.000000000000000000 ) ) ;
#536 = ORIENTED_EDGE ( 'NONE', *, *, #1190, .F. ) ;
#537 = CARTESIAN_POINT ( 'NONE',  ( 0.8000000000000000444, 0.2000000000000000111, 0.1499999999999998834 ) ) ;
#538 = DIRECTION ( 'NONE',  ( 0.0000000000000000000, 0.9925461516413219831, 0.1218693434051477259 ) ) ;
#539 = FILL_AREA_STYLE_COLOUR ( '', #706 ) ;
#540 = ADVANCED_FACE ( 'NONE', ( #1473 ), #379, .T. ) ;
#541 = PRESENTATION_STYLE_ASSIGNMENT (( #1259 ) ) ;
#542 = STYLED_ITEM ( 'NONE', ( #1314 ), #921 ) ;
#543 = PRESENTATION_LAYER_ASSIGNMENT (  '', '', ( #512 ) ) ;
#544 =( GEOMETRIC_REPRESENTATION_CONTEXT ( 3 ) GLOBAL_UNCERTAINTY_ASSIGNED_CONTEXT ( ( #182 ) ) GLOBAL_UNIT_ASSIGNED_CONTEXT ( ( #652, #1100, #959 ) ) REPRESENTATION_CONTEXT ( 'NONE', 'WORKASPACE' ) );
#545 = ORIENTED_EDGE ( 'NONE', *, *, #868, .T. ) ;
#546 = COLOUR_RGB ( '',0.2509803921568627416, 0.2509803921568627416, 0.2509803921568627416 ) ;
#547 = MECHANICAL_DESIGN_GEOMETRIC_PRESENTATION_REPRESENTATION (  '', ( #756 ), #942 ) ;
#548 = FILL_AREA_STYLE ('',( #1392 ) ) ;
#549 = AXIS2_PLACEMENT_3D ( 'NONE', #59, #888, #736 ) ;
#550 = COLOUR_RGB ( '',0.2509803921568627416, 0.2509803921568627416, 0.2509803921568627416 ) ;
#551 = DIRECTION ( 'NONE',  ( -0.0000000000000000000, -1.000000000000000000, 0.0000000000000000000 ) ) ;
#552 = SURFACE_SIDE_STYLE ('',( #575 ) ) ;
#553 = PRODUCT_DEFINITION ( 'UNKNOWN', '', #12, #244 ) ;
#554 = ORIENTED_EDGE ( 'NONE', *, *, #530, .T. ) ;
#555 = FILL_AREA_STYLE ('',( #385 ) ) ;
#556 = EDGE_LOOP ( 'NONE', ( #1361, #374, #912, #357, #99, #1509, #1272, #554, #1101, #1303 ) ) ;
#557 =( LENGTH_UNIT ( ) NAMED_UNIT ( * ) SI_UNIT ( .MILLI., .METRE. ) );
#558 = EDGE_CURVE ( 'NONE', #334, #624, #526, .T. ) ;
#559 = SURFACE_STYLE_FILL_AREA ( #1516 ) ;
#560 = EDGE_LOOP ( 'NONE', ( #1789, #1209, #1286 ) ) ;
#561 = CARTESIAN_POINT ( 'NONE',  ( -0.5120659616118681257, 0.6736560803021546251, 0.3418423461611029834 ) ) ;
#562 =( LENGTH_UNIT ( ) NAMED_UNIT ( * ) SI_UNIT ( .MILLI., .METRE. ) );
#563 = ORIENTED_EDGE ( 'NONE', *, *, #132, .F. ) ;
#564 = MECHANICAL_DESIGN_GEOMETRIC_PRESENTATION_REPRESENTATION (  '', ( #1572 ), #160 ) ;
#565 = SURFACE_STYLE_FILL_AREA ( #25 ) ;
#566 = COLOUR_RGB ( '',0.2509803921568627416, 0.2509803921568627416, 0.2509803921568627416 ) ;
#567 = VECTOR ( 'NONE', #1264, 1000.000000000000114 ) ;
#568 = EDGE_CURVE ( 'NONE', #1562, #1773, #510, .T. ) ;
#569 = CARTESIAN_POINT ( 'NONE',  ( -0.5972470910829196233, 0.1975793560946474126, 0.3859580340791496922 ) ) ;
#570 = VECTOR ( 'NONE', #353, 1000.000000000000000 ) ;
#571 = SURFACE_STYLE_FILL_AREA ( #432 ) ;
#572 = VERTEX_POINT ( 'NONE', #638 ) ;
#573 = CARTESIAN_POINT ( 'NONE',  ( -0.5689957698417303922, 0.2100000000000001865, -0.3987721543909650279 ) ) ;
#574 = PRESENTATION_LAYER_ASSIGNMENT (  '', '', ( #168 ) ) ;
#575 = SURFACE_STYLE_FILL_AREA ( #436 ) ;
#576 = VERTEX_POINT ( 'NONE', #1760 ) ;
#577 = DIRECTION ( 'NONE',  ( 1.000000000000000000, 0.0000000000000000000, -3.252606517456513302E-16 ) ) ;
#578 =( LENGTH_UNIT ( ) NAMED_UNIT ( * ) SI_UNIT ( .MILLI., .METRE. ) );
#579 = ADVANCED_FACE ( 'NONE', ( #789 ), #1136, .T. ) ;
#580 = DIRECTION ( 'NONE',  ( -1.000000000000000000, 0.0000000000000000000, -0.0000000000000000000 ) ) ;
#581 = LINE ( 'NONE', #740, #1645 ) ;
#582 = EDGE_CURVE ( 'NONE', #1475, #894, #708, .T. ) ;
#583 = CARTESIAN_POINT ( 'NONE',  ( -0.5120659616118680146, 0.6989999999999999547, 0.3120659616118633406 ) ) ;
#584 =( LENGTH_UNIT ( ) NAMED_UNIT ( * ) SI_UNIT ( .MILLI., .METRE. ) );
#585 = ORIENTED_EDGE ( 'NONE', *, *, #1128, .F. ) ;
#586 = FILL_AREA_STYLE_COLOUR ( '', #137 ) ;
#587 = CARTESIAN_POINT ( 'NONE',  ( -0.8000000000000000444, 0.2000000000000000111, 0.1500000000000000500 ) ) ;
#588 = UNCERTAINTY_MEASURE_WITH_UNIT (LENGTH_MEASURE( 1.000000000000000082E-05 ), #1612, 'distance_accuracy_value', 'NONE');
#589 = CARTESIAN_POINT ( 'NONE',  ( 0.5754430878194186638, 0.02000000000000000042, -0.3999999999999941380 ) ) ;
#590 = FILL_AREA_STYLE_COLOUR ( '', #393 ) ;
#591 = EDGE_CURVE ( 'NONE', #1701, #1465, #416, .T. ) ;
#592 = DIRECTION ( 'NONE',  ( 0.0000000000000000000, -0.0000000000000000000, 1.000000000000000000 ) ) ;
#593 = ORIENTED_EDGE ( 'NONE', *, *, #247, .T. ) ;
#594 = SURFACE_SIDE_STYLE ('',( #1044 ) ) ;
#595 = AXIS2_PLACEMENT_3D ( 'NONE', #1717, #49, #1035 ) ;
#596 = MECHANICAL_DESIGN_GEOMETRIC_PRESENTATION_REPRESENTATION (  '', ( #509 ), #1337 ) ;
#597 = PLANE ( 'NONE',  #1089 ) ;
#598 = SHAPE_DEFINITION_REPRESENTATION ( #1203, #1566 ) ;
#599 = FILL_AREA_STYLE ('',( #177 ) ) ;
#600 = CARTESIAN_POINT ( 'NONE',  ( -0.5400576522690598846, 0.6824488878553369720, 0.3300975414851677892 ) ) ;
#601 = COLOUR_RGB ( '',0.2509803921568627416, 0.2509803921568627416, 0.2509803921568627416 ) ;
#602 = LINE ( 'NONE', #341, #398 ) ;
#603 = AXIS2_PLACEMENT_3D ( 'NONE', #759, #63, #173 ) ;
#604 =( NAMED_UNIT ( * ) SI_UNIT ( $, .STERADIAN. ) SOLID_ANGLE_UNIT ( ) );
#605 = EDGE_CURVE ( 'NONE', #770, #626, #987, .T. ) ;
#606 = ORIENTED_EDGE ( 'NONE', *, *, #1271, .F. ) ;
#607 =( GEOMETRIC_REPRESENTATION_CONTEXT ( 3 ) GLOBAL_UNCERTAINTY_ASSIGNED_CONTEXT ( ( #1442 ) ) GLOBAL_UNIT_ASSIGNED_CONTEXT ( ( #148, #707, #1416 ) ) REPRESENTATION_CONTEXT ( 'NONE', 'WORKASPACE' ) );
#608 =( NAMED_UNIT ( * ) PLANE_ANGLE_UNIT ( ) SI_UNIT ( $, .RADIAN. ) );
#609 = CARTESIAN_POINT ( 'NONE',  ( -0.5975443087819406474, 0.1999999999999999833, -0.1499999999999999667 ) ) ;
#610 = FILL_AREA_STYLE_COLOUR ( '', #897 ) ;
#611 = CARTESIAN_POINT ( 'NONE',  ( 0.5120659616118676816, 0.6999999999999999556, -0.3120659616118601765 ) ) ;
#612 = FILL_AREA_STYLE_COLOUR ( '', #871 ) ;
#613 = FILL_AREA_STYLE_COLOUR ( '', #423 ) ;
#614 = VERTEX_POINT ( 'NONE', #1284 ) ;
#615 = VERTEX_POINT ( 'NONE', #573 ) ;
#616 = ADVANCED_FACE ( 'NONE', ( #128 ), #414, .T. ) ;
#617 =( NAMED_UNIT ( * ) PLANE_ANGLE_UNIT ( ) SI_UNIT ( $, .RADIAN. ) );
#618 = DIRECTION ( 'NONE',  ( 0.0000000000000000000, 0.0000000000000000000, -1.000000000000000000 ) ) ;
#619 = CARTESIAN_POINT ( 'NONE',  ( -0.5120659616118680146, 0.7000000000000000666, 0.3280972242417384832 ) ) ;
#620 = CLOSED_SHELL ( 'NONE', ( #1680, #771, #880, #1084, #738, #1710, #1344, #1119, #982, #142, #1358, #68, #469, #263, #921, #540, #1629, #1466, #579, #55, #1026, #1154, #1386, #480, #831, #616, #1486, #1771, #1542, #1329, #292, #492, #1278, #971, #1587, #1301, #19, #1115, #1492 ) ) ;
#621 = SURFACE_STYLE_USAGE ( .BOTH. , #75 ) ;
#622 = PLANE ( 'NONE',  #698 ) ;
#623 = DIRECTION ( 'NONE',  ( -2.168404344971008868E-16, 0.0000000000000000000, -1.000000000000000000 ) ) ;
#624 = VERTEX_POINT ( 'NONE', #1591 ) ;
#625 =( LENGTH_UNIT ( ) NAMED_UNIT ( * ) SI_UNIT ( .MILLI., .METRE. ) );
#626 = VERTEX_POINT ( 'NONE', #1436 ) ;
#627 = CARTESIAN_POINT ( 'NONE',  ( 0.5770373992183376322, 0.2099999999999721534, 0.3987721543909684696 ) ) ;
#628 = LINE ( 'NONE', #107, #1255 ) ;
#629 = EDGE_CURVE ( 'NONE', #626, #1475, #757, .T. ) ;
#630 = PRESENTATION_LAYER_ASSIGNMENT (  '', '', ( #509 ) ) ;
#631 = UNCERTAINTY_MEASURE_WITH_UNIT (LENGTH_MEASURE( 1.000000000000000082E-05 ), #1690, 'distance_accuracy_value', 'NONE');
#632 = MECHANICAL_DESIGN_GEOMETRIC_PRESENTATION_REPRESENTATION (  '', ( #390 ), #452 ) ;
#633 = AXIS2_PLACEMENT_3D ( 'NONE', #1038, #1578, #204 ) ;
#634 = SURFACE_SIDE_STYLE ('',( #785 ) ) ;
#635 = VECTOR ( 'NONE', #103, 1000.000000000000114 ) ;
#636 = PRESENTATION_LAYER_ASSIGNMENT (  '', '', ( #1427 ) ) ;
#637 = CARTESIAN_POINT ( 'NONE',  ( -0.8000000000000000444, 0.0000000000000000000, -0.1499999999999999389 ) ) ;
#638 = CARTESIAN_POINT ( 'NONE',  ( -0.5975443087819406474, 0.2000000000000000111, 0.1500000000000000222 ) ) ;
#639 =( GEOMETRIC_REPRESENTATION_CONTEXT ( 3 ) GLOBAL_UNCERTAINTY_ASSIGNED_CONTEXT ( ( #588 ) ) GLOBAL_UNIT_ASSIGNED_CONTEXT ( ( #1612, #662, #1764 ) ) REPRESENTATION_CONTEXT ( 'NONE', 'WORKASPACE' ) );
#640 = FACE_OUTER_BOUND ( 'NONE', #402, .T. ) ;
#641 = ORIENTED_EDGE ( 'NONE', *, *, #1703, .F. ) ;
#642 = MANIFOLD_SOLID_BREP ( 'NONE', #620 ) ;
#643 = COLOUR_RGB ( '',0.2509803921568627416, 0.2509803921568627416, 0.2509803921568627416 ) ;
#644 = ORIENTED_EDGE ( 'NONE', *, *, #862, .T. ) ;
#645 =( NAMED_UNIT ( * ) PLANE_ANGLE_UNIT ( ) SI_UNIT ( $, .RADIAN. ) );
#646 = EDGE_CURVE ( 'NONE', #1595, #712, #581, .T. ) ;
#647 = SURFACE_SIDE_STYLE ('',( #954 ) ) ;
#648 = PRESENTATION_STYLE_ASSIGNMENT (( #1332 ) ) ;
#649 = EDGE_CURVE ( 'NONE', #1352, #33, #780, .T. ) ;
#650 = SURFACE_STYLE_FILL_AREA ( #1649 ) ;
#651 = ORIENTED_EDGE ( 'NONE', *, *, #118, .T. ) ;
#652 =( LENGTH_UNIT ( ) NAMED_UNIT ( * ) SI_UNIT ( .MILLI., .METRE. ) );
#653 = ORIENTED_EDGE ( 'NONE', *, *, #1703, .T. ) ;
#654 = PLANE ( 'NONE',  #56 ) ;
#655 =( LENGTH_UNIT ( ) NAMED_UNIT ( * ) SI_UNIT ( .MILLI., .METRE. ) );
#656 = UNCERTAINTY_MEASURE_WITH_UNIT (LENGTH_MEASURE( 1.000000000000000082E-05 ), #217, 'distance_accuracy_value', 'NONE');
#657 = FILL_AREA_STYLE ('',( #1365 ) ) ;
#658 = CARTESIAN_POINT ( 'NONE',  ( 0.6000000000000009770, 0.2200000000000001954, -0.3999999999999941380 ) ) ;
#659 = DIRECTION ( 'NONE',  ( -0.1209742911513548291, -0.9852565360152931717, 0.1209742911513548291 ) ) ;
#660 = ORIENTED_EDGE ( 'NONE', *, *, #1289, .F. ) ;
#661 = EDGE_LOOP ( 'NONE', ( #762, #1328, #1082, #1028, #293, #1454 ) ) ;
#662 =( NAMED_UNIT ( * ) PLANE_ANGLE_UNIT ( ) SI_UNIT ( $, .RADIAN. ) );
#663 =( LENGTH_UNIT ( ) NAMED_UNIT ( * ) SI_UNIT ( .MILLI., .METRE. ) );
#664 = LINE ( 'NONE', #1766, #360 ) ;
#665 = AXIS2_PLACEMENT_3D ( 'NONE', #537, #1112, #146 ) ;
#666 = DIRECTION ( 'NONE',  ( 0.0000000000000000000, 1.000000000000000000, 0.0000000000000000000 ) ) ;
#667 = SURFACE_SIDE_STYLE ('',( #650 ) ) ;
#668 = CARTESIAN_POINT ( 'NONE',  ( 0.5944248268319776152, 0.1745938583236716357, 0.3944248268319776041 ) ) ;
#669 = ORIENTED_EDGE ( 'NONE', *, *, #862, .F. ) ;
#670 =( GEOMETRIC_REPRESENTATION_CONTEXT ( 3 ) GLOBAL_UNCERTAINTY_ASSIGNED_CONTEXT ( ( #327 ) ) GLOBAL_UNIT_ASSIGNED_CONTEXT ( ( #64, #474, #604 ) ) REPRESENTATION_CONTEXT ( 'NONE', 'WORKASPACE' ) );
#671 = VECTOR ( 'NONE', #1098, 1000.000000000000000 ) ;
#672 = CARTESIAN_POINT ( 'NONE',  ( -0.5999999999999987566, 0.6999999999999999556, 0.3120659616118632851 ) ) ;
#673 = EDGE_CURVE ( 'NONE', #1093, #1420, #732, .T. ) ;
#674 = ORIENTED_EDGE ( 'NONE', *, *, #1133, .T. ) ;
#675 = MECHANICAL_DESIGN_GEOMETRIC_PRESENTATION_REPRESENTATION (  '', ( #1678 ), #1005 ) ;
#676 =( BOUNDED_SURFACE ( )  B_SPLINE_SURFACE ( 3, 3, ( 
 ( #693, #826, #23, #1008 ),
 ( #1689, #1544, #273, #1256 ),
 ( #1705, #1382, #843, #855 ),
 ( #1250, #9, #1410, #1016 ) ),
 .UNSPECIFIED., .F., .F., .F. ) 
 B_SPLINE_SURFACE_WITH_KNOTS ( ( 4, 4 ),
 ( 4, 4 ),
 ( 0.0000000000000000000, 1.000000000000000000 ),
 ( 0.0000000000000000000, 1.000000000000000000 ),
 .UNSPECIFIED. ) 
 GEOMETRIC_REPRESENTATION_ITEM ( )  RATIONAL_B_SPLINE_SURFACE ( (
 ( 1.000000000000000000, 0.8307126645170467283, 0.8307126645170467283, 1.000000000000000000),
 ( 0.8307126645170417323, 0.6900835309890073210, 0.6900835309890073210, 0.8307126645170417323),
 ( 0.8307126645170417323, 0.6900835309890073210, 0.6900835309890073210, 0.8307126645170417323),
 ( 1.000000000000000000, 0.8307126645170467283, 0.8307126645170467283, 1.000000000000000000) ) ) 
 REPRESENTATION_ITEM ( '' )  SURFACE ( )  );
#677 = CARTESIAN_POINT ( 'NONE',  ( -0.2620659616118680701, 0.6989999999999999547, 0.3120659616118633406 ) ) ;
#678 = DIRECTION ( 'NONE',  ( 1.000000000000000000, 0.0000000000000000000, 0.0000000000000000000 ) ) ;
#679 = FILL_AREA_STYLE_COLOUR ( '', #1146 ) ;
#680 =( NAMED_UNIT ( * ) SI_UNIT ( $, .STERADIAN. ) SOLID_ANGLE_UNIT ( ) );
#681 = CARTESIAN_POINT ( 'NONE',  ( -0.8000000000000000444, 0.2000000000000000111, -0.1499999999999999389 ) ) ;
#682 = ORIENTED_EDGE ( 'NONE', *, *, #958, .F. ) ;
#683 = CARTESIAN_POINT ( 'NONE',  ( -0.5944248268319760609, 0.1745938583236761599, 0.3944248268319782147 ) ) ;
#684 =( NAMED_UNIT ( * ) PLANE_ANGLE_UNIT ( ) SI_UNIT ( $, .RADIAN. ) );
#685 =( NAMED_UNIT ( * ) PLANE_ANGLE_UNIT ( ) SI_UNIT ( $, .RADIAN. ) );
#686 = CARTESIAN_POINT ( 'NONE',  ( 0.8000000000000000444, 0.2000000000000000111, 0.1499999999999998834 ) ) ;
#687 = SURFACE_STYLE_FILL_AREA ( #980 ) ;
#688 = EDGE_LOOP ( 'NONE', ( #1558, #1731, #104, #221 ) ) ;
#689 = LINE ( 'NONE', #1792, #487 ) ;
#690 = DIRECTION ( 'NONE',  ( -1.000000000000000000, -0.0000000000000000000, 0.0000000000000000000 ) ) ;
#691 = CARTESIAN_POINT ( 'NONE',  ( 0.8000000000000000444, 0.0000000000000000000, -0.1500000000000001055 ) ) ;
#692 = EDGE_CURVE ( 'NONE', #1309, #1537, #1155, .T. ) ;
#693 = CARTESIAN_POINT ( 'NONE',  ( 0.5418729987178778629, 0.6733971368769824384, 0.3120659616118632851 ) ) ;
#694 = SURFACE_SIDE_STYLE ('',( #1018 ) ) ;
#695 = AXIS2_PLACEMENT_3D ( 'NONE', #711, #992, #538 ) ;
#696 = AXIS2_PLACEMENT_3D ( 'NONE', #41, #735, #1277 ) ;
#697 = AXIS2_PLACEMENT_3D ( 'NONE', #451, #1305, #159 ) ;
#698 = AXIS2_PLACEMENT_3D ( 'NONE', #332, #1194, #1575 ) ;
#699 = ORIENTED_EDGE ( 'NONE', *, *, #1555, .F. ) ;
#700 = DIRECTION ( 'NONE',  ( 1.000000000000000000, 0.0000000000000000000, 0.0000000000000000000 ) ) ;
#701 = CARTESIAN_POINT ( 'NONE',  ( -0.5754430878194164434, 0.01999999999999997266, -0.3754430878194117138 ) ) ;
#702 = PLANE ( 'NONE',  #786 ) ;
#703 = MECHANICAL_DESIGN_GEOMETRIC_PRESENTATION_REPRESENTATION (  '', ( #194 ), #903 ) ;
#704 = AXIS2_PLACEMENT_3D ( 'NONE', #892, #52, #317 ) ;
#705 = FILL_AREA_STYLE_COLOUR ( '', #781 ) ;
#706 = COLOUR_RGB ( '',0.7921568627450980005, 0.8196078431372548767, 0.9333333333333333481 ) ;
#707 =( NAMED_UNIT ( * ) PLANE_ANGLE_UNIT ( ) SI_UNIT ( $, .RADIAN. ) );
#708 = LINE ( 'NONE', #409, #394 ) ;
#709 =( NAMED_UNIT ( * ) SI_UNIT ( $, .STERADIAN. ) SOLID_ANGLE_UNIT ( ) );
#710 =( NAMED_UNIT ( * ) PLANE_ANGLE_UNIT ( ) SI_UNIT ( $, .RADIAN. ) );
#711 = CARTESIAN_POINT ( 'NONE',  ( 0.5999999999999987566, 0.1999999999999999833, -0.3999999999999941380 ) ) ;
#712 = VERTEX_POINT ( 'NONE', #1709 ) ;
#713 = PRESENTATION_STYLE_ASSIGNMENT (( #1383 ) ) ;
#714 = CARTESIAN_POINT ( 'NONE',  ( 0.5754430878194186638, 0.01999999999999997266, 0.3754430878194186527 ) ) ;
#715 = VERTEX_POINT ( 'NONE', #442 ) ;
#716 = DIRECTION ( 'NONE',  ( -0.0000000000000000000, 0.0000000000000000000, -1.000000000000000000 ) ) ;
#717 = CARTESIAN_POINT ( 'NONE',  ( -0.5754430878194164434, 0.01999999999999997266, 0.3754430878194186527 ) ) ;
#718 = ORIENTED_EDGE ( 'NONE', *, *, #1096, .F. ) ;
#719 = FILL_AREA_STYLE_COLOUR ( '', #53 ) ;
#720 =( LENGTH_UNIT ( ) NAMED_UNIT ( * ) SI_UNIT ( .MILLI., .METRE. ) );
#721 = VECTOR ( 'NONE', #464, 1000.000000000000000 ) ;
#722 = ORIENTED_EDGE ( 'NONE', *, *, #1258, .F. ) ;
#723 = VECTOR ( 'NONE', #690, 1000.000000000000000 ) ;
#724 = MECHANICAL_DESIGN_GEOMETRIC_PRESENTATION_REPRESENTATION (  '', ( #726 ), #670 ) ;
#725 =( GEOMETRIC_REPRESENTATION_CONTEXT ( 3 ) GLOBAL_UNCERTAINTY_ASSIGNED_CONTEXT ( ( #1176 ) ) GLOBAL_UNIT_ASSIGNED_CONTEXT ( ( #295, #484, #1184 ) ) REPRESENTATION_CONTEXT ( 'NONE', 'WORKASPACE' ) );
#726 = STYLED_ITEM ( 'NONE', ( #178 ), #480 ) ;
#727 = CARTESIAN_POINT ( 'NONE',  ( -0.5987721543909696464, 0.2100000000000002143, 0.3689957698417254406 ) ) ;
#728 = AXIS2_PLACEMENT_3D ( 'NONE', #658, #1633, #940 ) ;
#729 = FACE_OUTER_BOUND ( 'NONE', #1685, .T. ) ;
#730 = VERTEX_POINT ( 'NONE', #1323 ) ;
#731 = AXIS2_PLACEMENT_3D ( 'NONE', #1071, #1624, #238 ) ;
#732 = LINE ( 'NONE', #1306, #48 ) ;
#733 =( NAMED_UNIT ( * ) SI_UNIT ( $, .STERADIAN. ) SOLID_ANGLE_UNIT ( ) );
#734 = ORIENTED_EDGE ( 'NONE', *, *, #918, .T. ) ;
#735 = DIRECTION ( 'NONE',  ( 0.0000000000000000000, -1.000000000000000000, 0.0000000000000000000 ) ) ;
#736 = DIRECTION ( 'NONE',  ( 0.0000000000000000000, 0.0000000000000000000, -1.000000000000000000 ) ) ;
#737 = CARTESIAN_POINT ( 'NONE',  ( -0.5120659616118680146, 0.6700000000000002620, 0.3120659616118633406 ) ) ;
#738 = ADVANCED_FACE ( 'NONE', ( #1024 ), #1300, .F. ) ;
#739 = SURFACE_STYLE_USAGE ( .BOTH. , #60 ) ;
#740 = CARTESIAN_POINT ( 'NONE',  ( -0.5999999999999987566, 0.7000000000000000666, -0.3120659616118633406 ) ) ;
#741 = EDGE_CURVE ( 'NONE', #624, #615, #939, .T. ) ;
#742 = FACE_OUTER_BOUND ( 'NONE', #1020, .T. ) ;
#743 = SURFACE_SIDE_STYLE ('',( #1064 ) ) ;
#744 = ORIENTED_EDGE ( 'NONE', *, *, #891, .F. ) ;
#745 = DIRECTION ( 'NONE',  ( 0.1209742911513548291, -0.9852565360152931717, -0.1209742911513548291 ) ) ;
#746 = CARTESIAN_POINT ( 'NONE',  ( -0.5987721543909696464, 0.2099999999999999367, 0.3770373992183324585 ) ) ;
#747 = CARTESIAN_POINT ( 'NONE',  ( -0.2620659616118680701, 0.6989999999999999547, -0.3120659616118633406 ) ) ;
#748 = EDGE_CURVE ( 'NONE', #861, #66, #1429, .T. ) ;
#749 = CARTESIAN_POINT ( 'NONE',  ( 0.5120659616118676816, 0.6736560803021545141, -0.3418423461611030389 ) ) ;
#750 = ORIENTED_EDGE ( 'NONE', *, *, #532, .T. ) ;
#751 = FILL_AREA_STYLE ('',( #180 ) ) ;
#752 = MECHANICAL_DESIGN_GEOMETRIC_PRESENTATION_REPRESENTATION (  '', ( #478 ), #1027 ) ;
#753 = DIRECTION ( 'NONE',  ( 0.0000000000000000000, 0.1218693434051478369, -0.9925461516413219831 ) ) ;
#754 = AXIS2_PLACEMENT_3D ( 'NONE', #1280, #461, #753 ) ;
#755 = PLANE ( 'NONE',  #696 ) ;
#756 = STYLED_ITEM ( 'NONE', ( #890 ), #642 ) ;
#757 = LINE ( 'NONE', #589, #1312 ) ;
#758 = FACE_OUTER_BOUND ( 'NONE', #835, .T. ) ;
#759 = CARTESIAN_POINT ( 'NONE',  ( 0.5706593862616166080, 0.1927948512510220258, 0.3706593862616120449 ) ) ;
#760 = MECHANICAL_DESIGN_GEOMETRIC_PRESENTATION_REPRESENTATION (  '', ( #1235 ), #90 ) ;
#761 = DIRECTION ( 'NONE',  ( -1.000000000000000000, 0.0000000000000000000, 2.168404344971008868E-16 ) ) ;
#762 = ORIENTED_EDGE ( 'NONE', *, *, #1074, .T. ) ;
#763 = FACE_OUTER_BOUND ( 'NONE', #232, .T. ) ;
#764 = PLANE ( 'NONE',  #83 ) ;
#765 = PRESENTATION_STYLE_ASSIGNMENT (( #1153 ) ) ;
#766 = UNCERTAINTY_MEASURE_WITH_UNIT (LENGTH_MEASURE( 1.000000000000000082E-05 ), #562, 'distance_accuracy_value', 'NONE');
#767 = CARTESIAN_POINT ( 'NONE',  ( -0.5400576522690598846, 0.6893252848791449061, 0.3120659616118632851 ) ) ;
#768 = CARTESIAN_POINT ( 'NONE',  ( -0.5120659616118680146, 0.7000000000000000666, -0.3120659616118633406 ) ) ;
#769 = CARTESIAN_POINT ( 'NONE',  ( 0.8000000000000000444, 0.0000000000000000000, -0.1500000000000001332 ) ) ;
#770 = VERTEX_POINT ( 'NONE', #359 ) ;
#771 = ADVANCED_FACE ( 'NONE', ( #1213 ), #214, .F. ) ;
#772 = ORIENTED_EDGE ( 'NONE', *, *, #741, .F. ) ;
#773 = LINE ( 'NONE', #1330, #937 ) ;
#774 = FILL_AREA_STYLE ('',( #1511 ) ) ;
#775 = SURFACE_STYLE_FILL_AREA ( #1079 ) ;
#776 = ORIENTED_EDGE ( 'NONE', *, *, #401, .F. ) ;
#777 = DIRECTION ( 'NONE',  ( -0.0000000000000000000, -1.000000000000000000, -0.0000000000000000000 ) ) ;
#778 = ORIENTED_EDGE ( 'NONE', *, *, #213, .F. ) ;
#779 = LINE ( 'NONE', #413, #419 ) ;
#780 = CIRCLE ( 'NONE', #595, 0.02999999999999997113 ) ;
#781 = COLOUR_RGB ( '',1.000000000000000000, 1.000000000000000000, 1.000000000000000000 ) ;
#782 = UNCERTAINTY_MEASURE_WITH_UNIT (LENGTH_MEASURE( 1.000000000000000082E-05 ), #1761, 'distance_accuracy_value', 'NONE');
#783 = EDGE_CURVE ( 'NONE', #1639, #1352, #872, .T. ) ;
#784 = VECTOR ( 'NONE', #811, 1000.000000000000114 ) ;
#785 = SURFACE_STYLE_FILL_AREA ( #657 ) ;
#786 = AXIS2_PLACEMENT_3D ( 'NONE', #1618, #623, #761 ) ;
#787 = AXIS2_PLACEMENT_3D ( 'NONE', #1795, #809, #1107 ) ;
#788 = LINE ( 'NONE', #637, #910 ) ;
#789 = FACE_OUTER_BOUND ( 'NONE', #1707, .T. ) ;
#790 = EDGE_LOOP ( 'NONE', ( #1379, #114, #506 ) ) ;
#791 = PRESENTATION_LAYER_ASSIGNMENT (  '', '', ( #307 ) ) ;
#792 = DIRECTION ( 'NONE',  ( -0.1209742911513614627, -0.9852565360152913954, 0.1209742911513614627 ) ) ;
#793 = ORIENTED_EDGE ( 'NONE', *, *, #646, .T. ) ;
#794 = FACE_OUTER_BOUND ( 'NONE', #983, .T. ) ;
#795 = FILL_AREA_STYLE ('',( #1200 ) ) ;
#796 = DIRECTION ( 'NONE',  ( -2.168404344971008868E-16, 0.0000000000000000000, 1.000000000000000000 ) ) ;
#797 = EDGE_CURVE ( 'NONE', #309, #1500, #664, .T. ) ;
#798 = LINE ( 'NONE', #1357, #257 ) ;
#799 = CARTESIAN_POINT ( 'NONE',  ( -0.5120659616118676816, 0.6893252848791451282, -0.3400576522690553216 ) ) ;
#800 = ORIENTED_EDGE ( 'NONE', *, *, #1601, .F. ) ;
#801 = LINE ( 'NONE', #1628, #1060 ) ;
#802 = ORIENTED_EDGE ( 'NONE', *, *, #591, .T. ) ;
#803 = CARTESIAN_POINT ( 'NONE',  ( 0.5120659616118679036, 0.6700000000000000400, -0.3999999999999941380 ) ) ;
#804 = FACE_OUTER_BOUND ( 'NONE', #1196, .T. ) ;
#805 = UNCERTAINTY_MEASURE_WITH_UNIT (LENGTH_MEASURE( 1.000000000000000082E-05 ), #625, 'distance_accuracy_value', 'NONE');
#806 = CARTESIAN_POINT ( 'NONE',  ( -0.5120659616118679036, 0.6699999999999999289, 0.3120659616118632851 ) ) ;
#807 = SURFACE_STYLE_USAGE ( .BOTH. , #237 ) ;
#808 = EDGE_CURVE ( 'NONE', #392, #130, #207, .T. ) ;
#809 = DIRECTION ( 'NONE',  ( 0.9925461516413219831, 0.1218693434051477259, -0.0000000000000000000 ) ) ;
#810 = FACE_OUTER_BOUND ( 'NONE', #225, .T. ) ;
#811 = DIRECTION ( 'NONE',  ( -0.1209742911513548291, -0.9852565360152929497, -0.1209742911513557451 ) ) ;
#812 = VERTEX_POINT ( 'NONE', #925 ) ;
#813 = FACE_OUTER_BOUND ( 'NONE', #24, .T. ) ;
#814 = PRESENTATION_STYLE_ASSIGNMENT (( #255 ) ) ;
#815 = PRESENTATION_LAYER_ASSIGNMENT (  '', '', ( #845 ) ) ;
#816 = CARTESIAN_POINT ( 'NONE',  ( -0.2620659616118680701, 0.6989999999999999547, -0.3120659616118633406 ) ) ;
#817 = MECHANICAL_DESIGN_GEOMETRIC_PRESENTATION_REPRESENTATION (  '', ( #420 ), #1541 ) ;
#818 = CARTESIAN_POINT ( 'NONE',  ( -0.5280972242417429907, 0.7000000000000001776, -0.3120659616118634516 ) ) ;
#819 = AXIS2_PLACEMENT_3D ( 'NONE', #169, #1708, #577 ) ;
#820 = CARTESIAN_POINT ( 'NONE',  ( -0.5418423461611077130, 0.6736560803021546251, 0.3999999999999941380 ) ) ;
#821 = ORIENTED_EDGE ( 'NONE', *, *, #629, .T. ) ;
#822 =( GEOMETRIC_REPRESENTATION_CONTEXT ( 3 ) GLOBAL_UNCERTAINTY_ASSIGNED_CONTEXT ( ( #1674 ) ) GLOBAL_UNIT_ASSIGNED_CONTEXT ( ( #976, #984, #1063 ) ) REPRESENTATION_CONTEXT ( 'NONE', 'WORKASPACE' ) );
#823 = DIRECTION ( 'NONE',  ( 0.0000000000000000000, 0.0000000000000000000, 1.000000000000000000 ) ) ;
#824 = UNCERTAINTY_MEASURE_WITH_UNIT (LENGTH_MEASURE( 1.000000000000000082E-05 ), #1531, 'distance_accuracy_value', 'NONE');
#825 =( NAMED_UNIT ( * ) SI_UNIT ( $, .STERADIAN. ) SOLID_ANGLE_UNIT ( ) );
#826 = CARTESIAN_POINT ( 'NONE',  ( 0.5418729987178777519, 0.6733971368769824384, 0.3138813080606813188 ) ) ;
#827 = DIRECTION ( 'NONE',  ( 1.000000000000000000, 0.0000000000000000000, -0.0000000000000000000 ) ) ;
#828 = LINE ( 'NONE', #129, #784 ) ;
#829 = ORIENTED_EDGE ( 'NONE', *, *, #1642, .T. ) ;
#830 = SURFACE_STYLE_USAGE ( .BOTH. , #1122 ) ;
#831 = ADVANCED_FACE ( 'NONE', ( #93 ), #1656, .T. ) ;
#832 =( LENGTH_UNIT ( ) NAMED_UNIT ( * ) SI_UNIT ( .MILLI., .METRE. ) );
#833 = CARTESIAN_POINT ( 'NONE',  ( -0.5120659616118680146, 0.6700000000000000400, -0.3120659616118633406 ) ) ;
#834 =( LENGTH_UNIT ( ) NAMED_UNIT ( * ) SI_UNIT ( .MILLI., .METRE. ) );
#835 = EDGE_LOOP ( 'NONE', ( #1075, #950, #948, #772, #274, #1391 ) ) ;
#836 = CARTESIAN_POINT ( 'NONE',  ( 0.5987721543909707567, 0.2099999999999907496, -0.3689957698417265508 ) ) ;
#837 =( NAMED_UNIT ( * ) PLANE_ANGLE_UNIT ( ) SI_UNIT ( $, .RADIAN. ) );
#838 = SURFACE_STYLE_FILL_AREA ( #1692 ) ;
#839 = EDGE_CURVE ( 'NONE', #715, #1404, #127, .T. ) ;
#840 = SURFACE_STYLE_USAGE ( .BOTH. , #258 ) ;
#841 = EDGE_CURVE ( 'NONE', #614, #366, #1113, .T. ) ;
#842 = ORIENTED_EDGE ( 'NONE', *, *, #132, .T. ) ;
#843 = CARTESIAN_POINT ( 'NONE',  ( 0.5280972242417427687, 0.6893252848791455722, 0.3400576522690554881 ) ) ;
#844 = SURFACE_STYLE_FILL_AREA ( #1131 ) ;
#845 = STYLED_ITEM ( 'NONE', ( #378 ), #771 ) ;
#846 =( GEOMETRIC_REPRESENTATION_CONTEXT ( 3 ) GLOBAL_UNCERTAINTY_ASSIGNED_CONTEXT ( ( #1734 ) ) GLOBAL_UNIT_ASSIGNED_CONTEXT ( ( #1431, #837, #1421 ) ) REPRESENTATION_CONTEXT ( 'NONE', 'WORKASPACE' ) );
#847 = AXIS2_PLACEMENT_3D ( 'NONE', #1604, #1287, #1279 ) ;
#848 =( GEOMETRIC_REPRESENTATION_CONTEXT ( 3 ) GLOBAL_UNCERTAINTY_ASSIGNED_CONTEXT ( ( #1794 ) ) GLOBAL_UNIT_ASSIGNED_CONTEXT ( ( #584, #446, #308 ) ) REPRESENTATION_CONTEXT ( 'NONE', 'WORKASPACE' ) );
#849 = CARTESIAN_POINT ( 'NONE',  ( -0.5770373992183374101, 0.2099999999999718203, 0.3987721543909684696 ) ) ;
#850 = CARTESIAN_POINT ( 'NONE',  ( 0.5500000000000000444, 0.02000000000000000042, -0.3999999999999941380 ) ) ;
#851 =( LENGTH_UNIT ( ) NAMED_UNIT ( * ) SI_UNIT ( .MILLI., .METRE. ) );
#852 =( GEOMETRIC_REPRESENTATION_CONTEXT ( 3 ) GLOBAL_UNCERTAINTY_ASSIGNED_CONTEXT ( ( #1248 ) ) GLOBAL_UNIT_ASSIGNED_CONTEXT ( ( #1479, #1341, #1489 ) ) REPRESENTATION_CONTEXT ( 'NONE', 'WORKASPACE' ) );
#853 =( LENGTH_UNIT ( ) NAMED_UNIT ( * ) SI_UNIT ( .MILLI., .METRE. ) );
#854 = SURFACE_STYLE_FILL_AREA ( #17 ) ;
#855 = CARTESIAN_POINT ( 'NONE',  ( 0.5280972242417427687, 0.6733971368769827714, 0.3418729987178735774 ) ) ;
#856 =( NAMED_UNIT ( * ) PLANE_ANGLE_UNIT ( ) SI_UNIT ( $, .RADIAN. ) );
#857 = ORIENTED_EDGE ( 'NONE', *, *, #519, .T. ) ;
#858 = DIRECTION ( 'NONE',  ( -0.1209742911513622399, 0.9852565360152912843, 0.1209742911513615460 ) ) ;
#859 = ORIENTED_EDGE ( 'NONE', *, *, #1169, .T. ) ;
#860 = DIRECTION ( 'NONE',  ( 0.0000000000000000000, 0.0000000000000000000, 1.000000000000000000 ) ) ;
#861 = VERTEX_POINT ( 'NONE', #531 ) ;
#862 = EDGE_CURVE ( 'NONE', #730, #1639, #1104, .T. ) ;
#863 = EDGE_LOOP ( 'NONE', ( #179, #135, #1740, #517, #524 ) ) ;
#864 = FACE_OUTER_BOUND ( 'NONE', #527, .T. ) ;
#865 = ORIENTED_EDGE ( 'NONE', *, *, #1706, .F. ) ;
#866 = VECTOR ( 'NONE', #278, 1000.000000000000000 ) ;
#867 = COLOUR_RGB ( '',0.7529411764705882248, 0.7529411764705882248, 0.7529411764705882248 ) ;
#868 = EDGE_CURVE ( 'NONE', #477, #1681, #1798, .T. ) ;
#869 = MECHANICAL_DESIGN_GEOMETRIC_PRESENTATION_REPRESENTATION (  '', ( #220 ), #725 ) ;
#870 = CARTESIAN_POINT ( 'NONE',  ( -0.5500000000000000444, 0.0000000000000000000, 0.1500000000000000222 ) ) ;
#871 = COLOUR_RGB ( '',0.2509803921568627416, 0.2509803921568627416, 0.2509803921568627416 ) ;
#872 = CIRCLE ( 'NONE', #89, 0.03000000000000002318 ) ;
#873 = DIRECTION ( 'NONE',  ( 0.0000000000000000000, 1.000000000000000000, 0.0000000000000000000 ) ) ;
#874 =( GEOMETRIC_REPRESENTATION_CONTEXT ( 3 ) GLOBAL_UNCERTAINTY_ASSIGNED_CONTEXT ( ( #656 ) ) GLOBAL_UNIT_ASSIGNED_CONTEXT ( ( #217, #1665, #1348 ) ) REPRESENTATION_CONTEXT ( 'NONE', 'WORKASPACE' ) );
#875 =( LENGTH_UNIT ( ) NAMED_UNIT ( * ) SI_UNIT ( .MILLI., .METRE. ) );
#876 = CARTESIAN_POINT ( 'NONE',  ( -0.2620659616118680701, 0.6989999999999999547, 0.3120659616118633406 ) ) ;
#877 =( LENGTH_UNIT ( ) NAMED_UNIT ( * ) SI_UNIT ( .MILLI., .METRE. ) );
#878 = ORIENTED_EDGE ( 'NONE', *, *, #649, .F. ) ;
#879 = CARTESIAN_POINT ( 'NONE',  ( 0.5120659616118679036, 0.6700000000000003730, 0.3120659616118633406 ) ) ;
#880 = ADVANCED_FACE ( 'NONE', ( #1664 ), #1553, .F. ) ;
#881 = LINE ( 'NONE', #717, #1261 ) ;
#882 = SURFACE_SIDE_STYLE ('',( #571 ) ) ;
#883 = DIRECTION ( 'NONE',  ( 1.000000000000000000, 0.0000000000000000000, -0.0000000000000000000 ) ) ;
#884 = SURFACE_SIDE_STYLE ('',( #43 ) ) ;
#885 = CARTESIAN_POINT ( 'NONE',  ( -0.5280972242417432128, 0.6733971368769823274, 0.3418729987178731333 ) ) ;
#886 = ORIENTED_EDGE ( 'NONE', *, *, #692, .F. ) ;
#887 = DIRECTION ( 'NONE',  ( -0.1218693434051545121, 0.9925461516413210949, 0.0000000000000000000 ) ) ;
#888 = DIRECTION ( 'NONE',  ( 1.000000000000000000, -0.0000000000000000000, 0.0000000000000000000 ) ) ;
#889 = UNCERTAINTY_MEASURE_WITH_UNIT (LENGTH_MEASURE( 1.000000000000000082E-05 ), #1290, 'distance_accuracy_value', 'NONE');
#890 = PRESENTATION_STYLE_ASSIGNMENT (( #1049 ) ) ;
#891 = EDGE_CURVE ( 'NONE', #861, #1773, #1346, .T. ) ;
#892 = CARTESIAN_POINT ( 'NONE',  ( -0.2620659616118680701, 0.6989999999999999547, 0.3120659616118633406 ) ) ;
#893 = CARTESIAN_POINT ( 'NONE',  ( -0.5754430878194164434, 0.01999999999999997960, -0.1499999999999999667 ) ) ;
#894 = VERTEX_POINT ( 'NONE', #265 ) ;
#895 = PRESENTATION_STYLE_ASSIGNMENT (( #459 ) ) ;
#896 =( GEOMETRIC_REPRESENTATION_CONTEXT ( 3 ) GLOBAL_UNCERTAINTY_ASSIGNED_CONTEXT ( ( #350 ) ) GLOBAL_UNIT_ASSIGNED_CONTEXT ( ( #578, #471, #312 ) ) REPRESENTATION_CONTEXT ( 'NONE', 'WORKASPACE' ) );
#897 = COLOUR_RGB ( '',0.7529411764705882248, 0.7529411764705882248, 0.7529411764705882248 ) ;
#898 = SURFACE_STYLE_FILL_AREA ( #1622 ) ;
#899 = FILL_AREA_STYLE ('',( #440 ) ) ;
#900 = PRESENTATION_LAYER_ASSIGNMENT (  '', '', ( #424 ) ) ;
#901 = PRESENTATION_LAYER_ASSIGNMENT (  '', '', ( #1573 ) ) ;
#902 =( LENGTH_UNIT ( ) NAMED_UNIT ( * ) SI_UNIT ( .MILLI., .METRE. ) );
#903 =( GEOMETRIC_REPRESENTATION_CONTEXT ( 3 ) GLOBAL_UNCERTAINTY_ASSIGNED_CONTEXT ( ( #1355 ) ) GLOBAL_UNIT_ASSIGNED_CONTEXT ( ( #1353, #1076, #1457 ) ) REPRESENTATION_CONTEXT ( 'NONE', 'WORKASPACE' ) );
#904 =( GEOMETRIC_REPRESENTATION_CONTEXT ( 3 ) GLOBAL_UNCERTAINTY_ASSIGNED_CONTEXT ( ( #1331 ) ) GLOBAL_UNIT_ASSIGNED_CONTEXT ( ( #373, #1505, #680 ) ) REPRESENTATION_CONTEXT ( 'NONE', 'WORKASPACE' ) );
#905 = CARTESIAN_POINT ( 'NONE',  ( 0.5280972242417429907, 0.6999999999999998446, -0.3120659616118601765 ) ) ;
#906 = CARTESIAN_POINT ( 'NONE',  ( -0.5418729987178777519, 0.6733971368769825494, 0.3138813080606812078 ) ) ;
#907 = COLOUR_RGB ( '',0.2509803921568627416, 0.2509803921568627416, 0.2509803921568627416 ) ;
#908 = EDGE_CURVE ( 'NONE', #1595, #730, #26, .T. ) ;
#909 = CARTESIAN_POINT ( 'NONE',  ( -0.5987721543909696464, 0.2100000000000002975, -0.3689957698417256626 ) ) ;
#910 = VECTOR ( 'NONE', #501, 1000.000000000000000 ) ;
#911 = CARTESIAN_POINT ( 'NONE',  ( -0.5500000000000000444, 0.0000000000000000000, -0.1500000000000000222 ) ) ;
#912 = ORIENTED_EDGE ( 'NONE', *, *, #1432, .T. ) ;
#913 = FILL_AREA_STYLE ('',( #211 ) ) ;
#914 = ORIENTED_EDGE ( 'NONE', *, *, #1440, .T. ) ;
#915 =( NAMED_UNIT ( * ) SI_UNIT ( $, .STERADIAN. ) SOLID_ANGLE_UNIT ( ) );
#916 = SURFACE_STYLE_USAGE ( .BOTH. , #743 ) ;
#917 = DIRECTION ( 'NONE',  ( -1.000000000000000000, -0.0000000000000000000, -2.168404344971008868E-16 ) ) ;
#918 = EDGE_CURVE ( 'NONE', #770, #497, #1129, .T. ) ;
#919 = ORIENTED_EDGE ( 'NONE', *, *, #1430, .T. ) ;
#920 = DIRECTION ( 'NONE',  ( -0.0000000000000000000, -0.0000000000000000000, -1.000000000000000000 ) ) ;
#921 = ADVANCED_FACE ( 'NONE', ( #271 ), #1422, .T. ) ;
#922 = ORIENTED_EDGE ( 'NONE', *, *, #311, .T. ) ;
#923 = FILL_AREA_STYLE ('',( #1086 ) ) ;
#924 = DIRECTION ( 'NONE',  ( -0.1218693434051477259, -0.9925461516413219831, 0.0000000000000000000 ) ) ;
#925 = CARTESIAN_POINT ( 'NONE',  ( -0.5418423461611076020, 0.6736560803021546251, -0.3120659616118635071 ) ) ;
#926 = FACE_OUTER_BOUND ( 'NONE', #1159, .T. ) ;
#927 = DIRECTION ( 'NONE',  ( 0.0000000000000000000, -0.0000000000000000000, 1.000000000000000000 ) ) ;
#928 = ORIENTED_EDGE ( 'NONE', *, *, #370, .F. ) ;
#929 = CARTESIAN_POINT ( 'NONE',  ( 0.5689957698417333898, 0.2099999999999722089, 0.3987721543909684696 ) ) ;
#930 = ORIENTED_EDGE ( 'NONE', *, *, #101, .F. ) ;
#931 = PRESENTATION_STYLE_ASSIGNMENT (( #1225 ) ) ;
#932 = EDGE_CURVE ( 'NONE', #1465, #993, #1045, .T. ) ;
#933 = DIRECTION ( 'NONE',  ( 0.0000000000000000000, 1.000000000000000000, -0.0000000000000000000 ) ) ;
#934 = STYLED_ITEM ( 'NONE', ( #1443 ), #738 ) ;
#935 = VECTOR ( 'NONE', #716, 1000.000000000000000 ) ;
#936 = UNCERTAINTY_MEASURE_WITH_UNIT (LENGTH_MEASURE( 1.000000000000000082E-05 ), #663, 'distance_accuracy_value', 'NONE');
#937 = VECTOR ( 'NONE', #1087, 1000.000000000000000 ) ;
#938 = STYLED_ITEM ( 'NONE', ( #895 ), #292 ) ;
#939 = LINE ( 'NONE', #100, #136 ) ;
#940 = DIRECTION ( 'NONE',  ( 0.0000000000000000000, -0.9925461516413210949, 0.1218693434051545121 ) ) ;
#941 = MECHANICAL_DESIGN_GEOMETRIC_PRESENTATION_REPRESENTATION (  '', ( #1607 ), #161 ) ;
#942 =( GEOMETRIC_REPRESENTATION_CONTEXT ( 3 ) GLOBAL_UNCERTAINTY_ASSIGNED_CONTEXT ( ( #1189 ) ) GLOBAL_UNIT_ASSIGNED_CONTEXT ( ( #1600, #1162, #1192 ) ) REPRESENTATION_CONTEXT ( 'NONE', 'WORKASPACE' ) );
#943 = CARTESIAN_POINT ( 'NONE',  ( 0.5500000000000000444, 0.0000000000000000000, 0.1499999999999998557 ) ) ;
#944 = VECTOR ( 'NONE', #1014, 1000.000000000000000 ) ;
#945 = EDGE_LOOP ( 'NONE', ( #842, #734, #1467, #1185 ) ) ;
#946 = DIRECTION ( 'NONE',  ( -1.000000000000000000, -0.0000000000000000000, -0.0000000000000000000 ) ) ;
#947 = PRESENTATION_LAYER_ASSIGNMENT (  '', '', ( #1433 ) ) ;
#948 = ORIENTED_EDGE ( 'NONE', *, *, #239, .F. ) ;
#949 = FILL_AREA_STYLE_COLOUR ( '', #1032 ) ;
#950 = ORIENTED_EDGE ( 'NONE', *, *, #156, .T. ) ;
#951 = CARTESIAN_POINT ( 'NONE',  ( 0.8000000000000000444, 0.2000000000000000111, 0.1499999999999998834 ) ) ;
#952 = ORIENTED_EDGE ( 'NONE', *, *, #36, .F. ) ;
#953 = PRODUCT_RELATED_PRODUCT_CATEGORY ( 'part', '', ( #1768 ) ) ;
#954 = SURFACE_STYLE_FILL_AREA ( #774 ) ;
#955 =( NAMED_UNIT ( * ) SI_UNIT ( $, .STERADIAN. ) SOLID_ANGLE_UNIT ( ) );
#956 = EDGE_CURVE ( 'NONE', #1595, #812, #113, .T. ) ;
#957 = CARTESIAN_POINT ( 'NONE',  ( -0.5418729987178777519, 0.6733971368769822163, -0.3138813080606812078 ) ) ;
#958 = EDGE_CURVE ( 'NONE', #1773, #66, #1373, .T. ) ;
#959 =( NAMED_UNIT ( * ) SI_UNIT ( $, .STERADIAN. ) SOLID_ANGLE_UNIT ( ) );
#960 = ORIENTED_EDGE ( 'NONE', *, *, #932, .T. ) ;
#961 = DIRECTION ( 'NONE',  ( -0.0000000000000000000, 0.0000000000000000000, -1.000000000000000000 ) ) ;
#962 = FILL_AREA_STYLE_COLOUR ( '', #1719 ) ;
#963 =( NAMED_UNIT ( * ) PLANE_ANGLE_UNIT ( ) SI_UNIT ( $, .RADIAN. ) );
#964 = PRESENTATION_LAYER_ASSIGNMENT (  '', '', ( #1745 ) ) ;
#965 = AXIS2_PLACEMENT_3D ( 'NONE', #747, #618, #580 ) ;
#966 = PRESENTATION_LAYER_ASSIGNMENT (  '', '', ( #1572 ) ) ;
#967 = CIRCLE ( 'NONE', #280, 0.02999999999999998501 ) ;
#968 = DIRECTION ( 'NONE',  ( -0.1209742911513548291, -0.9852565360152931717, 0.1209742911513548291 ) ) ;
#969 = VECTOR ( 'NONE', #467, 1000.000000000000000 ) ;
#970 =( GEOMETRIC_REPRESENTATION_CONTEXT ( 3 ) GLOBAL_UNCERTAINTY_ASSIGNED_CONTEXT ( ( #766 ) ) GLOBAL_UNIT_ASSIGNED_CONTEXT ( ( #562, #30, #1269 ) ) REPRESENTATION_CONTEXT ( 'NONE', 'WORKASPACE' ) );
#971 = ADVANCED_FACE ( 'NONE', ( #729 ), #597, .T. ) ;
#972 = AXIS2_PLACEMENT_3D ( 'NONE', #1389, #968, #133 ) ;
#973 = DIRECTION ( 'NONE',  ( -0.1209742911513551900, -0.9852565360152930607, -0.1209742911513547320 ) ) ;
#974 = ORIENTED_EDGE ( 'NONE', *, *, #228, .T. ) ;
#975 = COLOUR_RGB ( '',0.2509803921568627416, 0.2509803921568627416, 0.2509803921568627416 ) ;
#976 =( LENGTH_UNIT ( ) NAMED_UNIT ( * ) SI_UNIT ( .MILLI., .METRE. ) );
#977 = FACE_OUTER_BOUND ( 'NONE', #1099, .T. ) ;
#978 = UNCERTAINTY_MEASURE_WITH_UNIT (LENGTH_MEASURE( 1.000000000000000082E-05 ), #557, 'distance_accuracy_value', 'NONE');
#979 = PRESENTATION_STYLE_ASSIGNMENT (( #1696 ) ) ;
#980 = FILL_AREA_STYLE ('',( #719 ) ) ;
#981 =( NAMED_UNIT ( * ) PLANE_ANGLE_UNIT ( ) SI_UNIT ( $, .RADIAN. ) );
#982 = ADVANCED_FACE ( 'NONE', ( #1077 ), #764, .F. ) ;
#983 = EDGE_LOOP ( 'NONE', ( #593, #1224, #878, #1627 ) ) ;
#984 =( NAMED_UNIT ( * ) PLANE_ANGLE_UNIT ( ) SI_UNIT ( $, .RADIAN. ) );
#985 = CARTESIAN_POINT ( 'NONE',  ( -0.2620659616118680701, 0.6989999999999999547, -0.3120659616118633406 ) ) ;
#986 = EDGE_LOOP ( 'NONE', ( #859, #821, #1619, #240, #318, #606, #660, #407, #922, #1610 ) ) ;
#987 = LINE ( 'NONE', #1535, #1202 ) ;
#988 = DIRECTION ( 'NONE',  ( -1.000000000000000000, 0.0000000000000000000, 0.0000000000000000000 ) ) ;
#989 = ORIENTED_EDGE ( 'NONE', *, *, #1190, .T. ) ;
#990 =( NAMED_UNIT ( * ) PLANE_ANGLE_UNIT ( ) SI_UNIT ( $, .RADIAN. ) );
#991 = LINE ( 'NONE', #1265, #723 ) ;
#992 = DIRECTION ( 'NONE',  ( 0.0000000000000000000, 0.1218693434051477259, -0.9925461516413219831 ) ) ;
#993 = VERTEX_POINT ( 'NONE', #369 ) ;
#994 = SURFACE_STYLE_FILL_AREA ( #1388 ) ;
#995 = FILL_AREA_STYLE_COLOUR ( '', #1491 ) ;
#996 =( NAMED_UNIT ( * ) PLANE_ANGLE_UNIT ( ) SI_UNIT ( $, .RADIAN. ) );
#997 = PRESENTATION_LAYER_ASSIGNMENT (  '', '', ( #420 ) ) ;
#998 = ORIENTED_EDGE ( 'NONE', *, *, #1655, .F. ) ;
#999 = COLOUR_RGB ( '',0.2509803921568627416, 0.2509803921568627416, 0.2509803921568627416 ) ;
#1000 = MECHANICAL_DESIGN_GEOMETRIC_PRESENTATION_REPRESENTATION (  '', ( #1753 ), #904 ) ;
#1001 = CARTESIAN_POINT ( 'NONE',  ( -0.5987721543909696464, 0.2100000000000002143, 0.3689957698417254406 ) ) ;
#1002 = CYLINDRICAL_SURFACE ( 'NONE', #847, 0.02999999999999997460 ) ;
#1003 =( GEOMETRIC_REPRESENTATION_CONTEXT ( 3 ) GLOBAL_UNCERTAINTY_ASSIGNED_CONTEXT ( ( #264 ) ) GLOBAL_UNIT_ASSIGNED_CONTEXT ( ( #877, #215, #1657 ) ) REPRESENTATION_CONTEXT ( 'NONE', 'WORKASPACE' ) );
#1004 = FILL_AREA_STYLE_COLOUR ( '', #907 ) ;
#1005 =( GEOMETRIC_REPRESENTATION_CONTEXT ( 3 ) GLOBAL_UNCERTAINTY_ASSIGNED_CONTEXT ( ( #47 ) ) GLOBAL_UNIT_ASSIGNED_CONTEXT ( ( #1767, #245, #955 ) ) REPRESENTATION_CONTEXT ( 'NONE', 'WORKASPACE' ) );
#1006 = EDGE_CURVE ( 'NONE', #486, #1404, #773, .T. ) ;
#1007 = PRESENTATION_STYLE_ASSIGNMENT (( #1694 ) ) ;
#1008 = CARTESIAN_POINT ( 'NONE',  ( 0.5418729987178778629, 0.6703846846320319353, 0.3154412477767436496 ) ) ;
#1009 = SURFACE_SIDE_STYLE ('',( #687 ) ) ;
#1010 = SURFACE_SIDE_STYLE ('',( #134 ) ) ;
#1011 = VERTEX_POINT ( 'NONE', #1226 ) ;
#1012 = DIRECTION ( 'NONE',  ( -0.0000000000000000000, -1.000000000000000000, -0.0000000000000000000 ) ) ;
#1013 = LINE ( 'NONE', #1559, #1644 ) ;
#1014 = DIRECTION ( 'NONE',  ( 0.0000000000000000000, -0.0000000000000000000, 1.000000000000000000 ) ) ;
#1015 = ORIENTED_EDGE ( 'NONE', *, *, #1074, .F. ) ;
#1016 = CARTESIAN_POINT ( 'NONE',  ( 0.5120659616118672375, 0.6733971368769825494, 0.3418729987178731888 ) ) ;
#1017 = CARTESIAN_POINT ( 'NONE',  ( 0.5400576522690599957, 0.6893252848791461274, -0.3223929188550201386 ) ) ;
#1018 = SURFACE_STYLE_FILL_AREA ( #18 ) ;
#1019 = EDGE_CURVE ( 'NONE', #477, #1338, #628, .T. ) ;
#1020 = EDGE_LOOP ( 'NONE', ( #1412, #1704, #1291, #29, #1295 ) ) ;
#1021 = FACE_OUTER_BOUND ( 'NONE', #495, .T. ) ;
#1022 = CARTESIAN_POINT ( 'NONE',  ( -0.5120659616118680146, 0.6989999999999999547, -0.3120659616118633406 ) ) ;
#1023 =( NAMED_UNIT ( * ) PLANE_ANGLE_UNIT ( ) SI_UNIT ( $, .RADIAN. ) );
#1024 = FACE_OUTER_BOUND ( 'NONE', #986, .T. ) ;
#1025 = LINE ( 'NONE', #1574, #1347 ) ;
#1026 = ADVANCED_FACE ( 'NONE', ( #804 ), #1342, .T. ) ;
#1027 =( GEOMETRIC_REPRESENTATION_CONTEXT ( 3 ) GLOBAL_UNCERTAINTY_ASSIGNED_CONTEXT ( ( #462 ) ) GLOBAL_UNIT_ASSIGNED_CONTEXT ( ( #1274, #963, #1266 ) ) REPRESENTATION_CONTEXT ( 'NONE', 'WORKASPACE' ) );
#1028 = ORIENTED_EDGE ( 'NONE', *, *, #1182, .F. ) ;
#1029 = COLOUR_RGB ( '',0.7529411764705882248, 0.7529411764705882248, 0.7529411764705882248 ) ;
#1030 = SURFACE_STYLE_FILL_AREA ( #913 ) ;
#1031 =( GEOMETRIC_REPRESENTATION_CONTEXT ( 3 ) GLOBAL_UNCERTAINTY_ASSIGNED_CONTEXT ( ( #1103 ) ) GLOBAL_UNIT_ASSIGNED_CONTEXT ( ( #1118, #996, #1684 ) ) REPRESENTATION_CONTEXT ( 'NONE', 'WORKASPACE' ) );
#1032 = COLOUR_RGB ( '',0.2509803921568627416, 0.2509803921568627416, 0.2509803921568627416 ) ;
#1033 = MECHANICAL_DESIGN_GEOMETRIC_PRESENTATION_REPRESENTATION (  '', ( #1700 ), #1003 ) ;
#1034 = STYLED_ITEM ( 'NONE', ( #386 ), #1710 ) ;
#1035 = DIRECTION ( 'NONE',  ( 1.000000000000000000, 0.0000000000000000000, 0.0000000000000000000 ) ) ;
#1036 = AXIS2_PLACEMENT_3D ( 'NONE', #162, #1191, #328 ) ;
#1037 = ORIENTED_EDGE ( 'NONE', *, *, #125, .T. ) ;
#1038 = CARTESIAN_POINT ( 'NONE',  ( 0.5120659616118679036, 0.6700000000000000400, 0.3120659616118632851 ) ) ;
#1039 = DIRECTION ( 'NONE',  ( 0.0000000000000000000, -0.0000000000000000000, 1.000000000000000000 ) ) ;
#1040 = CARTESIAN_POINT ( 'NONE',  ( 0.5418729987178777519, 0.6721883545973713625, -0.3152356817645509679 ) ) ;
#1041 = CARTESIAN_POINT ( 'NONE',  ( -0.5400576522690598846, 0.6721883545973709184, 0.3312669443944261105 ) ) ;
#1042 = LINE ( 'NONE', #1594, #1172 ) ;
#1043 = ORIENTED_EDGE ( 'NONE', *, *, #741, .T. ) ;
#1044 = SURFACE_STYLE_FILL_AREA ( #751 ) ;
#1045 = LINE ( 'NONE', #1598, #329 ) ;
#1046 = EDGE_CURVE ( 'NONE', #624, #1639, #779, .T. ) ;
#1047 = SURFACE_SIDE_STYLE ('',( #1322 ) ) ;
#1048 = SURFACE_STYLE_FILL_AREA ( #1116 ) ;
#1049 = SURFACE_STYLE_USAGE ( .BOTH. , #1571 ) ;
#1050 =( NAMED_UNIT ( * ) SI_UNIT ( $, .STERADIAN. ) SOLID_ANGLE_UNIT ( ) );
#1051 =( LENGTH_UNIT ( ) NAMED_UNIT ( * ) SI_UNIT ( .MILLI., .METRE. ) );
#1052 = SURFACE_STYLE_USAGE ( .BOTH. , #287 ) ;
#1053 = EDGE_LOOP ( 'NONE', ( #682, #744, #1605 ) ) ;
#1054 = AXIS2_PLACEMENT_3D ( 'NONE', #833, #1687, #1387 ) ;
#1055 = ORIENTED_EDGE ( 'NONE', *, *, #1182, .T. ) ;
#1056 = AXIS2_PLACEMENT_3D ( 'NONE', #1408, #1273, #21 ) ;
#1057 = VECTOR ( 'NONE', #1012, 1000.000000000000000 ) ;
#1058 = SURFACE_STYLE_USAGE ( .BOTH. , #521 ) ;
#1059 = STYLED_ITEM ( 'NONE', ( #1474 ), #1154 ) ;
#1060 = VECTOR ( 'NONE', #792, 1000.000000000000227 ) ;
#1061 = CARTESIAN_POINT ( 'NONE',  ( -0.5120659616118679036, 0.6733971368769823274, 0.3418729987178731333 ) ) ;
#1062 = AXIS2_PLACEMENT_3D ( 'NONE', #1538, #700, #1380 ) ;
#1063 =( NAMED_UNIT ( * ) SI_UNIT ( $, .STERADIAN. ) SOLID_ANGLE_UNIT ( ) );
#1064 = SURFACE_STYLE_FILL_AREA ( #1166 ) ;
#1065 = ORIENTED_EDGE ( 'NONE', *, *, #444, .T. ) ;
#1066 = ORIENTED_EDGE ( 'NONE', *, *, #868, .F. ) ;
#1067 = DIRECTION ( 'NONE',  ( 0.0000000000000000000, 0.0000000000000000000, -1.000000000000000000 ) ) ;
#1068 = DIRECTION ( 'NONE',  ( -0.9925461516413219831, 0.1218693434051477259, 0.0000000000000000000 ) ) ;
#1069 = UNCERTAINTY_MEASURE_WITH_UNIT (LENGTH_MEASURE( 1.000000000000000082E-05 ), #853, 'distance_accuracy_value', 'NONE');
#1070 =( NAMED_UNIT ( * ) SI_UNIT ( $, .STERADIAN. ) SOLID_ANGLE_UNIT ( ) );
#1071 = CARTESIAN_POINT ( 'NONE',  ( 0.5120659616118679036, 0.6700000000000002620, -0.3120659616118633406 ) ) ;
#1072 = CARTESIAN_POINT ( 'NONE',  ( 0.5500000000000000444, 0.0000000000000000000, 0.1499999999999998557 ) ) ;
#1073 = ORIENTED_EDGE ( 'NONE', *, *, #170, .F. ) ;
#1074 = EDGE_CURVE ( 'NONE', #715, #1093, #991, .T. ) ;
#1075 = ORIENTED_EDGE ( 'NONE', *, *, #582, .T. ) ;
#1076 =( NAMED_UNIT ( * ) PLANE_ANGLE_UNIT ( ) SI_UNIT ( $, .RADIAN. ) );
#1077 = FACE_OUTER_BOUND ( 'NONE', #1549, .T. ) ;
#1078 = SURFACE_STYLE_USAGE ( .BOTH. , #647 ) ;
#1079 = FILL_AREA_STYLE ('',( #352 ) ) ;
#1080 = CARTESIAN_POINT ( 'NONE',  ( -0.5418729987178778629, 0.6703846846320318242, -0.3154412477767435941 ) ) ;
#1081 = CARTESIAN_POINT ( 'NONE',  ( -0.5999999999999988676, 0.2200000000000001954, -0.1499999999999999667 ) ) ;
#1082 = ORIENTED_EDGE ( 'NONE', *, *, #1523, .F. ) ;
#1083 = LINE ( 'NONE', #820, #1340 ) ;
#1084 = ADVANCED_FACE ( 'NONE', ( #15 ), #126, .F. ) ;
#1085 = ORIENTED_EDGE ( 'NONE', *, *, #1205, .T. ) ;
#1086 = FILL_AREA_STYLE_COLOUR ( '', #1646 ) ;
#1087 = DIRECTION ( 'NONE',  ( 0.0000000000000000000, 0.0000000000000000000, 1.000000000000000000 ) ) ;
#1088 = PRESENTATION_LAYER_ASSIGNMENT (  '', '', ( #934 ) ) ;
#1089 = AXIS2_PLACEMENT_3D ( 'NONE', #1654, #198, #1643 ) ;
#1090 = CARTESIAN_POINT ( 'NONE',  ( -0.5400576522690598846, 0.6824488878553370830, -0.3300975414851680112 ) ) ;
#1091 = PRESENTATION_LAYER_ASSIGNMENT (  '', '', ( #1783 ) ) ;
#1092 =( NAMED_UNIT ( * ) SI_UNIT ( $, .STERADIAN. ) SOLID_ANGLE_UNIT ( ) );
#1093 = VERTEX_POINT ( 'NONE', #1372 ) ;
#1094 = LINE ( 'NONE', #1653, #227 ) ;
#1095 = DIRECTION ( 'NONE',  ( 1.000000000000000000, 0.0000000000000000000, 0.0000000000000000000 ) ) ;
#1096 = EDGE_CURVE ( 'NONE', #993, #1309, #270, .T. ) ;
#1097 = CARTESIAN_POINT ( 'NONE',  ( 0.8000000000000000444, 0.0000000000000000000, 0.1499999999999998834 ) ) ;
#1098 = DIRECTION ( 'NONE',  ( 0.1209742911513548569, -0.9852565360152931717, 0.1209742911513548569 ) ) ;
#1099 = EDGE_LOOP ( 'NONE', ( #1037, #800, #410, #1659 ) ) ;
#1100 =( NAMED_UNIT ( * ) PLANE_ANGLE_UNIT ( ) SI_UNIT ( $, .RADIAN. ) );
#1101 = ORIENTED_EDGE ( 'NONE', *, *, #1240, .F. ) ;
#1102 = SURFACE_STYLE_FILL_AREA ( #529 ) ;
#1103 = UNCERTAINTY_MEASURE_WITH_UNIT (LENGTH_MEASURE( 1.000000000000000082E-05 ), #1118, 'distance_accuracy_value', 'NONE');
#1104 = LINE ( 'NONE', #1394, #183 ) ;
#1105 = EDGE_CURVE ( 'NONE', #812, #730, #4, .T. ) ;
#1106 = SURFACE_STYLE_USAGE ( .BOTH. , #1648 ) ;
#1107 = DIRECTION ( 'NONE',  ( -0.1218693434051477259, 0.9925461516413219831, 0.0000000000000000000 ) ) ;
#1108 = VECTOR ( 'NONE', #141, 1000.000000000000000 ) ;
#1109 = DIRECTION ( 'NONE',  ( 1.000000000000000000, 0.0000000000000000000, 0.0000000000000000000 ) ) ;
#1110 = ORIENTED_EDGE ( 'NONE', *, *, #1240, .T. ) ;
#1111 = DIRECTION ( 'NONE',  ( -0.0000000000000000000, -0.0000000000000000000, -1.000000000000000000 ) ) ;
#1112 = DIRECTION ( 'NONE',  ( 1.084202172485504434E-16, 0.0000000000000000000, -1.000000000000000000 ) ) ;
#1113 = LINE ( 'NONE', #140, #1779 ) ;
#1114 =( BOUNDED_CURVE ( )  B_SPLINE_CURVE ( 3, ( #1210, #627, #1468, #206 ),
 .UNSPECIFIED., .F., .T. ) 
 B_SPLINE_CURVE_WITH_KNOTS ( ( 4, 4 ),
 ( 3.171745790145543697, 3.949717612070361650 ),
 .UNSPECIFIED. ) 
 CURVE ( )  GEOMETRIC_REPRESENTATION_ITEM ( )  RATIONAL_B_SPLINE_CURVE ( ( 1.000000000000000000, 0.9501960860785747531, 0.9501960860785747531, 1.000000000000000000 ) ) 
 REPRESENTATION_ITEM ( '' )  );
#1115 = ADVANCED_FACE ( 'NONE', ( #977 ), #1134, .F. ) ;
#1116 = FILL_AREA_STYLE ('',( #539 ) ) ;
#1117 = CIRCLE ( 'NONE', #633, 0.02999999999999997113 ) ;
#1118 =( LENGTH_UNIT ( ) NAMED_UNIT ( * ) SI_UNIT ( .MILLI., .METRE. ) );
#1119 = ADVANCED_FACE ( 'NONE', ( #1526 ), #702, .F. ) ;
#1120 = PRESENTATION_LAYER_ASSIGNMENT (  '', '', ( #88 ) ) ;
#1121 = EDGE_LOOP ( 'NONE', ( #1334, #644, #1507, #1043 ) ) ;
#1122 = SURFACE_SIDE_STYLE ('',( #243 ) ) ;
#1123 = PRESENTATION_STYLE_ASSIGNMENT (( #422 ) ) ;
#1124 = PRESENTATION_STYLE_ASSIGNMENT (( #1078 ) ) ;
#1125 = EDGE_CURVE ( 'NONE', #1500, #334, #1411, .T. ) ;
#1126 = CARTESIAN_POINT ( 'NONE',  ( -0.2620659616118680701, 0.6999999999999999556, 0.3120659616118632851 ) ) ;
#1127 = LINE ( 'NONE', #1686, #1673 ) ;
#1128 = EDGE_CURVE ( 'NONE', #1338, #1262, #1552, .T. ) ;
#1129 = LINE ( 'NONE', #7, #1336 ) ;
#1130 = ORIENTED_EDGE ( 'NONE', *, *, #605, .T. ) ;
#1131 = FILL_AREA_STYLE ('',( #995 ) ) ;
#1132 = ORIENTED_EDGE ( 'NONE', *, *, #1214, .F. ) ;
#1133 = EDGE_CURVE ( 'NONE', #1404, #1319, #1013, .T. ) ;
#1134 = PLANE ( 'NONE',  #301 ) ;
#1135 = SURFACE_SIDE_STYLE ('',( #854 ) ) ;
#1136 = CYLINDRICAL_SURFACE ( 'NONE', #972, 0.02999999999999997460 ) ;
#1137 = PLANE ( 'NONE',  #1201 ) ;
#1138 = MECHANICAL_DESIGN_GEOMETRIC_PRESENTATION_REPRESENTATION (  '', ( #1199 ), #1487 ) ;
#1139 = MECHANICAL_DESIGN_GEOMETRIC_PRESENTATION_REPRESENTATION (  '', ( #424 ), #1374 ) ;
#1140 = AXIS2_PLACEMENT_3D ( 'NONE', #1712, #346, #1476 ) ;
#1141 = ORIENTED_EDGE ( 'NONE', *, *, #1742, .F. ) ;
#1142 = MECHANICAL_DESIGN_GEOMETRIC_PRESENTATION_REPRESENTATION (  '', ( #283 ), #639 ) ;
#1143 = LINE ( 'NONE', #1539, #866 ) ;
#1144 = CARTESIAN_POINT ( 'NONE',  ( 0.5987721543909707567, 0.2099999999999907496, -0.3689957698417265508 ) ) ;
#1145 = SURFACE_STYLE_FILL_AREA ( #1414 ) ;
#1146 = COLOUR_RGB ( '',0.2509803921568627416, 0.2509803921568627416, 0.2509803921568627416 ) ;
#1147 = CYLINDRICAL_SURFACE ( 'NONE', #1401, 0.03000000000000002318 ) ;
#1148 = ORIENTED_EDGE ( 'NONE', *, *, #1601, .T. ) ;
#1149 = LINE ( 'NONE', #1297, #1375 ) ;
#1150 = PRESENTATION_STYLE_ASSIGNMENT (( #1325 ) ) ;
#1151 = LINE ( 'NONE', #1298, #1204 ) ;
#1152 = DIRECTION ( 'NONE',  ( 0.0000000000000000000, -0.1218693434051487112, -0.9925461516413217611 ) ) ;
#1153 = SURFACE_STYLE_USAGE ( .BOTH. , #1047 ) ;
#1154 = ADVANCED_FACE ( 'NONE', ( #640 ), #1002, .T. ) ;
#1155 = LINE ( 'NONE', #876, #721 ) ;
#1156 = PRESENTATION_STYLE_ASSIGNMENT (( #208 ) ) ;
#1157 = CARTESIAN_POINT ( 'NONE',  ( -0.2620659616118680701, 0.6989999999999999547, 0.3120659616118633406 ) ) ;
#1158 = SURFACE_STYLE_FILL_AREA ( #1452 ) ;
#1159 = EDGE_LOOP ( 'NONE', ( #212, #1252, #1585, #1385, #20, #1223 ) ) ;
#1160 = FACE_OUTER_BOUND ( 'NONE', #1370, .T. ) ;
#1161 = DIRECTION ( 'NONE',  ( 0.0000000000000000000, 0.0000000000000000000, 1.000000000000000000 ) ) ;
#1162 =( NAMED_UNIT ( * ) PLANE_ANGLE_UNIT ( ) SI_UNIT ( $, .RADIAN. ) );
#1163 = CARTESIAN_POINT ( 'NONE',  ( -0.5120659616118679036, 0.6999999999999998446, 0.3120659616118632851 ) ) ;
#1164 = EDGE_CURVE ( 'NONE', #1770, #486, #1730, .T. ) ;
#1165 = FILL_AREA_STYLE_COLOUR ( '', #643 ) ;
#1166 = FILL_AREA_STYLE ('',( #483 ) ) ;
#1167 = MECHANICAL_DESIGN_GEOMETRIC_PRESENTATION_REPRESENTATION (  '', ( #845 ), #1396 ) ;
#1168 = STYLED_ITEM ( 'NONE', ( #430 ), #142 ) ;
#1169 = EDGE_CURVE ( 'NONE', #1262, #626, #1042, .T. ) ;
#1170 = PRESENTATION_LAYER_ASSIGNMENT (  '', '', ( #390 ) ) ;
#1171 = VECTOR ( 'NONE', #920, 1000.000000000000000 ) ;
#1172 = VECTOR ( 'NONE', #323, 1000.000000000000114 ) ;
#1173 = VECTOR ( 'NONE', #534, 1000.000000000000000 ) ;
#1174 = PRESENTATION_LAYER_ASSIGNMENT (  '', '', ( #283 ) ) ;
#1175 = SURFACE_STYLE_FILL_AREA ( #899 ) ;
#1176 = UNCERTAINTY_MEASURE_WITH_UNIT (LENGTH_MEASURE( 1.000000000000000082E-05 ), #295, 'distance_accuracy_value', 'NONE');
#1177 = STYLED_ITEM ( 'NONE', ( #518 ), #1542 ) ;
#1178 = CARTESIAN_POINT ( 'NONE',  ( 0.5280972242417429907, 0.7000000000000018430, -0.3280972242417368179 ) ) ;
#1179 = FACE_OUTER_BOUND ( 'NONE', #790, .T. ) ;
#1180 = VERTEX_POINT ( 'NONE', #893 ) ;
#1181 = DIRECTION ( 'NONE',  ( 0.1209742911513548291, -0.9852565360152931717, 0.1209742911513548291 ) ) ;
#1182 = EDGE_CURVE ( 'NONE', #1319, #289, #1453, .T. ) ;
#1183 =( NAMED_UNIT ( * ) PLANE_ANGLE_UNIT ( ) SI_UNIT ( $, .RADIAN. ) );
#1184 =( NAMED_UNIT ( * ) SI_UNIT ( $, .STERADIAN. ) SOLID_ANGLE_UNIT ( ) );
#1185 = ORIENTED_EDGE ( 'NONE', *, *, #1757, .F. ) ;
#1186 = CARTESIAN_POINT ( 'NONE',  ( -0.8000000000000000444, 0.2000000000000000111, 0.1500000000000000500 ) ) ;
#1187 = ORIENTED_EDGE ( 'NONE', *, *, #605, .F. ) ;
#1188 = FILL_AREA_STYLE ('',( #326 ) ) ;
#1189 = UNCERTAINTY_MEASURE_WITH_UNIT (LENGTH_MEASURE( 1.000000000000000082E-05 ), #1600, 'distance_accuracy_value', 'NONE');
#1190 = EDGE_CURVE ( 'NONE', #1773, #1321, #1251, .T. ) ;
#1191 = DIRECTION ( 'NONE',  ( 0.0000000000000000000, 0.0000000000000000000, 1.000000000000000000 ) ) ;
#1192 =( NAMED_UNIT ( * ) SI_UNIT ( $, .STERADIAN. ) SOLID_ANGLE_UNIT ( ) );
#1193 = PRESENTATION_STYLE_ASSIGNMENT (( #621 ) ) ;
#1194 = DIRECTION ( 'NONE',  ( 0.0000000000000000000, 1.000000000000000000, 0.0000000000000000000 ) ) ;
#1195 = CARTESIAN_POINT ( 'NONE',  ( 0.8000000000000000444, 0.2000000000000000111, -0.1500000000000001055 ) ) ;
#1196 = EDGE_LOOP ( 'NONE', ( #722, #1630, #106, #1650 ) ) ;
#1197 = AXIS2_PLACEMENT_3D ( 'NONE', #16, #288, #1249 ) ;
#1198 =( GEOMETRIC_REPRESENTATION_CONTEXT ( 3 ) GLOBAL_UNCERTAINTY_ASSIGNED_CONTEXT ( ( #1229 ) ) GLOBAL_UNIT_ASSIGNED_CONTEXT ( ( #37, #1023, #72 ) ) REPRESENTATION_CONTEXT ( 'NONE', 'WORKASPACE' ) );
#1199 = STYLED_ITEM ( 'NONE', ( #1364 ), #1026 ) ;
#1200 = FILL_AREA_STYLE_COLOUR ( '', #1230 ) ;
#1201 = AXIS2_PLACEMENT_3D ( 'NONE', #1698, #988, #860 ) ;
#1202 = VECTOR ( 'NONE', #827, 1000.000000000000000 ) ;
#1203 = PRODUCT_DEFINITION_SHAPE ( 'NONE', 'NONE',  #553 ) ;
#1204 = VECTOR ( 'NONE', #1568, 1000.000000000000000 ) ;
#1205 = EDGE_CURVE ( 'NONE', #84, #1562, #1699, .T. ) ;
#1206 = COLOUR_RGB ( '',1.000000000000000000, 1.000000000000000000, 1.000000000000000000 ) ;
#1207 = CARTESIAN_POINT ( 'NONE',  ( 0.5859580340791517017, 0.1975793560946510485, -0.3972470910829152269 ) ) ;
#1208 = ORIENTED_EDGE ( 'NONE', *, *, #448, .T. ) ;
#1209 = ORIENTED_EDGE ( 'NONE', *, *, #649, .T. ) ;
#1210 = CARTESIAN_POINT ( 'NONE',  ( 0.5689957698417333898, 0.2099999999999722089, 0.3987721543909684696 ) ) ;
#1211 =( NAMED_UNIT ( * ) SI_UNIT ( $, .STERADIAN. ) SOLID_ANGLE_UNIT ( ) );
#1212 = UNCERTAINTY_MEASURE_WITH_UNIT (LENGTH_MEASURE( 1.000000000000000082E-05 ), #834, 'distance_accuracy_value', 'NONE');
#1213 = FACE_OUTER_BOUND ( 'NONE', #475, .T. ) ;
#1214 = EDGE_CURVE ( 'NONE', #1537, #861, #494, .T. ) ;
#1215 = CARTESIAN_POINT ( 'NONE',  ( -0.5418729987178778629, 0.6733971368769822163, -0.3120659616118632851 ) ) ;
#1216 = DIRECTION ( 'NONE',  ( 0.0000000000000000000, 0.0000000000000000000, -1.000000000000000000 ) ) ;
#1217 = ORIENTED_EDGE ( 'NONE', *, *, #1759, .T. ) ;
#1218 = DIRECTION ( 'NONE',  ( -1.000000000000000000, -0.0000000000000000000, 0.0000000000000000000 ) ) ;
#1219 = ORIENTED_EDGE ( 'NONE', *, *, #1164, .T. ) ;
#1220 =( LENGTH_UNIT ( ) NAMED_UNIT ( * ) SI_UNIT ( .MILLI., .METRE. ) );
#1221 = FACE_OUTER_BOUND ( 'NONE', #267, .T. ) ;
#1222 = LINE ( 'NONE', #400, #1288 ) ;
#1223 = ORIENTED_EDGE ( 'NONE', *, *, #1432, .F. ) ;
#1224 = ORIENTED_EDGE ( 'NONE', *, *, #1503, .F. ) ;
#1225 = SURFACE_STYLE_USAGE ( .BOTH. , #1597 ) ;
#1226 = CARTESIAN_POINT ( 'NONE',  ( -0.5944248268319777262, 0.1745938583236902042, -0.3944248268319730522 ) ) ;
#1227 = VECTOR ( 'NONE', #1254, 1000.000000000000000 ) ;
#1228 = PRESENTATION_LAYER_ASSIGNMENT (  '', '', ( #1168 ) ) ;
#1229 = UNCERTAINTY_MEASURE_WITH_UNIT (LENGTH_MEASURE( 1.000000000000000082E-05 ), #37, 'distance_accuracy_value', 'NONE');
#1230 = COLOUR_RGB ( '',0.2509803921568627416, 0.2509803921568627416, 0.2509803921568627416 ) ;
#1231 =( LENGTH_UNIT ( ) NAMED_UNIT ( * ) SI_UNIT ( .MILLI., .METRE. ) );
#1232 = LINE ( 'NONE', #372, #143 ) ;
#1233 = CARTESIAN_POINT ( 'NONE',  ( -0.5828740358673690780, 0.3394797848092033776, 0.3530976513181247611 ) ) ;
#1234 = ORIENTED_EDGE ( 'NONE', *, *, #1214, .T. ) ;
#1235 = STYLED_ITEM ( 'NONE', ( #1193 ), #1629 ) ;
#1236 = DIRECTION ( 'NONE',  ( -0.0000000000000000000, -1.000000000000000000, -0.0000000000000000000 ) ) ;
#1237 =( GEOMETRIC_REPRESENTATION_CONTEXT ( 3 ) GLOBAL_UNCERTAINTY_ASSIGNED_CONTEXT ( ( #500 ) ) GLOBAL_UNIT_ASSIGNED_CONTEXT ( ( #875, #1599, #1727 ) ) REPRESENTATION_CONTEXT ( 'NONE', 'WORKASPACE' ) );
#1238 = ORIENTED_EDGE ( 'NONE', *, *, #1759, .F. ) ;
#1239 = FILL_AREA_STYLE ('',( #1514 ) ) ;
#1240 = EDGE_CURVE ( 'NONE', #1397, #1180, #503, .T. ) ;
#1241 = DIRECTION ( 'NONE',  ( 1.000000000000000000, -0.0000000000000000000, 0.0000000000000000000 ) ) ;
#1242 =( BOUNDED_CURVE ( )  B_SPLINE_CURVE ( 3, ( #727, #746, #569, #439 ),
 .UNSPECIFIED., .F., .F. ) 
 B_SPLINE_CURVE_WITH_KNOTS ( ( 4, 4 ),
 ( 3.171745790145544142, 3.949717612070630768 ),
 .UNSPECIFIED. ) 
 CURVE ( )  GEOMETRIC_REPRESENTATION_ITEM ( )  RATIONAL_B_SPLINE_CURVE ( ( 1.000000000000000000, 0.9501960860785408913, 0.9501960860785408913, 1.000000000000000000 ) ) 
 REPRESENTATION_ITEM ( '' )  );
#1243 = CARTESIAN_POINT ( 'NONE',  ( -0.5400576522690597736, 0.6721883545973710294, -0.3312669443944263326 ) ) ;
#1244 = CARTESIAN_POINT ( 'NONE',  ( -0.5500000000000000444, 0.2000000000000000111, -0.1500000000000000222 ) ) ;
#1245 = ORIENTED_EDGE ( 'NONE', *, *, #205, .F. ) ;
#1246 = CYLINDRICAL_SURFACE ( 'NONE', #1062, 0.02999999999999997113 ) ;
#1247 = DIRECTION ( 'NONE',  ( -0.1209742911513548291, 0.9852565360152931717, 0.1209742911513548291 ) ) ;
#1248 = UNCERTAINTY_MEASURE_WITH_UNIT (LENGTH_MEASURE( 1.000000000000000082E-05 ), #1479, 'distance_accuracy_value', 'NONE');
#1249 = DIRECTION ( 'NONE',  ( 0.0000000000000000000, 0.0000000000000000000, -1.000000000000000000 ) ) ;
#1250 = CARTESIAN_POINT ( 'NONE',  ( 0.5120659616118672375, 0.6999999999999999556, 0.3120659616118632296 ) ) ;
#1251 = LINE ( 'NONE', #1636, #1311 ) ;
#1252 = ORIENTED_EDGE ( 'NONE', *, *, #1289, .T. ) ;
#1253 = PLANE ( 'NONE',  #704 ) ;
#1254 = DIRECTION ( 'NONE',  ( 0.0000000000000000000, 0.0000000000000000000, 1.000000000000000000 ) ) ;
#1255 = VECTOR ( 'NONE', #933, 1000.000000000000000 ) ;
#1256 = CARTESIAN_POINT ( 'NONE',  ( 0.5400576522690597736, 0.6721883545973714735, 0.3312669443944265546 ) ) ;
#1257 = STYLED_ITEM ( 'NONE', ( #1302 ), #492 ) ;
#1258 = EDGE_CURVE ( 'NONE', #66, #130, #110, .T. ) ;
#1259 = SURFACE_STYLE_USAGE ( .BOTH. , #694 ) ;
#1260 = VECTOR ( 'NONE', #1788, 1000.000000000000000 ) ;
#1261 = VECTOR ( 'NONE', #858, 1000.000000000000000 ) ;
#1262 = VERTEX_POINT ( 'NONE', #511 ) ;
#1263 = PRESENTATION_LAYER_ASSIGNMENT (  '', '', ( #1235 ) ) ;
#1264 = DIRECTION ( 'NONE',  ( -0.1209742911513611990, 0.9852565360152912843, -0.1209742911513618929 ) ) ;
#1265 = CARTESIAN_POINT ( 'NONE',  ( -0.5999999999999988676, 0.02000000000000000042, 0.1499999999999999112 ) ) ;
#1266 =( NAMED_UNIT ( * ) SI_UNIT ( $, .STERADIAN. ) SOLID_ANGLE_UNIT ( ) );
#1267 = LINE ( 'NONE', #1543, #1108 ) ;
#1268 = FACE_OUTER_BOUND ( 'NONE', #1652, .T. ) ;
#1269 =( NAMED_UNIT ( * ) SI_UNIT ( $, .STERADIAN. ) SOLID_ANGLE_UNIT ( ) );
#1270 = CARTESIAN_POINT ( 'NONE',  ( -0.2620659616118680701, 0.6989999999999999547, 0.3120659616118633406 ) ) ;
#1271 = EDGE_CURVE ( 'NONE', #336, #309, #2, .T. ) ;
#1272 = ORIENTED_EDGE ( 'NONE', *, *, #156, .F. ) ;
#1273 = DIRECTION ( 'NONE',  ( -0.1209742911513548291, -0.9852565360152931717, -0.1209742911513548291 ) ) ;
#1274 =( LENGTH_UNIT ( ) NAMED_UNIT ( * ) SI_UNIT ( .MILLI., .METRE. ) );
#1275 = ORIENTED_EDGE ( 'NONE', *, *, #1706, .T. ) ;
#1276 = LINE ( 'NONE', #714, #364 ) ;
#1277 = DIRECTION ( 'NONE',  ( 0.0000000000000000000, -0.0000000000000000000, -1.000000000000000000 ) ) ;
#1278 = ADVANCED_FACE ( 'NONE', ( #810 ), #1147, .T. ) ;
#1279 = DIRECTION ( 'NONE',  ( 0.0000000000000000000, 0.1218693434051469349, -0.9925461516413222052 ) ) ;
#1280 = CARTESIAN_POINT ( 'NONE',  ( 0.5706593862616166080, 0.1927948512510220258, -0.3706593862616120449 ) ) ;
#1281 = ORIENTED_EDGE ( 'NONE', *, *, #1419, .F. ) ;
#1282 = APPLICATION_PROTOCOL_DEFINITION ( 'draft international standard', 'automotive_design', 1998, #94 ) ;
#1283 = VECTOR ( 'NONE', #1481, 1000.000000000000000 ) ;
#1284 = CARTESIAN_POINT ( 'NONE',  ( 0.5975443087819429788, 0.2000000000000000389, 0.1499999999999998557 ) ) ;
#1285 = VECTOR ( 'NONE', #496, 1000.000000000000000 ) ;
#1286 = ORIENTED_EDGE ( 'NONE', *, *, #1722, .F. ) ;
#1287 = DIRECTION ( 'NONE',  ( -0.1209742911513548291, -0.9852565360152931717, -0.1209742911513548291 ) ) ;
#1288 = VECTOR ( 'NONE', #408, 1000.000000000000000 ) ;
#1289 = EDGE_CURVE ( 'NONE', #1723, #336, #1276, .T. ) ;
#1290 =( LENGTH_UNIT ( ) NAMED_UNIT ( * ) SI_UNIT ( .MILLI., .METRE. ) );
#1291 = ORIENTED_EDGE ( 'NONE', *, *, #294, .T. ) ;
#1292 = DIRECTION ( 'NONE',  ( 0.0000000000000000000, -0.0000000000000000000, 1.000000000000000000 ) ) ;
#1293 = CARTESIAN_POINT ( 'NONE',  ( -0.5418729987178778629, 0.6733971368769823274, 0.3120659616118632851 ) ) ;
#1294 = CARTESIAN_POINT ( 'NONE',  ( -0.5987721543909696464, 0.2099999999999997147, -0.3770373992183309597 ) ) ;
#1295 = ORIENTED_EDGE ( 'NONE', *, *, #1271, .T. ) ;
#1296 =( BOUNDED_CURVE ( )  B_SPLINE_CURVE ( 3, ( #1669, #275, #849, #377 ),
 .UNSPECIFIED., .F., .T. ) 
 B_SPLINE_CURVE_WITH_KNOTS ( ( 4, 4 ),
 ( 2.333467695109278761, 3.111439517034031876 ),
 .UNSPECIFIED. ) 
 CURVE ( )  GEOMETRIC_REPRESENTATION_ITEM ( )  RATIONAL_B_SPLINE_CURVE ( ( 1.000000000000000000, 0.9501960860785830798, 0.9501960860785830798, 1.000000000000000000 ) ) 
 REPRESENTATION_ITEM ( '' )  );
#1297 = CARTESIAN_POINT ( 'NONE',  ( 0.8000000000000000444, 0.0000000000000000000, -0.1500000000000001055 ) ) ;
#1298 = CARTESIAN_POINT ( 'NONE',  ( 0.5975443087819428678, 0.2000000000000000389, 0.4000000000000010214 ) ) ;
#1299 = PRESENTATION_STYLE_ASSIGNMENT (( #739 ) ) ;
#1300 = PLANE ( 'NONE',  #1603 ) ;
#1301 = ADVANCED_FACE ( 'NONE', ( #864 ), #1137, .F. ) ;
#1302 = PRESENTATION_STYLE_ASSIGNMENT (( #916 ) ) ;
#1303 = ORIENTED_EDGE ( 'NONE', *, *, #228, .F. ) ;
#1304 = SURFACE_STYLE_USAGE ( .BOTH. , #594 ) ;
#1305 = DIRECTION ( 'NONE',  ( 0.0000000000000000000, 0.0000000000000000000, 1.000000000000000000 ) ) ;
#1306 = CARTESIAN_POINT ( 'NONE',  ( -0.5754430878194164434, 0.02000000000000000042, -0.3999999999999941380 ) ) ;
#1307 = PLANE ( 'NONE',  #256 ) ;
#1308 =( GEOMETRIC_REPRESENTATION_CONTEXT ( 3 ) GLOBAL_UNCERTAINTY_ASSIGNED_CONTEXT ( ( #1775 ) ) GLOBAL_UNIT_ASSIGNED_CONTEXT ( ( #1231, #491, #1070 ) ) REPRESENTATION_CONTEXT ( 'NONE', 'WORKASPACE' ) );
#1309 = VERTEX_POINT ( 'NONE', #1270 ) ;
#1310 = AXIS2_PLACEMENT_3D ( 'NONE', #1569, #873, #1039 ) ;
#1311 = VECTOR ( 'NONE', #1497, 1000.000000000000000 ) ;
#1312 = VECTOR ( 'NONE', #1424, 1000.000000000000000 ) ;
#1313 = PRESENTATION_LAYER_ASSIGNMENT (  '', '', ( #1426 ) ) ;
#1314 = PRESENTATION_STYLE_ASSIGNMENT (( #1589 ) ) ;
#1315 = FILL_AREA_STYLE ('',( #610 ) ) ;
#1316 = SURFACE_STYLE_USAGE ( .BOTH. , #472 ) ;
#1317 = PLANE ( 'NONE',  #728 ) ;
#1318 = CARTESIAN_POINT ( 'NONE',  ( 0.5972470910829213997, 0.1975793560946450811, -0.3859580340791458619 ) ) ;
#1319 = VERTEX_POINT ( 'NONE', #1528 ) ;
#1320 = CYLINDRICAL_SURFACE ( 'NONE', #331, 0.02999999999999997113 ) ;
#1321 = VERTEX_POINT ( 'NONE', #417 ) ;
#1322 = SURFACE_STYLE_FILL_AREA ( #1188 ) ;
#1323 = CARTESIAN_POINT ( 'NONE',  ( -0.5120659616118676816, 0.6736560803021546251, -0.3418423461611030389 ) ) ;
#1324 = SURFACE_STYLE_USAGE ( .BOTH. , #189 ) ;
#1325 = SURFACE_STYLE_USAGE ( .BOTH. , #1747 ) ;
#1326 = ORIENTED_EDGE ( 'NONE', *, *, #260, .F. ) ;
#1327 = CARTESIAN_POINT ( 'NONE',  ( -0.5689957698417303922, 0.2100000000000001865, -0.3987721543909650279 ) ) ;
#1328 = ORIENTED_EDGE ( 'NONE', *, *, #202, .T. ) ;
#1329 = ADVANCED_FACE ( 'NONE', ( #428 ), #218, .T. ) ;
#1330 = CARTESIAN_POINT ( 'NONE',  ( -0.5500000000000000444, 0.0000000000000000000, 0.1499999999999999944 ) ) ;
#1331 = UNCERTAINTY_MEASURE_WITH_UNIT (LENGTH_MEASURE( 1.000000000000000082E-05 ), #373, 'distance_accuracy_value', 'NONE');
#1332 = SURFACE_STYLE_USAGE ( .BOTH. , #1634 ) ;
#1333 = CARTESIAN_POINT ( 'NONE',  ( 0.5689957698417299481, 0.2100000000000003253, -0.3987721543909650834 ) ) ;
#1334 = ORIENTED_EDGE ( 'NONE', *, *, #460, .F. ) ;
#1335 = CARTESIAN_POINT ( 'NONE',  ( -0.5999999999999988676, 0.2200000000000001954, 0.1499999999999999667 ) ) ;
#1336 = VECTOR ( 'NONE', #551, 1000.000000000000000 ) ;
#1337 =( GEOMETRIC_REPRESENTATION_CONTEXT ( 3 ) GLOBAL_UNCERTAINTY_ASSIGNED_CONTEXT ( ( #1501 ) ) GLOBAL_UNIT_ASSIGNED_CONTEXT ( ( #902, #441, #1726 ) ) REPRESENTATION_CONTEXT ( 'NONE', 'WORKASPACE' ) );
#1338 = VERTEX_POINT ( 'NONE', #1729 ) ;
#1339 = MECHANICAL_DESIGN_GEOMETRIC_PRESENTATION_REPRESENTATION (  '', ( #279 ), #187 ) ;
#1340 = VECTOR ( 'NONE', #356, 1000.000000000000000 ) ;
#1341 =( NAMED_UNIT ( * ) PLANE_ANGLE_UNIT ( ) SI_UNIT ( $, .RADIAN. ) );
#1342 = PLANE ( 'NONE',  #1517 ) ;
#1343 = PRESENTATION_LAYER_ASSIGNMENT (  '', '', ( #756 ) ) ;
#1344 = ADVANCED_FACE ( 'NONE', ( #74 ), #1307, .F. ) ;
#1345 = MECHANICAL_DESIGN_GEOMETRIC_PRESENTATION_REPRESENTATION (  '', ( #88 ), #852 ) ;
#1346 = CIRCLE ( 'NONE', #299, 0.02999999999999997113 ) ;
#1347 = VECTOR ( 'NONE', #306, 1000.000000000000000 ) ;
#1348 =( NAMED_UNIT ( * ) SI_UNIT ( $, .STERADIAN. ) SOLID_ANGLE_UNIT ( ) );
#1349 = CARTESIAN_POINT ( 'NONE',  ( -0.5280972242417429907, 0.7000000000000001776, -0.3280972242417387053 ) ) ;
#1350 = ORIENTED_EDGE ( 'NONE', *, *, #629, .F. ) ;
#1351 = FILL_AREA_STYLE ('',( #249 ) ) ;
#1352 = VERTEX_POINT ( 'NONE', #481 ) ;
#1353 =( LENGTH_UNIT ( ) NAMED_UNIT ( * ) SI_UNIT ( .MILLI., .METRE. ) );
#1354 = DIRECTION ( 'NONE',  ( -1.000000000000000000, 0.0000000000000000000, 0.0000000000000000000 ) ) ;
#1355 = UNCERTAINTY_MEASURE_WITH_UNIT (LENGTH_MEASURE( 1.000000000000000082E-05 ), #1353, 'distance_accuracy_value', 'NONE');
#1356 = DIRECTION ( 'NONE',  ( -0.1218693434051545121, -0.9925461516413210949, 0.0000000000000000000 ) ) ;
#1357 = CARTESIAN_POINT ( 'NONE',  ( -0.5500000000000000444, 0.02000000000000000042, -0.3999999999999941380 ) ) ;
#1358 = ADVANCED_FACE ( 'NONE', ( #758 ), #1317, .F. ) ;
#1359 = LINE ( 'NONE', #231, #1402 ) ;
#1360 = DIRECTION ( 'NONE',  ( 1.000000000000000000, 0.0000000000000000000, 0.0000000000000000000 ) ) ;
#1361 = ORIENTED_EDGE ( 'NONE', *, *, #202, .F. ) ;
#1362 = ORIENTED_EDGE ( 'NONE', *, *, #311, .F. ) ;
#1363 = DIRECTION ( 'NONE',  ( -1.000000000000000000, 0.0000000000000000000, 0.0000000000000000000 ) ) ;
#1364 = PRESENTATION_STYLE_ASSIGNMENT (( #1058 ) ) ;
#1365 = FILL_AREA_STYLE_COLOUR ( '', #1670 ) ;
#1366 = PRESENTATION_STYLE_ASSIGNMENT (( #807 ) ) ;
#1367 =( BOUNDED_CURVE ( )  B_SPLINE_CURVE ( 3, ( #1593, #1472, #1294, #909 ),
 .UNSPECIFIED., .F., .T. ) 
 B_SPLINE_CURVE_WITH_KNOTS ( ( 4, 4 ),
 ( 2.333467695109115336, 3.111439517034031432 ),
 .UNSPECIFIED. ) 
 CURVE ( )  GEOMETRIC_REPRESENTATION_ITEM ( )  RATIONAL_B_SPLINE_CURVE ( ( 1.000000000000000000, 0.9501960860785623186, 0.9501960860785623186, 1.000000000000000000 ) ) 
 REPRESENTATION_ITEM ( '' )  );
#1368 = DIRECTION ( 'NONE',  ( 0.0000000000000000000, 0.1218693434051545260, -0.9925461516413212060 ) ) ;
#1369 = ORIENTED_EDGE ( 'NONE', *, *, #247, .F. ) ;
#1370 = EDGE_LOOP ( 'NONE', ( #1409, #1796, #989, #651 ) ) ;
#1371 = CARTESIAN_POINT ( 'NONE',  ( 0.5120659616118672375, 0.6736560803021547361, 0.3418423461611029834 ) ) ;
#1372 = CARTESIAN_POINT ( 'NONE',  ( -0.5754430878194164434, 0.01999999999999998654, 0.1499999999999999667 ) ) ;
#1373 = CIRCLE ( 'NONE', #1398, 0.02999999999999998501 ) ;
#1374 =( GEOMETRIC_REPRESENTATION_CONTEXT ( 3 ) GLOBAL_UNCERTAINTY_ASSIGNED_CONTEXT ( ( #978 ) ) GLOBAL_UNIT_ASSIGNED_CONTEXT ( ( #557, #981, #709 ) ) REPRESENTATION_CONTEXT ( 'NONE', 'WORKASPACE' ) );
#1375 = VECTOR ( 'NONE', #1530, 1000.000000000000000 ) ;
#1376 = DIRECTION ( 'NONE',  ( 1.000000000000000000, -0.0000000000000000000, -0.0000000000000000000 ) ) ;
#1377 = PRESENTATION_LAYER_ASSIGNMENT (  '', '', ( #1034 ) ) ;
#1378 =( GEOMETRIC_REPRESENTATION_CONTEXT ( 3 ) GLOBAL_UNCERTAINTY_ASSIGNED_CONTEXT ( ( #1212 ) ) GLOBAL_UNIT_ASSIGNED_CONTEXT ( ( #834, #284, #1683 ) ) REPRESENTATION_CONTEXT ( 'NONE', 'WORKASPACE' ) );
#1379 = ORIENTED_EDGE ( 'NONE', *, *, #1105, .F. ) ;
#1380 = DIRECTION ( 'NONE',  ( 0.0000000000000000000, 0.0000000000000000000, -1.000000000000000000 ) ) ;
#1381 = DIRECTION ( 'NONE',  ( 1.000000000000000000, -0.0000000000000000000, 1.084202172485504434E-16 ) ) ;
#1382 = CARTESIAN_POINT ( 'NONE',  ( 0.5280972242417427687, 0.7000000000000006217, 0.3280972242417386497 ) ) ;
#1383 = SURFACE_STYLE_USAGE ( .BOTH. , #1009 ) ;
#1384 = CARTESIAN_POINT ( 'NONE',  ( 0.5944248268319776152, 0.1745938583236716357, 0.3944248268319776041 ) ) ;
#1385 = ORIENTED_EDGE ( 'NONE', *, *, #118, .F. ) ;
#1386 = ADVANCED_FACE ( 'NONE', ( #1221 ), #1588, .F. ) ;
#1387 = DIRECTION ( 'NONE',  ( 0.0000000000000000000, 0.0000000000000000000, -1.000000000000000000 ) ) ;
#1388 = FILL_AREA_STYLE ('',( #1399 ) ) ;
#1389 = CARTESIAN_POINT ( 'NONE',  ( -0.5530976513181293797, 0.3358237045070489590, 0.3530976513181247611 ) ) ;
#1390 = FILL_AREA_STYLE ('',( #1418 ) ) ;
#1391 = ORIENTED_EDGE ( 'NONE', *, *, #320, .T. ) ;
#1392 = FILL_AREA_STYLE_COLOUR ( '', #520 ) ;
#1393 = LINE ( 'NONE', #1691, #1671 ) ;
#1394 = CARTESIAN_POINT ( 'NONE',  ( 0.5999999999999987566, 0.6736560803021546251, -0.3418423461611030389 ) ) ;
#1395 = EDGE_CURVE ( 'NONE', #1262, #614, #1151, .T. ) ;
#1396 =( GEOMETRIC_REPRESENTATION_CONTEXT ( 3 ) GLOBAL_UNCERTAINTY_ASSIGNED_CONTEXT ( ( #1756 ) ) GLOBAL_UNIT_ASSIGNED_CONTEXT ( ( #1220, #479, #1776 ) ) REPRESENTATION_CONTEXT ( 'NONE', 'WORKASPACE' ) );
#1397 = VERTEX_POINT ( 'NONE', #609 ) ;
#1398 = AXIS2_PLACEMENT_3D ( 'NONE', #737, #325, #1152 ) ;
#1399 = FILL_AREA_STYLE_COLOUR ( '', #975 ) ;
#1400 = PRESENTATION_LAYER_ASSIGNMENT (  '', '', ( #1488 ) ) ;
#1401 = AXIS2_PLACEMENT_3D ( 'NONE', #291, #1564, #150 ) ;
#1402 = VECTOR ( 'NONE', #927, 1000.000000000000000 ) ;
#1403 =( GEOMETRIC_REPRESENTATION_CONTEXT ( 3 ) GLOBAL_UNCERTAINTY_ASSIGNED_CONTEXT ( ( #824 ) ) GLOBAL_UNIT_ASSIGNED_CONTEXT ( ( #1531, #450, #176 ) ) REPRESENTATION_CONTEXT ( 'NONE', 'WORKASPACE' ) );
#1404 = VERTEX_POINT ( 'NONE', #870 ) ;
#1405 = CIRCLE ( 'NONE', #731, 0.02999999999999998501 ) ;
#1406 = SURFACE_STYLE_FILL_AREA ( #1239 ) ;
#1407 = SURFACE_SIDE_STYLE ('',( #565 ) ) ;
#1408 = CARTESIAN_POINT ( 'NONE',  ( -0.5120659616118680146, 0.6700000000000002620, -0.3120659616118632851 ) ) ;
#1409 = ORIENTED_EDGE ( 'NONE', *, *, #294, .F. ) ;
#1410 = CARTESIAN_POINT ( 'NONE',  ( 0.5120659616118673485, 0.6893252848791453502, 0.3400576522690551551 ) ) ;
#1411 =( BOUNDED_CURVE ( )  B_SPLINE_CURVE ( 3, ( #1144, #343, #1318, #157 ),
 .UNSPECIFIED., .F., .T. ) 
 B_SPLINE_CURVE_WITH_KNOTS ( ( 4, 4 ),
 ( 3.171745790145543253, 3.949717612070414496 ),
 .UNSPECIFIED. ) 
 CURVE ( )  GEOMETRIC_REPRESENTATION_ITEM ( )  RATIONAL_B_SPLINE_CURVE ( ( 1.000000000000000000, 0.9501960860785679808, 0.9501960860785679808, 1.000000000000000000 ) ) 
 REPRESENTATION_ITEM ( '' )  );
#1412 = ORIENTED_EDGE ( 'NONE', *, *, #532, .F. ) ;
#1413 = CARTESIAN_POINT ( 'NONE',  ( 0.5120659616118679036, 0.6999999999999999556, 0.3120659616118633961 ) ) ;
#1414 = FILL_AREA_STYLE ('',( #1004 ) ) ;
#1415 = EDGE_LOOP ( 'NONE', ( #563, #97, #699, #1281, #69, #1015, #1141, #952, #376, #489, #1350, #1187 ) ) ;
#1416 =( NAMED_UNIT ( * ) SI_UNIT ( $, .STERADIAN. ) SOLID_ANGLE_UNIT ( ) );
#1417 =( NAMED_UNIT ( * ) SI_UNIT ( $, .STERADIAN. ) SOLID_ANGLE_UNIT ( ) );
#1418 = FILL_AREA_STYLE_COLOUR ( '', #566 ) ;
#1419 = EDGE_CURVE ( 'NONE', #1420, #1723, #1581, .T. ) ;
#1420 = VERTEX_POINT ( 'NONE', #42 ) ;
#1421 =( NAMED_UNIT ( * ) SI_UNIT ( $, .STERADIAN. ) SOLID_ANGLE_UNIT ( ) );
#1422 = CYLINDRICAL_SURFACE ( 'NONE', #754, 0.02999999999999997807 ) ;
#1423 = ORIENTED_EDGE ( 'NONE', *, *, #444, .F. ) ;
#1424 = DIRECTION ( 'NONE',  ( -0.0000000000000000000, 0.0000000000000000000, -1.000000000000000000 ) ) ;
#1425 =( GEOMETRIC_REPRESENTATION_CONTEXT ( 3 ) GLOBAL_UNCERTAINTY_ASSIGNED_CONTEXT ( ( #889 ) ) GLOBAL_UNIT_ASSIGNED_CONTEXT ( ( #1290, #300, #1211 ) ) REPRESENTATION_CONTEXT ( 'NONE', 'WORKASPACE' ) );
#1426 = STYLED_ITEM ( 'NONE', ( #1614 ), #1344 ) ;
#1427 = STYLED_ITEM ( 'NONE', ( #290 ), #616 ) ;
#1428 = ORIENTED_EDGE ( 'NONE', *, *, #170, .T. ) ;
#1429 = CIRCLE ( 'NONE', #3, 0.03000000000000002318 ) ;
#1430 = EDGE_CURVE ( 'NONE', #1739, #289, #158, .T. ) ;
#1431 =( LENGTH_UNIT ( ) NAMED_UNIT ( * ) SI_UNIT ( .MILLI., .METRE. ) );
#1432 = EDGE_CURVE ( 'NONE', #1420, #1565, #881, .T. ) ;
#1433 = STYLED_ITEM ( 'NONE', ( #1715 ), #1566 ) ;
#1434 = SURFACE_STYLE_FILL_AREA ( #1315 ) ;
#1435 = PRODUCT_CONTEXT ( 'NONE', #94, 'mechanical' ) ;
#1436 = CARTESIAN_POINT ( 'NONE',  ( 0.5754430878194186638, 0.01999999999999998307, -0.1500000000000001332 ) ) ;
#1437 = DIRECTION ( 'NONE',  ( 0.0000000000000000000, 0.0000000000000000000, -1.000000000000000000 ) ) ;
#1438 = EDGE_LOOP ( 'NONE', ( #1065, #1234, #1763, #437, #154 ) ) ;
#1439 = LINE ( 'NONE', #1596, #1720 ) ;
#1440 = EDGE_CURVE ( 'NONE', #130, #1565, #1242, .T. ) ;
#1441 = CARTESIAN_POINT ( 'NONE',  ( -0.5999999999999988676, 0.02000000000000000042, -0.1499999999999999667 ) ) ;
#1442 = UNCERTAINTY_MEASURE_WITH_UNIT (LENGTH_MEASURE( 1.000000000000000082E-05 ), #148, 'distance_accuracy_value', 'NONE');
#1443 = PRESENTATION_STYLE_ASSIGNMENT (( #454 ) ) ;
#1444 = CARTESIAN_POINT ( 'NONE',  ( -0.5280972242417432128, 0.6999999999999998446, 0.3120659616118632851 ) ) ;
#1445 = LINE ( 'NONE', #1157, #1550 ) ;
#1446 = ORIENTED_EDGE ( 'NONE', *, *, #1430, .F. ) ;
#1447 = CARTESIAN_POINT ( 'NONE',  ( -0.5975443087819406474, 0.2000000000000000111, 0.4000000000000010214 ) ) ;
#1448 = CARTESIAN_POINT ( 'NONE',  ( -0.5999999999999988676, 0.02000000000000000042, 0.3754430878194185972 ) ) ;
#1449 = CARTESIAN_POINT ( 'NONE',  ( -0.5418423461611076020, 0.6736560803021546251, 0.3120659616118633961 ) ) ;
#1450 = CARTESIAN_POINT ( 'NONE',  ( -0.5999999999999988676, 0.2200000000000001954, 0.4000000000000010214 ) ) ;
#1451 =( NAMED_UNIT ( * ) SI_UNIT ( $, .STERADIAN. ) SOLID_ANGLE_UNIT ( ) );
#1452 = FILL_AREA_STYLE ('',( #613 ) ) ;
#1453 = LINE ( 'NONE', #1464, #1782 ) ;
#1454 = ORIENTED_EDGE ( 'NONE', *, *, #839, .F. ) ;
#1455 = CARTESIAN_POINT ( 'NONE',  ( -0.5770373992183356338, 0.2099999999999995759, -0.3987721543909649724 ) ) ;
#1456 = PRESENTATION_LAYER_ASSIGNMENT (  '', '', ( #6 ) ) ;
#1457 =( NAMED_UNIT ( * ) SI_UNIT ( $, .STERADIAN. ) SOLID_ANGLE_UNIT ( ) );
#1458 = PRESENTATION_LAYER_ASSIGNMENT (  '', '', ( #194 ) ) ;
#1459 = SURFACE_SIDE_STYLE ('',( #1175 ) ) ;
#1460 = AXIS2_PLACEMENT_3D ( 'NONE', #1786, #666, #1777 ) ;
#1461 = CARTESIAN_POINT ( 'NONE',  ( 0.5120659616118676816, 0.7000000000000018430, -0.3280972242417367624 ) ) ;
#1462 = FILL_AREA_STYLE ('',( #590 ) ) ;
#1463 = FILL_AREA_STYLE ('',( #1165 ) ) ;
#1464 = CARTESIAN_POINT ( 'NONE',  ( -0.8000000000000000444, 0.2000000000000000111, 0.1500000000000000500 ) ) ;
#1465 = VERTEX_POINT ( 'NONE', #1022 ) ;
#1466 = ADVANCED_FACE ( 'NONE', ( #1160 ), #1732, .T. ) ;
#1467 = ORIENTED_EDGE ( 'NONE', *, *, #519, .F. ) ;
#1468 = CARTESIAN_POINT ( 'NONE',  ( 0.5859580340791513686, 0.1975793560946282057, 0.3972470910829193347 ) ) ;
#1469 = CARTESIAN_POINT ( 'NONE',  ( -0.5500000000000000444, 0.2000000000000000111, 0.1499999999999999944 ) ) ;
#1470 = DIRECTION ( 'NONE',  ( 0.0000000000000000000, 0.0000000000000000000, -1.000000000000000000 ) ) ;
#1471 = SURFACE_SIDE_STYLE ('',( #340 ) ) ;
#1472 = CARTESIAN_POINT ( 'NONE',  ( -0.5972470910829201785, 0.1975793560946522975, -0.3859580340791460284 ) ) ;
#1473 = FACE_OUTER_BOUND ( 'NONE', #1780, .T. ) ;
#1474 = PRESENTATION_STYLE_ASSIGNMENT (( #1052 ) ) ;
#1475 = VERTEX_POINT ( 'NONE', #337 ) ;
#1476 = DIRECTION ( 'NONE',  ( 0.0000000000000000000, -0.0000000000000000000, -1.000000000000000000 ) ) ;
#1477 = EDGE_CURVE ( 'NONE', #433, #336, #1114, .T. ) ;
#1478 = EDGE_LOOP ( 'NONE', ( #1275, #1219, #174, #674 ) ) ;
#1479 =( LENGTH_UNIT ( ) NAMED_UNIT ( * ) SI_UNIT ( .MILLI., .METRE. ) );
#1480 = UNCERTAINTY_MEASURE_WITH_UNIT (LENGTH_MEASURE( 1.000000000000000082E-05 ), #655, 'distance_accuracy_value', 'NONE');
#1481 = DIRECTION ( 'NONE',  ( 0.0000000000000000000, 0.0000000000000000000, 1.000000000000000000 ) ) ;
#1482 = LINE ( 'NONE', #219, #671 ) ;
#1483 = ORIENTED_EDGE ( 'NONE', *, *, #11, .F. ) ;
#1484 = LINE ( 'NONE', #516, #514 ) ;
#1485 = AXIS2_PLACEMENT_3D ( 'NONE', #339, #796, #508 ) ;
#1486 = ADVANCED_FACE ( 'NONE', ( #794 ), #235, .T. ) ;
#1487 =( GEOMETRIC_REPRESENTATION_CONTEXT ( 3 ) GLOBAL_UNCERTAINTY_ASSIGNED_CONTEXT ( ( #936 ) ) GLOBAL_UNIT_ASSIGNED_CONTEXT ( ( #663, #617, #338 ) ) REPRESENTATION_CONTEXT ( 'NONE', 'WORKASPACE' ) );
#1488 = STYLED_ITEM ( 'NONE', ( #525 ), #469 ) ;
#1489 =( NAMED_UNIT ( * ) SI_UNIT ( $, .STERADIAN. ) SOLID_ANGLE_UNIT ( ) );
#1490 = SURFACE_STYLE_FILL_AREA ( #795 ) ;
#1491 = COLOUR_RGB ( '',0.2509803921568627416, 0.2509803921568627416, 0.2509803921568627416 ) ;
#1492 = ADVANCED_FACE ( 'NONE', ( #763 ), #654, .T. ) ;
#1493 = SURFACE_STYLE_USAGE ( .BOTH. , #634 ) ;
#1494 = CARTESIAN_POINT ( 'NONE',  ( 0.5754430878194186638, 0.01999999999999999695, 0.3754430878194186527 ) ) ;
#1495 = MECHANICAL_DESIGN_GEOMETRIC_PRESENTATION_REPRESENTATION (  '', ( #168 ), #1378 ) ;
#1496 = LINE ( 'NONE', #1072, #1173 ) ;
#1497 = DIRECTION ( 'NONE',  ( -0.1209742911513552871, -0.9852565360152930607, 0.1209742911513548291 ) ) ;
#1498 = ORIENTED_EDGE ( 'NONE', *, *, #841, .F. ) ;
#1499 = FACE_OUTER_BOUND ( 'NONE', #504, .T. ) ;
#1500 = VERTEX_POINT ( 'NONE', #836 ) ;
#1501 = UNCERTAINTY_MEASURE_WITH_UNIT (LENGTH_MEASURE( 1.000000000000000082E-05 ), #902, 'distance_accuracy_value', 'NONE');
#1502 = CARTESIAN_POINT ( 'NONE',  ( 0.5120659616118679036, 0.6700000000000000400, -0.3120659616118633406 ) ) ;
#1503 = EDGE_CURVE ( 'NONE', #33, #576, #14, .T. ) ;
#1504 = SURFACE_STYLE_FILL_AREA ( #371 ) ;
#1505 =( NAMED_UNIT ( * ) PLANE_ANGLE_UNIT ( ) SI_UNIT ( $, .RADIAN. ) );
#1506 = CARTESIAN_POINT ( 'NONE',  ( 0.5120659616118679036, 0.6700000000000000400, 0.3120659616118632851 ) ) ;
#1507 = ORIENTED_EDGE ( 'NONE', *, *, #1046, .F. ) ;
#1508 = CARTESIAN_POINT ( 'NONE',  ( -0.5120659616118683477, 0.6736560803021548471, -0.3418423461611030389 ) ) ;
#1509 = ORIENTED_EDGE ( 'NONE', *, *, #1615, .F. ) ;
#1510 = SURFACE_SIDE_STYLE ('',( #838 ) ) ;
#1511 = FILL_AREA_STYLE_COLOUR ( '', #1515 ) ;
#1512 = LINE ( 'NONE', #1660, #453 ) ;
#1513 = ORIENTED_EDGE ( 'NONE', *, *, #101, .T. ) ;
#1514 = FILL_AREA_STYLE_COLOUR ( '', #1206 ) ;
#1515 = COLOUR_RGB ( '',0.2509803921568627416, 0.2509803921568627416, 0.2509803921568627416 ) ;
#1516 = FILL_AREA_STYLE ('',( #405 ) ) ;
#1517 = AXIS2_PLACEMENT_3D ( 'NONE', #236, #1068, #924 ) ;
#1518 = COLOUR_RGB ( '',0.7529411764705882248, 0.7529411764705882248, 0.7529411764705882248 ) ;
#1519 = UNCERTAINTY_MEASURE_WITH_UNIT (LENGTH_MEASURE( 1.000000000000000082E-05 ), #382, 'distance_accuracy_value', 'NONE');
#1520 = VECTOR ( 'NONE', #973, 1000.000000000000000 ) ;
#1521 = SURFACE_STYLE_FILL_AREA ( #555 ) ;
#1522 = SURFACE_STYLE_FILL_AREA ( #1351 ) ;
#1523 = EDGE_CURVE ( 'NONE', #289, #572, #689, .T. ) ;
#1524 = ORIENTED_EDGE ( 'NONE', *, *, #1567, .T. ) ;
#1525 = CARTESIAN_POINT ( 'NONE',  ( -0.5120659616118680146, 0.6989999999999999547, -0.3120659616118633406 ) ) ;
#1526 = FACE_OUTER_BOUND ( 'NONE', #661, .T. ) ;
#1527 = DIRECTION ( 'NONE',  ( 0.0000000000000000000, 0.0000000000000000000, -1.000000000000000000 ) ) ;
#1528 = CARTESIAN_POINT ( 'NONE',  ( -0.8000000000000000444, 0.0000000000000000000, 0.1500000000000000500 ) ) ;
#1529 = DIRECTION ( 'NONE',  ( 0.0000000000000000000, -0.0000000000000000000, 1.000000000000000000 ) ) ;
#1530 = DIRECTION ( 'NONE',  ( 1.000000000000000000, 0.0000000000000000000, 2.168404344971008868E-16 ) ) ;
#1531 =( LENGTH_UNIT ( ) NAMED_UNIT ( * ) SI_UNIT ( .MILLI., .METRE. ) );
#1532 = CARTESIAN_POINT ( 'NONE',  ( -0.5120659616118680146, 0.6700000000000000400, 0.3120659616118632851 ) ) ;
#1533 = EDGE_LOOP ( 'NONE', ( #857, #151, #545, #1637 ) ) ;
#1534 = DIRECTION ( 'NONE',  ( -0.0000000000000000000, 0.0000000000000000000, 1.000000000000000000 ) ) ;
#1535 = CARTESIAN_POINT ( 'NONE',  ( -0.5999999999999988676, 0.02000000000000000042, -0.1500000000000001887 ) ) ;
#1536 = SURFACE_STYLE_USAGE ( .BOTH. , #1010 ) ;
#1537 = VERTEX_POINT ( 'NONE', #1126 ) ;
#1538 = CARTESIAN_POINT ( 'NONE',  ( -0.5999999999999987566, 0.6700000000000000400, 0.3120659616118632851 ) ) ;
#1539 = CARTESIAN_POINT ( 'NONE',  ( 0.6000000000000009770, 0.2099999999999722089, 0.3987721543909684696 ) ) ;
#1540 = PRESENTATION_LAYER_ASSIGNMENT (  '', '', ( #478 ) ) ;
#1541 =( GEOMETRIC_REPRESENTATION_CONTEXT ( 3 ) GLOBAL_UNCERTAINTY_ASSIGNED_CONTEXT ( ( #1714 ) ) GLOBAL_UNIT_ASSIGNED_CONTEXT ( ( #1713, #990, #1551 ) ) REPRESENTATION_CONTEXT ( 'NONE', 'WORKASPACE' ) );
#1542 = ADVANCED_FACE ( 'NONE', ( #268 ), #1246, .T. ) ;
#1543 = CARTESIAN_POINT ( 'NONE',  ( 0.5120659616118679036, 0.6999999999999999556, -0.3999999999999941380 ) ) ;
#1544 = CARTESIAN_POINT ( 'NONE',  ( 0.5400576522690598846, 0.6893252848791455722, 0.3223929188550210267 ) ) ;
#1545 = MECHANICAL_DESIGN_GEOMETRIC_PRESENTATION_REPRESENTATION (  '', ( #1488 ), #544 ) ;
#1546 =( GEOMETRIC_REPRESENTATION_CONTEXT ( 3 ) GLOBAL_UNCERTAINTY_ASSIGNED_CONTEXT ( ( #782 ) ) GLOBAL_UNIT_ASSIGNED_CONTEXT ( ( #1761, #1738, #210 ) ) REPRESENTATION_CONTEXT ( 'NONE', 'WORKASPACE' ) );
#1547 = MECHANICAL_DESIGN_GEOMETRIC_PRESENTATION_REPRESENTATION (  '', ( #119 ), #970 ) ;
#1548 = MECHANICAL_DESIGN_GEOMETRIC_PRESENTATION_REPRESENTATION (  '', ( #1426 ), #456 ) ;
#1549 = EDGE_LOOP ( 'NONE', ( #1661, #54, #145, #930 ) ) ;
#1550 = VECTOR ( 'NONE', #1437, 1000.000000000000000 ) ;
#1551 =( NAMED_UNIT ( * ) SI_UNIT ( $, .STERADIAN. ) SOLID_ANGLE_UNIT ( ) );
#1552 = LINE ( 'NONE', #1195, #1695 ) ;
#1553 = PLANE ( 'NONE',  #1197 ) ;
#1554 = CARTESIAN_POINT ( 'NONE',  ( 0.5754430878194186638, 0.01999999999999999001, 0.1499999999999998557 ) ) ;
#1555 = EDGE_CURVE ( 'NONE', #1723, #1, #1094, .T. ) ;
#1556 = CARTESIAN_POINT ( 'NONE',  ( -0.2620659616118680701, 0.6989999999999999547, -0.3120659616118633406 ) ) ;
#1557 = PRESENTATION_STYLE_ASSIGNMENT (( #1536 ) ) ;
#1558 = ORIENTED_EDGE ( 'NONE', *, *, #213, .T. ) ;
#1559 = CARTESIAN_POINT ( 'NONE',  ( -0.5500000000000000444, 0.0000000000000000000, 0.1499999999999999944 ) ) ;
#1560 = SURFACE_SIDE_STYLE ('',( #1145 ) ) ;
#1561 = PRESENTATION_STYLE_ASSIGNMENT (( #27 ) ) ;
#1562 = VERTEX_POINT ( 'NONE', #1371 ) ;
#1563 = CARTESIAN_POINT ( 'NONE',  ( 0.5400576522690598846, 0.6893252848791452392, -0.3120659616118615087 ) ) ;
#1564 = DIRECTION ( 'NONE',  ( -1.000000000000000000, 0.0000000000000000000, 0.0000000000000000000 ) ) ;
#1565 = VERTEX_POINT ( 'NONE', #683 ) ;
#1566 = ADVANCED_BREP_SHAPE_REPRESENTATION ( '48CD8BB4-50CE-49E0-B9A8-8EF1CE5EA4E6', ( #642, #1036 ), #607 ) ;
#1567 = EDGE_CURVE ( 'NONE', #1565, #1321, #1296, .T. ) ;
#1568 = DIRECTION ( 'NONE',  ( 0.0000000000000000000, 0.0000000000000000000, 1.000000000000000000 ) ) ;
#1569 = CARTESIAN_POINT ( 'NONE',  ( -0.8000000000000000444, 0.2000000000000000111, 0.1500000000000000500 ) ) ;
#1570 = MECHANICAL_DESIGN_GEOMETRIC_PRESENTATION_REPRESENTATION (  '', ( #542 ), #896 ) ;
#1571 = SURFACE_SIDE_STYLE ('',( #1735 ) ) ;
#1572 = STYLED_ITEM ( 'NONE', ( #1123 ), #1084 ) ;
#1573 = STYLED_ITEM ( 'NONE', ( #449 ), #263 ) ;
#1574 = CARTESIAN_POINT ( 'NONE',  ( 0.8000000000000000444, 0.0000000000000000000, 0.1499999999999998834 ) ) ;
#1575 = DIRECTION ( 'NONE',  ( 0.0000000000000000000, -0.0000000000000000000, 1.000000000000000000 ) ) ;
#1576 = PRESENTATION_LAYER_ASSIGNMENT (  '', '', ( #220 ) ) ;
#1577 = ORIENTED_EDGE ( 'NONE', *, *, #1128, .T. ) ;
#1578 = DIRECTION ( 'NONE',  ( 0.0000000000000000000, 0.0000000000000000000, -1.000000000000000000 ) ) ;
#1579 = EDGE_CURVE ( 'NONE', #861, #1595, #1797, .T. ) ;
#1580 = AXIS2_PLACEMENT_3D ( 'NONE', #121, #1368, #1758 ) ;
#1581 = LINE ( 'NONE', #1448, #427 ) ;
#1582 = MECHANICAL_DESIGN_GEOMETRIC_PRESENTATION_REPRESENTATION (  '', ( #1433 ), #1237 ) ;
#1583 = CARTESIAN_POINT ( 'NONE',  ( -0.5280972242417432128, 0.6893252848791450171, 0.3400576522690552106 ) ) ;
#1584 = CARTESIAN_POINT ( 'NONE',  ( -0.5500000000000000444, 0.0000000000000000000, -0.1500000000000000222 ) ) ;
#1585 = ORIENTED_EDGE ( 'NONE', *, *, #1477, .F. ) ;
#1586 = FACE_OUTER_BOUND ( 'NONE', #13, .T. ) ;
#1587 = ADVANCED_FACE ( 'NONE', ( #813 ), #1253, .F. ) ;
#1588 = PLANE ( 'NONE',  #549 ) ;
#1589 = SURFACE_STYLE_USAGE ( .BOTH. , #882 ) ;
#1590 = FACE_OUTER_BOUND ( 'NONE', #468, .T. ) ;
#1591 = CARTESIAN_POINT ( 'NONE',  ( 0.5689957698417299481, 0.2100000000000003253, -0.3987721543909650834 ) ) ;
#1592 = CARTESIAN_POINT ( 'NONE',  ( -0.5418729987178778629, 0.6703846846320318242, 0.3154412477767435941 ) ) ;
#1593 = CARTESIAN_POINT ( 'NONE',  ( -0.5944248268319777262, 0.1745938583236902042, -0.3944248268319730522 ) ) ;
#1594 = CARTESIAN_POINT ( 'NONE',  ( 0.5975443087819429788, 0.2000000000000000111, -0.1500000000000001610 ) ) ;
#1595 = VERTEX_POINT ( 'NONE', #768 ) ;
#1596 = CARTESIAN_POINT ( 'NONE',  ( 0.6004357708108563063, 0.1964509315531764444, -0.3706593862616120449 ) ) ;
#1597 = SURFACE_SIDE_STYLE ('',( #898 ) ) ;
#1598 = CARTESIAN_POINT ( 'NONE',  ( -0.5120659616118680146, 0.6989999999999999547, 0.3120659616118633406 ) ) ;
#1599 =( NAMED_UNIT ( * ) PLANE_ANGLE_UNIT ( ) SI_UNIT ( $, .RADIAN. ) );
#1600 =( LENGTH_UNIT ( ) NAMED_UNIT ( * ) SI_UNIT ( .MILLI., .METRE. ) );
#1601 = EDGE_CURVE ( 'NONE', #1309, #1701, #1445, .T. ) ;
#1602 = CARTESIAN_POINT ( 'NONE',  ( -0.5120659616118680146, 0.6893252848791449061, 0.3400576522690552106 ) ) ;
#1603 = AXIS2_PLACEMENT_3D ( 'NONE', #120, #1743, #1356 ) ;
#1604 = CARTESIAN_POINT ( 'NONE',  ( -0.5589515629659587148, 0.2881474200883721304, -0.3589515629659539298 ) ) ;
#1605 = ORIENTED_EDGE ( 'NONE', *, *, #748, .T. ) ;
#1606 = VECTOR ( 'NONE', #883, 1000.000000000000000 ) ;
#1607 = STYLED_ITEM ( 'NONE', ( #1557 ), #1329 ) ;
#1608 = VECTOR ( 'NONE', #1772, 1000.000000000000114 ) ;
#1609 = SURFACE_SIDE_STYLE ('',( #1030 ) ) ;
#1610 = ORIENTED_EDGE ( 'NONE', *, *, #1395, .F. ) ;
#1611 = MECHANICAL_DESIGN_GEOMETRIC_PRESENTATION_REPRESENTATION (  '', ( #1257 ), #848 ) ;
#1612 =( LENGTH_UNIT ( ) NAMED_UNIT ( * ) SI_UNIT ( .MILLI., .METRE. ) );
#1613 = UNCERTAINTY_MEASURE_WITH_UNIT (LENGTH_MEASURE( 1.000000000000000082E-05 ), #67, 'distance_accuracy_value', 'NONE');
#1614 = PRESENTATION_STYLE_ASSIGNMENT (( #465 ) ) ;
#1615 = EDGE_CURVE ( 'NONE', #1011, #392, #1367, .T. ) ;
#1616 =( NAMED_UNIT ( * ) PLANE_ANGLE_UNIT ( ) SI_UNIT ( $, .RADIAN. ) );
#1617 = CARTESIAN_POINT ( 'NONE',  ( 0.8000000000000000444, 0.2000000000000000111, -0.1500000000000001055 ) ) ;
#1618 = CARTESIAN_POINT ( 'NONE',  ( -0.5500000000000000444, 0.2000000000000000111, 0.1499999999999999944 ) ) ;
#1619 = ORIENTED_EDGE ( 'NONE', *, *, #320, .F. ) ;
#1620 = PLANE ( 'NONE',  #1140 ) ;
#1621 = ORIENTED_EDGE ( 'NONE', *, *, #1523, .T. ) ;
#1622 = FILL_AREA_STYLE ('',( #1754 ) ) ;
#1623 = DIRECTION ( 'NONE',  ( -0.0000000000000000000, -0.0000000000000000000, -1.000000000000000000 ) ) ;
#1624 = DIRECTION ( 'NONE',  ( 0.1209742911513548291, -0.9852565360152931717, -0.1209742911513548291 ) ) ;
#1625 = CARTESIAN_POINT ( 'NONE',  ( 0.5944248268319793915, 0.1745938583236856245, -0.3944248268319724415 ) ) ;
#1626 = EDGE_CURVE ( 'NONE', #712, #1537, #602, .T. ) ;
#1627 = ORIENTED_EDGE ( 'NONE', *, *, #11, .T. ) ;
#1628 = CARTESIAN_POINT ( 'NONE',  ( 0.5944248268319793915, 0.1745938583236858466, -0.3944248268319724415 ) ) ;
#1629 = ADVANCED_FACE ( 'NONE', ( #742 ), #445, .T. ) ;
#1630 = ORIENTED_EDGE ( 'NONE', *, *, #412, .T. ) ;
#1631 = SURFACE_STYLE_USAGE ( .BOTH. , #1741 ) ;
#1632 = SURFACE_STYLE_FILL_AREA ( #1765 ) ;
#1633 = DIRECTION ( 'NONE',  ( -0.0000000000000000000, 0.1218693434051545260, 0.9925461516413212060 ) ) ;
#1634 = SURFACE_SIDE_STYLE ('',( #775 ) ) ;
#1635 = CARTESIAN_POINT ( 'NONE',  ( -0.5120659616118676816, 0.7000000000000000666, -0.3280972242417385942 ) ) ;
#1636 = CARTESIAN_POINT ( 'NONE',  ( -0.5120659616118683477, 0.6736560803021546251, 0.3418423461611030389 ) ) ;
#1637 = ORIENTED_EDGE ( 'NONE', *, *, #1655, .T. ) ;
#1638 = LINE ( 'NONE', #241, #1608 ) ;
#1639 = VERTEX_POINT ( 'NONE', #749 ) ;
#1640 = MECHANICAL_DESIGN_GEOMETRIC_PRESENTATION_REPRESENTATION (  '', ( #512 ), #1425 ) ;
#1641 = COLOUR_RGB ( '',0.2509803921568627416, 0.2509803921568627416, 0.2509803921568627416 ) ;
#1642 = EDGE_CURVE ( 'NONE', #861, #993, #39, .T. ) ;
#1643 = DIRECTION ( 'NONE',  ( 0.0000000000000000000, -0.0000000000000000000, 1.000000000000000000 ) ) ;
#1644 = VECTOR ( 'NONE', #201, 1000.000000000000000 ) ;
#1645 = VECTOR ( 'NONE', #164, 1000.000000000000000 ) ;
#1646 = COLOUR_RGB ( '',1.000000000000000000, 1.000000000000000000, 1.000000000000000000 ) ;
#1647 = FILL_AREA_STYLE_COLOUR ( '', #8 ) ;
#1648 = SURFACE_SIDE_STYLE ('',( #533 ) ) ;
#1649 = FILL_AREA_STYLE ('',( #949 ) ) ;
#1650 = ORIENTED_EDGE ( 'NONE', *, *, #808, .T. ) ;
#1651 = CARTESIAN_POINT ( 'NONE',  ( 0.5987721543909707567, 0.2099999999999908051, 0.3689957698417264953 ) ) ;
#1652 = EDGE_LOOP ( 'NONE', ( #1085, #1245, #1369 ) ) ;
#1653 = CARTESIAN_POINT ( 'NONE',  ( 0.5754430878194186638, 0.02000000000000000042, -0.3999999999999941380 ) ) ;
#1654 = CARTESIAN_POINT ( 'NONE',  ( -0.5999999999999987566, 0.6999999999999999556, -0.3999999999999941380 ) ) ;
#1655 = EDGE_CURVE ( 'NONE', #1681, #513, #1025, .T. ) ;
#1656 = PLANE ( 'NONE',  #695 ) ;
#1657 =( NAMED_UNIT ( * ) SI_UNIT ( $, .STERADIAN. ) SOLID_ANGLE_UNIT ( ) );
#1658 = CARTESIAN_POINT ( 'NONE',  ( 0.5987721543909707567, 0.2099999999999907774, 0.3770373992183330136 ) ) ;
#1659 = ORIENTED_EDGE ( 'NONE', *, *, #1626, .F. ) ;
#1660 = CARTESIAN_POINT ( 'NONE',  ( 0.5706593862616166080, 0.1964509315531764444, 0.4004357708108516878 ) ) ;
#1661 = ORIENTED_EDGE ( 'NONE', *, *, #1742, .T. ) ;
#1662 =( NAMED_UNIT ( * ) PLANE_ANGLE_UNIT ( ) SI_UNIT ( $, .RADIAN. ) );
#1663 = CARTESIAN_POINT ( 'NONE',  ( -0.2620659616118680701, 0.6989999999999999547, 0.3120659616118633406 ) ) ;
#1664 = FACE_OUTER_BOUND ( 'NONE', #945, .T. ) ;
#1665 =( NAMED_UNIT ( * ) PLANE_ANGLE_UNIT ( ) SI_UNIT ( $, .RADIAN. ) );
#1666 = SURFACE_STYLE_USAGE ( .BOTH. , #667 ) ;
#1667 = LINE ( 'NONE', #1244, #1285 ) ;
#1668 = ORIENTED_EDGE ( 'NONE', *, *, #1626, .T. ) ;
#1669 = CARTESIAN_POINT ( 'NONE',  ( -0.5944248268319760609, 0.1745938583236761599, 0.3944248268319782147 ) ) ;
#1670 = COLOUR_RGB ( '',0.7529411764705882248, 0.7529411764705882248, 0.7529411764705882248 ) ;
#1671 = VECTOR ( 'NONE', #438, 1000.000000000000000 ) ;
#1672 =( NAMED_UNIT ( * ) SI_UNIT ( $, .STERADIAN. ) SOLID_ANGLE_UNIT ( ) );
#1673 = VECTOR ( 'NONE', #777, 1000.000000000000000 ) ;
#1674 = UNCERTAINTY_MEASURE_WITH_UNIT (LENGTH_MEASURE( 1.000000000000000082E-05 ), #976, 'distance_accuracy_value', 'NONE');
#1675 = PRESENTATION_LAYER_ASSIGNMENT (  '', '', ( #1607 ) ) ;
#1676 = DIRECTION ( 'NONE',  ( 1.000000000000000000, -0.0000000000000000000, 0.0000000000000000000 ) ) ;
#1677 = LINE ( 'NONE', #686, #1755 ) ;
#1678 = STYLED_ITEM ( 'NONE', ( #648 ), #1680 ) ;
#1679 = PRESENTATION_STYLE_ASSIGNMENT (( #297 ) ) ;
#1680 = ADVANCED_FACE ( 'NONE', ( #44 ), #522, .F. ) ;
#1681 = VERTEX_POINT ( 'NONE', #1097 ) ;
#1682 =( NAMED_UNIT ( * ) SI_UNIT ( $, .STERADIAN. ) SOLID_ANGLE_UNIT ( ) );
#1683 =( NAMED_UNIT ( * ) SI_UNIT ( $, .STERADIAN. ) SOLID_ANGLE_UNIT ( ) );
#1684 =( NAMED_UNIT ( * ) SI_UNIT ( $, .STERADIAN. ) SOLID_ANGLE_UNIT ( ) );
#1685 = EDGE_LOOP ( 'NONE', ( #1483, #641, #1668, #1423 ) ) ;
#1686 = CARTESIAN_POINT ( 'NONE',  ( 0.8000000000000000444, 0.2000000000000000111, 0.1499999999999998834 ) ) ;
#1687 = DIRECTION ( 'NONE',  ( -1.000000000000000000, -0.0000000000000000000, -0.0000000000000000000 ) ) ;
#1688 = ORIENTED_EDGE ( 'NONE', *, *, #797, .T. ) ;
#1689 = CARTESIAN_POINT ( 'NONE',  ( 0.5400576522690597736, 0.6893252848791454612, 0.3120659616118632296 ) ) ;
#1690 =( LENGTH_UNIT ( ) NAMED_UNIT ( * ) SI_UNIT ( .MILLI., .METRE. ) );
#1691 = CARTESIAN_POINT ( 'NONE',  ( -0.5500000000000000444, 0.2000000000000000111, -0.1500000000000000500 ) ) ;
#1692 = FILL_AREA_STYLE ('',( #962 ) ) ;
#1693 = PRESENTATION_LAYER_ASSIGNMENT (  '', '', ( #1199 ) ) ;
#1694 = SURFACE_STYLE_USAGE ( .BOTH. , #1135 ) ;
#1695 = VECTOR ( 'NONE', #917, 1000.000000000000000 ) ;
#1696 = SURFACE_STYLE_USAGE ( .BOTH. , #266 ) ;
#1697 = VECTOR ( 'NONE', #57, 1000.000000000000000 ) ;
#1698 = CARTESIAN_POINT ( 'NONE',  ( -0.5120659616118680146, 0.6989999999999999547, 0.3120659616118633406 ) ) ;
#1699 = CIRCLE ( 'NONE', #223, 0.03000000000000002318 ) ;
#1700 = STYLED_ITEM ( 'NONE', ( #1156 ), #1358 ) ;
#1701 = VERTEX_POINT ( 'NONE', #816 ) ;
#1702 = SURFACE_STYLE_USAGE ( .BOTH. , #1407 ) ;
#1703 = EDGE_CURVE ( 'NONE', #712, #1352, #1232, .T. ) ;
#1704 = ORIENTED_EDGE ( 'NONE', *, *, #205, .T. ) ;
#1705 = CARTESIAN_POINT ( 'NONE',  ( 0.5280972242417427687, 0.7000000000000005107, 0.3120659616118632296 ) ) ;
#1706 = EDGE_CURVE ( 'NONE', #1319, #1770, #788, .T. ) ;
#1707 = EDGE_LOOP ( 'NONE', ( #252, #418, #914, #1524, #536 ) ) ;
#1708 = DIRECTION ( 'NONE',  ( 3.252606517456513302E-16, -0.0000000000000000000, 1.000000000000000000 ) ) ;
#1709 = CARTESIAN_POINT ( 'NONE',  ( -0.2620659616118680701, 0.7000000000000000666, -0.3120659616118633406 ) ) ;
#1710 = ADVANCED_FACE ( 'NONE', ( #926 ), #95, .F. ) ;
#1711 = VERTEX_POINT ( 'NONE', #493 ) ;
#1712 = CARTESIAN_POINT ( 'NONE',  ( 0.8000000000000000444, 0.0000000000000000000, 0.1499999999999998834 ) ) ;
#1713 =( LENGTH_UNIT ( ) NAMED_UNIT ( * ) SI_UNIT ( .MILLI., .METRE. ) );
#1714 = UNCERTAINTY_MEASURE_WITH_UNIT (LENGTH_MEASURE( 1.000000000000000082E-05 ), #1713, 'distance_accuracy_value', 'NONE');
#1715 = PRESENTATION_STYLE_ASSIGNMENT (( #1316 ) ) ;
#1716 = COLOUR_RGB ( '',0.2509803921568627416, 0.2509803921568627416, 0.2509803921568627416 ) ;
#1717 = CARTESIAN_POINT ( 'NONE',  ( 0.5120659616118679036, 0.6700000000000000400, -0.3120659616118632851 ) ) ;
#1718 = CARTESIAN_POINT ( 'NONE',  ( -0.5280972242417432128, 0.6999999999999999556, 0.3280972242417384832 ) ) ;
#1719 = COLOUR_RGB ( '',0.7529411764705882248, 0.7529411764705882248, 0.7529411764705882248 ) ;
#1720 = VECTOR ( 'NONE', #745, 1000.000000000000000 ) ;
#1721 = PRESENTATION_LAYER_ASSIGNMENT (  '', '', ( #119 ) ) ;
#1722 = EDGE_CURVE ( 'NONE', #1639, #33, #1405, .T. ) ;
#1723 = VERTEX_POINT ( 'NONE', #1494 ) ;
#1724 = AXIS2_PLACEMENT_3D ( 'NONE', #803, #1067, #1363 ) ;
#1725 = VECTOR ( 'NONE', #823, 1000.000000000000000 ) ;
#1726 =( NAMED_UNIT ( * ) SI_UNIT ( $, .STERADIAN. ) SOLID_ANGLE_UNIT ( ) );
#1727 =( NAMED_UNIT ( * ) SI_UNIT ( $, .STERADIAN. ) SOLID_ANGLE_UNIT ( ) );
#1728 = CARTESIAN_POINT ( 'NONE',  ( 0.5418729987178778629, 0.6703846846320317132, -0.3154412477767435941 ) ) ;
#1729 = CARTESIAN_POINT ( 'NONE',  ( 0.8000000000000000444, 0.2000000000000000111, -0.1500000000000000777 ) ) ;
#1730 = LINE ( 'NONE', #911, #969 ) ;
#1731 = ORIENTED_EDGE ( 'NONE', *, *, #591, .F. ) ;
#1732 = PLANE ( 'NONE',  #367 ) ;
#1733 = CARTESIAN_POINT ( 'NONE',  ( 0.5418423461611076020, 0.6736560803021546251, -0.3120659616118630075 ) ) ;
#1734 = UNCERTAINTY_MEASURE_WITH_UNIT (LENGTH_MEASURE( 1.000000000000000082E-05 ), #1431, 'distance_accuracy_value', 'NONE');
#1735 = SURFACE_STYLE_FILL_AREA ( #296 ) ;
#1736 = FILL_AREA_STYLE ('',( #612 ) ) ;
#1737 = DIRECTION ( 'NONE',  ( 0.0000000000000000000, 0.0000000000000000000, 1.000000000000000000 ) ) ;
#1738 =( NAMED_UNIT ( * ) PLANE_ANGLE_UNIT ( ) SI_UNIT ( $, .RADIAN. ) );
#1739 = VERTEX_POINT ( 'NONE', #230 ) ;
#1740 = ORIENTED_EDGE ( 'NONE', *, *, #260, .T. ) ;
#1741 = SURFACE_SIDE_STYLE ('',( #498 ) ) ;
#1742 = EDGE_CURVE ( 'NONE', #362, #715, #798, .T. ) ;
#1743 = DIRECTION ( 'NONE',  ( -0.9925461516413212060, 0.1218693434051545260, 0.0000000000000000000 ) ) ;
#1744 = DIRECTION ( 'NONE',  ( -0.1218693434051545121, 0.9925461516413210949, 0.0000000000000000000 ) ) ;
#1745 = STYLED_ITEM ( 'NONE', ( #406 ), #880 ) ;
#1746 = MECHANICAL_DESIGN_GEOMETRIC_PRESENTATION_REPRESENTATION (  '', ( #184 ), #1198 ) ;
#1747 = SURFACE_SIDE_STYLE ('',( #1102 ) ) ;
#1748 = COLOUR_RGB ( '',0.2509803921568627416, 0.2509803921568627416, 0.2509803921568627416 ) ;
#1749 = EDGE_LOOP ( 'NONE', ( #415, #919, #1621, #974 ) ) ;
#1750 = AXIS2_PLACEMENT_3D ( 'NONE', #1617, #200, #1737 ) ;
#1751 = DIRECTION ( 'NONE',  ( 0.0000000000000000000, -0.1218693434051487112, -0.9925461516413217611 ) ) ;
#1752 = ORIENTED_EDGE ( 'NONE', *, *, #918, .F. ) ;
#1753 = STYLED_ITEM ( 'NONE', ( #246 ), #540 ) ;
#1754 = FILL_AREA_STYLE_COLOUR ( '', #601 ) ;
#1755 = VECTOR ( 'NONE', #1534, 1000.000000000000000 ) ;
#1756 = UNCERTAINTY_MEASURE_WITH_UNIT (LENGTH_MEASURE( 1.000000000000000082E-05 ), #1220, 'distance_accuracy_value', 'NONE');
#1757 = EDGE_CURVE ( 'NONE', #1711, #513, #1222, .T. ) ;
#1758 = DIRECTION ( 'NONE',  ( 0.0000000000000000000, 0.9925461516413210949, 0.1218693434051545121 ) ) ;
#1759 = EDGE_CURVE ( 'NONE', #1338, #366, #1677, .T. ) ;
#1760 = CARTESIAN_POINT ( 'NONE',  ( 0.5418423461611074909, 0.6736560803021547361, 0.3120659616118632851 ) ) ;
#1761 =( LENGTH_UNIT ( ) NAMED_UNIT ( * ) SI_UNIT ( .MILLI., .METRE. ) );
#1762 = ORIENTED_EDGE ( 'NONE', *, *, #1096, .T. ) ;
#1763 = ORIENTED_EDGE ( 'NONE', *, *, #891, .T. ) ;
#1764 =( NAMED_UNIT ( * ) SI_UNIT ( $, .STERADIAN. ) SOLID_ANGLE_UNIT ( ) );
#1765 = FILL_AREA_STYLE ('',( #349 ) ) ;
#1766 = CARTESIAN_POINT ( 'NONE',  ( 0.5987721543909707567, 0.2099999999999908329, 0.4000000000000010214 ) ) ;
#1767 =( LENGTH_UNIT ( ) NAMED_UNIT ( * ) SI_UNIT ( .MILLI., .METRE. ) );
#1768 = PRODUCT ( '48CD8BB4-50CE-49E0-B9A8-8EF1CE5EA4E6', '48CD8BB4-50CE-49E0-B9A8-8EF1CE5EA4E6', '', ( #1435 ) ) ;
#1769 = CARTESIAN_POINT ( 'NONE',  ( -0.5280972242417429907, 0.6733971368769823274, -0.3418729987178734664 ) ) ;
#1770 = VERTEX_POINT ( 'NONE', #434 ) ;
#1771 = ADVANCED_FACE ( 'NONE', ( #1268 ), #676, .T. ) ;
#1772 = DIRECTION ( 'NONE',  ( 0.1218693434051553587, 0.9925461516413209839, 0.0000000000000000000 ) ) ;
#1773 = VERTEX_POINT ( 'NONE', #561 ) ;
#1774 = PRESENTATION_STYLE_ASSIGNMENT (( #91 ) ) ;
#1775 = UNCERTAINTY_MEASURE_WITH_UNIT (LENGTH_MEASURE( 1.000000000000000082E-05 ), #1231, 'distance_accuracy_value', 'NONE');
#1776 =( NAMED_UNIT ( * ) SI_UNIT ( $, .STERADIAN. ) SOLID_ANGLE_UNIT ( ) );
#1777 = DIRECTION ( 'NONE',  ( 0.0000000000000000000, -0.0000000000000000000, 1.000000000000000000 ) ) ;
#1778 = ORIENTED_EDGE ( 'NONE', *, *, #841, .T. ) ;
#1779 = VECTOR ( 'NONE', #1381, 1000.000000000000000 ) ;
#1780 = EDGE_LOOP ( 'NONE', ( #1326, #298, #750, #1688 ) ) ;
#1781 = COLOUR_RGB ( '',0.7529411764705882248, 0.7529411764705882248, 0.7529411764705882248 ) ;
#1782 = VECTOR ( 'NONE', #191, 1000.000000000000000 ) ;
#1783 = STYLED_ITEM ( 'NONE', ( #1366 ), #1386 ) ;
#1784 = CARTESIAN_POINT ( 'NONE',  ( -0.5987721543909697575, 0.2100000000000004641, 0.4000000000000010214 ) ) ;
#1785 = VECTOR ( 'NONE', #466, 1000.000000000000000 ) ;
#1786 = CARTESIAN_POINT ( 'NONE',  ( -0.5999999999999988676, 0.02000000000000000042, -0.3999999999999941380 ) ) ;
#1787 = CARTESIAN_POINT ( 'NONE',  ( 0.5500000000000000444, 0.0000000000000000000, -0.1500000000000001887 ) ) ;
#1788 = DIRECTION ( 'NONE',  ( -1.000000000000000000, -0.0000000000000000000, -0.0000000000000000000 ) ) ;
#1789 = ORIENTED_EDGE ( 'NONE', *, *, #783, .T. ) ;
#1790 = SURFACE_STYLE_USAGE ( .BOTH. , #98 ) ;
#1791 = ORIENTED_EDGE ( 'NONE', *, *, #460, .T. ) ;
#1792 = CARTESIAN_POINT ( 'NONE',  ( -0.5500000000000000444, 0.2000000000000000111, 0.1499999999999999944 ) ) ;
#1793 = FILL_AREA_STYLE_COLOUR ( '', #1029 ) ;
#1794 = UNCERTAINTY_MEASURE_WITH_UNIT (LENGTH_MEASURE( 1.000000000000000082E-05 ), #584, 'distance_accuracy_value', 'NONE');
#1795 = CARTESIAN_POINT ( 'NONE',  ( 0.5999999999999987566, 0.1999999999999999833, 0.3999999999999941380 ) ) ;
#1796 = ORIENTED_EDGE ( 'NONE', *, *, #568, .T. ) ;
#1797 = LINE ( 'NONE', #131, #368 ) ;
#1798 = LINE ( 'NONE', #691, #1227 ) ;
#1799 = SURFACE_STYLE_USAGE ( .BOTH. , #149 ) ;
#1800 = DIRECTION ( 'NONE',  ( 0.1209742911513614627, 0.9852565360152913954, 0.1209742911513611158 ) ) ;
ENDSEC;
END-ISO-10303-21;
